trial_within_subject,block,stimulus_id,feature1,feature2,feature3,feature4,feature5,category_feedback,agent_id,w1_true,w2_true,w3_true,w4_true,w5_true,c_true,log_c_true,bias_true,prob_cat1,sim_response,correct,performance
1,1,11101.jpg,1,1,1,0,1,1,1,0.2,0.2,0.2,0.2,0.2,0.5,-0.6931471805599453,0.5,0.5,1,1,1
2,1,11111.jpg,1,1,1,1,1,1,1,0.2,0.2,0.2,0.2,0.2,0.5,-0.6931471805599453,0.5,0.5,0,0,0.5
3,1,00001.jpg,0,0,0,0,1,0,1,0.2,0.2,0.2,0.2,0.2,0.5,-0.6931471805599453,0.5,0.5,1,0,0.3333333333333333
4,1,00111.jpg,0,0,1,1,1,0,1,0.2,0.2,0.2,0.2,0.2,0.5,-0.6931471805599453,0.5,0.48781478307848414,1,0,0.25
5,1,00101.jpg,0,0,1,0,1,0,1,0.2,0.2,0.2,0.2,0.2,0.5,-0.6931471805599453,0.5,0.46288078850945796,0,1,0.4
6,1,00100.jpg,0,0,1,0,0,0,1,0.2,0.2,0.2,0.2,0.2,0.5,-0.6931471805599453,0.5,0.4543259340624787,1,0,0.3333333333333333
7,1,01001.jpg,0,1,0,0,1,0,1,0.2,0.2,0.2,0.2,0.2,0.5,-0.6931471805599453,0.5,0.4931923983600477,1,0,0.2857142857142857
8,1,11110.jpg,1,1,1,1,0,1,1,0.2,0.2,0.2,0.2,0.2,0.5,-0.6931471805599453,0.5,0.556871556983772,0,0,0.25
9,1,01101.jpg,0,1,1,0,1,0,1,0.2,0.2,0.2,0.2,0.2,0.5,-0.6931471805599453,0.5,0.4905318836480381,1,0,0.2222222222222222
10,1,00010.jpg,0,0,0,1,0,0,1,0.2,0.2,0.2,0.2,0.2,0.5,-0.6931471805599453,0.5,0.4668645929406174,0,1,0.3
11,1,10110.jpg,1,0,1,1,0,1,1,0.2,0.2,0.2,0.2,0.2,0.5,-0.6931471805599453,0.5,0.5278148766475643,0,0,0.2727272727272727
12,1,01000.jpg,0,1,0,0,0,0,1,0.2,0.2,0.2,0.2,0.2,0.5,-0.6931471805599453,0.5,0.4690445379865154,0,1,0.3333333333333333
13,1,10001.jpg,1,0,0,0,1,0,1,0.2,0.2,0.2,0.2,0.2,0.5,-0.6931471805599453,0.5,0.4874868132530659,1,0,0.3076923076923077
14,1,01011.jpg,0,1,0,1,1,0,1,0.2,0.2,0.2,0.2,0.2,0.5,-0.6931471805599453,0.5,0.4831435330762337,1,0,0.2857142857142857
15,1,11001.jpg,1,1,0,0,1,0,1,0.2,0.2,0.2,0.2,0.2,0.5,-0.6931471805599453,0.5,0.5000124380739439,0,1,0.3333333333333333
16,1,10010.jpg,1,0,0,1,0,0,1,0.2,0.2,0.2,0.2,0.2,0.5,-0.6931471805599453,0.5,0.5150810143935379,1,0,0.3125
17,1,01111.jpg,0,1,1,1,1,0,1,0.2,0.2,0.2,0.2,0.2,0.5,-0.6931471805599453,0.5,0.511759460475857,1,0,0.29411764705882354
18,1,00110.jpg,0,0,1,1,0,0,1,0.2,0.2,0.2,0.2,0.2,0.5,-0.6931471805599453,0.5,0.5026308172425402,1,0,0.2777777777777778
19,1,10111.jpg,1,0,1,1,1,1,1,0.2,0.2,0.2,0.2,0.2,0.5,-0.6931471805599453,0.5,0.5295087229382411,0,0,0.2631578947368421
20,1,10011.jpg,1,0,0,1,1,0,1,0.2,0.2,0.2,0.2,0.2,0.5,-0.6931471805599453,0.5,0.5087935149345979,0,1,0.3
21,1,01010.jpg,0,1,0,1,0,0,1,0.2,0.2,0.2,0.2,0.2,0.5,-0.6931471805599453,0.5,0.4812326509497131,1,0,0.2857142857142857
22,1,01100.jpg,0,1,1,0,0,0,1,0.2,0.2,0.2,0.2,0.2,0.5,-0.6931471805599453,0.5,0.49322182977778456,1,0,0.2727272727272727
23,1,10100.jpg,1,0,1,0,0,1,1,0.2,0.2,0.2,0.2,0.2,0.5,-0.6931471805599453,0.5,0.5213954997219608,1,1,0.30434782608695654
24,1,11011.jpg,1,1,0,1,1,0,1,0.2,0.2,0.2,0.2,0.2,0.5,-0.6931471805599453,0.5,0.5073429926907178,0,1,0.3333333333333333
25,1,01110.jpg,0,1,1,1,0,0,1,0.2,0.2,0.2,0.2,0.2,0.5,-0.6931471805599453,0.5,0.5031992894705338,1,0,0.32
26,1,00011.jpg,0,0,0,1,1,0,1,0.2,0.2,0.2,0.2,0.2,0.5,-0.6931471805599453,0.5,0.46914351920899117,0,1,0.34615384615384615
27,1,11000.jpg,1,1,0,0,0,0,1,0.2,0.2,0.2,0.2,0.2,0.5,-0.6931471805599453,0.5,0.5026982846905932,0,1,0.37037037037037035
28,1,10000.jpg,1,0,0,0,0,0,1,0.2,0.2,0.2,0.2,0.2,0.5,-0.6931471805599453,0.5,0.5008798679066071,0,1,0.39285714285714285
29,1,11010.jpg,1,1,0,1,0,0,1,0.2,0.2,0.2,0.2,0.2,0.5,-0.6931471805599453,0.5,0.5056083032099731,1,0,0.3793103448275862
30,1,00000.jpg,0,0,0,0,0,0,1,0.2,0.2,0.2,0.2,0.2,0.5,-0.6931471805599453,0.5,0.4650440371569606,0,1,0.4
31,1,11100.jpg,1,1,1,0,0,1,1,0.2,0.2,0.2,0.2,0.2,0.5,-0.6931471805599453,0.5,0.5286070143949922,0,0,0.3870967741935484
32,1,10101.jpg,1,0,1,0,1,1,1,0.2,0.2,0.2,0.2,0.2,0.5,-0.6931471805599453,0.5,0.5273426278128946,1,1,0.40625
33,2,01010.jpg,0,1,0,1,0,0,1,0.2,0.2,0.2,0.2,0.2,0.5,-0.6931471805599453,0.5,0.4664364319835305,0,1,0.42424242424242425
34,2,10011.jpg,1,0,0,1,1,0,1,0.2,0.2,0.2,0.2,0.2,0.5,-0.6931471805599453,0.5,0.4997227821569432,0,1,0.4411764705882353
35,2,01011.jpg,0,1,0,1,1,0,1,0.2,0.2,0.2,0.2,0.2,0.5,-0.6931471805599453,0.5,0.46519396046126926,1,0,0.42857142857142855
36,2,10101.jpg,1,0,1,0,1,1,1,0.2,0.2,0.2,0.2,0.2,0.5,-0.6931471805599453,0.5,0.5351530789402795,1,1,0.4444444444444444
37,2,11100.jpg,1,1,1,0,0,1,1,0.2,0.2,0.2,0.2,0.2,0.5,-0.6931471805599453,0.5,0.5338756737723235,0,0,0.43243243243243246
38,2,10010.jpg,1,0,0,1,0,0,1,0.2,0.2,0.2,0.2,0.2,0.5,-0.6931471805599453,0.5,0.4952257465675332,0,1,0.4473684210526316
39,2,10000.jpg,1,0,0,0,0,0,1,0.2,0.2,0.2,0.2,0.2,0.5,-0.6931471805599453,0.5,0.5015530251090289,1,0,0.4358974358974359
40,2,01100.jpg,0,1,1,0,0,0,1,0.2,0.2,0.2,0.2,0.2,0.5,-0.6931471805599453,0.5,0.5055971826965749,0,1,0.45
41,2,00011.jpg,0,0,0,1,1,0,1,0.2,0.2,0.2,0.2,0.2,0.5,-0.6931471805599453,0.5,0.4640214571810055,0,1,0.4634146341463415
42,2,01000.jpg,0,1,0,0,0,0,1,0.2,0.2,0.2,0.2,0.2,0.5,-0.6931471805599453,0.5,0.4696852234126661,0,1,0.47619047619047616
43,2,10100.jpg,1,0,1,0,0,1,1,0.2,0.2,0.2,0.2,0.2,0.5,-0.6931471805599453,0.5,0.5362227394025809,0,0,0.46511627906976744
44,2,00110.jpg,0,0,1,1,0,0,1,0.2,0.2,0.2,0.2,0.2,0.5,-0.6931471805599453,0.5,0.4982247559449928,1,0,0.45454545454545453
45,2,00000.jpg,0,0,0,0,0,0,1,0.2,0.2,0.2,0.2,0.2,0.5,-0.6931471805599453,0.5,0.47112376207172196,0,1,0.4666666666666667
46,2,10110.jpg,1,0,1,1,0,1,1,0.2,0.2,0.2,0.2,0.2,0.5,-0.6931471805599453,0.5,0.5299571508798924,0,0,0.45652173913043476
47,2,11101.jpg,1,1,1,0,1,1,1,0.2,0.2,0.2,0.2,0.2,0.5,-0.6931471805599453,0.5,0.5351734938012093,1,1,0.46808510638297873
48,2,11011.jpg,1,1,0,1,1,0,1,0.2,0.2,0.2,0.2,0.2,0.5,-0.6931471805599453,0.5,0.49506749762274876,1,0,0.4583333333333333
49,2,01001.jpg,0,1,0,0,1,0,1,0.2,0.2,0.2,0.2,0.2,0.5,-0.6931471805599453,0.5,0.46907347267212707,0,1,0.46938775510204084
50,2,01111.jpg,0,1,1,1,1,0,1,0.2,0.2,0.2,0.2,0.2,0.5,-0.6931471805599453,0.5,0.4957443729697486,0,1,0.48
51,2,10001.jpg,1,0,0,0,1,0,1,0.2,0.2,0.2,0.2,0.2,0.5,-0.6931471805599453,0.5,0.5031111609373349,1,0,0.47058823529411764
52,2,00010.jpg,0,0,0,1,0,0,1,0.2,0.2,0.2,0.2,0.2,0.5,-0.6931471805599453,0.5,0.4642096211213872,1,0,0.46153846153846156
53,2,11000.jpg,1,1,0,0,0,0,1,0.2,0.2,0.2,0.2,0.2,0.5,-0.6931471805599453,0.5,0.5019127914019165,1,0,0.4528301886792453
54,2,00100.jpg,0,0,1,0,0,0,1,0.2,0.2,0.2,0.2,0.2,0.5,-0.6931471805599453,0.5,0.5058416089072347,1,0,0.4444444444444444
55,2,00001.jpg,0,0,0,0,1,0,1,0.2,0.2,0.2,0.2,0.2,0.5,-0.6931471805599453,0.5,0.4695290237599482,1,0,0.43636363636363634
56,2,10111.jpg,1,0,1,1,1,1,1,0.2,0.2,0.2,0.2,0.2,0.5,-0.6931471805599453,0.5,0.5312131300840663,1,1,0.44642857142857145
57,2,11111.jpg,1,1,1,1,1,1,1,0.2,0.2,0.2,0.2,0.2,0.5,-0.6931471805599453,0.5,0.5316457537622776,0,0,0.43859649122807015
58,2,01101.jpg,0,1,1,0,1,0,1,0.2,0.2,0.2,0.2,0.2,0.5,-0.6931471805599453,0.5,0.502519357109671,0,1,0.4482758620689655
59,2,00111.jpg,0,0,1,1,1,0,1,0.2,0.2,0.2,0.2,0.2,0.5,-0.6931471805599453,0.5,0.501096837713706,0,1,0.4576271186440678
60,2,11010.jpg,1,1,0,1,0,0,1,0.2,0.2,0.2,0.2,0.2,0.5,-0.6931471805599453,0.5,0.49730256466740524,0,1,0.4666666666666667
61,2,00101.jpg,0,0,1,0,1,0,1,0.2,0.2,0.2,0.2,0.2,0.5,-0.6931471805599453,0.5,0.5024441466591277,0,1,0.47540983606557374
62,2,11001.jpg,1,1,0,0,1,0,1,0.2,0.2,0.2,0.2,0.2,0.5,-0.6931471805599453,0.5,0.5007433666503593,0,1,0.4838709677419355
63,2,01110.jpg,0,1,1,1,0,0,1,0.2,0.2,0.2,0.2,0.2,0.5,-0.6931471805599453,0.5,0.49799559610203226,1,0,0.47619047619047616
64,2,11110.jpg,1,1,1,1,0,1,1,0.2,0.2,0.2,0.2,0.2,0.5,-0.6931471805599453,0.5,0.5303825734895371,1,1,0.484375
65,3,01101.jpg,0,1,1,0,1,0,1,0.2,0.2,0.2,0.2,0.2,0.5,-0.6931471805599453,0.5,0.4991673608793959,1,0,0.47692307692307695
66,3,01100.jpg,0,1,1,0,0,0,1,0.2,0.2,0.2,0.2,0.2,0.5,-0.6931471805599453,0.5,0.49838472134431205,0,1,0.48484848484848486
67,3,11110.jpg,1,1,1,1,0,1,1,0.2,0.2,0.2,0.2,0.2,0.5,-0.6931471805599453,0.5,0.5327102889881699,1,1,0.4925373134328358
68,3,11000.jpg,1,1,0,0,0,0,1,0.2,0.2,0.2,0.2,0.2,0.5,-0.6931471805599453,0.5,0.4999206698465462,0,1,0.5
69,3,10100.jpg,1,0,1,0,0,1,1,0.2,0.2,0.2,0.2,0.2,0.5,-0.6931471805599453,0.5,0.5315508235792951,0,0,0.4927536231884058
70,3,00011.jpg,0,0,0,1,1,0,1,0.2,0.2,0.2,0.2,0.2,0.5,-0.6931471805599453,0.5,0.4670803358431147,0,1,0.5
71,3,10001.jpg,1,0,0,0,1,0,1,0.2,0.2,0.2,0.2,0.2,0.5,-0.6931471805599453,0.5,0.4983864932548496,1,0,0.49295774647887325
72,3,00111.jpg,0,0,1,1,1,0,1,0.2,0.2,0.2,0.2,0.2,0.5,-0.6931471805599453,0.5,0.49837153283753277,0,1,0.5
73,3,10011.jpg,1,0,0,1,1,0,1,0.2,0.2,0.2,0.2,0.2,0.5,-0.6931471805599453,0.5,0.49806350280382455,1,0,0.4931506849315068
74,3,11001.jpg,1,1,0,0,1,0,1,0.2,0.2,0.2,0.2,0.2,0.5,-0.6931471805599453,0.5,0.49708005699102226,1,0,0.4864864864864865
75,3,01110.jpg,0,1,1,1,0,0,1,0.2,0.2,0.2,0.2,0.2,0.5,-0.6931471805599453,0.5,0.502357434974638,1,0,0.48
76,3,00100.jpg,0,0,1,0,0,0,1,0.2,0.2,0.2,0.2,0.2,0.5,-0.6931471805599453,0.5,0.5013789983367807,0,1,0.4868421052631579
77,3,10110.jpg,1,0,1,1,0,1,1,0.2,0.2,0.2,0.2,0.2,0.5,-0.6931471805599453,0.5,0.5342620526413693,0,0,0.4805194805194805
78,3,01011.jpg,0,1,0,1,1,0,1,0.2,0.2,0.2,0.2,0.2,0.5,-0.6931471805599453,0.5,0.46556000062684055,0,1,0.48717948717948717
79,3,00001.jpg,0,0,0,0,1,0,1,0.2,0.2,0.2,0.2,0.2,0.5,-0.6931471805599453,0.5,0.4646350116178328,0,1,0.4936708860759494
80,3,11010.jpg,1,1,0,1,0,0,1,0.2,0.2,0.2,0.2,0.2,0.5,-0.6931471805599453,0.5,0.5029171051430174,0,1,0.5
81,3,10000.jpg,1,0,0,0,0,0,1,0.2,0.2,0.2,0.2,0.2,0.5,-0.6931471805599453,0.5,0.5018465458257616,0,1,0.5061728395061729
82,3,01001.jpg,0,1,0,0,1,0,1,0.2,0.2,0.2,0.2,0.2,0.5,-0.6931471805599453,0.5,0.4631227921530628,1,0,0.5
83,3,00010.jpg,0,0,0,1,0,0,1,0.2,0.2,0.2,0.2,0.2,0.5,-0.6931471805599453,0.5,0.4715752056844174,0,1,0.5060240963855421
84,3,00000.jpg,0,0,0,0,0,0,1,0.2,0.2,0.2,0.2,0.2,0.5,-0.6931471805599453,0.5,0.46865428584460045,0,1,0.5119047619047619
85,3,10111.jpg,1,0,1,1,1,1,1,0.2,0.2,0.2,0.2,0.2,0.5,-0.6931471805599453,0.5,0.5326230815429086,0,0,0.5058823529411764
86,3,11111.jpg,1,1,1,1,1,1,1,0.2,0.2,0.2,0.2,0.2,0.5,-0.6931471805599453,0.5,0.5324943196426771,1,1,0.5116279069767442
87,3,11100.jpg,1,1,1,0,0,1,1,0.2,0.2,0.2,0.2,0.2,0.5,-0.6931471805599453,0.5,0.5310197105197615,1,1,0.5172413793103449
88,3,01010.jpg,0,1,0,1,0,0,1,0.2,0.2,0.2,0.2,0.2,0.5,-0.6931471805599453,0.5,0.4695146113333328,1,0,0.5113636363636364
89,3,01000.jpg,0,1,0,0,0,0,1,0.2,0.2,0.2,0.2,0.2,0.5,-0.6931471805599453,0.5,0.4657916664811011,0,1,0.5168539325842697
90,3,10010.jpg,1,0,0,1,0,0,1,0.2,0.2,0.2,0.2,0.2,0.5,-0.6931471805599453,0.5,0.5016403400402152,0,1,0.5222222222222223
91,3,01111.jpg,0,1,1,1,1,0,1,0.2,0.2,0.2,0.2,0.2,0.5,-0.6931471805599453,0.5,0.5007231733829198,0,1,0.5274725274725275
92,3,00101.jpg,0,0,1,0,1,0,1,0.2,0.2,0.2,0.2,0.2,0.5,-0.6931471805599453,0.5,0.4974581894643314,0,1,0.532608695652174
93,3,11011.jpg,1,1,0,1,1,0,1,0.2,0.2,0.2,0.2,0.2,0.5,-0.6931471805599453,0.5,0.49968737937325414,0,1,0.5376344086021505
94,3,00110.jpg,0,0,1,1,0,0,1,0.2,0.2,0.2,0.2,0.2,0.5,-0.6931471805599453,0.5,0.5023417840161079,1,0,0.5319148936170213
95,3,10101.jpg,1,0,1,0,1,1,1,0.2,0.2,0.2,0.2,0.2,0.5,-0.6931471805599453,0.5,0.5306816575288851,1,1,0.5368421052631579
96,3,11101.jpg,1,1,1,0,1,1,1,0.2,0.2,0.2,0.2,0.2,0.5,-0.6931471805599453,0.5,0.5313000279541226,1,1,0.5416666666666666
1,1,11101.jpg,1,1,1,0,1,1,2,0.2,0.2,0.2,0.2,0.2,0.5,-0.6931471805599453,0.5,0.5,1,1,1
2,1,11111.jpg,1,1,1,1,1,1,2,0.2,0.2,0.2,0.2,0.2,0.5,-0.6931471805599453,0.5,0.5,0,0,0.5
3,1,00001.jpg,0,0,0,0,1,0,2,0.2,0.2,0.2,0.2,0.2,0.5,-0.6931471805599453,0.5,0.5,1,0,0.3333333333333333
4,1,00111.jpg,0,0,1,1,1,0,2,0.2,0.2,0.2,0.2,0.2,0.5,-0.6931471805599453,0.5,0.48781478307848414,1,0,0.25
5,1,00101.jpg,0,0,1,0,1,0,2,0.2,0.2,0.2,0.2,0.2,0.5,-0.6931471805599453,0.5,0.46288078850945796,0,1,0.4
6,1,00100.jpg,0,0,1,0,0,0,2,0.2,0.2,0.2,0.2,0.2,0.5,-0.6931471805599453,0.5,0.4543259340624787,1,0,0.3333333333333333
7,1,01001.jpg,0,1,0,0,1,0,2,0.2,0.2,0.2,0.2,0.2,0.5,-0.6931471805599453,0.5,0.4931923983600477,1,0,0.2857142857142857
8,1,11110.jpg,1,1,1,1,0,1,2,0.2,0.2,0.2,0.2,0.2,0.5,-0.6931471805599453,0.5,0.556871556983772,0,0,0.25
9,1,01101.jpg,0,1,1,0,1,0,2,0.2,0.2,0.2,0.2,0.2,0.5,-0.6931471805599453,0.5,0.4905318836480381,1,0,0.2222222222222222
10,1,00010.jpg,0,0,0,1,0,0,2,0.2,0.2,0.2,0.2,0.2,0.5,-0.6931471805599453,0.5,0.4668645929406174,0,1,0.3
11,1,10110.jpg,1,0,1,1,0,1,2,0.2,0.2,0.2,0.2,0.2,0.5,-0.6931471805599453,0.5,0.5278148766475643,0,0,0.2727272727272727
12,1,01000.jpg,0,1,0,0,0,0,2,0.2,0.2,0.2,0.2,0.2,0.5,-0.6931471805599453,0.5,0.4690445379865154,0,1,0.3333333333333333
13,1,10001.jpg,1,0,0,0,1,0,2,0.2,0.2,0.2,0.2,0.2,0.5,-0.6931471805599453,0.5,0.4874868132530659,1,0,0.3076923076923077
14,1,01011.jpg,0,1,0,1,1,0,2,0.2,0.2,0.2,0.2,0.2,0.5,-0.6931471805599453,0.5,0.4831435330762337,1,0,0.2857142857142857
15,1,11001.jpg,1,1,0,0,1,0,2,0.2,0.2,0.2,0.2,0.2,0.5,-0.6931471805599453,0.5,0.5000124380739439,0,1,0.3333333333333333
16,1,10010.jpg,1,0,0,1,0,0,2,0.2,0.2,0.2,0.2,0.2,0.5,-0.6931471805599453,0.5,0.5150810143935379,1,0,0.3125
17,1,01111.jpg,0,1,1,1,1,0,2,0.2,0.2,0.2,0.2,0.2,0.5,-0.6931471805599453,0.5,0.511759460475857,1,0,0.29411764705882354
18,1,00110.jpg,0,0,1,1,0,0,2,0.2,0.2,0.2,0.2,0.2,0.5,-0.6931471805599453,0.5,0.5026308172425402,1,0,0.2777777777777778
19,1,10111.jpg,1,0,1,1,1,1,2,0.2,0.2,0.2,0.2,0.2,0.5,-0.6931471805599453,0.5,0.5295087229382411,0,0,0.2631578947368421
20,1,10011.jpg,1,0,0,1,1,0,2,0.2,0.2,0.2,0.2,0.2,0.5,-0.6931471805599453,0.5,0.5087935149345979,0,1,0.3
21,1,01010.jpg,0,1,0,1,0,0,2,0.2,0.2,0.2,0.2,0.2,0.5,-0.6931471805599453,0.5,0.4812326509497131,1,0,0.2857142857142857
22,1,01100.jpg,0,1,1,0,0,0,2,0.2,0.2,0.2,0.2,0.2,0.5,-0.6931471805599453,0.5,0.49322182977778456,1,0,0.2727272727272727
23,1,10100.jpg,1,0,1,0,0,1,2,0.2,0.2,0.2,0.2,0.2,0.5,-0.6931471805599453,0.5,0.5213954997219608,1,1,0.30434782608695654
24,1,11011.jpg,1,1,0,1,1,0,2,0.2,0.2,0.2,0.2,0.2,0.5,-0.6931471805599453,0.5,0.5073429926907178,0,1,0.3333333333333333
25,1,01110.jpg,0,1,1,1,0,0,2,0.2,0.2,0.2,0.2,0.2,0.5,-0.6931471805599453,0.5,0.5031992894705338,1,0,0.32
26,1,00011.jpg,0,0,0,1,1,0,2,0.2,0.2,0.2,0.2,0.2,0.5,-0.6931471805599453,0.5,0.46914351920899117,0,1,0.34615384615384615
27,1,11000.jpg,1,1,0,0,0,0,2,0.2,0.2,0.2,0.2,0.2,0.5,-0.6931471805599453,0.5,0.5026982846905932,0,1,0.37037037037037035
28,1,10000.jpg,1,0,0,0,0,0,2,0.2,0.2,0.2,0.2,0.2,0.5,-0.6931471805599453,0.5,0.5008798679066071,0,1,0.39285714285714285
29,1,11010.jpg,1,1,0,1,0,0,2,0.2,0.2,0.2,0.2,0.2,0.5,-0.6931471805599453,0.5,0.5056083032099731,1,0,0.3793103448275862
30,1,00000.jpg,0,0,0,0,0,0,2,0.2,0.2,0.2,0.2,0.2,0.5,-0.6931471805599453,0.5,0.4650440371569606,0,1,0.4
31,1,11100.jpg,1,1,1,0,0,1,2,0.2,0.2,0.2,0.2,0.2,0.5,-0.6931471805599453,0.5,0.5286070143949922,0,0,0.3870967741935484
32,1,10101.jpg,1,0,1,0,1,1,2,0.2,0.2,0.2,0.2,0.2,0.5,-0.6931471805599453,0.5,0.5273426278128946,1,1,0.40625
33,2,01010.jpg,0,1,0,1,0,0,2,0.2,0.2,0.2,0.2,0.2,0.5,-0.6931471805599453,0.5,0.4664364319835305,0,1,0.42424242424242425
34,2,10011.jpg,1,0,0,1,1,0,2,0.2,0.2,0.2,0.2,0.2,0.5,-0.6931471805599453,0.5,0.4997227821569432,0,1,0.4411764705882353
35,2,01011.jpg,0,1,0,1,1,0,2,0.2,0.2,0.2,0.2,0.2,0.5,-0.6931471805599453,0.5,0.46519396046126926,1,0,0.42857142857142855
36,2,10101.jpg,1,0,1,0,1,1,2,0.2,0.2,0.2,0.2,0.2,0.5,-0.6931471805599453,0.5,0.5351530789402795,1,1,0.4444444444444444
37,2,11100.jpg,1,1,1,0,0,1,2,0.2,0.2,0.2,0.2,0.2,0.5,-0.6931471805599453,0.5,0.5338756737723235,0,0,0.43243243243243246
38,2,10010.jpg,1,0,0,1,0,0,2,0.2,0.2,0.2,0.2,0.2,0.5,-0.6931471805599453,0.5,0.4952257465675332,0,1,0.4473684210526316
39,2,10000.jpg,1,0,0,0,0,0,2,0.2,0.2,0.2,0.2,0.2,0.5,-0.6931471805599453,0.5,0.5015530251090289,1,0,0.4358974358974359
40,2,01100.jpg,0,1,1,0,0,0,2,0.2,0.2,0.2,0.2,0.2,0.5,-0.6931471805599453,0.5,0.5055971826965749,0,1,0.45
41,2,00011.jpg,0,0,0,1,1,0,2,0.2,0.2,0.2,0.2,0.2,0.5,-0.6931471805599453,0.5,0.4640214571810055,0,1,0.4634146341463415
42,2,01000.jpg,0,1,0,0,0,0,2,0.2,0.2,0.2,0.2,0.2,0.5,-0.6931471805599453,0.5,0.4696852234126661,0,1,0.47619047619047616
43,2,10100.jpg,1,0,1,0,0,1,2,0.2,0.2,0.2,0.2,0.2,0.5,-0.6931471805599453,0.5,0.5362227394025809,0,0,0.46511627906976744
44,2,00110.jpg,0,0,1,1,0,0,2,0.2,0.2,0.2,0.2,0.2,0.5,-0.6931471805599453,0.5,0.4982247559449928,1,0,0.45454545454545453
45,2,00000.jpg,0,0,0,0,0,0,2,0.2,0.2,0.2,0.2,0.2,0.5,-0.6931471805599453,0.5,0.47112376207172196,0,1,0.4666666666666667
46,2,10110.jpg,1,0,1,1,0,1,2,0.2,0.2,0.2,0.2,0.2,0.5,-0.6931471805599453,0.5,0.5299571508798924,0,0,0.45652173913043476
47,2,11101.jpg,1,1,1,0,1,1,2,0.2,0.2,0.2,0.2,0.2,0.5,-0.6931471805599453,0.5,0.5351734938012093,1,1,0.46808510638297873
48,2,11011.jpg,1,1,0,1,1,0,2,0.2,0.2,0.2,0.2,0.2,0.5,-0.6931471805599453,0.5,0.49506749762274876,1,0,0.4583333333333333
49,2,01001.jpg,0,1,0,0,1,0,2,0.2,0.2,0.2,0.2,0.2,0.5,-0.6931471805599453,0.5,0.46907347267212707,0,1,0.46938775510204084
50,2,01111.jpg,0,1,1,1,1,0,2,0.2,0.2,0.2,0.2,0.2,0.5,-0.6931471805599453,0.5,0.4957443729697486,0,1,0.48
51,2,10001.jpg,1,0,0,0,1,0,2,0.2,0.2,0.2,0.2,0.2,0.5,-0.6931471805599453,0.5,0.5031111609373349,1,0,0.47058823529411764
52,2,00010.jpg,0,0,0,1,0,0,2,0.2,0.2,0.2,0.2,0.2,0.5,-0.6931471805599453,0.5,0.4642096211213872,1,0,0.46153846153846156
53,2,11000.jpg,1,1,0,0,0,0,2,0.2,0.2,0.2,0.2,0.2,0.5,-0.6931471805599453,0.5,0.5019127914019165,1,0,0.4528301886792453
54,2,00100.jpg,0,0,1,0,0,0,2,0.2,0.2,0.2,0.2,0.2,0.5,-0.6931471805599453,0.5,0.5058416089072347,1,0,0.4444444444444444
55,2,00001.jpg,0,0,0,0,1,0,2,0.2,0.2,0.2,0.2,0.2,0.5,-0.6931471805599453,0.5,0.4695290237599482,1,0,0.43636363636363634
56,2,10111.jpg,1,0,1,1,1,1,2,0.2,0.2,0.2,0.2,0.2,0.5,-0.6931471805599453,0.5,0.5312131300840663,1,1,0.44642857142857145
57,2,11111.jpg,1,1,1,1,1,1,2,0.2,0.2,0.2,0.2,0.2,0.5,-0.6931471805599453,0.5,0.5316457537622776,0,0,0.43859649122807015
58,2,01101.jpg,0,1,1,0,1,0,2,0.2,0.2,0.2,0.2,0.2,0.5,-0.6931471805599453,0.5,0.502519357109671,0,1,0.4482758620689655
59,2,00111.jpg,0,0,1,1,1,0,2,0.2,0.2,0.2,0.2,0.2,0.5,-0.6931471805599453,0.5,0.501096837713706,0,1,0.4576271186440678
60,2,11010.jpg,1,1,0,1,0,0,2,0.2,0.2,0.2,0.2,0.2,0.5,-0.6931471805599453,0.5,0.49730256466740524,0,1,0.4666666666666667
61,2,00101.jpg,0,0,1,0,1,0,2,0.2,0.2,0.2,0.2,0.2,0.5,-0.6931471805599453,0.5,0.5024441466591277,0,1,0.47540983606557374
62,2,11001.jpg,1,1,0,0,1,0,2,0.2,0.2,0.2,0.2,0.2,0.5,-0.6931471805599453,0.5,0.5007433666503593,0,1,0.4838709677419355
63,2,01110.jpg,0,1,1,1,0,0,2,0.2,0.2,0.2,0.2,0.2,0.5,-0.6931471805599453,0.5,0.49799559610203226,1,0,0.47619047619047616
64,2,11110.jpg,1,1,1,1,0,1,2,0.2,0.2,0.2,0.2,0.2,0.5,-0.6931471805599453,0.5,0.5303825734895371,1,1,0.484375
65,3,01101.jpg,0,1,1,0,1,0,2,0.2,0.2,0.2,0.2,0.2,0.5,-0.6931471805599453,0.5,0.4991673608793959,1,0,0.47692307692307695
66,3,01100.jpg,0,1,1,0,0,0,2,0.2,0.2,0.2,0.2,0.2,0.5,-0.6931471805599453,0.5,0.49838472134431205,0,1,0.48484848484848486
67,3,11110.jpg,1,1,1,1,0,1,2,0.2,0.2,0.2,0.2,0.2,0.5,-0.6931471805599453,0.5,0.5327102889881699,1,1,0.4925373134328358
68,3,11000.jpg,1,1,0,0,0,0,2,0.2,0.2,0.2,0.2,0.2,0.5,-0.6931471805599453,0.5,0.4999206698465462,0,1,0.5
69,3,10100.jpg,1,0,1,0,0,1,2,0.2,0.2,0.2,0.2,0.2,0.5,-0.6931471805599453,0.5,0.5315508235792951,0,0,0.4927536231884058
70,3,00011.jpg,0,0,0,1,1,0,2,0.2,0.2,0.2,0.2,0.2,0.5,-0.6931471805599453,0.5,0.4670803358431147,0,1,0.5
71,3,10001.jpg,1,0,0,0,1,0,2,0.2,0.2,0.2,0.2,0.2,0.5,-0.6931471805599453,0.5,0.4983864932548496,1,0,0.49295774647887325
72,3,00111.jpg,0,0,1,1,1,0,2,0.2,0.2,0.2,0.2,0.2,0.5,-0.6931471805599453,0.5,0.49837153283753277,0,1,0.5
73,3,10011.jpg,1,0,0,1,1,0,2,0.2,0.2,0.2,0.2,0.2,0.5,-0.6931471805599453,0.5,0.49806350280382455,1,0,0.4931506849315068
74,3,11001.jpg,1,1,0,0,1,0,2,0.2,0.2,0.2,0.2,0.2,0.5,-0.6931471805599453,0.5,0.49708005699102226,1,0,0.4864864864864865
75,3,01110.jpg,0,1,1,1,0,0,2,0.2,0.2,0.2,0.2,0.2,0.5,-0.6931471805599453,0.5,0.502357434974638,1,0,0.48
76,3,00100.jpg,0,0,1,0,0,0,2,0.2,0.2,0.2,0.2,0.2,0.5,-0.6931471805599453,0.5,0.5013789983367807,0,1,0.4868421052631579
77,3,10110.jpg,1,0,1,1,0,1,2,0.2,0.2,0.2,0.2,0.2,0.5,-0.6931471805599453,0.5,0.5342620526413693,0,0,0.4805194805194805
78,3,01011.jpg,0,1,0,1,1,0,2,0.2,0.2,0.2,0.2,0.2,0.5,-0.6931471805599453,0.5,0.46556000062684055,0,1,0.48717948717948717
79,3,00001.jpg,0,0,0,0,1,0,2,0.2,0.2,0.2,0.2,0.2,0.5,-0.6931471805599453,0.5,0.4646350116178328,0,1,0.4936708860759494
80,3,11010.jpg,1,1,0,1,0,0,2,0.2,0.2,0.2,0.2,0.2,0.5,-0.6931471805599453,0.5,0.5029171051430174,0,1,0.5
81,3,10000.jpg,1,0,0,0,0,0,2,0.2,0.2,0.2,0.2,0.2,0.5,-0.6931471805599453,0.5,0.5018465458257616,0,1,0.5061728395061729
82,3,01001.jpg,0,1,0,0,1,0,2,0.2,0.2,0.2,0.2,0.2,0.5,-0.6931471805599453,0.5,0.4631227921530628,1,0,0.5
83,3,00010.jpg,0,0,0,1,0,0,2,0.2,0.2,0.2,0.2,0.2,0.5,-0.6931471805599453,0.5,0.4715752056844174,0,1,0.5060240963855421
84,3,00000.jpg,0,0,0,0,0,0,2,0.2,0.2,0.2,0.2,0.2,0.5,-0.6931471805599453,0.5,0.46865428584460045,0,1,0.5119047619047619
85,3,10111.jpg,1,0,1,1,1,1,2,0.2,0.2,0.2,0.2,0.2,0.5,-0.6931471805599453,0.5,0.5326230815429086,0,0,0.5058823529411764
86,3,11111.jpg,1,1,1,1,1,1,2,0.2,0.2,0.2,0.2,0.2,0.5,-0.6931471805599453,0.5,0.5324943196426771,1,1,0.5116279069767442
87,3,11100.jpg,1,1,1,0,0,1,2,0.2,0.2,0.2,0.2,0.2,0.5,-0.6931471805599453,0.5,0.5310197105197615,1,1,0.5172413793103449
88,3,01010.jpg,0,1,0,1,0,0,2,0.2,0.2,0.2,0.2,0.2,0.5,-0.6931471805599453,0.5,0.4695146113333328,1,0,0.5113636363636364
89,3,01000.jpg,0,1,0,0,0,0,2,0.2,0.2,0.2,0.2,0.2,0.5,-0.6931471805599453,0.5,0.4657916664811011,0,1,0.5168539325842697
90,3,10010.jpg,1,0,0,1,0,0,2,0.2,0.2,0.2,0.2,0.2,0.5,-0.6931471805599453,0.5,0.5016403400402152,0,1,0.5222222222222223
91,3,01111.jpg,0,1,1,1,1,0,2,0.2,0.2,0.2,0.2,0.2,0.5,-0.6931471805599453,0.5,0.5007231733829198,0,1,0.5274725274725275
92,3,00101.jpg,0,0,1,0,1,0,2,0.2,0.2,0.2,0.2,0.2,0.5,-0.6931471805599453,0.5,0.4974581894643314,0,1,0.532608695652174
93,3,11011.jpg,1,1,0,1,1,0,2,0.2,0.2,0.2,0.2,0.2,0.5,-0.6931471805599453,0.5,0.49968737937325414,0,1,0.5376344086021505
94,3,00110.jpg,0,0,1,1,0,0,2,0.2,0.2,0.2,0.2,0.2,0.5,-0.6931471805599453,0.5,0.5023417840161079,1,0,0.5319148936170213
95,3,10101.jpg,1,0,1,0,1,1,2,0.2,0.2,0.2,0.2,0.2,0.5,-0.6931471805599453,0.5,0.5306816575288851,1,1,0.5368421052631579
96,3,11101.jpg,1,1,1,0,1,1,2,0.2,0.2,0.2,0.2,0.2,0.5,-0.6931471805599453,0.5,0.5313000279541226,1,1,0.5416666666666666
1,1,11101.jpg,1,1,1,0,1,1,3,0.2,0.2,0.2,0.2,0.2,0.5,-0.6931471805599453,0.5,0.5,1,1,1
2,1,11111.jpg,1,1,1,1,1,1,3,0.2,0.2,0.2,0.2,0.2,0.5,-0.6931471805599453,0.5,0.5,0,0,0.5
3,1,00001.jpg,0,0,0,0,1,0,3,0.2,0.2,0.2,0.2,0.2,0.5,-0.6931471805599453,0.5,0.5,1,0,0.3333333333333333
4,1,00111.jpg,0,0,1,1,1,0,3,0.2,0.2,0.2,0.2,0.2,0.5,-0.6931471805599453,0.5,0.48781478307848414,1,0,0.25
5,1,00101.jpg,0,0,1,0,1,0,3,0.2,0.2,0.2,0.2,0.2,0.5,-0.6931471805599453,0.5,0.46288078850945796,0,1,0.4
6,1,00100.jpg,0,0,1,0,0,0,3,0.2,0.2,0.2,0.2,0.2,0.5,-0.6931471805599453,0.5,0.4543259340624787,1,0,0.3333333333333333
7,1,01001.jpg,0,1,0,0,1,0,3,0.2,0.2,0.2,0.2,0.2,0.5,-0.6931471805599453,0.5,0.4931923983600477,1,0,0.2857142857142857
8,1,11110.jpg,1,1,1,1,0,1,3,0.2,0.2,0.2,0.2,0.2,0.5,-0.6931471805599453,0.5,0.556871556983772,0,0,0.25
9,1,01101.jpg,0,1,1,0,1,0,3,0.2,0.2,0.2,0.2,0.2,0.5,-0.6931471805599453,0.5,0.4905318836480381,1,0,0.2222222222222222
10,1,00010.jpg,0,0,0,1,0,0,3,0.2,0.2,0.2,0.2,0.2,0.5,-0.6931471805599453,0.5,0.4668645929406174,0,1,0.3
11,1,10110.jpg,1,0,1,1,0,1,3,0.2,0.2,0.2,0.2,0.2,0.5,-0.6931471805599453,0.5,0.5278148766475643,0,0,0.2727272727272727
12,1,01000.jpg,0,1,0,0,0,0,3,0.2,0.2,0.2,0.2,0.2,0.5,-0.6931471805599453,0.5,0.4690445379865154,0,1,0.3333333333333333
13,1,10001.jpg,1,0,0,0,1,0,3,0.2,0.2,0.2,0.2,0.2,0.5,-0.6931471805599453,0.5,0.4874868132530659,1,0,0.3076923076923077
14,1,01011.jpg,0,1,0,1,1,0,3,0.2,0.2,0.2,0.2,0.2,0.5,-0.6931471805599453,0.5,0.4831435330762337,1,0,0.2857142857142857
15,1,11001.jpg,1,1,0,0,1,0,3,0.2,0.2,0.2,0.2,0.2,0.5,-0.6931471805599453,0.5,0.5000124380739439,0,1,0.3333333333333333
16,1,10010.jpg,1,0,0,1,0,0,3,0.2,0.2,0.2,0.2,0.2,0.5,-0.6931471805599453,0.5,0.5150810143935379,1,0,0.3125
17,1,01111.jpg,0,1,1,1,1,0,3,0.2,0.2,0.2,0.2,0.2,0.5,-0.6931471805599453,0.5,0.511759460475857,1,0,0.29411764705882354
18,1,00110.jpg,0,0,1,1,0,0,3,0.2,0.2,0.2,0.2,0.2,0.5,-0.6931471805599453,0.5,0.5026308172425402,1,0,0.2777777777777778
19,1,10111.jpg,1,0,1,1,1,1,3,0.2,0.2,0.2,0.2,0.2,0.5,-0.6931471805599453,0.5,0.5295087229382411,0,0,0.2631578947368421
20,1,10011.jpg,1,0,0,1,1,0,3,0.2,0.2,0.2,0.2,0.2,0.5,-0.6931471805599453,0.5,0.5087935149345979,0,1,0.3
21,1,01010.jpg,0,1,0,1,0,0,3,0.2,0.2,0.2,0.2,0.2,0.5,-0.6931471805599453,0.5,0.4812326509497131,1,0,0.2857142857142857
22,1,01100.jpg,0,1,1,0,0,0,3,0.2,0.2,0.2,0.2,0.2,0.5,-0.6931471805599453,0.5,0.49322182977778456,1,0,0.2727272727272727
23,1,10100.jpg,1,0,1,0,0,1,3,0.2,0.2,0.2,0.2,0.2,0.5,-0.6931471805599453,0.5,0.5213954997219608,1,1,0.30434782608695654
24,1,11011.jpg,1,1,0,1,1,0,3,0.2,0.2,0.2,0.2,0.2,0.5,-0.6931471805599453,0.5,0.5073429926907178,0,1,0.3333333333333333
25,1,01110.jpg,0,1,1,1,0,0,3,0.2,0.2,0.2,0.2,0.2,0.5,-0.6931471805599453,0.5,0.5031992894705338,1,0,0.32
26,1,00011.jpg,0,0,0,1,1,0,3,0.2,0.2,0.2,0.2,0.2,0.5,-0.6931471805599453,0.5,0.46914351920899117,0,1,0.34615384615384615
27,1,11000.jpg,1,1,0,0,0,0,3,0.2,0.2,0.2,0.2,0.2,0.5,-0.6931471805599453,0.5,0.5026982846905932,0,1,0.37037037037037035
28,1,10000.jpg,1,0,0,0,0,0,3,0.2,0.2,0.2,0.2,0.2,0.5,-0.6931471805599453,0.5,0.5008798679066071,0,1,0.39285714285714285
29,1,11010.jpg,1,1,0,1,0,0,3,0.2,0.2,0.2,0.2,0.2,0.5,-0.6931471805599453,0.5,0.5056083032099731,1,0,0.3793103448275862
30,1,00000.jpg,0,0,0,0,0,0,3,0.2,0.2,0.2,0.2,0.2,0.5,-0.6931471805599453,0.5,0.4650440371569606,0,1,0.4
31,1,11100.jpg,1,1,1,0,0,1,3,0.2,0.2,0.2,0.2,0.2,0.5,-0.6931471805599453,0.5,0.5286070143949922,0,0,0.3870967741935484
32,1,10101.jpg,1,0,1,0,1,1,3,0.2,0.2,0.2,0.2,0.2,0.5,-0.6931471805599453,0.5,0.5273426278128946,1,1,0.40625
33,2,01010.jpg,0,1,0,1,0,0,3,0.2,0.2,0.2,0.2,0.2,0.5,-0.6931471805599453,0.5,0.4664364319835305,0,1,0.42424242424242425
34,2,10011.jpg,1,0,0,1,1,0,3,0.2,0.2,0.2,0.2,0.2,0.5,-0.6931471805599453,0.5,0.4997227821569432,0,1,0.4411764705882353
35,2,01011.jpg,0,1,0,1,1,0,3,0.2,0.2,0.2,0.2,0.2,0.5,-0.6931471805599453,0.5,0.46519396046126926,1,0,0.42857142857142855
36,2,10101.jpg,1,0,1,0,1,1,3,0.2,0.2,0.2,0.2,0.2,0.5,-0.6931471805599453,0.5,0.5351530789402795,1,1,0.4444444444444444
37,2,11100.jpg,1,1,1,0,0,1,3,0.2,0.2,0.2,0.2,0.2,0.5,-0.6931471805599453,0.5,0.5338756737723235,0,0,0.43243243243243246
38,2,10010.jpg,1,0,0,1,0,0,3,0.2,0.2,0.2,0.2,0.2,0.5,-0.6931471805599453,0.5,0.4952257465675332,0,1,0.4473684210526316
39,2,10000.jpg,1,0,0,0,0,0,3,0.2,0.2,0.2,0.2,0.2,0.5,-0.6931471805599453,0.5,0.5015530251090289,1,0,0.4358974358974359
40,2,01100.jpg,0,1,1,0,0,0,3,0.2,0.2,0.2,0.2,0.2,0.5,-0.6931471805599453,0.5,0.5055971826965749,0,1,0.45
41,2,00011.jpg,0,0,0,1,1,0,3,0.2,0.2,0.2,0.2,0.2,0.5,-0.6931471805599453,0.5,0.4640214571810055,0,1,0.4634146341463415
42,2,01000.jpg,0,1,0,0,0,0,3,0.2,0.2,0.2,0.2,0.2,0.5,-0.6931471805599453,0.5,0.4696852234126661,0,1,0.47619047619047616
43,2,10100.jpg,1,0,1,0,0,1,3,0.2,0.2,0.2,0.2,0.2,0.5,-0.6931471805599453,0.5,0.5362227394025809,0,0,0.46511627906976744
44,2,00110.jpg,0,0,1,1,0,0,3,0.2,0.2,0.2,0.2,0.2,0.5,-0.6931471805599453,0.5,0.4982247559449928,1,0,0.45454545454545453
45,2,00000.jpg,0,0,0,0,0,0,3,0.2,0.2,0.2,0.2,0.2,0.5,-0.6931471805599453,0.5,0.47112376207172196,0,1,0.4666666666666667
46,2,10110.jpg,1,0,1,1,0,1,3,0.2,0.2,0.2,0.2,0.2,0.5,-0.6931471805599453,0.5,0.5299571508798924,0,0,0.45652173913043476
47,2,11101.jpg,1,1,1,0,1,1,3,0.2,0.2,0.2,0.2,0.2,0.5,-0.6931471805599453,0.5,0.5351734938012093,1,1,0.46808510638297873
48,2,11011.jpg,1,1,0,1,1,0,3,0.2,0.2,0.2,0.2,0.2,0.5,-0.6931471805599453,0.5,0.49506749762274876,1,0,0.4583333333333333
49,2,01001.jpg,0,1,0,0,1,0,3,0.2,0.2,0.2,0.2,0.2,0.5,-0.6931471805599453,0.5,0.46907347267212707,0,1,0.46938775510204084
50,2,01111.jpg,0,1,1,1,1,0,3,0.2,0.2,0.2,0.2,0.2,0.5,-0.6931471805599453,0.5,0.4957443729697486,0,1,0.48
51,2,10001.jpg,1,0,0,0,1,0,3,0.2,0.2,0.2,0.2,0.2,0.5,-0.6931471805599453,0.5,0.5031111609373349,1,0,0.47058823529411764
52,2,00010.jpg,0,0,0,1,0,0,3,0.2,0.2,0.2,0.2,0.2,0.5,-0.6931471805599453,0.5,0.4642096211213872,1,0,0.46153846153846156
53,2,11000.jpg,1,1,0,0,0,0,3,0.2,0.2,0.2,0.2,0.2,0.5,-0.6931471805599453,0.5,0.5019127914019165,1,0,0.4528301886792453
54,2,00100.jpg,0,0,1,0,0,0,3,0.2,0.2,0.2,0.2,0.2,0.5,-0.6931471805599453,0.5,0.5058416089072347,1,0,0.4444444444444444
55,2,00001.jpg,0,0,0,0,1,0,3,0.2,0.2,0.2,0.2,0.2,0.5,-0.6931471805599453,0.5,0.4695290237599482,1,0,0.43636363636363634
56,2,10111.jpg,1,0,1,1,1,1,3,0.2,0.2,0.2,0.2,0.2,0.5,-0.6931471805599453,0.5,0.5312131300840663,1,1,0.44642857142857145
57,2,11111.jpg,1,1,1,1,1,1,3,0.2,0.2,0.2,0.2,0.2,0.5,-0.6931471805599453,0.5,0.5316457537622776,0,0,0.43859649122807015
58,2,01101.jpg,0,1,1,0,1,0,3,0.2,0.2,0.2,0.2,0.2,0.5,-0.6931471805599453,0.5,0.502519357109671,0,1,0.4482758620689655
59,2,00111.jpg,0,0,1,1,1,0,3,0.2,0.2,0.2,0.2,0.2,0.5,-0.6931471805599453,0.5,0.501096837713706,0,1,0.4576271186440678
60,2,11010.jpg,1,1,0,1,0,0,3,0.2,0.2,0.2,0.2,0.2,0.5,-0.6931471805599453,0.5,0.49730256466740524,0,1,0.4666666666666667
61,2,00101.jpg,0,0,1,0,1,0,3,0.2,0.2,0.2,0.2,0.2,0.5,-0.6931471805599453,0.5,0.5024441466591277,0,1,0.47540983606557374
62,2,11001.jpg,1,1,0,0,1,0,3,0.2,0.2,0.2,0.2,0.2,0.5,-0.6931471805599453,0.5,0.5007433666503593,0,1,0.4838709677419355
63,2,01110.jpg,0,1,1,1,0,0,3,0.2,0.2,0.2,0.2,0.2,0.5,-0.6931471805599453,0.5,0.49799559610203226,1,0,0.47619047619047616
64,2,11110.jpg,1,1,1,1,0,1,3,0.2,0.2,0.2,0.2,0.2,0.5,-0.6931471805599453,0.5,0.5303825734895371,1,1,0.484375
65,3,01101.jpg,0,1,1,0,1,0,3,0.2,0.2,0.2,0.2,0.2,0.5,-0.6931471805599453,0.5,0.4991673608793959,1,0,0.47692307692307695
66,3,01100.jpg,0,1,1,0,0,0,3,0.2,0.2,0.2,0.2,0.2,0.5,-0.6931471805599453,0.5,0.49838472134431205,0,1,0.48484848484848486
67,3,11110.jpg,1,1,1,1,0,1,3,0.2,0.2,0.2,0.2,0.2,0.5,-0.6931471805599453,0.5,0.5327102889881699,1,1,0.4925373134328358
68,3,11000.jpg,1,1,0,0,0,0,3,0.2,0.2,0.2,0.2,0.2,0.5,-0.6931471805599453,0.5,0.4999206698465462,0,1,0.5
69,3,10100.jpg,1,0,1,0,0,1,3,0.2,0.2,0.2,0.2,0.2,0.5,-0.6931471805599453,0.5,0.5315508235792951,0,0,0.4927536231884058
70,3,00011.jpg,0,0,0,1,1,0,3,0.2,0.2,0.2,0.2,0.2,0.5,-0.6931471805599453,0.5,0.4670803358431147,0,1,0.5
71,3,10001.jpg,1,0,0,0,1,0,3,0.2,0.2,0.2,0.2,0.2,0.5,-0.6931471805599453,0.5,0.4983864932548496,1,0,0.49295774647887325
72,3,00111.jpg,0,0,1,1,1,0,3,0.2,0.2,0.2,0.2,0.2,0.5,-0.6931471805599453,0.5,0.49837153283753277,0,1,0.5
73,3,10011.jpg,1,0,0,1,1,0,3,0.2,0.2,0.2,0.2,0.2,0.5,-0.6931471805599453,0.5,0.49806350280382455,1,0,0.4931506849315068
74,3,11001.jpg,1,1,0,0,1,0,3,0.2,0.2,0.2,0.2,0.2,0.5,-0.6931471805599453,0.5,0.49708005699102226,1,0,0.4864864864864865
75,3,01110.jpg,0,1,1,1,0,0,3,0.2,0.2,0.2,0.2,0.2,0.5,-0.6931471805599453,0.5,0.502357434974638,1,0,0.48
76,3,00100.jpg,0,0,1,0,0,0,3,0.2,0.2,0.2,0.2,0.2,0.5,-0.6931471805599453,0.5,0.5013789983367807,0,1,0.4868421052631579
77,3,10110.jpg,1,0,1,1,0,1,3,0.2,0.2,0.2,0.2,0.2,0.5,-0.6931471805599453,0.5,0.5342620526413693,0,0,0.4805194805194805
78,3,01011.jpg,0,1,0,1,1,0,3,0.2,0.2,0.2,0.2,0.2,0.5,-0.6931471805599453,0.5,0.46556000062684055,0,1,0.48717948717948717
79,3,00001.jpg,0,0,0,0,1,0,3,0.2,0.2,0.2,0.2,0.2,0.5,-0.6931471805599453,0.5,0.4646350116178328,0,1,0.4936708860759494
80,3,11010.jpg,1,1,0,1,0,0,3,0.2,0.2,0.2,0.2,0.2,0.5,-0.6931471805599453,0.5,0.5029171051430174,0,1,0.5
81,3,10000.jpg,1,0,0,0,0,0,3,0.2,0.2,0.2,0.2,0.2,0.5,-0.6931471805599453,0.5,0.5018465458257616,0,1,0.5061728395061729
82,3,01001.jpg,0,1,0,0,1,0,3,0.2,0.2,0.2,0.2,0.2,0.5,-0.6931471805599453,0.5,0.4631227921530628,1,0,0.5
83,3,00010.jpg,0,0,0,1,0,0,3,0.2,0.2,0.2,0.2,0.2,0.5,-0.6931471805599453,0.5,0.4715752056844174,0,1,0.5060240963855421
84,3,00000.jpg,0,0,0,0,0,0,3,0.2,0.2,0.2,0.2,0.2,0.5,-0.6931471805599453,0.5,0.46865428584460045,0,1,0.5119047619047619
85,3,10111.jpg,1,0,1,1,1,1,3,0.2,0.2,0.2,0.2,0.2,0.5,-0.6931471805599453,0.5,0.5326230815429086,0,0,0.5058823529411764
86,3,11111.jpg,1,1,1,1,1,1,3,0.2,0.2,0.2,0.2,0.2,0.5,-0.6931471805599453,0.5,0.5324943196426771,1,1,0.5116279069767442
87,3,11100.jpg,1,1,1,0,0,1,3,0.2,0.2,0.2,0.2,0.2,0.5,-0.6931471805599453,0.5,0.5310197105197615,1,1,0.5172413793103449
88,3,01010.jpg,0,1,0,1,0,0,3,0.2,0.2,0.2,0.2,0.2,0.5,-0.6931471805599453,0.5,0.4695146113333328,1,0,0.5113636363636364
89,3,01000.jpg,0,1,0,0,0,0,3,0.2,0.2,0.2,0.2,0.2,0.5,-0.6931471805599453,0.5,0.4657916664811011,0,1,0.5168539325842697
90,3,10010.jpg,1,0,0,1,0,0,3,0.2,0.2,0.2,0.2,0.2,0.5,-0.6931471805599453,0.5,0.5016403400402152,0,1,0.5222222222222223
91,3,01111.jpg,0,1,1,1,1,0,3,0.2,0.2,0.2,0.2,0.2,0.5,-0.6931471805599453,0.5,0.5007231733829198,0,1,0.5274725274725275
92,3,00101.jpg,0,0,1,0,1,0,3,0.2,0.2,0.2,0.2,0.2,0.5,-0.6931471805599453,0.5,0.4974581894643314,0,1,0.532608695652174
93,3,11011.jpg,1,1,0,1,1,0,3,0.2,0.2,0.2,0.2,0.2,0.5,-0.6931471805599453,0.5,0.49968737937325414,0,1,0.5376344086021505
94,3,00110.jpg,0,0,1,1,0,0,3,0.2,0.2,0.2,0.2,0.2,0.5,-0.6931471805599453,0.5,0.5023417840161079,1,0,0.5319148936170213
95,3,10101.jpg,1,0,1,0,1,1,3,0.2,0.2,0.2,0.2,0.2,0.5,-0.6931471805599453,0.5,0.5306816575288851,1,1,0.5368421052631579
96,3,11101.jpg,1,1,1,0,1,1,3,0.2,0.2,0.2,0.2,0.2,0.5,-0.6931471805599453,0.5,0.5313000279541226,1,1,0.5416666666666666
1,1,11101.jpg,1,1,1,0,1,1,4,0.2,0.2,0.2,0.2,0.2,0.5,-0.6931471805599453,0.5,0.5,1,1,1
2,1,11111.jpg,1,1,1,1,1,1,4,0.2,0.2,0.2,0.2,0.2,0.5,-0.6931471805599453,0.5,0.5,0,0,0.5
3,1,00001.jpg,0,0,0,0,1,0,4,0.2,0.2,0.2,0.2,0.2,0.5,-0.6931471805599453,0.5,0.5,1,0,0.3333333333333333
4,1,00111.jpg,0,0,1,1,1,0,4,0.2,0.2,0.2,0.2,0.2,0.5,-0.6931471805599453,0.5,0.48781478307848414,1,0,0.25
5,1,00101.jpg,0,0,1,0,1,0,4,0.2,0.2,0.2,0.2,0.2,0.5,-0.6931471805599453,0.5,0.46288078850945796,0,1,0.4
6,1,00100.jpg,0,0,1,0,0,0,4,0.2,0.2,0.2,0.2,0.2,0.5,-0.6931471805599453,0.5,0.4543259340624787,1,0,0.3333333333333333
7,1,01001.jpg,0,1,0,0,1,0,4,0.2,0.2,0.2,0.2,0.2,0.5,-0.6931471805599453,0.5,0.4931923983600477,1,0,0.2857142857142857
8,1,11110.jpg,1,1,1,1,0,1,4,0.2,0.2,0.2,0.2,0.2,0.5,-0.6931471805599453,0.5,0.556871556983772,0,0,0.25
9,1,01101.jpg,0,1,1,0,1,0,4,0.2,0.2,0.2,0.2,0.2,0.5,-0.6931471805599453,0.5,0.4905318836480381,1,0,0.2222222222222222
10,1,00010.jpg,0,0,0,1,0,0,4,0.2,0.2,0.2,0.2,0.2,0.5,-0.6931471805599453,0.5,0.4668645929406174,0,1,0.3
11,1,10110.jpg,1,0,1,1,0,1,4,0.2,0.2,0.2,0.2,0.2,0.5,-0.6931471805599453,0.5,0.5278148766475643,0,0,0.2727272727272727
12,1,01000.jpg,0,1,0,0,0,0,4,0.2,0.2,0.2,0.2,0.2,0.5,-0.6931471805599453,0.5,0.4690445379865154,0,1,0.3333333333333333
13,1,10001.jpg,1,0,0,0,1,0,4,0.2,0.2,0.2,0.2,0.2,0.5,-0.6931471805599453,0.5,0.4874868132530659,1,0,0.3076923076923077
14,1,01011.jpg,0,1,0,1,1,0,4,0.2,0.2,0.2,0.2,0.2,0.5,-0.6931471805599453,0.5,0.4831435330762337,1,0,0.2857142857142857
15,1,11001.jpg,1,1,0,0,1,0,4,0.2,0.2,0.2,0.2,0.2,0.5,-0.6931471805599453,0.5,0.5000124380739439,0,1,0.3333333333333333
16,1,10010.jpg,1,0,0,1,0,0,4,0.2,0.2,0.2,0.2,0.2,0.5,-0.6931471805599453,0.5,0.5150810143935379,1,0,0.3125
17,1,01111.jpg,0,1,1,1,1,0,4,0.2,0.2,0.2,0.2,0.2,0.5,-0.6931471805599453,0.5,0.511759460475857,1,0,0.29411764705882354
18,1,00110.jpg,0,0,1,1,0,0,4,0.2,0.2,0.2,0.2,0.2,0.5,-0.6931471805599453,0.5,0.5026308172425402,1,0,0.2777777777777778
19,1,10111.jpg,1,0,1,1,1,1,4,0.2,0.2,0.2,0.2,0.2,0.5,-0.6931471805599453,0.5,0.5295087229382411,0,0,0.2631578947368421
20,1,10011.jpg,1,0,0,1,1,0,4,0.2,0.2,0.2,0.2,0.2,0.5,-0.6931471805599453,0.5,0.5087935149345979,0,1,0.3
21,1,01010.jpg,0,1,0,1,0,0,4,0.2,0.2,0.2,0.2,0.2,0.5,-0.6931471805599453,0.5,0.4812326509497131,1,0,0.2857142857142857
22,1,01100.jpg,0,1,1,0,0,0,4,0.2,0.2,0.2,0.2,0.2,0.5,-0.6931471805599453,0.5,0.49322182977778456,1,0,0.2727272727272727
23,1,10100.jpg,1,0,1,0,0,1,4,0.2,0.2,0.2,0.2,0.2,0.5,-0.6931471805599453,0.5,0.5213954997219608,1,1,0.30434782608695654
24,1,11011.jpg,1,1,0,1,1,0,4,0.2,0.2,0.2,0.2,0.2,0.5,-0.6931471805599453,0.5,0.5073429926907178,0,1,0.3333333333333333
25,1,01110.jpg,0,1,1,1,0,0,4,0.2,0.2,0.2,0.2,0.2,0.5,-0.6931471805599453,0.5,0.5031992894705338,1,0,0.32
26,1,00011.jpg,0,0,0,1,1,0,4,0.2,0.2,0.2,0.2,0.2,0.5,-0.6931471805599453,0.5,0.46914351920899117,0,1,0.34615384615384615
27,1,11000.jpg,1,1,0,0,0,0,4,0.2,0.2,0.2,0.2,0.2,0.5,-0.6931471805599453,0.5,0.5026982846905932,0,1,0.37037037037037035
28,1,10000.jpg,1,0,0,0,0,0,4,0.2,0.2,0.2,0.2,0.2,0.5,-0.6931471805599453,0.5,0.5008798679066071,0,1,0.39285714285714285
29,1,11010.jpg,1,1,0,1,0,0,4,0.2,0.2,0.2,0.2,0.2,0.5,-0.6931471805599453,0.5,0.5056083032099731,1,0,0.3793103448275862
30,1,00000.jpg,0,0,0,0,0,0,4,0.2,0.2,0.2,0.2,0.2,0.5,-0.6931471805599453,0.5,0.4650440371569606,0,1,0.4
31,1,11100.jpg,1,1,1,0,0,1,4,0.2,0.2,0.2,0.2,0.2,0.5,-0.6931471805599453,0.5,0.5286070143949922,0,0,0.3870967741935484
32,1,10101.jpg,1,0,1,0,1,1,4,0.2,0.2,0.2,0.2,0.2,0.5,-0.6931471805599453,0.5,0.5273426278128946,1,1,0.40625
33,2,01010.jpg,0,1,0,1,0,0,4,0.2,0.2,0.2,0.2,0.2,0.5,-0.6931471805599453,0.5,0.4664364319835305,0,1,0.42424242424242425
34,2,10011.jpg,1,0,0,1,1,0,4,0.2,0.2,0.2,0.2,0.2,0.5,-0.6931471805599453,0.5,0.4997227821569432,0,1,0.4411764705882353
35,2,01011.jpg,0,1,0,1,1,0,4,0.2,0.2,0.2,0.2,0.2,0.5,-0.6931471805599453,0.5,0.46519396046126926,1,0,0.42857142857142855
36,2,10101.jpg,1,0,1,0,1,1,4,0.2,0.2,0.2,0.2,0.2,0.5,-0.6931471805599453,0.5,0.5351530789402795,1,1,0.4444444444444444
37,2,11100.jpg,1,1,1,0,0,1,4,0.2,0.2,0.2,0.2,0.2,0.5,-0.6931471805599453,0.5,0.5338756737723235,0,0,0.43243243243243246
38,2,10010.jpg,1,0,0,1,0,0,4,0.2,0.2,0.2,0.2,0.2,0.5,-0.6931471805599453,0.5,0.4952257465675332,0,1,0.4473684210526316
39,2,10000.jpg,1,0,0,0,0,0,4,0.2,0.2,0.2,0.2,0.2,0.5,-0.6931471805599453,0.5,0.5015530251090289,1,0,0.4358974358974359
40,2,01100.jpg,0,1,1,0,0,0,4,0.2,0.2,0.2,0.2,0.2,0.5,-0.6931471805599453,0.5,0.5055971826965749,0,1,0.45
41,2,00011.jpg,0,0,0,1,1,0,4,0.2,0.2,0.2,0.2,0.2,0.5,-0.6931471805599453,0.5,0.4640214571810055,0,1,0.4634146341463415
42,2,01000.jpg,0,1,0,0,0,0,4,0.2,0.2,0.2,0.2,0.2,0.5,-0.6931471805599453,0.5,0.4696852234126661,0,1,0.47619047619047616
43,2,10100.jpg,1,0,1,0,0,1,4,0.2,0.2,0.2,0.2,0.2,0.5,-0.6931471805599453,0.5,0.5362227394025809,0,0,0.46511627906976744
44,2,00110.jpg,0,0,1,1,0,0,4,0.2,0.2,0.2,0.2,0.2,0.5,-0.6931471805599453,0.5,0.4982247559449928,1,0,0.45454545454545453
45,2,00000.jpg,0,0,0,0,0,0,4,0.2,0.2,0.2,0.2,0.2,0.5,-0.6931471805599453,0.5,0.47112376207172196,0,1,0.4666666666666667
46,2,10110.jpg,1,0,1,1,0,1,4,0.2,0.2,0.2,0.2,0.2,0.5,-0.6931471805599453,0.5,0.5299571508798924,0,0,0.45652173913043476
47,2,11101.jpg,1,1,1,0,1,1,4,0.2,0.2,0.2,0.2,0.2,0.5,-0.6931471805599453,0.5,0.5351734938012093,1,1,0.46808510638297873
48,2,11011.jpg,1,1,0,1,1,0,4,0.2,0.2,0.2,0.2,0.2,0.5,-0.6931471805599453,0.5,0.49506749762274876,1,0,0.4583333333333333
49,2,01001.jpg,0,1,0,0,1,0,4,0.2,0.2,0.2,0.2,0.2,0.5,-0.6931471805599453,0.5,0.46907347267212707,0,1,0.46938775510204084
50,2,01111.jpg,0,1,1,1,1,0,4,0.2,0.2,0.2,0.2,0.2,0.5,-0.6931471805599453,0.5,0.4957443729697486,0,1,0.48
51,2,10001.jpg,1,0,0,0,1,0,4,0.2,0.2,0.2,0.2,0.2,0.5,-0.6931471805599453,0.5,0.5031111609373349,1,0,0.47058823529411764
52,2,00010.jpg,0,0,0,1,0,0,4,0.2,0.2,0.2,0.2,0.2,0.5,-0.6931471805599453,0.5,0.4642096211213872,1,0,0.46153846153846156
53,2,11000.jpg,1,1,0,0,0,0,4,0.2,0.2,0.2,0.2,0.2,0.5,-0.6931471805599453,0.5,0.5019127914019165,1,0,0.4528301886792453
54,2,00100.jpg,0,0,1,0,0,0,4,0.2,0.2,0.2,0.2,0.2,0.5,-0.6931471805599453,0.5,0.5058416089072347,1,0,0.4444444444444444
55,2,00001.jpg,0,0,0,0,1,0,4,0.2,0.2,0.2,0.2,0.2,0.5,-0.6931471805599453,0.5,0.4695290237599482,1,0,0.43636363636363634
56,2,10111.jpg,1,0,1,1,1,1,4,0.2,0.2,0.2,0.2,0.2,0.5,-0.6931471805599453,0.5,0.5312131300840663,1,1,0.44642857142857145
57,2,11111.jpg,1,1,1,1,1,1,4,0.2,0.2,0.2,0.2,0.2,0.5,-0.6931471805599453,0.5,0.5316457537622776,0,0,0.43859649122807015
58,2,01101.jpg,0,1,1,0,1,0,4,0.2,0.2,0.2,0.2,0.2,0.5,-0.6931471805599453,0.5,0.502519357109671,0,1,0.4482758620689655
59,2,00111.jpg,0,0,1,1,1,0,4,0.2,0.2,0.2,0.2,0.2,0.5,-0.6931471805599453,0.5,0.501096837713706,0,1,0.4576271186440678
60,2,11010.jpg,1,1,0,1,0,0,4,0.2,0.2,0.2,0.2,0.2,0.5,-0.6931471805599453,0.5,0.49730256466740524,0,1,0.4666666666666667
61,2,00101.jpg,0,0,1,0,1,0,4,0.2,0.2,0.2,0.2,0.2,0.5,-0.6931471805599453,0.5,0.5024441466591277,0,1,0.47540983606557374
62,2,11001.jpg,1,1,0,0,1,0,4,0.2,0.2,0.2,0.2,0.2,0.5,-0.6931471805599453,0.5,0.5007433666503593,0,1,0.4838709677419355
63,2,01110.jpg,0,1,1,1,0,0,4,0.2,0.2,0.2,0.2,0.2,0.5,-0.6931471805599453,0.5,0.49799559610203226,1,0,0.47619047619047616
64,2,11110.jpg,1,1,1,1,0,1,4,0.2,0.2,0.2,0.2,0.2,0.5,-0.6931471805599453,0.5,0.5303825734895371,1,1,0.484375
65,3,01101.jpg,0,1,1,0,1,0,4,0.2,0.2,0.2,0.2,0.2,0.5,-0.6931471805599453,0.5,0.4991673608793959,1,0,0.47692307692307695
66,3,01100.jpg,0,1,1,0,0,0,4,0.2,0.2,0.2,0.2,0.2,0.5,-0.6931471805599453,0.5,0.49838472134431205,0,1,0.48484848484848486
67,3,11110.jpg,1,1,1,1,0,1,4,0.2,0.2,0.2,0.2,0.2,0.5,-0.6931471805599453,0.5,0.5327102889881699,1,1,0.4925373134328358
68,3,11000.jpg,1,1,0,0,0,0,4,0.2,0.2,0.2,0.2,0.2,0.5,-0.6931471805599453,0.5,0.4999206698465462,0,1,0.5
69,3,10100.jpg,1,0,1,0,0,1,4,0.2,0.2,0.2,0.2,0.2,0.5,-0.6931471805599453,0.5,0.5315508235792951,0,0,0.4927536231884058
70,3,00011.jpg,0,0,0,1,1,0,4,0.2,0.2,0.2,0.2,0.2,0.5,-0.6931471805599453,0.5,0.4670803358431147,0,1,0.5
71,3,10001.jpg,1,0,0,0,1,0,4,0.2,0.2,0.2,0.2,0.2,0.5,-0.6931471805599453,0.5,0.4983864932548496,1,0,0.49295774647887325
72,3,00111.jpg,0,0,1,1,1,0,4,0.2,0.2,0.2,0.2,0.2,0.5,-0.6931471805599453,0.5,0.49837153283753277,0,1,0.5
73,3,10011.jpg,1,0,0,1,1,0,4,0.2,0.2,0.2,0.2,0.2,0.5,-0.6931471805599453,0.5,0.49806350280382455,1,0,0.4931506849315068
74,3,11001.jpg,1,1,0,0,1,0,4,0.2,0.2,0.2,0.2,0.2,0.5,-0.6931471805599453,0.5,0.49708005699102226,1,0,0.4864864864864865
75,3,01110.jpg,0,1,1,1,0,0,4,0.2,0.2,0.2,0.2,0.2,0.5,-0.6931471805599453,0.5,0.502357434974638,1,0,0.48
76,3,00100.jpg,0,0,1,0,0,0,4,0.2,0.2,0.2,0.2,0.2,0.5,-0.6931471805599453,0.5,0.5013789983367807,0,1,0.4868421052631579
77,3,10110.jpg,1,0,1,1,0,1,4,0.2,0.2,0.2,0.2,0.2,0.5,-0.6931471805599453,0.5,0.5342620526413693,0,0,0.4805194805194805
78,3,01011.jpg,0,1,0,1,1,0,4,0.2,0.2,0.2,0.2,0.2,0.5,-0.6931471805599453,0.5,0.46556000062684055,0,1,0.48717948717948717
79,3,00001.jpg,0,0,0,0,1,0,4,0.2,0.2,0.2,0.2,0.2,0.5,-0.6931471805599453,0.5,0.4646350116178328,0,1,0.4936708860759494
80,3,11010.jpg,1,1,0,1,0,0,4,0.2,0.2,0.2,0.2,0.2,0.5,-0.6931471805599453,0.5,0.5029171051430174,0,1,0.5
81,3,10000.jpg,1,0,0,0,0,0,4,0.2,0.2,0.2,0.2,0.2,0.5,-0.6931471805599453,0.5,0.5018465458257616,0,1,0.5061728395061729
82,3,01001.jpg,0,1,0,0,1,0,4,0.2,0.2,0.2,0.2,0.2,0.5,-0.6931471805599453,0.5,0.4631227921530628,1,0,0.5
83,3,00010.jpg,0,0,0,1,0,0,4,0.2,0.2,0.2,0.2,0.2,0.5,-0.6931471805599453,0.5,0.4715752056844174,0,1,0.5060240963855421
84,3,00000.jpg,0,0,0,0,0,0,4,0.2,0.2,0.2,0.2,0.2,0.5,-0.6931471805599453,0.5,0.46865428584460045,0,1,0.5119047619047619
85,3,10111.jpg,1,0,1,1,1,1,4,0.2,0.2,0.2,0.2,0.2,0.5,-0.6931471805599453,0.5,0.5326230815429086,0,0,0.5058823529411764
86,3,11111.jpg,1,1,1,1,1,1,4,0.2,0.2,0.2,0.2,0.2,0.5,-0.6931471805599453,0.5,0.5324943196426771,1,1,0.5116279069767442
87,3,11100.jpg,1,1,1,0,0,1,4,0.2,0.2,0.2,0.2,0.2,0.5,-0.6931471805599453,0.5,0.5310197105197615,1,1,0.5172413793103449
88,3,01010.jpg,0,1,0,1,0,0,4,0.2,0.2,0.2,0.2,0.2,0.5,-0.6931471805599453,0.5,0.4695146113333328,1,0,0.5113636363636364
89,3,01000.jpg,0,1,0,0,0,0,4,0.2,0.2,0.2,0.2,0.2,0.5,-0.6931471805599453,0.5,0.4657916664811011,0,1,0.5168539325842697
90,3,10010.jpg,1,0,0,1,0,0,4,0.2,0.2,0.2,0.2,0.2,0.5,-0.6931471805599453,0.5,0.5016403400402152,0,1,0.5222222222222223
91,3,01111.jpg,0,1,1,1,1,0,4,0.2,0.2,0.2,0.2,0.2,0.5,-0.6931471805599453,0.5,0.5007231733829198,0,1,0.5274725274725275
92,3,00101.jpg,0,0,1,0,1,0,4,0.2,0.2,0.2,0.2,0.2,0.5,-0.6931471805599453,0.5,0.4974581894643314,0,1,0.532608695652174
93,3,11011.jpg,1,1,0,1,1,0,4,0.2,0.2,0.2,0.2,0.2,0.5,-0.6931471805599453,0.5,0.49968737937325414,0,1,0.5376344086021505
94,3,00110.jpg,0,0,1,1,0,0,4,0.2,0.2,0.2,0.2,0.2,0.5,-0.6931471805599453,0.5,0.5023417840161079,1,0,0.5319148936170213
95,3,10101.jpg,1,0,1,0,1,1,4,0.2,0.2,0.2,0.2,0.2,0.5,-0.6931471805599453,0.5,0.5306816575288851,1,1,0.5368421052631579
96,3,11101.jpg,1,1,1,0,1,1,4,0.2,0.2,0.2,0.2,0.2,0.5,-0.6931471805599453,0.5,0.5313000279541226,1,1,0.5416666666666666
1,1,11101.jpg,1,1,1,0,1,1,5,0.2,0.2,0.2,0.2,0.2,0.5,-0.6931471805599453,0.5,0.5,1,1,1
2,1,11111.jpg,1,1,1,1,1,1,5,0.2,0.2,0.2,0.2,0.2,0.5,-0.6931471805599453,0.5,0.5,0,0,0.5
3,1,00001.jpg,0,0,0,0,1,0,5,0.2,0.2,0.2,0.2,0.2,0.5,-0.6931471805599453,0.5,0.5,1,0,0.3333333333333333
4,1,00111.jpg,0,0,1,1,1,0,5,0.2,0.2,0.2,0.2,0.2,0.5,-0.6931471805599453,0.5,0.48781478307848414,1,0,0.25
5,1,00101.jpg,0,0,1,0,1,0,5,0.2,0.2,0.2,0.2,0.2,0.5,-0.6931471805599453,0.5,0.46288078850945796,0,1,0.4
6,1,00100.jpg,0,0,1,0,0,0,5,0.2,0.2,0.2,0.2,0.2,0.5,-0.6931471805599453,0.5,0.4543259340624787,1,0,0.3333333333333333
7,1,01001.jpg,0,1,0,0,1,0,5,0.2,0.2,0.2,0.2,0.2,0.5,-0.6931471805599453,0.5,0.4931923983600477,1,0,0.2857142857142857
8,1,11110.jpg,1,1,1,1,0,1,5,0.2,0.2,0.2,0.2,0.2,0.5,-0.6931471805599453,0.5,0.556871556983772,0,0,0.25
9,1,01101.jpg,0,1,1,0,1,0,5,0.2,0.2,0.2,0.2,0.2,0.5,-0.6931471805599453,0.5,0.4905318836480381,1,0,0.2222222222222222
10,1,00010.jpg,0,0,0,1,0,0,5,0.2,0.2,0.2,0.2,0.2,0.5,-0.6931471805599453,0.5,0.4668645929406174,0,1,0.3
11,1,10110.jpg,1,0,1,1,0,1,5,0.2,0.2,0.2,0.2,0.2,0.5,-0.6931471805599453,0.5,0.5278148766475643,0,0,0.2727272727272727
12,1,01000.jpg,0,1,0,0,0,0,5,0.2,0.2,0.2,0.2,0.2,0.5,-0.6931471805599453,0.5,0.4690445379865154,0,1,0.3333333333333333
13,1,10001.jpg,1,0,0,0,1,0,5,0.2,0.2,0.2,0.2,0.2,0.5,-0.6931471805599453,0.5,0.4874868132530659,1,0,0.3076923076923077
14,1,01011.jpg,0,1,0,1,1,0,5,0.2,0.2,0.2,0.2,0.2,0.5,-0.6931471805599453,0.5,0.4831435330762337,1,0,0.2857142857142857
15,1,11001.jpg,1,1,0,0,1,0,5,0.2,0.2,0.2,0.2,0.2,0.5,-0.6931471805599453,0.5,0.5000124380739439,0,1,0.3333333333333333
16,1,10010.jpg,1,0,0,1,0,0,5,0.2,0.2,0.2,0.2,0.2,0.5,-0.6931471805599453,0.5,0.5150810143935379,1,0,0.3125
17,1,01111.jpg,0,1,1,1,1,0,5,0.2,0.2,0.2,0.2,0.2,0.5,-0.6931471805599453,0.5,0.511759460475857,1,0,0.29411764705882354
18,1,00110.jpg,0,0,1,1,0,0,5,0.2,0.2,0.2,0.2,0.2,0.5,-0.6931471805599453,0.5,0.5026308172425402,1,0,0.2777777777777778
19,1,10111.jpg,1,0,1,1,1,1,5,0.2,0.2,0.2,0.2,0.2,0.5,-0.6931471805599453,0.5,0.5295087229382411,0,0,0.2631578947368421
20,1,10011.jpg,1,0,0,1,1,0,5,0.2,0.2,0.2,0.2,0.2,0.5,-0.6931471805599453,0.5,0.5087935149345979,0,1,0.3
21,1,01010.jpg,0,1,0,1,0,0,5,0.2,0.2,0.2,0.2,0.2,0.5,-0.6931471805599453,0.5,0.4812326509497131,1,0,0.2857142857142857
22,1,01100.jpg,0,1,1,0,0,0,5,0.2,0.2,0.2,0.2,0.2,0.5,-0.6931471805599453,0.5,0.49322182977778456,1,0,0.2727272727272727
23,1,10100.jpg,1,0,1,0,0,1,5,0.2,0.2,0.2,0.2,0.2,0.5,-0.6931471805599453,0.5,0.5213954997219608,1,1,0.30434782608695654
24,1,11011.jpg,1,1,0,1,1,0,5,0.2,0.2,0.2,0.2,0.2,0.5,-0.6931471805599453,0.5,0.5073429926907178,0,1,0.3333333333333333
25,1,01110.jpg,0,1,1,1,0,0,5,0.2,0.2,0.2,0.2,0.2,0.5,-0.6931471805599453,0.5,0.5031992894705338,1,0,0.32
26,1,00011.jpg,0,0,0,1,1,0,5,0.2,0.2,0.2,0.2,0.2,0.5,-0.6931471805599453,0.5,0.46914351920899117,0,1,0.34615384615384615
27,1,11000.jpg,1,1,0,0,0,0,5,0.2,0.2,0.2,0.2,0.2,0.5,-0.6931471805599453,0.5,0.5026982846905932,0,1,0.37037037037037035
28,1,10000.jpg,1,0,0,0,0,0,5,0.2,0.2,0.2,0.2,0.2,0.5,-0.6931471805599453,0.5,0.5008798679066071,0,1,0.39285714285714285
29,1,11010.jpg,1,1,0,1,0,0,5,0.2,0.2,0.2,0.2,0.2,0.5,-0.6931471805599453,0.5,0.5056083032099731,1,0,0.3793103448275862
30,1,00000.jpg,0,0,0,0,0,0,5,0.2,0.2,0.2,0.2,0.2,0.5,-0.6931471805599453,0.5,0.4650440371569606,0,1,0.4
31,1,11100.jpg,1,1,1,0,0,1,5,0.2,0.2,0.2,0.2,0.2,0.5,-0.6931471805599453,0.5,0.5286070143949922,0,0,0.3870967741935484
32,1,10101.jpg,1,0,1,0,1,1,5,0.2,0.2,0.2,0.2,0.2,0.5,-0.6931471805599453,0.5,0.5273426278128946,1,1,0.40625
33,2,01010.jpg,0,1,0,1,0,0,5,0.2,0.2,0.2,0.2,0.2,0.5,-0.6931471805599453,0.5,0.4664364319835305,0,1,0.42424242424242425
34,2,10011.jpg,1,0,0,1,1,0,5,0.2,0.2,0.2,0.2,0.2,0.5,-0.6931471805599453,0.5,0.4997227821569432,0,1,0.4411764705882353
35,2,01011.jpg,0,1,0,1,1,0,5,0.2,0.2,0.2,0.2,0.2,0.5,-0.6931471805599453,0.5,0.46519396046126926,1,0,0.42857142857142855
36,2,10101.jpg,1,0,1,0,1,1,5,0.2,0.2,0.2,0.2,0.2,0.5,-0.6931471805599453,0.5,0.5351530789402795,1,1,0.4444444444444444
37,2,11100.jpg,1,1,1,0,0,1,5,0.2,0.2,0.2,0.2,0.2,0.5,-0.6931471805599453,0.5,0.5338756737723235,0,0,0.43243243243243246
38,2,10010.jpg,1,0,0,1,0,0,5,0.2,0.2,0.2,0.2,0.2,0.5,-0.6931471805599453,0.5,0.4952257465675332,0,1,0.4473684210526316
39,2,10000.jpg,1,0,0,0,0,0,5,0.2,0.2,0.2,0.2,0.2,0.5,-0.6931471805599453,0.5,0.5015530251090289,1,0,0.4358974358974359
40,2,01100.jpg,0,1,1,0,0,0,5,0.2,0.2,0.2,0.2,0.2,0.5,-0.6931471805599453,0.5,0.5055971826965749,0,1,0.45
41,2,00011.jpg,0,0,0,1,1,0,5,0.2,0.2,0.2,0.2,0.2,0.5,-0.6931471805599453,0.5,0.4640214571810055,0,1,0.4634146341463415
42,2,01000.jpg,0,1,0,0,0,0,5,0.2,0.2,0.2,0.2,0.2,0.5,-0.6931471805599453,0.5,0.4696852234126661,0,1,0.47619047619047616
43,2,10100.jpg,1,0,1,0,0,1,5,0.2,0.2,0.2,0.2,0.2,0.5,-0.6931471805599453,0.5,0.5362227394025809,0,0,0.46511627906976744
44,2,00110.jpg,0,0,1,1,0,0,5,0.2,0.2,0.2,0.2,0.2,0.5,-0.6931471805599453,0.5,0.4982247559449928,1,0,0.45454545454545453
45,2,00000.jpg,0,0,0,0,0,0,5,0.2,0.2,0.2,0.2,0.2,0.5,-0.6931471805599453,0.5,0.47112376207172196,0,1,0.4666666666666667
46,2,10110.jpg,1,0,1,1,0,1,5,0.2,0.2,0.2,0.2,0.2,0.5,-0.6931471805599453,0.5,0.5299571508798924,0,0,0.45652173913043476
47,2,11101.jpg,1,1,1,0,1,1,5,0.2,0.2,0.2,0.2,0.2,0.5,-0.6931471805599453,0.5,0.5351734938012093,1,1,0.46808510638297873
48,2,11011.jpg,1,1,0,1,1,0,5,0.2,0.2,0.2,0.2,0.2,0.5,-0.6931471805599453,0.5,0.49506749762274876,1,0,0.4583333333333333
49,2,01001.jpg,0,1,0,0,1,0,5,0.2,0.2,0.2,0.2,0.2,0.5,-0.6931471805599453,0.5,0.46907347267212707,0,1,0.46938775510204084
50,2,01111.jpg,0,1,1,1,1,0,5,0.2,0.2,0.2,0.2,0.2,0.5,-0.6931471805599453,0.5,0.4957443729697486,0,1,0.48
51,2,10001.jpg,1,0,0,0,1,0,5,0.2,0.2,0.2,0.2,0.2,0.5,-0.6931471805599453,0.5,0.5031111609373349,1,0,0.47058823529411764
52,2,00010.jpg,0,0,0,1,0,0,5,0.2,0.2,0.2,0.2,0.2,0.5,-0.6931471805599453,0.5,0.4642096211213872,1,0,0.46153846153846156
53,2,11000.jpg,1,1,0,0,0,0,5,0.2,0.2,0.2,0.2,0.2,0.5,-0.6931471805599453,0.5,0.5019127914019165,1,0,0.4528301886792453
54,2,00100.jpg,0,0,1,0,0,0,5,0.2,0.2,0.2,0.2,0.2,0.5,-0.6931471805599453,0.5,0.5058416089072347,1,0,0.4444444444444444
55,2,00001.jpg,0,0,0,0,1,0,5,0.2,0.2,0.2,0.2,0.2,0.5,-0.6931471805599453,0.5,0.4695290237599482,1,0,0.43636363636363634
56,2,10111.jpg,1,0,1,1,1,1,5,0.2,0.2,0.2,0.2,0.2,0.5,-0.6931471805599453,0.5,0.5312131300840663,1,1,0.44642857142857145
57,2,11111.jpg,1,1,1,1,1,1,5,0.2,0.2,0.2,0.2,0.2,0.5,-0.6931471805599453,0.5,0.5316457537622776,0,0,0.43859649122807015
58,2,01101.jpg,0,1,1,0,1,0,5,0.2,0.2,0.2,0.2,0.2,0.5,-0.6931471805599453,0.5,0.502519357109671,0,1,0.4482758620689655
59,2,00111.jpg,0,0,1,1,1,0,5,0.2,0.2,0.2,0.2,0.2,0.5,-0.6931471805599453,0.5,0.501096837713706,0,1,0.4576271186440678
60,2,11010.jpg,1,1,0,1,0,0,5,0.2,0.2,0.2,0.2,0.2,0.5,-0.6931471805599453,0.5,0.49730256466740524,0,1,0.4666666666666667
61,2,00101.jpg,0,0,1,0,1,0,5,0.2,0.2,0.2,0.2,0.2,0.5,-0.6931471805599453,0.5,0.5024441466591277,0,1,0.47540983606557374
62,2,11001.jpg,1,1,0,0,1,0,5,0.2,0.2,0.2,0.2,0.2,0.5,-0.6931471805599453,0.5,0.5007433666503593,0,1,0.4838709677419355
63,2,01110.jpg,0,1,1,1,0,0,5,0.2,0.2,0.2,0.2,0.2,0.5,-0.6931471805599453,0.5,0.49799559610203226,1,0,0.47619047619047616
64,2,11110.jpg,1,1,1,1,0,1,5,0.2,0.2,0.2,0.2,0.2,0.5,-0.6931471805599453,0.5,0.5303825734895371,1,1,0.484375
65,3,01101.jpg,0,1,1,0,1,0,5,0.2,0.2,0.2,0.2,0.2,0.5,-0.6931471805599453,0.5,0.4991673608793959,1,0,0.47692307692307695
66,3,01100.jpg,0,1,1,0,0,0,5,0.2,0.2,0.2,0.2,0.2,0.5,-0.6931471805599453,0.5,0.49838472134431205,0,1,0.48484848484848486
67,3,11110.jpg,1,1,1,1,0,1,5,0.2,0.2,0.2,0.2,0.2,0.5,-0.6931471805599453,0.5,0.5327102889881699,1,1,0.4925373134328358
68,3,11000.jpg,1,1,0,0,0,0,5,0.2,0.2,0.2,0.2,0.2,0.5,-0.6931471805599453,0.5,0.4999206698465462,0,1,0.5
69,3,10100.jpg,1,0,1,0,0,1,5,0.2,0.2,0.2,0.2,0.2,0.5,-0.6931471805599453,0.5,0.5315508235792951,0,0,0.4927536231884058
70,3,00011.jpg,0,0,0,1,1,0,5,0.2,0.2,0.2,0.2,0.2,0.5,-0.6931471805599453,0.5,0.4670803358431147,0,1,0.5
71,3,10001.jpg,1,0,0,0,1,0,5,0.2,0.2,0.2,0.2,0.2,0.5,-0.6931471805599453,0.5,0.4983864932548496,1,0,0.49295774647887325
72,3,00111.jpg,0,0,1,1,1,0,5,0.2,0.2,0.2,0.2,0.2,0.5,-0.6931471805599453,0.5,0.49837153283753277,0,1,0.5
73,3,10011.jpg,1,0,0,1,1,0,5,0.2,0.2,0.2,0.2,0.2,0.5,-0.6931471805599453,0.5,0.49806350280382455,1,0,0.4931506849315068
74,3,11001.jpg,1,1,0,0,1,0,5,0.2,0.2,0.2,0.2,0.2,0.5,-0.6931471805599453,0.5,0.49708005699102226,1,0,0.4864864864864865
75,3,01110.jpg,0,1,1,1,0,0,5,0.2,0.2,0.2,0.2,0.2,0.5,-0.6931471805599453,0.5,0.502357434974638,1,0,0.48
76,3,00100.jpg,0,0,1,0,0,0,5,0.2,0.2,0.2,0.2,0.2,0.5,-0.6931471805599453,0.5,0.5013789983367807,0,1,0.4868421052631579
77,3,10110.jpg,1,0,1,1,0,1,5,0.2,0.2,0.2,0.2,0.2,0.5,-0.6931471805599453,0.5,0.5342620526413693,0,0,0.4805194805194805
78,3,01011.jpg,0,1,0,1,1,0,5,0.2,0.2,0.2,0.2,0.2,0.5,-0.6931471805599453,0.5,0.46556000062684055,0,1,0.48717948717948717
79,3,00001.jpg,0,0,0,0,1,0,5,0.2,0.2,0.2,0.2,0.2,0.5,-0.6931471805599453,0.5,0.4646350116178328,0,1,0.4936708860759494
80,3,11010.jpg,1,1,0,1,0,0,5,0.2,0.2,0.2,0.2,0.2,0.5,-0.6931471805599453,0.5,0.5029171051430174,0,1,0.5
81,3,10000.jpg,1,0,0,0,0,0,5,0.2,0.2,0.2,0.2,0.2,0.5,-0.6931471805599453,0.5,0.5018465458257616,0,1,0.5061728395061729
82,3,01001.jpg,0,1,0,0,1,0,5,0.2,0.2,0.2,0.2,0.2,0.5,-0.6931471805599453,0.5,0.4631227921530628,1,0,0.5
83,3,00010.jpg,0,0,0,1,0,0,5,0.2,0.2,0.2,0.2,0.2,0.5,-0.6931471805599453,0.5,0.4715752056844174,0,1,0.5060240963855421
84,3,00000.jpg,0,0,0,0,0,0,5,0.2,0.2,0.2,0.2,0.2,0.5,-0.6931471805599453,0.5,0.46865428584460045,0,1,0.5119047619047619
85,3,10111.jpg,1,0,1,1,1,1,5,0.2,0.2,0.2,0.2,0.2,0.5,-0.6931471805599453,0.5,0.5326230815429086,0,0,0.5058823529411764
86,3,11111.jpg,1,1,1,1,1,1,5,0.2,0.2,0.2,0.2,0.2,0.5,-0.6931471805599453,0.5,0.5324943196426771,1,1,0.5116279069767442
87,3,11100.jpg,1,1,1,0,0,1,5,0.2,0.2,0.2,0.2,0.2,0.5,-0.6931471805599453,0.5,0.5310197105197615,1,1,0.5172413793103449
88,3,01010.jpg,0,1,0,1,0,0,5,0.2,0.2,0.2,0.2,0.2,0.5,-0.6931471805599453,0.5,0.4695146113333328,1,0,0.5113636363636364
89,3,01000.jpg,0,1,0,0,0,0,5,0.2,0.2,0.2,0.2,0.2,0.5,-0.6931471805599453,0.5,0.4657916664811011,0,1,0.5168539325842697
90,3,10010.jpg,1,0,0,1,0,0,5,0.2,0.2,0.2,0.2,0.2,0.5,-0.6931471805599453,0.5,0.5016403400402152,0,1,0.5222222222222223
91,3,01111.jpg,0,1,1,1,1,0,5,0.2,0.2,0.2,0.2,0.2,0.5,-0.6931471805599453,0.5,0.5007231733829198,0,1,0.5274725274725275
92,3,00101.jpg,0,0,1,0,1,0,5,0.2,0.2,0.2,0.2,0.2,0.5,-0.6931471805599453,0.5,0.4974581894643314,0,1,0.532608695652174
93,3,11011.jpg,1,1,0,1,1,0,5,0.2,0.2,0.2,0.2,0.2,0.5,-0.6931471805599453,0.5,0.49968737937325414,0,1,0.5376344086021505
94,3,00110.jpg,0,0,1,1,0,0,5,0.2,0.2,0.2,0.2,0.2,0.5,-0.6931471805599453,0.5,0.5023417840161079,1,0,0.5319148936170213
95,3,10101.jpg,1,0,1,0,1,1,5,0.2,0.2,0.2,0.2,0.2,0.5,-0.6931471805599453,0.5,0.5306816575288851,1,1,0.5368421052631579
96,3,11101.jpg,1,1,1,0,1,1,5,0.2,0.2,0.2,0.2,0.2,0.5,-0.6931471805599453,0.5,0.5313000279541226,1,1,0.5416666666666666
1,1,11101.jpg,1,1,1,0,1,1,6,0.2,0.2,0.2,0.2,0.2,1,0,0.5,0.5,1,1,1
2,1,11111.jpg,1,1,1,1,1,1,6,0.2,0.2,0.2,0.2,0.2,1,0,0.5,0.5,0,0,0.5
3,1,00001.jpg,0,0,0,0,1,0,6,0.2,0.2,0.2,0.2,0.2,1,0,0.5,0.5,1,0,0.3333333333333333
4,1,00111.jpg,0,0,1,1,1,0,6,0.2,0.2,0.2,0.2,0.2,1,0,0.5,0.4762657727602409,1,0,0.25
5,1,00101.jpg,0,0,1,0,1,0,6,0.2,0.2,0.2,0.2,0.2,1,0,0.5,0.42677819408416423,0,1,0.4
6,1,00100.jpg,0,0,1,0,0,0,6,0.2,0.2,0.2,0.2,0.2,1,0,0.5,0.4094564280350885,0,1,0.5
7,1,01001.jpg,0,1,0,0,1,0,6,0.2,0.2,0.2,0.2,0.2,1,0,0.5,0.4852325816046928,1,0,0.42857142857142855
8,1,11110.jpg,1,1,1,1,0,1,6,0.2,0.2,0.2,0.2,0.2,1,0,0.5,0.6115914039288659,0,0,0.375
9,1,01101.jpg,0,1,1,0,1,0,6,0.2,0.2,0.2,0.2,0.2,1,0,0.5,0.4821157349669731,1,0,0.3333333333333333
10,1,00010.jpg,0,0,0,1,0,0,6,0.2,0.2,0.2,0.2,0.2,1,0,0.5,0.43434987805794983,0,1,0.4
11,1,10110.jpg,1,0,1,1,0,1,6,0.2,0.2,0.2,0.2,0.2,1,0,0.5,0.5541118990840074,0,0,0.36363636363636365
12,1,01000.jpg,0,1,0,0,0,0,6,0.2,0.2,0.2,0.2,0.2,1,0,0.5,0.4371431283613686,0,1,0.4166666666666667
13,1,10001.jpg,1,0,0,0,1,0,6,0.2,0.2,0.2,0.2,0.2,1,0,0.5,0.4748936717156404,1,0,0.38461538461538464
14,1,01011.jpg,0,1,0,1,1,0,6,0.2,0.2,0.2,0.2,0.2,1,0,0.5,0.46598119462542736,1,0,0.35714285714285715
15,1,11001.jpg,1,1,0,0,1,0,6,0.2,0.2,0.2,0.2,0.2,1,0,0.5,0.5000980526761349,0,1,0.4
16,1,10010.jpg,1,0,0,1,0,0,6,0.2,0.2,0.2,0.2,0.2,1,0,0.5,0.5306992541646932,1,0,0.375
17,1,01111.jpg,0,1,1,1,1,0,6,0.2,0.2,0.2,0.2,0.2,1,0,0.5,0.5220057428313415,1,0,0.35294117647058826
18,1,00110.jpg,0,0,1,1,0,0,6,0.2,0.2,0.2,0.2,0.2,1,0,0.5,0.5048224070265565,1,0,0.3333333333333333
19,1,10111.jpg,1,0,1,1,1,1,6,0.2,0.2,0.2,0.2,0.2,1,0,0.5,0.5572864985131731,0,0,0.3157894736842105
20,1,10011.jpg,1,0,0,1,1,0,6,0.2,0.2,0.2,0.2,0.2,1,0,0.5,0.516635293200522,0,1,0.35
21,1,01010.jpg,0,1,0,1,0,0,6,0.2,0.2,0.2,0.2,0.2,1,0,0.5,0.4616477728538573,1,0,0.3333333333333333
22,1,01100.jpg,0,1,1,0,0,0,6,0.2,0.2,0.2,0.2,0.2,1,0,0.5,0.48483387929749483,1,0,0.3181818181818182
23,1,10100.jpg,1,0,1,0,0,1,6,0.2,0.2,0.2,0.2,0.2,1,0,0.5,0.5414576350278733,1,1,0.34782608695652173
24,1,11011.jpg,1,1,0,1,1,0,6,0.2,0.2,0.2,0.2,0.2,1,0,0.5,0.5136834888327709,0,1,0.375
25,1,01110.jpg,0,1,1,1,0,0,6,0.2,0.2,0.2,0.2,0.2,1,0,0.5,0.5046288980499585,1,0,0.36
26,1,00011.jpg,0,0,0,1,1,0,6,0.2,0.2,0.2,0.2,0.2,1,0,0.5,0.43821280954336017,0,1,0.38461538461538464
27,1,11000.jpg,1,1,0,0,0,0,6,0.2,0.2,0.2,0.2,0.2,1,0,0.5,0.5041114013843323,0,1,0.4074074074074074
28,1,10000.jpg,1,0,0,0,0,0,6,0.2,0.2,0.2,0.2,0.2,1,0,0.5,0.5012356675133961,0,1,0.42857142857142855
29,1,11010.jpg,1,1,0,1,0,0,6,0.2,0.2,0.2,0.2,0.2,1,0,0.5,0.5096675594634864,1,0,0.41379310344827586
30,1,00000.jpg,0,0,0,0,0,0,6,0.2,0.2,0.2,0.2,0.2,1,0,0.5,0.43077399746890205,0,1,0.43333333333333335
31,1,11100.jpg,1,1,1,0,0,1,6,0.2,0.2,0.2,0.2,0.2,1,0,0.5,0.5559558815705951,0,0,0.41935483870967744
32,1,10101.jpg,1,0,1,0,1,1,6,0.2,0.2,0.2,0.2,0.2,1,0,0.5,0.5533130718302532,1,1,0.4375
33,2,01010.jpg,0,1,0,1,0,0,6,0.2,0.2,0.2,0.2,0.2,1,0,0.5,0.4326113876930378,0,1,0.45454545454545453
34,2,10011.jpg,1,0,0,1,1,0,6,0.2,0.2,0.2,0.2,0.2,1,0,0.5,0.49788442476249295,0,1,0.47058823529411764
35,2,01011.jpg,0,1,0,1,1,0,6,0.2,0.2,0.2,0.2,0.2,1,0,0.5,0.43024238312423835,1,0,0.45714285714285713
36,2,10101.jpg,1,0,1,0,1,1,6,0.2,0.2,0.2,0.2,0.2,1,0,0.5,0.5691356403088307,1,1,0.4722222222222222
37,2,11100.jpg,1,1,1,0,0,1,6,0.2,0.2,0.2,0.2,0.2,1,0,0.5,0.5667967158572272,0,0,0.4594594594594595
38,2,10010.jpg,1,0,0,1,0,0,6,0.2,0.2,0.2,0.2,0.2,1,0,0.5,0.488736145035169,0,1,0.47368421052631576
39,2,10000.jpg,1,0,0,0,0,0,6,0.2,0.2,0.2,0.2,0.2,1,0,0.5,0.5011974147316828,1,0,0.46153846153846156
40,2,01100.jpg,0,1,1,0,0,0,6,0.2,0.2,0.2,0.2,0.2,1,0,0.5,0.5096414613657287,0,1,0.475
41,2,00011.jpg,0,0,0,1,1,0,6,0.2,0.2,0.2,0.2,0.2,1,0,0.5,0.4280047987489229,0,1,0.4878048780487805
42,2,01000.jpg,0,1,0,0,0,0,6,0.2,0.2,0.2,0.2,0.2,1,0,0.5,0.4392270695372131,0,1,0.5
43,2,10100.jpg,1,0,1,0,0,1,6,0.2,0.2,0.2,0.2,0.2,1,0,0.5,0.5709111848707114,1,1,0.5116279069767442
44,2,00110.jpg,0,0,1,1,0,0,6,0.2,0.2,0.2,0.2,0.2,1,0,0.5,0.49518258610779425,1,0,0.5
45,2,00000.jpg,0,0,0,0,0,0,6,0.2,0.2,0.2,0.2,0.2,1,0,0.5,0.44216953932686964,0,1,0.5111111111111111
46,2,10110.jpg,1,0,1,1,0,1,6,0.2,0.2,0.2,0.2,0.2,1,0,0.5,0.55874747308805,0,0,0.5
47,2,11101.jpg,1,1,1,0,1,1,6,0.2,0.2,0.2,0.2,0.2,1,0,0.5,0.5695957631490359,1,1,0.5106382978723404
48,2,11011.jpg,1,1,0,1,1,0,6,0.2,0.2,0.2,0.2,0.2,1,0,0.5,0.48844538384028025,1,0,0.5
49,2,01001.jpg,0,1,0,0,1,0,6,0.2,0.2,0.2,0.2,0.2,1,0,0.5,0.43809660358108127,0,1,0.5102040816326531
50,2,01111.jpg,0,1,1,1,1,0,6,0.2,0.2,0.2,0.2,0.2,1,0,0.5,0.4898891839802958,0,1,0.52
51,2,10001.jpg,1,0,0,0,1,0,6,0.2,0.2,0.2,0.2,0.2,1,0,0.5,0.5046641342639971,1,0,0.5098039215686274
52,2,00010.jpg,0,0,0,1,0,0,6,0.2,0.2,0.2,0.2,0.2,1,0,0.5,0.4287522825397877,1,0,0.5
53,2,11000.jpg,1,1,0,0,0,0,6,0.2,0.2,0.2,0.2,0.2,1,0,0.5,0.5025507250005777,1,0,0.49056603773584906
54,2,00100.jpg,0,0,1,0,0,0,6,0.2,0.2,0.2,0.2,0.2,1,0,0.5,0.5099922707793292,1,0,0.48148148148148145
55,2,00001.jpg,0,0,0,0,1,0,6,0.2,0.2,0.2,0.2,0.2,1,0,0.5,0.4389504735497272,1,0,0.4727272727272727
56,2,10111.jpg,1,0,1,1,1,1,6,0.2,0.2,0.2,0.2,0.2,1,0,0.5,0.5614426129685915,1,1,0.48214285714285715
57,2,11111.jpg,1,1,1,1,1,1,6,0.2,0.2,0.2,0.2,0.2,1,0,0.5,0.5621299686581834,0,0,0.47368421052631576
58,2,01101.jpg,0,1,1,0,1,0,6,0.2,0.2,0.2,0.2,0.2,1,0,0.5,0.5036431814609618,0,1,0.4827586206896552
59,2,00111.jpg,0,0,1,1,1,0,6,0.2,0.2,0.2,0.2,0.2,1,0,0.5,0.5009923885611799,0,1,0.4915254237288136
60,2,11010.jpg,1,1,0,1,0,0,6,0.2,0.2,0.2,0.2,0.2,1,0,0.5,0.4930661198168231,0,1,0.5
61,2,00101.jpg,0,0,1,0,1,0,6,0.2,0.2,0.2,0.2,0.2,1,0,0.5,0.5031601421505436,0,1,0.5081967213114754
62,2,11001.jpg,1,1,0,0,1,0,6,0.2,0.2,0.2,0.2,0.2,1,0,0.5,0.5002427201871641,0,1,0.5161290322580645
63,2,01110.jpg,0,1,1,1,0,0,6,0.2,0.2,0.2,0.2,0.2,1,0,0.5,0.4943470244393421,1,0,0.5079365079365079
64,2,11110.jpg,1,1,1,1,0,1,6,0.2,0.2,0.2,0.2,0.2,1,0,0.5,0.5597368004290266,1,1,0.515625
65,3,01101.jpg,0,1,1,0,1,0,6,0.2,0.2,0.2,0.2,0.2,1,0,0.5,0.49667776290346227,1,0,0.5076923076923077
66,3,01100.jpg,0,1,1,0,0,0,6,0.2,0.2,0.2,0.2,0.2,1,0,0.5,0.4950898636076996,0,1,0.5151515151515151
67,3,11110.jpg,1,1,1,1,0,1,6,0.2,0.2,0.2,0.2,0.2,1,0,0.5,0.5646801577579242,1,1,0.5223880597014925
68,3,11000.jpg,1,1,0,0,0,0,6,0.2,0.2,0.2,0.2,0.2,1,0,0.5,0.4982095330000372,0,1,0.5294117647058824
69,3,10100.jpg,1,0,1,0,0,1,6,0.2,0.2,0.2,0.2,0.2,1,0,0.5,0.5623511270542051,0,0,0.5217391304347826
70,3,00011.jpg,0,0,0,1,1,0,6,0.2,0.2,0.2,0.2,0.2,1,0,0.5,0.4335640139211925,0,1,0.5285714285714286
71,3,10001.jpg,1,0,0,0,1,0,6,0.2,0.2,0.2,0.2,0.2,1,0,0.5,0.49535682988760393,1,0,0.5211267605633803
72,3,00111.jpg,0,0,1,1,1,0,6,0.2,0.2,0.2,0.2,0.2,1,0,0.5,0.49489340414539373,0,1,0.5277777777777778
73,3,10011.jpg,1,0,0,1,1,0,6,0.2,0.2,0.2,0.2,0.2,1,0,0.5,0.4941604272996345,1,0,0.5205479452054794
74,3,11001.jpg,1,1,0,0,1,0,6,0.2,0.2,0.2,0.2,0.2,1,0,0.5,0.49249721008791114,1,0,0.5135135135135135
75,3,01110.jpg,0,1,1,1,0,0,6,0.2,0.2,0.2,0.2,0.2,1,0,0.5,0.503100888561245,1,0,0.5066666666666667
76,3,00100.jpg,0,0,1,0,0,0,6,0.2,0.2,0.2,0.2,0.2,1,0,0.5,0.5014272382225033,0,1,0.5131578947368421
77,3,10110.jpg,1,0,1,1,0,1,6,0.2,0.2,0.2,0.2,0.2,1,0,0.5,0.5676880240834893,1,1,0.5194805194805194
78,3,01011.jpg,0,1,0,1,1,0,6,0.2,0.2,0.2,0.2,0.2,1,0,0.5,0.4310550215736793,0,1,0.5256410256410257
79,3,00001.jpg,0,0,0,0,1,0,6,0.2,0.2,0.2,0.2,0.2,1,0,0.5,0.4292539561846867,0,1,0.5316455696202531
80,3,11010.jpg,1,1,0,1,0,0,6,0.2,0.2,0.2,0.2,0.2,1,0,0.5,0.5043772796859948,0,1,0.5375
81,3,10000.jpg,1,0,0,0,0,0,6,0.2,0.2,0.2,0.2,0.2,1,0,0.5,0.5022179504127469,0,1,0.5432098765432098
82,3,01001.jpg,0,1,0,0,1,0,6,0.2,0.2,0.2,0.2,0.2,1,0,0.5,0.42628324939111406,0,1,0.5487804878048781
83,3,00010.jpg,0,0,0,1,0,0,6,0.2,0.2,0.2,0.2,0.2,1,0,0.5,0.4429171030993932,0,1,0.5542168674698795
84,3,00000.jpg,0,0,0,0,0,0,6,0.2,0.2,0.2,0.2,0.2,1,0,0.5,0.4372259895401258,0,1,0.5595238095238095
85,3,10111.jpg,1,0,1,1,1,1,6,0.2,0.2,0.2,0.2,0.2,1,0,0.5,0.5643221703326683,0,0,0.5529411764705883
86,3,11111.jpg,1,1,1,1,1,1,6,0.2,0.2,0.2,0.2,0.2,1,0,0.5,0.5642468549632574,1,1,0.5581395348837209
87,3,11100.jpg,1,1,1,0,0,1,6,0.2,0.2,0.2,0.2,0.2,1,0,0.5,0.5609868239298258,1,1,0.5632183908045977
88,3,01010.jpg,0,1,0,1,0,0,6,0.2,0.2,0.2,0.2,0.2,1,0,0.5,0.4386548345427355,1,0,0.5568181818181818
89,3,01000.jpg,0,1,0,0,0,0,6,0.2,0.2,0.2,0.2,0.2,1,0,0.5,0.43158387330476977,0,1,0.5617977528089888
90,3,10010.jpg,1,0,0,1,0,0,6,0.2,0.2,0.2,0.2,0.2,1,0,0.5,0.5016625966988061,0,1,0.5666666666666667
91,3,01111.jpg,0,1,1,1,1,0,6,0.2,0.2,0.2,0.2,0.2,1,0,0.5,0.49995832147527125,1,0,0.5604395604395604
92,3,00101.jpg,0,0,1,0,1,0,6,0.2,0.2,0.2,0.2,0.2,1,0,0.5,0.4933198770400397,0,1,0.5652173913043478
93,3,11011.jpg,1,1,0,1,1,0,6,0.2,0.2,0.2,0.2,0.2,1,0,0.5,0.4980594374050435,0,1,0.5698924731182796
94,3,00110.jpg,0,0,1,1,0,0,6,0.2,0.2,0.2,0.2,0.2,1,0,0.5,0.5030771373128109,1,0,0.5638297872340425
95,3,10101.jpg,1,0,1,0,1,1,6,0.2,0.2,0.2,0.2,0.2,1,0,0.5,0.5604818334908988,1,1,0.5684210526315789
96,3,11101.jpg,1,1,1,0,1,1,6,0.2,0.2,0.2,0.2,0.2,1,0,0.5,0.5616553360563825,1,1,0.5729166666666666
1,1,11101.jpg,1,1,1,0,1,1,7,0.2,0.2,0.2,0.2,0.2,1,0,0.5,0.5,1,1,1
2,1,11111.jpg,1,1,1,1,1,1,7,0.2,0.2,0.2,0.2,0.2,1,0,0.5,0.5,0,0,0.5
3,1,00001.jpg,0,0,0,0,1,0,7,0.2,0.2,0.2,0.2,0.2,1,0,0.5,0.5,1,0,0.3333333333333333
4,1,00111.jpg,0,0,1,1,1,0,7,0.2,0.2,0.2,0.2,0.2,1,0,0.5,0.4762657727602409,1,0,0.25
5,1,00101.jpg,0,0,1,0,1,0,7,0.2,0.2,0.2,0.2,0.2,1,0,0.5,0.42677819408416423,0,1,0.4
6,1,00100.jpg,0,0,1,0,0,0,7,0.2,0.2,0.2,0.2,0.2,1,0,0.5,0.4094564280350885,0,1,0.5
7,1,01001.jpg,0,1,0,0,1,0,7,0.2,0.2,0.2,0.2,0.2,1,0,0.5,0.4852325816046928,1,0,0.42857142857142855
8,1,11110.jpg,1,1,1,1,0,1,7,0.2,0.2,0.2,0.2,0.2,1,0,0.5,0.6115914039288659,0,0,0.375
9,1,01101.jpg,0,1,1,0,1,0,7,0.2,0.2,0.2,0.2,0.2,1,0,0.5,0.4821157349669731,1,0,0.3333333333333333
10,1,00010.jpg,0,0,0,1,0,0,7,0.2,0.2,0.2,0.2,0.2,1,0,0.5,0.43434987805794983,0,1,0.4
11,1,10110.jpg,1,0,1,1,0,1,7,0.2,0.2,0.2,0.2,0.2,1,0,0.5,0.5541118990840074,0,0,0.36363636363636365
12,1,01000.jpg,0,1,0,0,0,0,7,0.2,0.2,0.2,0.2,0.2,1,0,0.5,0.4371431283613686,0,1,0.4166666666666667
13,1,10001.jpg,1,0,0,0,1,0,7,0.2,0.2,0.2,0.2,0.2,1,0,0.5,0.4748936717156404,1,0,0.38461538461538464
14,1,01011.jpg,0,1,0,1,1,0,7,0.2,0.2,0.2,0.2,0.2,1,0,0.5,0.46598119462542736,1,0,0.35714285714285715
15,1,11001.jpg,1,1,0,0,1,0,7,0.2,0.2,0.2,0.2,0.2,1,0,0.5,0.5000980526761349,0,1,0.4
16,1,10010.jpg,1,0,0,1,0,0,7,0.2,0.2,0.2,0.2,0.2,1,0,0.5,0.5306992541646932,1,0,0.375
17,1,01111.jpg,0,1,1,1,1,0,7,0.2,0.2,0.2,0.2,0.2,1,0,0.5,0.5220057428313415,1,0,0.35294117647058826
18,1,00110.jpg,0,0,1,1,0,0,7,0.2,0.2,0.2,0.2,0.2,1,0,0.5,0.5048224070265565,1,0,0.3333333333333333
19,1,10111.jpg,1,0,1,1,1,1,7,0.2,0.2,0.2,0.2,0.2,1,0,0.5,0.5572864985131731,0,0,0.3157894736842105
20,1,10011.jpg,1,0,0,1,1,0,7,0.2,0.2,0.2,0.2,0.2,1,0,0.5,0.516635293200522,0,1,0.35
21,1,01010.jpg,0,1,0,1,0,0,7,0.2,0.2,0.2,0.2,0.2,1,0,0.5,0.4616477728538573,1,0,0.3333333333333333
22,1,01100.jpg,0,1,1,0,0,0,7,0.2,0.2,0.2,0.2,0.2,1,0,0.5,0.48483387929749483,1,0,0.3181818181818182
23,1,10100.jpg,1,0,1,0,0,1,7,0.2,0.2,0.2,0.2,0.2,1,0,0.5,0.5414576350278733,1,1,0.34782608695652173
24,1,11011.jpg,1,1,0,1,1,0,7,0.2,0.2,0.2,0.2,0.2,1,0,0.5,0.5136834888327709,0,1,0.375
25,1,01110.jpg,0,1,1,1,0,0,7,0.2,0.2,0.2,0.2,0.2,1,0,0.5,0.5046288980499585,1,0,0.36
26,1,00011.jpg,0,0,0,1,1,0,7,0.2,0.2,0.2,0.2,0.2,1,0,0.5,0.43821280954336017,0,1,0.38461538461538464
27,1,11000.jpg,1,1,0,0,0,0,7,0.2,0.2,0.2,0.2,0.2,1,0,0.5,0.5041114013843323,0,1,0.4074074074074074
28,1,10000.jpg,1,0,0,0,0,0,7,0.2,0.2,0.2,0.2,0.2,1,0,0.5,0.5012356675133961,0,1,0.42857142857142855
29,1,11010.jpg,1,1,0,1,0,0,7,0.2,0.2,0.2,0.2,0.2,1,0,0.5,0.5096675594634864,1,0,0.41379310344827586
30,1,00000.jpg,0,0,0,0,0,0,7,0.2,0.2,0.2,0.2,0.2,1,0,0.5,0.43077399746890205,0,1,0.43333333333333335
31,1,11100.jpg,1,1,1,0,0,1,7,0.2,0.2,0.2,0.2,0.2,1,0,0.5,0.5559558815705951,0,0,0.41935483870967744
32,1,10101.jpg,1,0,1,0,1,1,7,0.2,0.2,0.2,0.2,0.2,1,0,0.5,0.5533130718302532,1,1,0.4375
33,2,01010.jpg,0,1,0,1,0,0,7,0.2,0.2,0.2,0.2,0.2,1,0,0.5,0.4326113876930378,0,1,0.45454545454545453
34,2,10011.jpg,1,0,0,1,1,0,7,0.2,0.2,0.2,0.2,0.2,1,0,0.5,0.49788442476249295,0,1,0.47058823529411764
35,2,01011.jpg,0,1,0,1,1,0,7,0.2,0.2,0.2,0.2,0.2,1,0,0.5,0.43024238312423835,1,0,0.45714285714285713
36,2,10101.jpg,1,0,1,0,1,1,7,0.2,0.2,0.2,0.2,0.2,1,0,0.5,0.5691356403088307,1,1,0.4722222222222222
37,2,11100.jpg,1,1,1,0,0,1,7,0.2,0.2,0.2,0.2,0.2,1,0,0.5,0.5667967158572272,0,0,0.4594594594594595
38,2,10010.jpg,1,0,0,1,0,0,7,0.2,0.2,0.2,0.2,0.2,1,0,0.5,0.488736145035169,0,1,0.47368421052631576
39,2,10000.jpg,1,0,0,0,0,0,7,0.2,0.2,0.2,0.2,0.2,1,0,0.5,0.5011974147316828,1,0,0.46153846153846156
40,2,01100.jpg,0,1,1,0,0,0,7,0.2,0.2,0.2,0.2,0.2,1,0,0.5,0.5096414613657287,0,1,0.475
41,2,00011.jpg,0,0,0,1,1,0,7,0.2,0.2,0.2,0.2,0.2,1,0,0.5,0.4280047987489229,0,1,0.4878048780487805
42,2,01000.jpg,0,1,0,0,0,0,7,0.2,0.2,0.2,0.2,0.2,1,0,0.5,0.4392270695372131,0,1,0.5
43,2,10100.jpg,1,0,1,0,0,1,7,0.2,0.2,0.2,0.2,0.2,1,0,0.5,0.5709111848707114,1,1,0.5116279069767442
44,2,00110.jpg,0,0,1,1,0,0,7,0.2,0.2,0.2,0.2,0.2,1,0,0.5,0.49518258610779425,1,0,0.5
45,2,00000.jpg,0,0,0,0,0,0,7,0.2,0.2,0.2,0.2,0.2,1,0,0.5,0.44216953932686964,0,1,0.5111111111111111
46,2,10110.jpg,1,0,1,1,0,1,7,0.2,0.2,0.2,0.2,0.2,1,0,0.5,0.55874747308805,0,0,0.5
47,2,11101.jpg,1,1,1,0,1,1,7,0.2,0.2,0.2,0.2,0.2,1,0,0.5,0.5695957631490359,1,1,0.5106382978723404
48,2,11011.jpg,1,1,0,1,1,0,7,0.2,0.2,0.2,0.2,0.2,1,0,0.5,0.48844538384028025,1,0,0.5
49,2,01001.jpg,0,1,0,0,1,0,7,0.2,0.2,0.2,0.2,0.2,1,0,0.5,0.43809660358108127,0,1,0.5102040816326531
50,2,01111.jpg,0,1,1,1,1,0,7,0.2,0.2,0.2,0.2,0.2,1,0,0.5,0.4898891839802958,0,1,0.52
51,2,10001.jpg,1,0,0,0,1,0,7,0.2,0.2,0.2,0.2,0.2,1,0,0.5,0.5046641342639971,1,0,0.5098039215686274
52,2,00010.jpg,0,0,0,1,0,0,7,0.2,0.2,0.2,0.2,0.2,1,0,0.5,0.4287522825397877,1,0,0.5
53,2,11000.jpg,1,1,0,0,0,0,7,0.2,0.2,0.2,0.2,0.2,1,0,0.5,0.5025507250005777,1,0,0.49056603773584906
54,2,00100.jpg,0,0,1,0,0,0,7,0.2,0.2,0.2,0.2,0.2,1,0,0.5,0.5099922707793292,1,0,0.48148148148148145
55,2,00001.jpg,0,0,0,0,1,0,7,0.2,0.2,0.2,0.2,0.2,1,0,0.5,0.4389504735497272,1,0,0.4727272727272727
56,2,10111.jpg,1,0,1,1,1,1,7,0.2,0.2,0.2,0.2,0.2,1,0,0.5,0.5614426129685915,1,1,0.48214285714285715
57,2,11111.jpg,1,1,1,1,1,1,7,0.2,0.2,0.2,0.2,0.2,1,0,0.5,0.5621299686581834,0,0,0.47368421052631576
58,2,01101.jpg,0,1,1,0,1,0,7,0.2,0.2,0.2,0.2,0.2,1,0,0.5,0.5036431814609618,0,1,0.4827586206896552
59,2,00111.jpg,0,0,1,1,1,0,7,0.2,0.2,0.2,0.2,0.2,1,0,0.5,0.5009923885611799,0,1,0.4915254237288136
60,2,11010.jpg,1,1,0,1,0,0,7,0.2,0.2,0.2,0.2,0.2,1,0,0.5,0.4930661198168231,0,1,0.5
61,2,00101.jpg,0,0,1,0,1,0,7,0.2,0.2,0.2,0.2,0.2,1,0,0.5,0.5031601421505436,0,1,0.5081967213114754
62,2,11001.jpg,1,1,0,0,1,0,7,0.2,0.2,0.2,0.2,0.2,1,0,0.5,0.5002427201871641,0,1,0.5161290322580645
63,2,01110.jpg,0,1,1,1,0,0,7,0.2,0.2,0.2,0.2,0.2,1,0,0.5,0.4943470244393421,1,0,0.5079365079365079
64,2,11110.jpg,1,1,1,1,0,1,7,0.2,0.2,0.2,0.2,0.2,1,0,0.5,0.5597368004290266,1,1,0.515625
65,3,01101.jpg,0,1,1,0,1,0,7,0.2,0.2,0.2,0.2,0.2,1,0,0.5,0.49667776290346227,1,0,0.5076923076923077
66,3,01100.jpg,0,1,1,0,0,0,7,0.2,0.2,0.2,0.2,0.2,1,0,0.5,0.4950898636076996,0,1,0.5151515151515151
67,3,11110.jpg,1,1,1,1,0,1,7,0.2,0.2,0.2,0.2,0.2,1,0,0.5,0.5646801577579242,1,1,0.5223880597014925
68,3,11000.jpg,1,1,0,0,0,0,7,0.2,0.2,0.2,0.2,0.2,1,0,0.5,0.4982095330000372,0,1,0.5294117647058824
69,3,10100.jpg,1,0,1,0,0,1,7,0.2,0.2,0.2,0.2,0.2,1,0,0.5,0.5623511270542051,0,0,0.5217391304347826
70,3,00011.jpg,0,0,0,1,1,0,7,0.2,0.2,0.2,0.2,0.2,1,0,0.5,0.4335640139211925,0,1,0.5285714285714286
71,3,10001.jpg,1,0,0,0,1,0,7,0.2,0.2,0.2,0.2,0.2,1,0,0.5,0.49535682988760393,1,0,0.5211267605633803
72,3,00111.jpg,0,0,1,1,1,0,7,0.2,0.2,0.2,0.2,0.2,1,0,0.5,0.49489340414539373,0,1,0.5277777777777778
73,3,10011.jpg,1,0,0,1,1,0,7,0.2,0.2,0.2,0.2,0.2,1,0,0.5,0.4941604272996345,1,0,0.5205479452054794
74,3,11001.jpg,1,1,0,0,1,0,7,0.2,0.2,0.2,0.2,0.2,1,0,0.5,0.49249721008791114,1,0,0.5135135135135135
75,3,01110.jpg,0,1,1,1,0,0,7,0.2,0.2,0.2,0.2,0.2,1,0,0.5,0.503100888561245,1,0,0.5066666666666667
76,3,00100.jpg,0,0,1,0,0,0,7,0.2,0.2,0.2,0.2,0.2,1,0,0.5,0.5014272382225033,0,1,0.5131578947368421
77,3,10110.jpg,1,0,1,1,0,1,7,0.2,0.2,0.2,0.2,0.2,1,0,0.5,0.5676880240834893,1,1,0.5194805194805194
78,3,01011.jpg,0,1,0,1,1,0,7,0.2,0.2,0.2,0.2,0.2,1,0,0.5,0.4310550215736793,0,1,0.5256410256410257
79,3,00001.jpg,0,0,0,0,1,0,7,0.2,0.2,0.2,0.2,0.2,1,0,0.5,0.4292539561846867,0,1,0.5316455696202531
80,3,11010.jpg,1,1,0,1,0,0,7,0.2,0.2,0.2,0.2,0.2,1,0,0.5,0.5043772796859948,0,1,0.5375
81,3,10000.jpg,1,0,0,0,0,0,7,0.2,0.2,0.2,0.2,0.2,1,0,0.5,0.5022179504127469,0,1,0.5432098765432098
82,3,01001.jpg,0,1,0,0,1,0,7,0.2,0.2,0.2,0.2,0.2,1,0,0.5,0.42628324939111406,0,1,0.5487804878048781
83,3,00010.jpg,0,0,0,1,0,0,7,0.2,0.2,0.2,0.2,0.2,1,0,0.5,0.4429171030993932,0,1,0.5542168674698795
84,3,00000.jpg,0,0,0,0,0,0,7,0.2,0.2,0.2,0.2,0.2,1,0,0.5,0.4372259895401258,0,1,0.5595238095238095
85,3,10111.jpg,1,0,1,1,1,1,7,0.2,0.2,0.2,0.2,0.2,1,0,0.5,0.5643221703326683,0,0,0.5529411764705883
86,3,11111.jpg,1,1,1,1,1,1,7,0.2,0.2,0.2,0.2,0.2,1,0,0.5,0.5642468549632574,1,1,0.5581395348837209
87,3,11100.jpg,1,1,1,0,0,1,7,0.2,0.2,0.2,0.2,0.2,1,0,0.5,0.5609868239298258,1,1,0.5632183908045977
88,3,01010.jpg,0,1,0,1,0,0,7,0.2,0.2,0.2,0.2,0.2,1,0,0.5,0.4386548345427355,1,0,0.5568181818181818
89,3,01000.jpg,0,1,0,0,0,0,7,0.2,0.2,0.2,0.2,0.2,1,0,0.5,0.43158387330476977,0,1,0.5617977528089888
90,3,10010.jpg,1,0,0,1,0,0,7,0.2,0.2,0.2,0.2,0.2,1,0,0.5,0.5016625966988061,0,1,0.5666666666666667
91,3,01111.jpg,0,1,1,1,1,0,7,0.2,0.2,0.2,0.2,0.2,1,0,0.5,0.49995832147527125,1,0,0.5604395604395604
92,3,00101.jpg,0,0,1,0,1,0,7,0.2,0.2,0.2,0.2,0.2,1,0,0.5,0.4933198770400397,0,1,0.5652173913043478
93,3,11011.jpg,1,1,0,1,1,0,7,0.2,0.2,0.2,0.2,0.2,1,0,0.5,0.4980594374050435,0,1,0.5698924731182796
94,3,00110.jpg,0,0,1,1,0,0,7,0.2,0.2,0.2,0.2,0.2,1,0,0.5,0.5030771373128109,1,0,0.5638297872340425
95,3,10101.jpg,1,0,1,0,1,1,7,0.2,0.2,0.2,0.2,0.2,1,0,0.5,0.5604818334908988,1,1,0.5684210526315789
96,3,11101.jpg,1,1,1,0,1,1,7,0.2,0.2,0.2,0.2,0.2,1,0,0.5,0.5616553360563825,1,1,0.5729166666666666
1,1,11101.jpg,1,1,1,0,1,1,8,0.2,0.2,0.2,0.2,0.2,1,0,0.5,0.5,1,1,1
2,1,11111.jpg,1,1,1,1,1,1,8,0.2,0.2,0.2,0.2,0.2,1,0,0.5,0.5,0,0,0.5
3,1,00001.jpg,0,0,0,0,1,0,8,0.2,0.2,0.2,0.2,0.2,1,0,0.5,0.5,1,0,0.3333333333333333
4,1,00111.jpg,0,0,1,1,1,0,8,0.2,0.2,0.2,0.2,0.2,1,0,0.5,0.4762657727602409,1,0,0.25
5,1,00101.jpg,0,0,1,0,1,0,8,0.2,0.2,0.2,0.2,0.2,1,0,0.5,0.42677819408416423,0,1,0.4
6,1,00100.jpg,0,0,1,0,0,0,8,0.2,0.2,0.2,0.2,0.2,1,0,0.5,0.4094564280350885,0,1,0.5
7,1,01001.jpg,0,1,0,0,1,0,8,0.2,0.2,0.2,0.2,0.2,1,0,0.5,0.4852325816046928,1,0,0.42857142857142855
8,1,11110.jpg,1,1,1,1,0,1,8,0.2,0.2,0.2,0.2,0.2,1,0,0.5,0.6115914039288659,0,0,0.375
9,1,01101.jpg,0,1,1,0,1,0,8,0.2,0.2,0.2,0.2,0.2,1,0,0.5,0.4821157349669731,1,0,0.3333333333333333
10,1,00010.jpg,0,0,0,1,0,0,8,0.2,0.2,0.2,0.2,0.2,1,0,0.5,0.43434987805794983,0,1,0.4
11,1,10110.jpg,1,0,1,1,0,1,8,0.2,0.2,0.2,0.2,0.2,1,0,0.5,0.5541118990840074,0,0,0.36363636363636365
12,1,01000.jpg,0,1,0,0,0,0,8,0.2,0.2,0.2,0.2,0.2,1,0,0.5,0.4371431283613686,0,1,0.4166666666666667
13,1,10001.jpg,1,0,0,0,1,0,8,0.2,0.2,0.2,0.2,0.2,1,0,0.5,0.4748936717156404,1,0,0.38461538461538464
14,1,01011.jpg,0,1,0,1,1,0,8,0.2,0.2,0.2,0.2,0.2,1,0,0.5,0.46598119462542736,1,0,0.35714285714285715
15,1,11001.jpg,1,1,0,0,1,0,8,0.2,0.2,0.2,0.2,0.2,1,0,0.5,0.5000980526761349,0,1,0.4
16,1,10010.jpg,1,0,0,1,0,0,8,0.2,0.2,0.2,0.2,0.2,1,0,0.5,0.5306992541646932,1,0,0.375
17,1,01111.jpg,0,1,1,1,1,0,8,0.2,0.2,0.2,0.2,0.2,1,0,0.5,0.5220057428313415,1,0,0.35294117647058826
18,1,00110.jpg,0,0,1,1,0,0,8,0.2,0.2,0.2,0.2,0.2,1,0,0.5,0.5048224070265565,1,0,0.3333333333333333
19,1,10111.jpg,1,0,1,1,1,1,8,0.2,0.2,0.2,0.2,0.2,1,0,0.5,0.5572864985131731,0,0,0.3157894736842105
20,1,10011.jpg,1,0,0,1,1,0,8,0.2,0.2,0.2,0.2,0.2,1,0,0.5,0.516635293200522,0,1,0.35
21,1,01010.jpg,0,1,0,1,0,0,8,0.2,0.2,0.2,0.2,0.2,1,0,0.5,0.4616477728538573,1,0,0.3333333333333333
22,1,01100.jpg,0,1,1,0,0,0,8,0.2,0.2,0.2,0.2,0.2,1,0,0.5,0.48483387929749483,1,0,0.3181818181818182
23,1,10100.jpg,1,0,1,0,0,1,8,0.2,0.2,0.2,0.2,0.2,1,0,0.5,0.5414576350278733,1,1,0.34782608695652173
24,1,11011.jpg,1,1,0,1,1,0,8,0.2,0.2,0.2,0.2,0.2,1,0,0.5,0.5136834888327709,0,1,0.375
25,1,01110.jpg,0,1,1,1,0,0,8,0.2,0.2,0.2,0.2,0.2,1,0,0.5,0.5046288980499585,1,0,0.36
26,1,00011.jpg,0,0,0,1,1,0,8,0.2,0.2,0.2,0.2,0.2,1,0,0.5,0.43821280954336017,0,1,0.38461538461538464
27,1,11000.jpg,1,1,0,0,0,0,8,0.2,0.2,0.2,0.2,0.2,1,0,0.5,0.5041114013843323,0,1,0.4074074074074074
28,1,10000.jpg,1,0,0,0,0,0,8,0.2,0.2,0.2,0.2,0.2,1,0,0.5,0.5012356675133961,0,1,0.42857142857142855
29,1,11010.jpg,1,1,0,1,0,0,8,0.2,0.2,0.2,0.2,0.2,1,0,0.5,0.5096675594634864,1,0,0.41379310344827586
30,1,00000.jpg,0,0,0,0,0,0,8,0.2,0.2,0.2,0.2,0.2,1,0,0.5,0.43077399746890205,0,1,0.43333333333333335
31,1,11100.jpg,1,1,1,0,0,1,8,0.2,0.2,0.2,0.2,0.2,1,0,0.5,0.5559558815705951,0,0,0.41935483870967744
32,1,10101.jpg,1,0,1,0,1,1,8,0.2,0.2,0.2,0.2,0.2,1,0,0.5,0.5533130718302532,1,1,0.4375
33,2,01010.jpg,0,1,0,1,0,0,8,0.2,0.2,0.2,0.2,0.2,1,0,0.5,0.4326113876930378,0,1,0.45454545454545453
34,2,10011.jpg,1,0,0,1,1,0,8,0.2,0.2,0.2,0.2,0.2,1,0,0.5,0.49788442476249295,0,1,0.47058823529411764
35,2,01011.jpg,0,1,0,1,1,0,8,0.2,0.2,0.2,0.2,0.2,1,0,0.5,0.43024238312423835,1,0,0.45714285714285713
36,2,10101.jpg,1,0,1,0,1,1,8,0.2,0.2,0.2,0.2,0.2,1,0,0.5,0.5691356403088307,1,1,0.4722222222222222
37,2,11100.jpg,1,1,1,0,0,1,8,0.2,0.2,0.2,0.2,0.2,1,0,0.5,0.5667967158572272,0,0,0.4594594594594595
38,2,10010.jpg,1,0,0,1,0,0,8,0.2,0.2,0.2,0.2,0.2,1,0,0.5,0.488736145035169,0,1,0.47368421052631576
39,2,10000.jpg,1,0,0,0,0,0,8,0.2,0.2,0.2,0.2,0.2,1,0,0.5,0.5011974147316828,1,0,0.46153846153846156
40,2,01100.jpg,0,1,1,0,0,0,8,0.2,0.2,0.2,0.2,0.2,1,0,0.5,0.5096414613657287,0,1,0.475
41,2,00011.jpg,0,0,0,1,1,0,8,0.2,0.2,0.2,0.2,0.2,1,0,0.5,0.4280047987489229,0,1,0.4878048780487805
42,2,01000.jpg,0,1,0,0,0,0,8,0.2,0.2,0.2,0.2,0.2,1,0,0.5,0.4392270695372131,0,1,0.5
43,2,10100.jpg,1,0,1,0,0,1,8,0.2,0.2,0.2,0.2,0.2,1,0,0.5,0.5709111848707114,1,1,0.5116279069767442
44,2,00110.jpg,0,0,1,1,0,0,8,0.2,0.2,0.2,0.2,0.2,1,0,0.5,0.49518258610779425,1,0,0.5
45,2,00000.jpg,0,0,0,0,0,0,8,0.2,0.2,0.2,0.2,0.2,1,0,0.5,0.44216953932686964,0,1,0.5111111111111111
46,2,10110.jpg,1,0,1,1,0,1,8,0.2,0.2,0.2,0.2,0.2,1,0,0.5,0.55874747308805,0,0,0.5
47,2,11101.jpg,1,1,1,0,1,1,8,0.2,0.2,0.2,0.2,0.2,1,0,0.5,0.5695957631490359,1,1,0.5106382978723404
48,2,11011.jpg,1,1,0,1,1,0,8,0.2,0.2,0.2,0.2,0.2,1,0,0.5,0.48844538384028025,1,0,0.5
49,2,01001.jpg,0,1,0,0,1,0,8,0.2,0.2,0.2,0.2,0.2,1,0,0.5,0.43809660358108127,0,1,0.5102040816326531
50,2,01111.jpg,0,1,1,1,1,0,8,0.2,0.2,0.2,0.2,0.2,1,0,0.5,0.4898891839802958,0,1,0.52
51,2,10001.jpg,1,0,0,0,1,0,8,0.2,0.2,0.2,0.2,0.2,1,0,0.5,0.5046641342639971,1,0,0.5098039215686274
52,2,00010.jpg,0,0,0,1,0,0,8,0.2,0.2,0.2,0.2,0.2,1,0,0.5,0.4287522825397877,1,0,0.5
53,2,11000.jpg,1,1,0,0,0,0,8,0.2,0.2,0.2,0.2,0.2,1,0,0.5,0.5025507250005777,1,0,0.49056603773584906
54,2,00100.jpg,0,0,1,0,0,0,8,0.2,0.2,0.2,0.2,0.2,1,0,0.5,0.5099922707793292,1,0,0.48148148148148145
55,2,00001.jpg,0,0,0,0,1,0,8,0.2,0.2,0.2,0.2,0.2,1,0,0.5,0.4389504735497272,1,0,0.4727272727272727
56,2,10111.jpg,1,0,1,1,1,1,8,0.2,0.2,0.2,0.2,0.2,1,0,0.5,0.5614426129685915,1,1,0.48214285714285715
57,2,11111.jpg,1,1,1,1,1,1,8,0.2,0.2,0.2,0.2,0.2,1,0,0.5,0.5621299686581834,0,0,0.47368421052631576
58,2,01101.jpg,0,1,1,0,1,0,8,0.2,0.2,0.2,0.2,0.2,1,0,0.5,0.5036431814609618,0,1,0.4827586206896552
59,2,00111.jpg,0,0,1,1,1,0,8,0.2,0.2,0.2,0.2,0.2,1,0,0.5,0.5009923885611799,0,1,0.4915254237288136
60,2,11010.jpg,1,1,0,1,0,0,8,0.2,0.2,0.2,0.2,0.2,1,0,0.5,0.4930661198168231,0,1,0.5
61,2,00101.jpg,0,0,1,0,1,0,8,0.2,0.2,0.2,0.2,0.2,1,0,0.5,0.5031601421505436,0,1,0.5081967213114754
62,2,11001.jpg,1,1,0,0,1,0,8,0.2,0.2,0.2,0.2,0.2,1,0,0.5,0.5002427201871641,0,1,0.5161290322580645
63,2,01110.jpg,0,1,1,1,0,0,8,0.2,0.2,0.2,0.2,0.2,1,0,0.5,0.4943470244393421,1,0,0.5079365079365079
64,2,11110.jpg,1,1,1,1,0,1,8,0.2,0.2,0.2,0.2,0.2,1,0,0.5,0.5597368004290266,1,1,0.515625
65,3,01101.jpg,0,1,1,0,1,0,8,0.2,0.2,0.2,0.2,0.2,1,0,0.5,0.49667776290346227,1,0,0.5076923076923077
66,3,01100.jpg,0,1,1,0,0,0,8,0.2,0.2,0.2,0.2,0.2,1,0,0.5,0.4950898636076996,0,1,0.5151515151515151
67,3,11110.jpg,1,1,1,1,0,1,8,0.2,0.2,0.2,0.2,0.2,1,0,0.5,0.5646801577579242,1,1,0.5223880597014925
68,3,11000.jpg,1,1,0,0,0,0,8,0.2,0.2,0.2,0.2,0.2,1,0,0.5,0.4982095330000372,0,1,0.5294117647058824
69,3,10100.jpg,1,0,1,0,0,1,8,0.2,0.2,0.2,0.2,0.2,1,0,0.5,0.5623511270542051,0,0,0.5217391304347826
70,3,00011.jpg,0,0,0,1,1,0,8,0.2,0.2,0.2,0.2,0.2,1,0,0.5,0.4335640139211925,0,1,0.5285714285714286
71,3,10001.jpg,1,0,0,0,1,0,8,0.2,0.2,0.2,0.2,0.2,1,0,0.5,0.49535682988760393,1,0,0.5211267605633803
72,3,00111.jpg,0,0,1,1,1,0,8,0.2,0.2,0.2,0.2,0.2,1,0,0.5,0.49489340414539373,0,1,0.5277777777777778
73,3,10011.jpg,1,0,0,1,1,0,8,0.2,0.2,0.2,0.2,0.2,1,0,0.5,0.4941604272996345,1,0,0.5205479452054794
74,3,11001.jpg,1,1,0,0,1,0,8,0.2,0.2,0.2,0.2,0.2,1,0,0.5,0.49249721008791114,1,0,0.5135135135135135
75,3,01110.jpg,0,1,1,1,0,0,8,0.2,0.2,0.2,0.2,0.2,1,0,0.5,0.503100888561245,1,0,0.5066666666666667
76,3,00100.jpg,0,0,1,0,0,0,8,0.2,0.2,0.2,0.2,0.2,1,0,0.5,0.5014272382225033,0,1,0.5131578947368421
77,3,10110.jpg,1,0,1,1,0,1,8,0.2,0.2,0.2,0.2,0.2,1,0,0.5,0.5676880240834893,1,1,0.5194805194805194
78,3,01011.jpg,0,1,0,1,1,0,8,0.2,0.2,0.2,0.2,0.2,1,0,0.5,0.4310550215736793,0,1,0.5256410256410257
79,3,00001.jpg,0,0,0,0,1,0,8,0.2,0.2,0.2,0.2,0.2,1,0,0.5,0.4292539561846867,0,1,0.5316455696202531
80,3,11010.jpg,1,1,0,1,0,0,8,0.2,0.2,0.2,0.2,0.2,1,0,0.5,0.5043772796859948,0,1,0.5375
81,3,10000.jpg,1,0,0,0,0,0,8,0.2,0.2,0.2,0.2,0.2,1,0,0.5,0.5022179504127469,0,1,0.5432098765432098
82,3,01001.jpg,0,1,0,0,1,0,8,0.2,0.2,0.2,0.2,0.2,1,0,0.5,0.42628324939111406,0,1,0.5487804878048781
83,3,00010.jpg,0,0,0,1,0,0,8,0.2,0.2,0.2,0.2,0.2,1,0,0.5,0.4429171030993932,0,1,0.5542168674698795
84,3,00000.jpg,0,0,0,0,0,0,8,0.2,0.2,0.2,0.2,0.2,1,0,0.5,0.4372259895401258,0,1,0.5595238095238095
85,3,10111.jpg,1,0,1,1,1,1,8,0.2,0.2,0.2,0.2,0.2,1,0,0.5,0.5643221703326683,0,0,0.5529411764705883
86,3,11111.jpg,1,1,1,1,1,1,8,0.2,0.2,0.2,0.2,0.2,1,0,0.5,0.5642468549632574,1,1,0.5581395348837209
87,3,11100.jpg,1,1,1,0,0,1,8,0.2,0.2,0.2,0.2,0.2,1,0,0.5,0.5609868239298258,1,1,0.5632183908045977
88,3,01010.jpg,0,1,0,1,0,0,8,0.2,0.2,0.2,0.2,0.2,1,0,0.5,0.4386548345427355,1,0,0.5568181818181818
89,3,01000.jpg,0,1,0,0,0,0,8,0.2,0.2,0.2,0.2,0.2,1,0,0.5,0.43158387330476977,0,1,0.5617977528089888
90,3,10010.jpg,1,0,0,1,0,0,8,0.2,0.2,0.2,0.2,0.2,1,0,0.5,0.5016625966988061,0,1,0.5666666666666667
91,3,01111.jpg,0,1,1,1,1,0,8,0.2,0.2,0.2,0.2,0.2,1,0,0.5,0.49995832147527125,1,0,0.5604395604395604
92,3,00101.jpg,0,0,1,0,1,0,8,0.2,0.2,0.2,0.2,0.2,1,0,0.5,0.4933198770400397,0,1,0.5652173913043478
93,3,11011.jpg,1,1,0,1,1,0,8,0.2,0.2,0.2,0.2,0.2,1,0,0.5,0.4980594374050435,0,1,0.5698924731182796
94,3,00110.jpg,0,0,1,1,0,0,8,0.2,0.2,0.2,0.2,0.2,1,0,0.5,0.5030771373128109,1,0,0.5638297872340425
95,3,10101.jpg,1,0,1,0,1,1,8,0.2,0.2,0.2,0.2,0.2,1,0,0.5,0.5604818334908988,1,1,0.5684210526315789
96,3,11101.jpg,1,1,1,0,1,1,8,0.2,0.2,0.2,0.2,0.2,1,0,0.5,0.5616553360563825,1,1,0.5729166666666666
1,1,11101.jpg,1,1,1,0,1,1,9,0.2,0.2,0.2,0.2,0.2,1,0,0.5,0.5,1,1,1
2,1,11111.jpg,1,1,1,1,1,1,9,0.2,0.2,0.2,0.2,0.2,1,0,0.5,0.5,0,0,0.5
3,1,00001.jpg,0,0,0,0,1,0,9,0.2,0.2,0.2,0.2,0.2,1,0,0.5,0.5,1,0,0.3333333333333333
4,1,00111.jpg,0,0,1,1,1,0,9,0.2,0.2,0.2,0.2,0.2,1,0,0.5,0.4762657727602409,1,0,0.25
5,1,00101.jpg,0,0,1,0,1,0,9,0.2,0.2,0.2,0.2,0.2,1,0,0.5,0.42677819408416423,0,1,0.4
6,1,00100.jpg,0,0,1,0,0,0,9,0.2,0.2,0.2,0.2,0.2,1,0,0.5,0.4094564280350885,0,1,0.5
7,1,01001.jpg,0,1,0,0,1,0,9,0.2,0.2,0.2,0.2,0.2,1,0,0.5,0.4852325816046928,1,0,0.42857142857142855
8,1,11110.jpg,1,1,1,1,0,1,9,0.2,0.2,0.2,0.2,0.2,1,0,0.5,0.6115914039288659,0,0,0.375
9,1,01101.jpg,0,1,1,0,1,0,9,0.2,0.2,0.2,0.2,0.2,1,0,0.5,0.4821157349669731,1,0,0.3333333333333333
10,1,00010.jpg,0,0,0,1,0,0,9,0.2,0.2,0.2,0.2,0.2,1,0,0.5,0.43434987805794983,0,1,0.4
11,1,10110.jpg,1,0,1,1,0,1,9,0.2,0.2,0.2,0.2,0.2,1,0,0.5,0.5541118990840074,0,0,0.36363636363636365
12,1,01000.jpg,0,1,0,0,0,0,9,0.2,0.2,0.2,0.2,0.2,1,0,0.5,0.4371431283613686,0,1,0.4166666666666667
13,1,10001.jpg,1,0,0,0,1,0,9,0.2,0.2,0.2,0.2,0.2,1,0,0.5,0.4748936717156404,1,0,0.38461538461538464
14,1,01011.jpg,0,1,0,1,1,0,9,0.2,0.2,0.2,0.2,0.2,1,0,0.5,0.46598119462542736,1,0,0.35714285714285715
15,1,11001.jpg,1,1,0,0,1,0,9,0.2,0.2,0.2,0.2,0.2,1,0,0.5,0.5000980526761349,0,1,0.4
16,1,10010.jpg,1,0,0,1,0,0,9,0.2,0.2,0.2,0.2,0.2,1,0,0.5,0.5306992541646932,1,0,0.375
17,1,01111.jpg,0,1,1,1,1,0,9,0.2,0.2,0.2,0.2,0.2,1,0,0.5,0.5220057428313415,1,0,0.35294117647058826
18,1,00110.jpg,0,0,1,1,0,0,9,0.2,0.2,0.2,0.2,0.2,1,0,0.5,0.5048224070265565,1,0,0.3333333333333333
19,1,10111.jpg,1,0,1,1,1,1,9,0.2,0.2,0.2,0.2,0.2,1,0,0.5,0.5572864985131731,0,0,0.3157894736842105
20,1,10011.jpg,1,0,0,1,1,0,9,0.2,0.2,0.2,0.2,0.2,1,0,0.5,0.516635293200522,0,1,0.35
21,1,01010.jpg,0,1,0,1,0,0,9,0.2,0.2,0.2,0.2,0.2,1,0,0.5,0.4616477728538573,1,0,0.3333333333333333
22,1,01100.jpg,0,1,1,0,0,0,9,0.2,0.2,0.2,0.2,0.2,1,0,0.5,0.48483387929749483,1,0,0.3181818181818182
23,1,10100.jpg,1,0,1,0,0,1,9,0.2,0.2,0.2,0.2,0.2,1,0,0.5,0.5414576350278733,1,1,0.34782608695652173
24,1,11011.jpg,1,1,0,1,1,0,9,0.2,0.2,0.2,0.2,0.2,1,0,0.5,0.5136834888327709,0,1,0.375
25,1,01110.jpg,0,1,1,1,0,0,9,0.2,0.2,0.2,0.2,0.2,1,0,0.5,0.5046288980499585,1,0,0.36
26,1,00011.jpg,0,0,0,1,1,0,9,0.2,0.2,0.2,0.2,0.2,1,0,0.5,0.43821280954336017,0,1,0.38461538461538464
27,1,11000.jpg,1,1,0,0,0,0,9,0.2,0.2,0.2,0.2,0.2,1,0,0.5,0.5041114013843323,0,1,0.4074074074074074
28,1,10000.jpg,1,0,0,0,0,0,9,0.2,0.2,0.2,0.2,0.2,1,0,0.5,0.5012356675133961,0,1,0.42857142857142855
29,1,11010.jpg,1,1,0,1,0,0,9,0.2,0.2,0.2,0.2,0.2,1,0,0.5,0.5096675594634864,1,0,0.41379310344827586
30,1,00000.jpg,0,0,0,0,0,0,9,0.2,0.2,0.2,0.2,0.2,1,0,0.5,0.43077399746890205,0,1,0.43333333333333335
31,1,11100.jpg,1,1,1,0,0,1,9,0.2,0.2,0.2,0.2,0.2,1,0,0.5,0.5559558815705951,0,0,0.41935483870967744
32,1,10101.jpg,1,0,1,0,1,1,9,0.2,0.2,0.2,0.2,0.2,1,0,0.5,0.5533130718302532,1,1,0.4375
33,2,01010.jpg,0,1,0,1,0,0,9,0.2,0.2,0.2,0.2,0.2,1,0,0.5,0.4326113876930378,0,1,0.45454545454545453
34,2,10011.jpg,1,0,0,1,1,0,9,0.2,0.2,0.2,0.2,0.2,1,0,0.5,0.49788442476249295,0,1,0.47058823529411764
35,2,01011.jpg,0,1,0,1,1,0,9,0.2,0.2,0.2,0.2,0.2,1,0,0.5,0.43024238312423835,1,0,0.45714285714285713
36,2,10101.jpg,1,0,1,0,1,1,9,0.2,0.2,0.2,0.2,0.2,1,0,0.5,0.5691356403088307,1,1,0.4722222222222222
37,2,11100.jpg,1,1,1,0,0,1,9,0.2,0.2,0.2,0.2,0.2,1,0,0.5,0.5667967158572272,0,0,0.4594594594594595
38,2,10010.jpg,1,0,0,1,0,0,9,0.2,0.2,0.2,0.2,0.2,1,0,0.5,0.488736145035169,0,1,0.47368421052631576
39,2,10000.jpg,1,0,0,0,0,0,9,0.2,0.2,0.2,0.2,0.2,1,0,0.5,0.5011974147316828,1,0,0.46153846153846156
40,2,01100.jpg,0,1,1,0,0,0,9,0.2,0.2,0.2,0.2,0.2,1,0,0.5,0.5096414613657287,0,1,0.475
41,2,00011.jpg,0,0,0,1,1,0,9,0.2,0.2,0.2,0.2,0.2,1,0,0.5,0.4280047987489229,0,1,0.4878048780487805
42,2,01000.jpg,0,1,0,0,0,0,9,0.2,0.2,0.2,0.2,0.2,1,0,0.5,0.4392270695372131,0,1,0.5
43,2,10100.jpg,1,0,1,0,0,1,9,0.2,0.2,0.2,0.2,0.2,1,0,0.5,0.5709111848707114,1,1,0.5116279069767442
44,2,00110.jpg,0,0,1,1,0,0,9,0.2,0.2,0.2,0.2,0.2,1,0,0.5,0.49518258610779425,1,0,0.5
45,2,00000.jpg,0,0,0,0,0,0,9,0.2,0.2,0.2,0.2,0.2,1,0,0.5,0.44216953932686964,0,1,0.5111111111111111
46,2,10110.jpg,1,0,1,1,0,1,9,0.2,0.2,0.2,0.2,0.2,1,0,0.5,0.55874747308805,0,0,0.5
47,2,11101.jpg,1,1,1,0,1,1,9,0.2,0.2,0.2,0.2,0.2,1,0,0.5,0.5695957631490359,1,1,0.5106382978723404
48,2,11011.jpg,1,1,0,1,1,0,9,0.2,0.2,0.2,0.2,0.2,1,0,0.5,0.48844538384028025,1,0,0.5
49,2,01001.jpg,0,1,0,0,1,0,9,0.2,0.2,0.2,0.2,0.2,1,0,0.5,0.43809660358108127,0,1,0.5102040816326531
50,2,01111.jpg,0,1,1,1,1,0,9,0.2,0.2,0.2,0.2,0.2,1,0,0.5,0.4898891839802958,0,1,0.52
51,2,10001.jpg,1,0,0,0,1,0,9,0.2,0.2,0.2,0.2,0.2,1,0,0.5,0.5046641342639971,1,0,0.5098039215686274
52,2,00010.jpg,0,0,0,1,0,0,9,0.2,0.2,0.2,0.2,0.2,1,0,0.5,0.4287522825397877,1,0,0.5
53,2,11000.jpg,1,1,0,0,0,0,9,0.2,0.2,0.2,0.2,0.2,1,0,0.5,0.5025507250005777,1,0,0.49056603773584906
54,2,00100.jpg,0,0,1,0,0,0,9,0.2,0.2,0.2,0.2,0.2,1,0,0.5,0.5099922707793292,1,0,0.48148148148148145
55,2,00001.jpg,0,0,0,0,1,0,9,0.2,0.2,0.2,0.2,0.2,1,0,0.5,0.4389504735497272,1,0,0.4727272727272727
56,2,10111.jpg,1,0,1,1,1,1,9,0.2,0.2,0.2,0.2,0.2,1,0,0.5,0.5614426129685915,1,1,0.48214285714285715
57,2,11111.jpg,1,1,1,1,1,1,9,0.2,0.2,0.2,0.2,0.2,1,0,0.5,0.5621299686581834,0,0,0.47368421052631576
58,2,01101.jpg,0,1,1,0,1,0,9,0.2,0.2,0.2,0.2,0.2,1,0,0.5,0.5036431814609618,0,1,0.4827586206896552
59,2,00111.jpg,0,0,1,1,1,0,9,0.2,0.2,0.2,0.2,0.2,1,0,0.5,0.5009923885611799,0,1,0.4915254237288136
60,2,11010.jpg,1,1,0,1,0,0,9,0.2,0.2,0.2,0.2,0.2,1,0,0.5,0.4930661198168231,0,1,0.5
61,2,00101.jpg,0,0,1,0,1,0,9,0.2,0.2,0.2,0.2,0.2,1,0,0.5,0.5031601421505436,0,1,0.5081967213114754
62,2,11001.jpg,1,1,0,0,1,0,9,0.2,0.2,0.2,0.2,0.2,1,0,0.5,0.5002427201871641,0,1,0.5161290322580645
63,2,01110.jpg,0,1,1,1,0,0,9,0.2,0.2,0.2,0.2,0.2,1,0,0.5,0.4943470244393421,1,0,0.5079365079365079
64,2,11110.jpg,1,1,1,1,0,1,9,0.2,0.2,0.2,0.2,0.2,1,0,0.5,0.5597368004290266,1,1,0.515625
65,3,01101.jpg,0,1,1,0,1,0,9,0.2,0.2,0.2,0.2,0.2,1,0,0.5,0.49667776290346227,1,0,0.5076923076923077
66,3,01100.jpg,0,1,1,0,0,0,9,0.2,0.2,0.2,0.2,0.2,1,0,0.5,0.4950898636076996,0,1,0.5151515151515151
67,3,11110.jpg,1,1,1,1,0,1,9,0.2,0.2,0.2,0.2,0.2,1,0,0.5,0.5646801577579242,1,1,0.5223880597014925
68,3,11000.jpg,1,1,0,0,0,0,9,0.2,0.2,0.2,0.2,0.2,1,0,0.5,0.4982095330000372,0,1,0.5294117647058824
69,3,10100.jpg,1,0,1,0,0,1,9,0.2,0.2,0.2,0.2,0.2,1,0,0.5,0.5623511270542051,0,0,0.5217391304347826
70,3,00011.jpg,0,0,0,1,1,0,9,0.2,0.2,0.2,0.2,0.2,1,0,0.5,0.4335640139211925,0,1,0.5285714285714286
71,3,10001.jpg,1,0,0,0,1,0,9,0.2,0.2,0.2,0.2,0.2,1,0,0.5,0.49535682988760393,1,0,0.5211267605633803
72,3,00111.jpg,0,0,1,1,1,0,9,0.2,0.2,0.2,0.2,0.2,1,0,0.5,0.49489340414539373,0,1,0.5277777777777778
73,3,10011.jpg,1,0,0,1,1,0,9,0.2,0.2,0.2,0.2,0.2,1,0,0.5,0.4941604272996345,1,0,0.5205479452054794
74,3,11001.jpg,1,1,0,0,1,0,9,0.2,0.2,0.2,0.2,0.2,1,0,0.5,0.49249721008791114,1,0,0.5135135135135135
75,3,01110.jpg,0,1,1,1,0,0,9,0.2,0.2,0.2,0.2,0.2,1,0,0.5,0.503100888561245,1,0,0.5066666666666667
76,3,00100.jpg,0,0,1,0,0,0,9,0.2,0.2,0.2,0.2,0.2,1,0,0.5,0.5014272382225033,0,1,0.5131578947368421
77,3,10110.jpg,1,0,1,1,0,1,9,0.2,0.2,0.2,0.2,0.2,1,0,0.5,0.5676880240834893,1,1,0.5194805194805194
78,3,01011.jpg,0,1,0,1,1,0,9,0.2,0.2,0.2,0.2,0.2,1,0,0.5,0.4310550215736793,0,1,0.5256410256410257
79,3,00001.jpg,0,0,0,0,1,0,9,0.2,0.2,0.2,0.2,0.2,1,0,0.5,0.4292539561846867,0,1,0.5316455696202531
80,3,11010.jpg,1,1,0,1,0,0,9,0.2,0.2,0.2,0.2,0.2,1,0,0.5,0.5043772796859948,0,1,0.5375
81,3,10000.jpg,1,0,0,0,0,0,9,0.2,0.2,0.2,0.2,0.2,1,0,0.5,0.5022179504127469,0,1,0.5432098765432098
82,3,01001.jpg,0,1,0,0,1,0,9,0.2,0.2,0.2,0.2,0.2,1,0,0.5,0.42628324939111406,0,1,0.5487804878048781
83,3,00010.jpg,0,0,0,1,0,0,9,0.2,0.2,0.2,0.2,0.2,1,0,0.5,0.4429171030993932,0,1,0.5542168674698795
84,3,00000.jpg,0,0,0,0,0,0,9,0.2,0.2,0.2,0.2,0.2,1,0,0.5,0.4372259895401258,0,1,0.5595238095238095
85,3,10111.jpg,1,0,1,1,1,1,9,0.2,0.2,0.2,0.2,0.2,1,0,0.5,0.5643221703326683,0,0,0.5529411764705883
86,3,11111.jpg,1,1,1,1,1,1,9,0.2,0.2,0.2,0.2,0.2,1,0,0.5,0.5642468549632574,1,1,0.5581395348837209
87,3,11100.jpg,1,1,1,0,0,1,9,0.2,0.2,0.2,0.2,0.2,1,0,0.5,0.5609868239298258,1,1,0.5632183908045977
88,3,01010.jpg,0,1,0,1,0,0,9,0.2,0.2,0.2,0.2,0.2,1,0,0.5,0.4386548345427355,1,0,0.5568181818181818
89,3,01000.jpg,0,1,0,0,0,0,9,0.2,0.2,0.2,0.2,0.2,1,0,0.5,0.43158387330476977,0,1,0.5617977528089888
90,3,10010.jpg,1,0,0,1,0,0,9,0.2,0.2,0.2,0.2,0.2,1,0,0.5,0.5016625966988061,0,1,0.5666666666666667
91,3,01111.jpg,0,1,1,1,1,0,9,0.2,0.2,0.2,0.2,0.2,1,0,0.5,0.49995832147527125,1,0,0.5604395604395604
92,3,00101.jpg,0,0,1,0,1,0,9,0.2,0.2,0.2,0.2,0.2,1,0,0.5,0.4933198770400397,0,1,0.5652173913043478
93,3,11011.jpg,1,1,0,1,1,0,9,0.2,0.2,0.2,0.2,0.2,1,0,0.5,0.4980594374050435,0,1,0.5698924731182796
94,3,00110.jpg,0,0,1,1,0,0,9,0.2,0.2,0.2,0.2,0.2,1,0,0.5,0.5030771373128109,1,0,0.5638297872340425
95,3,10101.jpg,1,0,1,0,1,1,9,0.2,0.2,0.2,0.2,0.2,1,0,0.5,0.5604818334908988,1,1,0.5684210526315789
96,3,11101.jpg,1,1,1,0,1,1,9,0.2,0.2,0.2,0.2,0.2,1,0,0.5,0.5616553360563825,1,1,0.5729166666666666
1,1,11101.jpg,1,1,1,0,1,1,10,0.2,0.2,0.2,0.2,0.2,1,0,0.5,0.5,1,1,1
2,1,11111.jpg,1,1,1,1,1,1,10,0.2,0.2,0.2,0.2,0.2,1,0,0.5,0.5,0,0,0.5
3,1,00001.jpg,0,0,0,0,1,0,10,0.2,0.2,0.2,0.2,0.2,1,0,0.5,0.5,1,0,0.3333333333333333
4,1,00111.jpg,0,0,1,1,1,0,10,0.2,0.2,0.2,0.2,0.2,1,0,0.5,0.4762657727602409,1,0,0.25
5,1,00101.jpg,0,0,1,0,1,0,10,0.2,0.2,0.2,0.2,0.2,1,0,0.5,0.42677819408416423,0,1,0.4
6,1,00100.jpg,0,0,1,0,0,0,10,0.2,0.2,0.2,0.2,0.2,1,0,0.5,0.4094564280350885,0,1,0.5
7,1,01001.jpg,0,1,0,0,1,0,10,0.2,0.2,0.2,0.2,0.2,1,0,0.5,0.4852325816046928,1,0,0.42857142857142855
8,1,11110.jpg,1,1,1,1,0,1,10,0.2,0.2,0.2,0.2,0.2,1,0,0.5,0.6115914039288659,0,0,0.375
9,1,01101.jpg,0,1,1,0,1,0,10,0.2,0.2,0.2,0.2,0.2,1,0,0.5,0.4821157349669731,1,0,0.3333333333333333
10,1,00010.jpg,0,0,0,1,0,0,10,0.2,0.2,0.2,0.2,0.2,1,0,0.5,0.43434987805794983,0,1,0.4
11,1,10110.jpg,1,0,1,1,0,1,10,0.2,0.2,0.2,0.2,0.2,1,0,0.5,0.5541118990840074,0,0,0.36363636363636365
12,1,01000.jpg,0,1,0,0,0,0,10,0.2,0.2,0.2,0.2,0.2,1,0,0.5,0.4371431283613686,0,1,0.4166666666666667
13,1,10001.jpg,1,0,0,0,1,0,10,0.2,0.2,0.2,0.2,0.2,1,0,0.5,0.4748936717156404,1,0,0.38461538461538464
14,1,01011.jpg,0,1,0,1,1,0,10,0.2,0.2,0.2,0.2,0.2,1,0,0.5,0.46598119462542736,1,0,0.35714285714285715
15,1,11001.jpg,1,1,0,0,1,0,10,0.2,0.2,0.2,0.2,0.2,1,0,0.5,0.5000980526761349,0,1,0.4
16,1,10010.jpg,1,0,0,1,0,0,10,0.2,0.2,0.2,0.2,0.2,1,0,0.5,0.5306992541646932,1,0,0.375
17,1,01111.jpg,0,1,1,1,1,0,10,0.2,0.2,0.2,0.2,0.2,1,0,0.5,0.5220057428313415,1,0,0.35294117647058826
18,1,00110.jpg,0,0,1,1,0,0,10,0.2,0.2,0.2,0.2,0.2,1,0,0.5,0.5048224070265565,1,0,0.3333333333333333
19,1,10111.jpg,1,0,1,1,1,1,10,0.2,0.2,0.2,0.2,0.2,1,0,0.5,0.5572864985131731,0,0,0.3157894736842105
20,1,10011.jpg,1,0,0,1,1,0,10,0.2,0.2,0.2,0.2,0.2,1,0,0.5,0.516635293200522,0,1,0.35
21,1,01010.jpg,0,1,0,1,0,0,10,0.2,0.2,0.2,0.2,0.2,1,0,0.5,0.4616477728538573,1,0,0.3333333333333333
22,1,01100.jpg,0,1,1,0,0,0,10,0.2,0.2,0.2,0.2,0.2,1,0,0.5,0.48483387929749483,1,0,0.3181818181818182
23,1,10100.jpg,1,0,1,0,0,1,10,0.2,0.2,0.2,0.2,0.2,1,0,0.5,0.5414576350278733,1,1,0.34782608695652173
24,1,11011.jpg,1,1,0,1,1,0,10,0.2,0.2,0.2,0.2,0.2,1,0,0.5,0.5136834888327709,0,1,0.375
25,1,01110.jpg,0,1,1,1,0,0,10,0.2,0.2,0.2,0.2,0.2,1,0,0.5,0.5046288980499585,1,0,0.36
26,1,00011.jpg,0,0,0,1,1,0,10,0.2,0.2,0.2,0.2,0.2,1,0,0.5,0.43821280954336017,0,1,0.38461538461538464
27,1,11000.jpg,1,1,0,0,0,0,10,0.2,0.2,0.2,0.2,0.2,1,0,0.5,0.5041114013843323,0,1,0.4074074074074074
28,1,10000.jpg,1,0,0,0,0,0,10,0.2,0.2,0.2,0.2,0.2,1,0,0.5,0.5012356675133961,0,1,0.42857142857142855
29,1,11010.jpg,1,1,0,1,0,0,10,0.2,0.2,0.2,0.2,0.2,1,0,0.5,0.5096675594634864,1,0,0.41379310344827586
30,1,00000.jpg,0,0,0,0,0,0,10,0.2,0.2,0.2,0.2,0.2,1,0,0.5,0.43077399746890205,0,1,0.43333333333333335
31,1,11100.jpg,1,1,1,0,0,1,10,0.2,0.2,0.2,0.2,0.2,1,0,0.5,0.5559558815705951,0,0,0.41935483870967744
32,1,10101.jpg,1,0,1,0,1,1,10,0.2,0.2,0.2,0.2,0.2,1,0,0.5,0.5533130718302532,1,1,0.4375
33,2,01010.jpg,0,1,0,1,0,0,10,0.2,0.2,0.2,0.2,0.2,1,0,0.5,0.4326113876930378,0,1,0.45454545454545453
34,2,10011.jpg,1,0,0,1,1,0,10,0.2,0.2,0.2,0.2,0.2,1,0,0.5,0.49788442476249295,0,1,0.47058823529411764
35,2,01011.jpg,0,1,0,1,1,0,10,0.2,0.2,0.2,0.2,0.2,1,0,0.5,0.43024238312423835,1,0,0.45714285714285713
36,2,10101.jpg,1,0,1,0,1,1,10,0.2,0.2,0.2,0.2,0.2,1,0,0.5,0.5691356403088307,1,1,0.4722222222222222
37,2,11100.jpg,1,1,1,0,0,1,10,0.2,0.2,0.2,0.2,0.2,1,0,0.5,0.5667967158572272,0,0,0.4594594594594595
38,2,10010.jpg,1,0,0,1,0,0,10,0.2,0.2,0.2,0.2,0.2,1,0,0.5,0.488736145035169,0,1,0.47368421052631576
39,2,10000.jpg,1,0,0,0,0,0,10,0.2,0.2,0.2,0.2,0.2,1,0,0.5,0.5011974147316828,1,0,0.46153846153846156
40,2,01100.jpg,0,1,1,0,0,0,10,0.2,0.2,0.2,0.2,0.2,1,0,0.5,0.5096414613657287,0,1,0.475
41,2,00011.jpg,0,0,0,1,1,0,10,0.2,0.2,0.2,0.2,0.2,1,0,0.5,0.4280047987489229,0,1,0.4878048780487805
42,2,01000.jpg,0,1,0,0,0,0,10,0.2,0.2,0.2,0.2,0.2,1,0,0.5,0.4392270695372131,0,1,0.5
43,2,10100.jpg,1,0,1,0,0,1,10,0.2,0.2,0.2,0.2,0.2,1,0,0.5,0.5709111848707114,1,1,0.5116279069767442
44,2,00110.jpg,0,0,1,1,0,0,10,0.2,0.2,0.2,0.2,0.2,1,0,0.5,0.49518258610779425,1,0,0.5
45,2,00000.jpg,0,0,0,0,0,0,10,0.2,0.2,0.2,0.2,0.2,1,0,0.5,0.44216953932686964,0,1,0.5111111111111111
46,2,10110.jpg,1,0,1,1,0,1,10,0.2,0.2,0.2,0.2,0.2,1,0,0.5,0.55874747308805,0,0,0.5
47,2,11101.jpg,1,1,1,0,1,1,10,0.2,0.2,0.2,0.2,0.2,1,0,0.5,0.5695957631490359,1,1,0.5106382978723404
48,2,11011.jpg,1,1,0,1,1,0,10,0.2,0.2,0.2,0.2,0.2,1,0,0.5,0.48844538384028025,1,0,0.5
49,2,01001.jpg,0,1,0,0,1,0,10,0.2,0.2,0.2,0.2,0.2,1,0,0.5,0.43809660358108127,0,1,0.5102040816326531
50,2,01111.jpg,0,1,1,1,1,0,10,0.2,0.2,0.2,0.2,0.2,1,0,0.5,0.4898891839802958,0,1,0.52
51,2,10001.jpg,1,0,0,0,1,0,10,0.2,0.2,0.2,0.2,0.2,1,0,0.5,0.5046641342639971,1,0,0.5098039215686274
52,2,00010.jpg,0,0,0,1,0,0,10,0.2,0.2,0.2,0.2,0.2,1,0,0.5,0.4287522825397877,1,0,0.5
53,2,11000.jpg,1,1,0,0,0,0,10,0.2,0.2,0.2,0.2,0.2,1,0,0.5,0.5025507250005777,1,0,0.49056603773584906
54,2,00100.jpg,0,0,1,0,0,0,10,0.2,0.2,0.2,0.2,0.2,1,0,0.5,0.5099922707793292,1,0,0.48148148148148145
55,2,00001.jpg,0,0,0,0,1,0,10,0.2,0.2,0.2,0.2,0.2,1,0,0.5,0.4389504735497272,1,0,0.4727272727272727
56,2,10111.jpg,1,0,1,1,1,1,10,0.2,0.2,0.2,0.2,0.2,1,0,0.5,0.5614426129685915,1,1,0.48214285714285715
57,2,11111.jpg,1,1,1,1,1,1,10,0.2,0.2,0.2,0.2,0.2,1,0,0.5,0.5621299686581834,0,0,0.47368421052631576
58,2,01101.jpg,0,1,1,0,1,0,10,0.2,0.2,0.2,0.2,0.2,1,0,0.5,0.5036431814609618,0,1,0.4827586206896552
59,2,00111.jpg,0,0,1,1,1,0,10,0.2,0.2,0.2,0.2,0.2,1,0,0.5,0.5009923885611799,0,1,0.4915254237288136
60,2,11010.jpg,1,1,0,1,0,0,10,0.2,0.2,0.2,0.2,0.2,1,0,0.5,0.4930661198168231,0,1,0.5
61,2,00101.jpg,0,0,1,0,1,0,10,0.2,0.2,0.2,0.2,0.2,1,0,0.5,0.5031601421505436,0,1,0.5081967213114754
62,2,11001.jpg,1,1,0,0,1,0,10,0.2,0.2,0.2,0.2,0.2,1,0,0.5,0.5002427201871641,0,1,0.5161290322580645
63,2,01110.jpg,0,1,1,1,0,0,10,0.2,0.2,0.2,0.2,0.2,1,0,0.5,0.4943470244393421,1,0,0.5079365079365079
64,2,11110.jpg,1,1,1,1,0,1,10,0.2,0.2,0.2,0.2,0.2,1,0,0.5,0.5597368004290266,1,1,0.515625
65,3,01101.jpg,0,1,1,0,1,0,10,0.2,0.2,0.2,0.2,0.2,1,0,0.5,0.49667776290346227,1,0,0.5076923076923077
66,3,01100.jpg,0,1,1,0,0,0,10,0.2,0.2,0.2,0.2,0.2,1,0,0.5,0.4950898636076996,0,1,0.5151515151515151
67,3,11110.jpg,1,1,1,1,0,1,10,0.2,0.2,0.2,0.2,0.2,1,0,0.5,0.5646801577579242,1,1,0.5223880597014925
68,3,11000.jpg,1,1,0,0,0,0,10,0.2,0.2,0.2,0.2,0.2,1,0,0.5,0.4982095330000372,0,1,0.5294117647058824
69,3,10100.jpg,1,0,1,0,0,1,10,0.2,0.2,0.2,0.2,0.2,1,0,0.5,0.5623511270542051,0,0,0.5217391304347826
70,3,00011.jpg,0,0,0,1,1,0,10,0.2,0.2,0.2,0.2,0.2,1,0,0.5,0.4335640139211925,0,1,0.5285714285714286
71,3,10001.jpg,1,0,0,0,1,0,10,0.2,0.2,0.2,0.2,0.2,1,0,0.5,0.49535682988760393,1,0,0.5211267605633803
72,3,00111.jpg,0,0,1,1,1,0,10,0.2,0.2,0.2,0.2,0.2,1,0,0.5,0.49489340414539373,0,1,0.5277777777777778
73,3,10011.jpg,1,0,0,1,1,0,10,0.2,0.2,0.2,0.2,0.2,1,0,0.5,0.4941604272996345,1,0,0.5205479452054794
74,3,11001.jpg,1,1,0,0,1,0,10,0.2,0.2,0.2,0.2,0.2,1,0,0.5,0.49249721008791114,1,0,0.5135135135135135
75,3,01110.jpg,0,1,1,1,0,0,10,0.2,0.2,0.2,0.2,0.2,1,0,0.5,0.503100888561245,1,0,0.5066666666666667
76,3,00100.jpg,0,0,1,0,0,0,10,0.2,0.2,0.2,0.2,0.2,1,0,0.5,0.5014272382225033,0,1,0.5131578947368421
77,3,10110.jpg,1,0,1,1,0,1,10,0.2,0.2,0.2,0.2,0.2,1,0,0.5,0.5676880240834893,1,1,0.5194805194805194
78,3,01011.jpg,0,1,0,1,1,0,10,0.2,0.2,0.2,0.2,0.2,1,0,0.5,0.4310550215736793,0,1,0.5256410256410257
79,3,00001.jpg,0,0,0,0,1,0,10,0.2,0.2,0.2,0.2,0.2,1,0,0.5,0.4292539561846867,0,1,0.5316455696202531
80,3,11010.jpg,1,1,0,1,0,0,10,0.2,0.2,0.2,0.2,0.2,1,0,0.5,0.5043772796859948,0,1,0.5375
81,3,10000.jpg,1,0,0,0,0,0,10,0.2,0.2,0.2,0.2,0.2,1,0,0.5,0.5022179504127469,0,1,0.5432098765432098
82,3,01001.jpg,0,1,0,0,1,0,10,0.2,0.2,0.2,0.2,0.2,1,0,0.5,0.42628324939111406,0,1,0.5487804878048781
83,3,00010.jpg,0,0,0,1,0,0,10,0.2,0.2,0.2,0.2,0.2,1,0,0.5,0.4429171030993932,0,1,0.5542168674698795
84,3,00000.jpg,0,0,0,0,0,0,10,0.2,0.2,0.2,0.2,0.2,1,0,0.5,0.4372259895401258,0,1,0.5595238095238095
85,3,10111.jpg,1,0,1,1,1,1,10,0.2,0.2,0.2,0.2,0.2,1,0,0.5,0.5643221703326683,0,0,0.5529411764705883
86,3,11111.jpg,1,1,1,1,1,1,10,0.2,0.2,0.2,0.2,0.2,1,0,0.5,0.5642468549632574,1,1,0.5581395348837209
87,3,11100.jpg,1,1,1,0,0,1,10,0.2,0.2,0.2,0.2,0.2,1,0,0.5,0.5609868239298258,1,1,0.5632183908045977
88,3,01010.jpg,0,1,0,1,0,0,10,0.2,0.2,0.2,0.2,0.2,1,0,0.5,0.4386548345427355,1,0,0.5568181818181818
89,3,01000.jpg,0,1,0,0,0,0,10,0.2,0.2,0.2,0.2,0.2,1,0,0.5,0.43158387330476977,0,1,0.5617977528089888
90,3,10010.jpg,1,0,0,1,0,0,10,0.2,0.2,0.2,0.2,0.2,1,0,0.5,0.5016625966988061,0,1,0.5666666666666667
91,3,01111.jpg,0,1,1,1,1,0,10,0.2,0.2,0.2,0.2,0.2,1,0,0.5,0.49995832147527125,1,0,0.5604395604395604
92,3,00101.jpg,0,0,1,0,1,0,10,0.2,0.2,0.2,0.2,0.2,1,0,0.5,0.4933198770400397,0,1,0.5652173913043478
93,3,11011.jpg,1,1,0,1,1,0,10,0.2,0.2,0.2,0.2,0.2,1,0,0.5,0.4980594374050435,0,1,0.5698924731182796
94,3,00110.jpg,0,0,1,1,0,0,10,0.2,0.2,0.2,0.2,0.2,1,0,0.5,0.5030771373128109,1,0,0.5638297872340425
95,3,10101.jpg,1,0,1,0,1,1,10,0.2,0.2,0.2,0.2,0.2,1,0,0.5,0.5604818334908988,1,1,0.5684210526315789
96,3,11101.jpg,1,1,1,0,1,1,10,0.2,0.2,0.2,0.2,0.2,1,0,0.5,0.5616553360563825,1,1,0.5729166666666666
1,1,11101.jpg,1,1,1,0,1,1,11,0.2,0.2,0.2,0.2,0.2,2,0.6931471805599453,0.5,0.5,1,1,1
2,1,11111.jpg,1,1,1,1,1,1,11,0.2,0.2,0.2,0.2,0.2,2,0.6931471805599453,0.5,0.5,0,0,0.5
3,1,00001.jpg,0,0,0,0,1,0,11,0.2,0.2,0.2,0.2,0.2,2,0.6931471805599453,0.5,0.5,1,0,0.3333333333333333
4,1,00111.jpg,0,0,1,1,1,0,11,0.2,0.2,0.2,0.2,0.2,2,0.6931471805599453,0.5,0.45508839149865793,1,0,0.25
5,1,00101.jpg,0,0,1,0,1,0,11,0.2,0.2,0.2,0.2,0.2,2,0.6931471805599453,0.5,0.358902237562295,0,1,0.4
6,1,00100.jpg,0,0,1,0,0,0,11,0.2,0.2,0.2,0.2,0.2,2,0.6931471805599453,0.5,0.32476825858724245,0,1,0.5
7,1,01001.jpg,0,1,0,0,1,0,11,0.2,0.2,0.2,0.2,0.2,2,0.6931471805599453,0.5,0.4657174469252314,1,0,0.42857142857142855
8,1,11110.jpg,1,1,1,1,0,1,11,0.2,0.2,0.2,0.2,0.2,2,0.6931471805599453,0.5,0.7103219388298885,0,0,0.375
9,1,01101.jpg,0,1,1,0,1,0,11,0.2,0.2,0.2,0.2,0.2,2,0.6931471805599453,0.5,0.46830393243655116,1,0,0.3333333333333333
10,1,00010.jpg,0,0,0,1,0,0,11,0.2,0.2,0.2,0.2,0.2,2,0.6931471805599453,0.5,0.3723551782455961,0,1,0.4
11,1,10110.jpg,1,0,1,1,0,1,11,0.2,0.2,0.2,0.2,0.2,2,0.6931471805599453,0.5,0.6023865582488477,0,0,0.36363636363636365
12,1,01000.jpg,0,1,0,0,0,0,11,0.2,0.2,0.2,0.2,0.2,2,0.6931471805599453,0.5,0.37214437508162823,0,1,0.4166666666666667
13,1,10001.jpg,1,0,0,0,1,0,11,0.2,0.2,0.2,0.2,0.2,2,0.6931471805599453,0.5,0.4491487606313046,1,0,0.38461538461538464
14,1,01011.jpg,0,1,0,1,1,0,11,0.2,0.2,0.2,0.2,0.2,2,0.6931471805599453,0.5,0.43116517200801235,1,0,0.35714285714285715
15,1,11001.jpg,1,1,0,0,1,0,11,0.2,0.2,0.2,0.2,0.2,2,0.6931471805599453,0.5,0.5007411809819671,0,1,0.4
16,1,10010.jpg,1,0,0,1,0,0,11,0.2,0.2,0.2,0.2,0.2,2,0.6931471805599453,0.5,0.5628488736638658,1,0,0.375
17,1,01111.jpg,0,1,1,1,1,0,11,0.2,0.2,0.2,0.2,0.2,2,0.6931471805599453,0.5,0.5379262741595399,1,0,0.35294117647058826
18,1,00110.jpg,0,0,1,1,0,0,11,0.2,0.2,0.2,0.2,0.2,2,0.6931471805599453,0.5,0.5082420725730498,1,0,0.3333333333333333
19,1,10111.jpg,1,0,1,1,1,1,11,0.2,0.2,0.2,0.2,0.2,2,0.6931471805599453,0.5,0.6076130543447779,0,0,0.3157894736842105
20,1,10011.jpg,1,0,0,1,1,0,11,0.2,0.2,0.2,0.2,0.2,2,0.6931471805599453,0.5,0.5297133526862149,0,1,0.35
21,1,01010.jpg,0,1,0,1,0,0,11,0.2,0.2,0.2,0.2,0.2,2,0.6931471805599453,0.5,0.4204342222777583,1,0,0.3333333333333333
22,1,01100.jpg,0,1,1,0,0,0,11,0.2,0.2,0.2,0.2,0.2,2,0.6931471805599453,0.5,0.4636964631561747,1,0,0.3181818181818182
23,1,10100.jpg,1,0,1,0,0,1,11,0.2,0.2,0.2,0.2,0.2,2,0.6931471805599453,0.5,0.577638928805088,1,1,0.34782608695652173
24,1,11011.jpg,1,1,0,1,1,0,11,0.2,0.2,0.2,0.2,0.2,2,0.6931471805599453,0.5,0.523422220432026,0,1,0.375
25,1,01110.jpg,0,1,1,1,0,0,11,0.2,0.2,0.2,0.2,0.2,2,0.6931471805599453,0.5,0.5032096825687724,1,0,0.36
26,1,00011.jpg,0,0,0,1,1,0,11,0.2,0.2,0.2,0.2,0.2,2,0.6931471805599453,0.5,0.3775173252484963,0,1,0.38461538461538464
27,1,11000.jpg,1,1,0,0,0,0,11,0.2,0.2,0.2,0.2,0.2,2,0.6931471805599453,0.5,0.5030270621099207,0,1,0.4074074074074074
28,1,10000.jpg,1,0,0,0,0,0,11,0.2,0.2,0.2,0.2,0.2,2,0.6931471805599453,0.5,0.5009563070817795,0,1,0.42857142857142855
29,1,11010.jpg,1,1,0,1,0,0,11,0.2,0.2,0.2,0.2,0.2,2,0.6931471805599453,0.5,0.5138693429381211,1,0,0.41379310344827586
30,1,00000.jpg,0,0,0,0,0,0,11,0.2,0.2,0.2,0.2,0.2,2,0.6931471805599453,0.5,0.3659190890334587,0,1,0.43333333333333335
31,1,11100.jpg,1,1,1,0,0,1,11,0.2,0.2,0.2,0.2,0.2,2,0.6931471805599453,0.5,0.6062495155280562,0,0,0.41935483870967744
32,1,10101.jpg,1,0,1,0,1,1,11,0.2,0.2,0.2,0.2,0.2,2,0.6931471805599453,0.5,0.6007044856350667,1,1,0.4375
33,2,01010.jpg,0,1,0,1,0,0,11,0.2,0.2,0.2,0.2,0.2,2,0.6931471805599453,0.5,0.36544407934014683,0,1,0.45454545454545453
34,2,10011.jpg,1,0,0,1,1,0,11,0.2,0.2,0.2,0.2,0.2,2,0.6931471805599453,0.5,0.4895384194080508,0,1,0.47058823529411764
35,2,01011.jpg,0,1,0,1,1,0,11,0.2,0.2,0.2,0.2,0.2,2,0.6931471805599453,0.5,0.36135601224142005,1,0,0.45714285714285713
36,2,10101.jpg,1,0,1,0,1,1,11,0.2,0.2,0.2,0.2,0.2,2,0.6931471805599453,0.5,0.6327626140776625,1,1,0.4722222222222222
37,2,11100.jpg,1,1,1,0,0,1,11,0.2,0.2,0.2,0.2,0.2,2,0.6931471805599453,0.5,0.6288602841034308,0,0,0.4594594594594595
38,2,10010.jpg,1,0,0,1,0,0,11,0.2,0.2,0.2,0.2,0.2,2,0.6931471805599453,0.5,0.4710189175508125,0,1,0.47368421052631576
39,2,10000.jpg,1,0,0,0,0,0,11,0.2,0.2,0.2,0.2,0.2,2,0.6931471805599453,0.5,0.49477758669300265,0,1,0.48717948717948717
40,2,01100.jpg,0,1,1,0,0,0,11,0.2,0.2,0.2,0.2,0.2,2,0.6931471805599453,0.5,0.5131692781574463,0,1,0.5
41,2,00011.jpg,0,0,0,1,1,0,11,0.2,0.2,0.2,0.2,0.2,2,0.6931471805599453,0.5,0.35738520378240185,0,1,0.5121951219512195
42,2,01000.jpg,0,1,0,0,0,0,11,0.2,0.2,0.2,0.2,0.2,2,0.6931471805599453,0.5,0.3788740001285072,0,1,0.5238095238095238
43,2,10100.jpg,1,0,1,0,0,1,11,0.2,0.2,0.2,0.2,0.2,2,0.6931471805599453,0.5,0.634698903623714,1,1,0.5348837209302325
44,2,00110.jpg,0,0,1,1,0,0,11,0.2,0.2,0.2,0.2,0.2,2,0.6931471805599453,0.5,0.4853549985617657,1,0,0.5227272727272727
45,2,00000.jpg,0,0,0,0,0,0,11,0.2,0.2,0.2,0.2,0.2,2,0.6931471805599453,0.5,0.38464284371649476,0,1,0.5333333333333333
46,2,10110.jpg,1,0,1,1,0,1,11,0.2,0.2,0.2,0.2,0.2,2,0.6931471805599453,0.5,0.6123343940482554,0,0,0.5217391304347826
47,2,11101.jpg,1,1,1,0,1,1,11,0.2,0.2,0.2,0.2,0.2,2,0.6931471805599453,0.5,0.6347921759015508,1,1,0.5319148936170213
48,2,11011.jpg,1,1,0,1,1,0,11,0.2,0.2,0.2,0.2,0.2,2,0.6931471805599453,0.5,0.4704307446985203,1,0,0.5208333333333334
49,2,01001.jpg,0,1,0,0,1,0,11,0.2,0.2,0.2,0.2,0.2,2,0.6931471805599453,0.5,0.37691663650810436,0,1,0.5306122448979592
50,2,01111.jpg,0,1,1,1,1,0,11,0.2,0.2,0.2,0.2,0.2,2,0.6931471805599453,0.5,0.4738574586259934,0,1,0.54
51,2,10001.jpg,1,0,0,0,1,0,11,0.2,0.2,0.2,0.2,0.2,2,0.6931471805599453,0.5,0.5032674785657855,1,0,0.5294117647058824
52,2,00010.jpg,0,0,0,1,0,0,11,0.2,0.2,0.2,0.2,0.2,2,0.6931471805599453,0.5,0.3602686760443876,1,0,0.5192307692307693
53,2,11000.jpg,1,1,0,0,0,0,11,0.2,0.2,0.2,0.2,0.2,2,0.6931471805599453,0.5,0.5001948872636425,1,0,0.5094339622641509
54,2,00100.jpg,0,0,1,0,0,0,11,0.2,0.2,0.2,0.2,0.2,2,0.6931471805599453,0.5,0.513242436237965,1,0,0.5
55,2,00001.jpg,0,0,0,0,1,0,11,0.2,0.2,0.2,0.2,0.2,2,0.6931471805599453,0.5,0.3783462597990922,1,0,0.4909090909090909
56,2,10111.jpg,1,0,1,1,1,1,11,0.2,0.2,0.2,0.2,0.2,2,0.6931471805599453,0.5,0.6183476678602914,1,1,0.5
57,2,11111.jpg,1,1,1,1,1,1,11,0.2,0.2,0.2,0.2,0.2,2,0.6931471805599453,0.5,0.6188444590957438,0,0,0.49122807017543857
58,2,01101.jpg,0,1,1,0,1,0,11,0.2,0.2,0.2,0.2,0.2,2,0.6931471805599453,0.5,0.501722659608894,0,1,0.5
59,2,00111.jpg,0,0,1,1,1,0,11,0.2,0.2,0.2,0.2,0.2,2,0.6931471805599453,0.5,0.49728690575991125,1,0,0.4915254237288136
60,2,11010.jpg,1,1,0,1,0,0,11,0.2,0.2,0.2,0.2,0.2,2,0.6931471805599453,0.5,0.480021598575516,0,1,0.5
61,2,00101.jpg,0,0,1,0,1,0,11,0.2,0.2,0.2,0.2,0.2,2,0.6931471805599453,0.5,0.4997752554972492,1,0,0.4918032786885246
62,2,11001.jpg,1,1,0,0,1,0,11,0.2,0.2,0.2,0.2,0.2,2,0.6931471805599453,0.5,0.4956744062786902,1,0,0.4838709677419355
63,2,01110.jpg,0,1,1,1,0,0,11,0.2,0.2,0.2,0.2,0.2,2,0.6931471805599453,0.5,0.482330968574115,1,0,0.47619047619047616
64,2,11110.jpg,1,1,1,1,0,1,11,0.2,0.2,0.2,0.2,0.2,2,0.6931471805599453,0.5,0.6147813891142636,1,1,0.484375
65,3,01101.jpg,0,1,1,0,1,0,11,0.2,0.2,0.2,0.2,0.2,2,0.6931471805599453,0.5,0.4868434814158423,1,0,0.47692307692307695
66,3,01100.jpg,0,1,1,0,0,0,11,0.2,0.2,0.2,0.2,0.2,2,0.6931471805599453,0.5,0.4836592176720504,0,1,0.48484848484848486
67,3,11110.jpg,1,1,1,1,0,1,11,0.2,0.2,0.2,0.2,0.2,2,0.6931471805599453,0.5,0.6255636512085921,1,1,0.4925373134328358
68,3,11000.jpg,1,1,0,0,0,0,11,0.2,0.2,0.2,0.2,0.2,2,0.6931471805599453,0.5,0.48993256402289875,0,1,0.5
69,3,10100.jpg,1,0,1,0,0,1,11,0.2,0.2,0.2,0.2,0.2,2,0.6931471805599453,0.5,0.6210590428069397,1,1,0.5072463768115942
70,3,00011.jpg,0,0,0,1,1,0,11,0.2,0.2,0.2,0.2,0.2,2,0.6931471805599453,0.5,0.366160173020279,0,1,0.5142857142857142
71,3,10001.jpg,1,0,0,0,1,0,11,0.2,0.2,0.2,0.2,0.2,2,0.6931471805599453,0.5,0.48506089233325284,1,0,0.5070422535211268
72,3,00111.jpg,0,0,1,1,1,0,11,0.2,0.2,0.2,0.2,0.2,2,0.6931471805599453,0.5,0.48272273958706385,0,1,0.5138888888888888
73,3,10011.jpg,1,0,0,1,1,0,11,0.2,0.2,0.2,0.2,0.2,2,0.6931471805599453,0.5,0.48087891820789047,1,0,0.5068493150684932
74,3,11001.jpg,1,1,0,0,1,0,11,0.2,0.2,0.2,0.2,0.2,2,0.6931471805599453,0.5,0.4786315323336017,0,1,0.5135135135135135
75,3,01110.jpg,0,1,1,1,0,0,11,0.2,0.2,0.2,0.2,0.2,2,0.6931471805599453,0.5,0.49992384945616797,0,1,0.52
76,3,00100.jpg,0,0,1,0,0,0,11,0.2,0.2,0.2,0.2,0.2,2,0.6931471805599453,0.5,0.4975951147991848,1,0,0.5131578947368421
77,3,10110.jpg,1,0,1,1,0,1,11,0.2,0.2,0.2,0.2,0.2,2,0.6931471805599453,0.5,0.6309952087691267,1,1,0.5194805194805194
78,3,01011.jpg,0,1,0,1,1,0,11,0.2,0.2,0.2,0.2,0.2,2,0.6931471805599453,0.5,0.3631409405153031,0,1,0.5256410256410257
79,3,00001.jpg,0,0,0,0,1,0,11,0.2,0.2,0.2,0.2,0.2,2,0.6931471805599453,0.5,0.3598884995224416,0,1,0.5316455696202531
80,3,11010.jpg,1,1,0,1,0,0,11,0.2,0.2,0.2,0.2,0.2,2,0.6931471805599453,0.5,0.5029232928598976,0,1,0.5375
81,3,10000.jpg,1,0,0,0,0,0,11,0.2,0.2,0.2,0.2,0.2,2,0.6931471805599453,0.5,0.4986496823044709,1,0,0.5308641975308642
82,3,01001.jpg,0,1,0,0,1,0,11,0.2,0.2,0.2,0.2,0.2,2,0.6931471805599453,0.5,0.3543836293624257,0,1,0.5365853658536586
83,3,00010.jpg,0,0,0,1,0,0,11,0.2,0.2,0.2,0.2,0.2,2,0.6931471805599453,0.5,0.3855410826939165,0,1,0.54216867469879515
84,3,00000.jpg,0,0,0,0,0,0,11,0.2,0.2,0.2,0.2,0.2,2,0.6931471805599453,0.5,0.3750493175233638,0,1,0.5476190476190477
85,3,10111.jpg,1,0,1,1,1,1,11,0.2,0.2,0.2,0.2,0.2,2,0.6931471805599453,0.5,0.6240680567405337,0,0,0.5411764705882353
86,3,11111.jpg,1,1,1,1,1,1,11,0.2,0.2,0.2,0.2,0.2,2,0.6931471805599453,0.5,0.6247379197010156,1,1,0.5465116279069767
87,3,11100.jpg,1,1,1,0,0,1,11,0.2,0.2,0.2,0.2,0.2,2,0.6931471805599453,0.5,0.6172150390533976,1,1,0.5517241379310345
88,3,01010.jpg,0,1,0,1,0,0,11,0.2,0.2,0.2,0.2,0.2,2,0.6931471805599453,0.5,0.37676115168401947,1,0,0.5454545454545454
89,3,01000.jpg,0,1,0,0,0,0,11,0.2,0.2,0.2,0.2,0.2,2,0.6931471805599453,0.5,0.36456243084991663,0,1,0.550561797752809
90,3,10010.jpg,1,0,0,1,0,0,11,0.2,0.2,0.2,0.2,0.2,2,0.6931471805599453,0.5,0.4970257608086243,1,0,0.5444444444444444
91,3,01111.jpg,0,1,1,1,1,0,11,0.2,0.2,0.2,0.2,0.2,2,0.6931471805599453,0.5,0.49407226739482585,1,0,0.5384615384615384
92,3,00101.jpg,0,0,1,0,1,0,11,0.2,0.2,0.2,0.2,0.2,2,0.6931471805599453,0.5,0.4804873882135747,0,1,0.5434782608695652
93,3,11011.jpg,1,1,0,1,1,0,11,0.2,0.2,0.2,0.2,0.2,2,0.6931471805599453,0.5,0.4910335141692107,0,1,0.5483870967741935
94,3,00110.jpg,0,0,1,1,0,0,11,0.2,0.2,0.2,0.2,0.2,2,0.6931471805599453,0.5,0.4998840836893051,0,1,0.5531914893617021
95,3,10101.jpg,1,0,1,0,1,1,11,0.2,0.2,0.2,0.2,0.2,2,0.6931471805599453,0.5,0.6168472405849139,1,1,0.5578947368421052
96,3,11101.jpg,1,1,1,0,1,1,11,0.2,0.2,0.2,0.2,0.2,2,0.6931471805599453,0.5,0.6188707476424767,1,1,0.5625
1,1,11101.jpg,1,1,1,0,1,1,12,0.2,0.2,0.2,0.2,0.2,2,0.6931471805599453,0.5,0.5,1,1,1
2,1,11111.jpg,1,1,1,1,1,1,12,0.2,0.2,0.2,0.2,0.2,2,0.6931471805599453,0.5,0.5,0,0,0.5
3,1,00001.jpg,0,0,0,0,1,0,12,0.2,0.2,0.2,0.2,0.2,2,0.6931471805599453,0.5,0.5,1,0,0.3333333333333333
4,1,00111.jpg,0,0,1,1,1,0,12,0.2,0.2,0.2,0.2,0.2,2,0.6931471805599453,0.5,0.45508839149865793,1,0,0.25
5,1,00101.jpg,0,0,1,0,1,0,12,0.2,0.2,0.2,0.2,0.2,2,0.6931471805599453,0.5,0.358902237562295,0,1,0.4
6,1,00100.jpg,0,0,1,0,0,0,12,0.2,0.2,0.2,0.2,0.2,2,0.6931471805599453,0.5,0.32476825858724245,0,1,0.5
7,1,01001.jpg,0,1,0,0,1,0,12,0.2,0.2,0.2,0.2,0.2,2,0.6931471805599453,0.5,0.4657174469252314,1,0,0.42857142857142855
8,1,11110.jpg,1,1,1,1,0,1,12,0.2,0.2,0.2,0.2,0.2,2,0.6931471805599453,0.5,0.7103219388298885,0,0,0.375
9,1,01101.jpg,0,1,1,0,1,0,12,0.2,0.2,0.2,0.2,0.2,2,0.6931471805599453,0.5,0.46830393243655116,1,0,0.3333333333333333
10,1,00010.jpg,0,0,0,1,0,0,12,0.2,0.2,0.2,0.2,0.2,2,0.6931471805599453,0.5,0.3723551782455961,0,1,0.4
11,1,10110.jpg,1,0,1,1,0,1,12,0.2,0.2,0.2,0.2,0.2,2,0.6931471805599453,0.5,0.6023865582488477,0,0,0.36363636363636365
12,1,01000.jpg,0,1,0,0,0,0,12,0.2,0.2,0.2,0.2,0.2,2,0.6931471805599453,0.5,0.37214437508162823,0,1,0.4166666666666667
13,1,10001.jpg,1,0,0,0,1,0,12,0.2,0.2,0.2,0.2,0.2,2,0.6931471805599453,0.5,0.4491487606313046,1,0,0.38461538461538464
14,1,01011.jpg,0,1,0,1,1,0,12,0.2,0.2,0.2,0.2,0.2,2,0.6931471805599453,0.5,0.43116517200801235,1,0,0.35714285714285715
15,1,11001.jpg,1,1,0,0,1,0,12,0.2,0.2,0.2,0.2,0.2,2,0.6931471805599453,0.5,0.5007411809819671,0,1,0.4
16,1,10010.jpg,1,0,0,1,0,0,12,0.2,0.2,0.2,0.2,0.2,2,0.6931471805599453,0.5,0.5628488736638658,1,0,0.375
17,1,01111.jpg,0,1,1,1,1,0,12,0.2,0.2,0.2,0.2,0.2,2,0.6931471805599453,0.5,0.5379262741595399,1,0,0.35294117647058826
18,1,00110.jpg,0,0,1,1,0,0,12,0.2,0.2,0.2,0.2,0.2,2,0.6931471805599453,0.5,0.5082420725730498,1,0,0.3333333333333333
19,1,10111.jpg,1,0,1,1,1,1,12,0.2,0.2,0.2,0.2,0.2,2,0.6931471805599453,0.5,0.6076130543447779,0,0,0.3157894736842105
20,1,10011.jpg,1,0,0,1,1,0,12,0.2,0.2,0.2,0.2,0.2,2,0.6931471805599453,0.5,0.5297133526862149,0,1,0.35
21,1,01010.jpg,0,1,0,1,0,0,12,0.2,0.2,0.2,0.2,0.2,2,0.6931471805599453,0.5,0.4204342222777583,1,0,0.3333333333333333
22,1,01100.jpg,0,1,1,0,0,0,12,0.2,0.2,0.2,0.2,0.2,2,0.6931471805599453,0.5,0.4636964631561747,1,0,0.3181818181818182
23,1,10100.jpg,1,0,1,0,0,1,12,0.2,0.2,0.2,0.2,0.2,2,0.6931471805599453,0.5,0.577638928805088,1,1,0.34782608695652173
24,1,11011.jpg,1,1,0,1,1,0,12,0.2,0.2,0.2,0.2,0.2,2,0.6931471805599453,0.5,0.523422220432026,0,1,0.375
25,1,01110.jpg,0,1,1,1,0,0,12,0.2,0.2,0.2,0.2,0.2,2,0.6931471805599453,0.5,0.5032096825687724,1,0,0.36
26,1,00011.jpg,0,0,0,1,1,0,12,0.2,0.2,0.2,0.2,0.2,2,0.6931471805599453,0.5,0.3775173252484963,0,1,0.38461538461538464
27,1,11000.jpg,1,1,0,0,0,0,12,0.2,0.2,0.2,0.2,0.2,2,0.6931471805599453,0.5,0.5030270621099207,0,1,0.4074074074074074
28,1,10000.jpg,1,0,0,0,0,0,12,0.2,0.2,0.2,0.2,0.2,2,0.6931471805599453,0.5,0.5009563070817795,0,1,0.42857142857142855
29,1,11010.jpg,1,1,0,1,0,0,12,0.2,0.2,0.2,0.2,0.2,2,0.6931471805599453,0.5,0.5138693429381211,1,0,0.41379310344827586
30,1,00000.jpg,0,0,0,0,0,0,12,0.2,0.2,0.2,0.2,0.2,2,0.6931471805599453,0.5,0.3659190890334587,0,1,0.43333333333333335
31,1,11100.jpg,1,1,1,0,0,1,12,0.2,0.2,0.2,0.2,0.2,2,0.6931471805599453,0.5,0.6062495155280562,0,0,0.41935483870967744
32,1,10101.jpg,1,0,1,0,1,1,12,0.2,0.2,0.2,0.2,0.2,2,0.6931471805599453,0.5,0.6007044856350667,1,1,0.4375
33,2,01010.jpg,0,1,0,1,0,0,12,0.2,0.2,0.2,0.2,0.2,2,0.6931471805599453,0.5,0.36544407934014683,0,1,0.45454545454545453
34,2,10011.jpg,1,0,0,1,1,0,12,0.2,0.2,0.2,0.2,0.2,2,0.6931471805599453,0.5,0.4895384194080508,0,1,0.47058823529411764
35,2,01011.jpg,0,1,0,1,1,0,12,0.2,0.2,0.2,0.2,0.2,2,0.6931471805599453,0.5,0.36135601224142005,1,0,0.45714285714285713
36,2,10101.jpg,1,0,1,0,1,1,12,0.2,0.2,0.2,0.2,0.2,2,0.6931471805599453,0.5,0.6327626140776625,1,1,0.4722222222222222
37,2,11100.jpg,1,1,1,0,0,1,12,0.2,0.2,0.2,0.2,0.2,2,0.6931471805599453,0.5,0.6288602841034308,0,0,0.4594594594594595
38,2,10010.jpg,1,0,0,1,0,0,12,0.2,0.2,0.2,0.2,0.2,2,0.6931471805599453,0.5,0.4710189175508125,0,1,0.47368421052631576
39,2,10000.jpg,1,0,0,0,0,0,12,0.2,0.2,0.2,0.2,0.2,2,0.6931471805599453,0.5,0.49477758669300265,0,1,0.48717948717948717
40,2,01100.jpg,0,1,1,0,0,0,12,0.2,0.2,0.2,0.2,0.2,2,0.6931471805599453,0.5,0.5131692781574463,0,1,0.5
41,2,00011.jpg,0,0,0,1,1,0,12,0.2,0.2,0.2,0.2,0.2,2,0.6931471805599453,0.5,0.35738520378240185,0,1,0.5121951219512195
42,2,01000.jpg,0,1,0,0,0,0,12,0.2,0.2,0.2,0.2,0.2,2,0.6931471805599453,0.5,0.3788740001285072,0,1,0.5238095238095238
43,2,10100.jpg,1,0,1,0,0,1,12,0.2,0.2,0.2,0.2,0.2,2,0.6931471805599453,0.5,0.634698903623714,1,1,0.5348837209302325
44,2,00110.jpg,0,0,1,1,0,0,12,0.2,0.2,0.2,0.2,0.2,2,0.6931471805599453,0.5,0.4853549985617657,1,0,0.5227272727272727
45,2,00000.jpg,0,0,0,0,0,0,12,0.2,0.2,0.2,0.2,0.2,2,0.6931471805599453,0.5,0.38464284371649476,0,1,0.5333333333333333
46,2,10110.jpg,1,0,1,1,0,1,12,0.2,0.2,0.2,0.2,0.2,2,0.6931471805599453,0.5,0.6123343940482554,0,0,0.5217391304347826
47,2,11101.jpg,1,1,1,0,1,1,12,0.2,0.2,0.2,0.2,0.2,2,0.6931471805599453,0.5,0.6347921759015508,1,1,0.5319148936170213
48,2,11011.jpg,1,1,0,1,1,0,12,0.2,0.2,0.2,0.2,0.2,2,0.6931471805599453,0.5,0.4704307446985203,1,0,0.5208333333333334
49,2,01001.jpg,0,1,0,0,1,0,12,0.2,0.2,0.2,0.2,0.2,2,0.6931471805599453,0.5,0.37691663650810436,0,1,0.5306122448979592
50,2,01111.jpg,0,1,1,1,1,0,12,0.2,0.2,0.2,0.2,0.2,2,0.6931471805599453,0.5,0.4738574586259934,0,1,0.54
51,2,10001.jpg,1,0,0,0,1,0,12,0.2,0.2,0.2,0.2,0.2,2,0.6931471805599453,0.5,0.5032674785657855,1,0,0.5294117647058824
52,2,00010.jpg,0,0,0,1,0,0,12,0.2,0.2,0.2,0.2,0.2,2,0.6931471805599453,0.5,0.3602686760443876,1,0,0.5192307692307693
53,2,11000.jpg,1,1,0,0,0,0,12,0.2,0.2,0.2,0.2,0.2,2,0.6931471805599453,0.5,0.5001948872636425,1,0,0.5094339622641509
54,2,00100.jpg,0,0,1,0,0,0,12,0.2,0.2,0.2,0.2,0.2,2,0.6931471805599453,0.5,0.513242436237965,1,0,0.5
55,2,00001.jpg,0,0,0,0,1,0,12,0.2,0.2,0.2,0.2,0.2,2,0.6931471805599453,0.5,0.3783462597990922,1,0,0.4909090909090909
56,2,10111.jpg,1,0,1,1,1,1,12,0.2,0.2,0.2,0.2,0.2,2,0.6931471805599453,0.5,0.6183476678602914,1,1,0.5
57,2,11111.jpg,1,1,1,1,1,1,12,0.2,0.2,0.2,0.2,0.2,2,0.6931471805599453,0.5,0.6188444590957438,0,0,0.49122807017543857
58,2,01101.jpg,0,1,1,0,1,0,12,0.2,0.2,0.2,0.2,0.2,2,0.6931471805599453,0.5,0.501722659608894,0,1,0.5
59,2,00111.jpg,0,0,1,1,1,0,12,0.2,0.2,0.2,0.2,0.2,2,0.6931471805599453,0.5,0.49728690575991125,1,0,0.4915254237288136
60,2,11010.jpg,1,1,0,1,0,0,12,0.2,0.2,0.2,0.2,0.2,2,0.6931471805599453,0.5,0.480021598575516,0,1,0.5
61,2,00101.jpg,0,0,1,0,1,0,12,0.2,0.2,0.2,0.2,0.2,2,0.6931471805599453,0.5,0.4997752554972492,1,0,0.4918032786885246
62,2,11001.jpg,1,1,0,0,1,0,12,0.2,0.2,0.2,0.2,0.2,2,0.6931471805599453,0.5,0.4956744062786902,1,0,0.4838709677419355
63,2,01110.jpg,0,1,1,1,0,0,12,0.2,0.2,0.2,0.2,0.2,2,0.6931471805599453,0.5,0.482330968574115,1,0,0.47619047619047616
64,2,11110.jpg,1,1,1,1,0,1,12,0.2,0.2,0.2,0.2,0.2,2,0.6931471805599453,0.5,0.6147813891142636,1,1,0.484375
65,3,01101.jpg,0,1,1,0,1,0,12,0.2,0.2,0.2,0.2,0.2,2,0.6931471805599453,0.5,0.4868434814158423,1,0,0.47692307692307695
66,3,01100.jpg,0,1,1,0,0,0,12,0.2,0.2,0.2,0.2,0.2,2,0.6931471805599453,0.5,0.4836592176720504,0,1,0.48484848484848486
67,3,11110.jpg,1,1,1,1,0,1,12,0.2,0.2,0.2,0.2,0.2,2,0.6931471805599453,0.5,0.6255636512085921,1,1,0.4925373134328358
68,3,11000.jpg,1,1,0,0,0,0,12,0.2,0.2,0.2,0.2,0.2,2,0.6931471805599453,0.5,0.48993256402289875,0,1,0.5
69,3,10100.jpg,1,0,1,0,0,1,12,0.2,0.2,0.2,0.2,0.2,2,0.6931471805599453,0.5,0.6210590428069397,1,1,0.5072463768115942
70,3,00011.jpg,0,0,0,1,1,0,12,0.2,0.2,0.2,0.2,0.2,2,0.6931471805599453,0.5,0.366160173020279,0,1,0.5142857142857142
71,3,10001.jpg,1,0,0,0,1,0,12,0.2,0.2,0.2,0.2,0.2,2,0.6931471805599453,0.5,0.48506089233325284,1,0,0.5070422535211268
72,3,00111.jpg,0,0,1,1,1,0,12,0.2,0.2,0.2,0.2,0.2,2,0.6931471805599453,0.5,0.48272273958706385,0,1,0.5138888888888888
73,3,10011.jpg,1,0,0,1,1,0,12,0.2,0.2,0.2,0.2,0.2,2,0.6931471805599453,0.5,0.48087891820789047,1,0,0.5068493150684932
74,3,11001.jpg,1,1,0,0,1,0,12,0.2,0.2,0.2,0.2,0.2,2,0.6931471805599453,0.5,0.4786315323336017,0,1,0.5135135135135135
75,3,01110.jpg,0,1,1,1,0,0,12,0.2,0.2,0.2,0.2,0.2,2,0.6931471805599453,0.5,0.49992384945616797,0,1,0.52
76,3,00100.jpg,0,0,1,0,0,0,12,0.2,0.2,0.2,0.2,0.2,2,0.6931471805599453,0.5,0.4975951147991848,1,0,0.5131578947368421
77,3,10110.jpg,1,0,1,1,0,1,12,0.2,0.2,0.2,0.2,0.2,2,0.6931471805599453,0.5,0.6309952087691267,1,1,0.5194805194805194
78,3,01011.jpg,0,1,0,1,1,0,12,0.2,0.2,0.2,0.2,0.2,2,0.6931471805599453,0.5,0.3631409405153031,0,1,0.5256410256410257
79,3,00001.jpg,0,0,0,0,1,0,12,0.2,0.2,0.2,0.2,0.2,2,0.6931471805599453,0.5,0.3598884995224416,0,1,0.5316455696202531
80,3,11010.jpg,1,1,0,1,0,0,12,0.2,0.2,0.2,0.2,0.2,2,0.6931471805599453,0.5,0.5029232928598976,0,1,0.5375
81,3,10000.jpg,1,0,0,0,0,0,12,0.2,0.2,0.2,0.2,0.2,2,0.6931471805599453,0.5,0.4986496823044709,1,0,0.5308641975308642
82,3,01001.jpg,0,1,0,0,1,0,12,0.2,0.2,0.2,0.2,0.2,2,0.6931471805599453,0.5,0.3543836293624257,0,1,0.5365853658536586
83,3,00010.jpg,0,0,0,1,0,0,12,0.2,0.2,0.2,0.2,0.2,2,0.6931471805599453,0.5,0.3855410826939165,0,1,0.54216867469879515
84,3,00000.jpg,0,0,0,0,0,0,12,0.2,0.2,0.2,0.2,0.2,2,0.6931471805599453,0.5,0.3750493175233638,0,1,0.5476190476190477
85,3,10111.jpg,1,0,1,1,1,1,12,0.2,0.2,0.2,0.2,0.2,2,0.6931471805599453,0.5,0.6240680567405337,0,0,0.5411764705882353
86,3,11111.jpg,1,1,1,1,1,1,12,0.2,0.2,0.2,0.2,0.2,2,0.6931471805599453,0.5,0.6247379197010156,1,1,0.5465116279069767
87,3,11100.jpg,1,1,1,0,0,1,12,0.2,0.2,0.2,0.2,0.2,2,0.6931471805599453,0.5,0.6172150390533976,1,1,0.5517241379310345
88,3,01010.jpg,0,1,0,1,0,0,12,0.2,0.2,0.2,0.2,0.2,2,0.6931471805599453,0.5,0.37676115168401947,1,0,0.5454545454545454
89,3,01000.jpg,0,1,0,0,0,0,12,0.2,0.2,0.2,0.2,0.2,2,0.6931471805599453,0.5,0.36456243084991663,0,1,0.550561797752809
90,3,10010.jpg,1,0,0,1,0,0,12,0.2,0.2,0.2,0.2,0.2,2,0.6931471805599453,0.5,0.4970257608086243,1,0,0.5444444444444444
91,3,01111.jpg,0,1,1,1,1,0,12,0.2,0.2,0.2,0.2,0.2,2,0.6931471805599453,0.5,0.49407226739482585,1,0,0.5384615384615384
92,3,00101.jpg,0,0,1,0,1,0,12,0.2,0.2,0.2,0.2,0.2,2,0.6931471805599453,0.5,0.4804873882135747,0,1,0.5434782608695652
93,3,11011.jpg,1,1,0,1,1,0,12,0.2,0.2,0.2,0.2,0.2,2,0.6931471805599453,0.5,0.4910335141692107,0,1,0.5483870967741935
94,3,00110.jpg,0,0,1,1,0,0,12,0.2,0.2,0.2,0.2,0.2,2,0.6931471805599453,0.5,0.4998840836893051,0,1,0.5531914893617021
95,3,10101.jpg,1,0,1,0,1,1,12,0.2,0.2,0.2,0.2,0.2,2,0.6931471805599453,0.5,0.6168472405849139,1,1,0.5578947368421052
96,3,11101.jpg,1,1,1,0,1,1,12,0.2,0.2,0.2,0.2,0.2,2,0.6931471805599453,0.5,0.6188707476424767,1,1,0.5625
1,1,11101.jpg,1,1,1,0,1,1,13,0.2,0.2,0.2,0.2,0.2,2,0.6931471805599453,0.5,0.5,1,1,1
2,1,11111.jpg,1,1,1,1,1,1,13,0.2,0.2,0.2,0.2,0.2,2,0.6931471805599453,0.5,0.5,0,0,0.5
3,1,00001.jpg,0,0,0,0,1,0,13,0.2,0.2,0.2,0.2,0.2,2,0.6931471805599453,0.5,0.5,1,0,0.3333333333333333
4,1,00111.jpg,0,0,1,1,1,0,13,0.2,0.2,0.2,0.2,0.2,2,0.6931471805599453,0.5,0.45508839149865793,1,0,0.25
5,1,00101.jpg,0,0,1,0,1,0,13,0.2,0.2,0.2,0.2,0.2,2,0.6931471805599453,0.5,0.358902237562295,0,1,0.4
6,1,00100.jpg,0,0,1,0,0,0,13,0.2,0.2,0.2,0.2,0.2,2,0.6931471805599453,0.5,0.32476825858724245,0,1,0.5
7,1,01001.jpg,0,1,0,0,1,0,13,0.2,0.2,0.2,0.2,0.2,2,0.6931471805599453,0.5,0.4657174469252314,1,0,0.42857142857142855
8,1,11110.jpg,1,1,1,1,0,1,13,0.2,0.2,0.2,0.2,0.2,2,0.6931471805599453,0.5,0.7103219388298885,0,0,0.375
9,1,01101.jpg,0,1,1,0,1,0,13,0.2,0.2,0.2,0.2,0.2,2,0.6931471805599453,0.5,0.46830393243655116,1,0,0.3333333333333333
10,1,00010.jpg,0,0,0,1,0,0,13,0.2,0.2,0.2,0.2,0.2,2,0.6931471805599453,0.5,0.3723551782455961,0,1,0.4
11,1,10110.jpg,1,0,1,1,0,1,13,0.2,0.2,0.2,0.2,0.2,2,0.6931471805599453,0.5,0.6023865582488477,0,0,0.36363636363636365
12,1,01000.jpg,0,1,0,0,0,0,13,0.2,0.2,0.2,0.2,0.2,2,0.6931471805599453,0.5,0.37214437508162823,0,1,0.4166666666666667
13,1,10001.jpg,1,0,0,0,1,0,13,0.2,0.2,0.2,0.2,0.2,2,0.6931471805599453,0.5,0.4491487606313046,1,0,0.38461538461538464
14,1,01011.jpg,0,1,0,1,1,0,13,0.2,0.2,0.2,0.2,0.2,2,0.6931471805599453,0.5,0.43116517200801235,1,0,0.35714285714285715
15,1,11001.jpg,1,1,0,0,1,0,13,0.2,0.2,0.2,0.2,0.2,2,0.6931471805599453,0.5,0.5007411809819671,0,1,0.4
16,1,10010.jpg,1,0,0,1,0,0,13,0.2,0.2,0.2,0.2,0.2,2,0.6931471805599453,0.5,0.5628488736638658,1,0,0.375
17,1,01111.jpg,0,1,1,1,1,0,13,0.2,0.2,0.2,0.2,0.2,2,0.6931471805599453,0.5,0.5379262741595399,1,0,0.35294117647058826
18,1,00110.jpg,0,0,1,1,0,0,13,0.2,0.2,0.2,0.2,0.2,2,0.6931471805599453,0.5,0.5082420725730498,1,0,0.3333333333333333
19,1,10111.jpg,1,0,1,1,1,1,13,0.2,0.2,0.2,0.2,0.2,2,0.6931471805599453,0.5,0.6076130543447779,0,0,0.3157894736842105
20,1,10011.jpg,1,0,0,1,1,0,13,0.2,0.2,0.2,0.2,0.2,2,0.6931471805599453,0.5,0.5297133526862149,0,1,0.35
21,1,01010.jpg,0,1,0,1,0,0,13,0.2,0.2,0.2,0.2,0.2,2,0.6931471805599453,0.5,0.4204342222777583,1,0,0.3333333333333333
22,1,01100.jpg,0,1,1,0,0,0,13,0.2,0.2,0.2,0.2,0.2,2,0.6931471805599453,0.5,0.4636964631561747,1,0,0.3181818181818182
23,1,10100.jpg,1,0,1,0,0,1,13,0.2,0.2,0.2,0.2,0.2,2,0.6931471805599453,0.5,0.577638928805088,1,1,0.34782608695652173
24,1,11011.jpg,1,1,0,1,1,0,13,0.2,0.2,0.2,0.2,0.2,2,0.6931471805599453,0.5,0.523422220432026,0,1,0.375
25,1,01110.jpg,0,1,1,1,0,0,13,0.2,0.2,0.2,0.2,0.2,2,0.6931471805599453,0.5,0.5032096825687724,1,0,0.36
26,1,00011.jpg,0,0,0,1,1,0,13,0.2,0.2,0.2,0.2,0.2,2,0.6931471805599453,0.5,0.3775173252484963,0,1,0.38461538461538464
27,1,11000.jpg,1,1,0,0,0,0,13,0.2,0.2,0.2,0.2,0.2,2,0.6931471805599453,0.5,0.5030270621099207,0,1,0.4074074074074074
28,1,10000.jpg,1,0,0,0,0,0,13,0.2,0.2,0.2,0.2,0.2,2,0.6931471805599453,0.5,0.5009563070817795,0,1,0.42857142857142855
29,1,11010.jpg,1,1,0,1,0,0,13,0.2,0.2,0.2,0.2,0.2,2,0.6931471805599453,0.5,0.5138693429381211,1,0,0.41379310344827586
30,1,00000.jpg,0,0,0,0,0,0,13,0.2,0.2,0.2,0.2,0.2,2,0.6931471805599453,0.5,0.3659190890334587,0,1,0.43333333333333335
31,1,11100.jpg,1,1,1,0,0,1,13,0.2,0.2,0.2,0.2,0.2,2,0.6931471805599453,0.5,0.6062495155280562,0,0,0.41935483870967744
32,1,10101.jpg,1,0,1,0,1,1,13,0.2,0.2,0.2,0.2,0.2,2,0.6931471805599453,0.5,0.6007044856350667,1,1,0.4375
33,2,01010.jpg,0,1,0,1,0,0,13,0.2,0.2,0.2,0.2,0.2,2,0.6931471805599453,0.5,0.36544407934014683,0,1,0.45454545454545453
34,2,10011.jpg,1,0,0,1,1,0,13,0.2,0.2,0.2,0.2,0.2,2,0.6931471805599453,0.5,0.4895384194080508,0,1,0.47058823529411764
35,2,01011.jpg,0,1,0,1,1,0,13,0.2,0.2,0.2,0.2,0.2,2,0.6931471805599453,0.5,0.36135601224142005,1,0,0.45714285714285713
36,2,10101.jpg,1,0,1,0,1,1,13,0.2,0.2,0.2,0.2,0.2,2,0.6931471805599453,0.5,0.6327626140776625,1,1,0.4722222222222222
37,2,11100.jpg,1,1,1,0,0,1,13,0.2,0.2,0.2,0.2,0.2,2,0.6931471805599453,0.5,0.6288602841034308,0,0,0.4594594594594595
38,2,10010.jpg,1,0,0,1,0,0,13,0.2,0.2,0.2,0.2,0.2,2,0.6931471805599453,0.5,0.4710189175508125,0,1,0.47368421052631576
39,2,10000.jpg,1,0,0,0,0,0,13,0.2,0.2,0.2,0.2,0.2,2,0.6931471805599453,0.5,0.49477758669300265,0,1,0.48717948717948717
40,2,01100.jpg,0,1,1,0,0,0,13,0.2,0.2,0.2,0.2,0.2,2,0.6931471805599453,0.5,0.5131692781574463,0,1,0.5
41,2,00011.jpg,0,0,0,1,1,0,13,0.2,0.2,0.2,0.2,0.2,2,0.6931471805599453,0.5,0.35738520378240185,0,1,0.5121951219512195
42,2,01000.jpg,0,1,0,0,0,0,13,0.2,0.2,0.2,0.2,0.2,2,0.6931471805599453,0.5,0.3788740001285072,0,1,0.5238095238095238
43,2,10100.jpg,1,0,1,0,0,1,13,0.2,0.2,0.2,0.2,0.2,2,0.6931471805599453,0.5,0.634698903623714,1,1,0.5348837209302325
44,2,00110.jpg,0,0,1,1,0,0,13,0.2,0.2,0.2,0.2,0.2,2,0.6931471805599453,0.5,0.4853549985617657,1,0,0.5227272727272727
45,2,00000.jpg,0,0,0,0,0,0,13,0.2,0.2,0.2,0.2,0.2,2,0.6931471805599453,0.5,0.38464284371649476,0,1,0.5333333333333333
46,2,10110.jpg,1,0,1,1,0,1,13,0.2,0.2,0.2,0.2,0.2,2,0.6931471805599453,0.5,0.6123343940482554,0,0,0.5217391304347826
47,2,11101.jpg,1,1,1,0,1,1,13,0.2,0.2,0.2,0.2,0.2,2,0.6931471805599453,0.5,0.6347921759015508,1,1,0.5319148936170213
48,2,11011.jpg,1,1,0,1,1,0,13,0.2,0.2,0.2,0.2,0.2,2,0.6931471805599453,0.5,0.4704307446985203,1,0,0.5208333333333334
49,2,01001.jpg,0,1,0,0,1,0,13,0.2,0.2,0.2,0.2,0.2,2,0.6931471805599453,0.5,0.37691663650810436,0,1,0.5306122448979592
50,2,01111.jpg,0,1,1,1,1,0,13,0.2,0.2,0.2,0.2,0.2,2,0.6931471805599453,0.5,0.4738574586259934,0,1,0.54
51,2,10001.jpg,1,0,0,0,1,0,13,0.2,0.2,0.2,0.2,0.2,2,0.6931471805599453,0.5,0.5032674785657855,1,0,0.5294117647058824
52,2,00010.jpg,0,0,0,1,0,0,13,0.2,0.2,0.2,0.2,0.2,2,0.6931471805599453,0.5,0.3602686760443876,1,0,0.5192307692307693
53,2,11000.jpg,1,1,0,0,0,0,13,0.2,0.2,0.2,0.2,0.2,2,0.6931471805599453,0.5,0.5001948872636425,1,0,0.5094339622641509
54,2,00100.jpg,0,0,1,0,0,0,13,0.2,0.2,0.2,0.2,0.2,2,0.6931471805599453,0.5,0.513242436237965,1,0,0.5
55,2,00001.jpg,0,0,0,0,1,0,13,0.2,0.2,0.2,0.2,0.2,2,0.6931471805599453,0.5,0.3783462597990922,1,0,0.4909090909090909
56,2,10111.jpg,1,0,1,1,1,1,13,0.2,0.2,0.2,0.2,0.2,2,0.6931471805599453,0.5,0.6183476678602914,1,1,0.5
57,2,11111.jpg,1,1,1,1,1,1,13,0.2,0.2,0.2,0.2,0.2,2,0.6931471805599453,0.5,0.6188444590957438,0,0,0.49122807017543857
58,2,01101.jpg,0,1,1,0,1,0,13,0.2,0.2,0.2,0.2,0.2,2,0.6931471805599453,0.5,0.501722659608894,0,1,0.5
59,2,00111.jpg,0,0,1,1,1,0,13,0.2,0.2,0.2,0.2,0.2,2,0.6931471805599453,0.5,0.49728690575991125,1,0,0.4915254237288136
60,2,11010.jpg,1,1,0,1,0,0,13,0.2,0.2,0.2,0.2,0.2,2,0.6931471805599453,0.5,0.480021598575516,0,1,0.5
61,2,00101.jpg,0,0,1,0,1,0,13,0.2,0.2,0.2,0.2,0.2,2,0.6931471805599453,0.5,0.4997752554972492,1,0,0.4918032786885246
62,2,11001.jpg,1,1,0,0,1,0,13,0.2,0.2,0.2,0.2,0.2,2,0.6931471805599453,0.5,0.4956744062786902,1,0,0.4838709677419355
63,2,01110.jpg,0,1,1,1,0,0,13,0.2,0.2,0.2,0.2,0.2,2,0.6931471805599453,0.5,0.482330968574115,1,0,0.47619047619047616
64,2,11110.jpg,1,1,1,1,0,1,13,0.2,0.2,0.2,0.2,0.2,2,0.6931471805599453,0.5,0.6147813891142636,1,1,0.484375
65,3,01101.jpg,0,1,1,0,1,0,13,0.2,0.2,0.2,0.2,0.2,2,0.6931471805599453,0.5,0.4868434814158423,1,0,0.47692307692307695
66,3,01100.jpg,0,1,1,0,0,0,13,0.2,0.2,0.2,0.2,0.2,2,0.6931471805599453,0.5,0.4836592176720504,0,1,0.48484848484848486
67,3,11110.jpg,1,1,1,1,0,1,13,0.2,0.2,0.2,0.2,0.2,2,0.6931471805599453,0.5,0.6255636512085921,1,1,0.4925373134328358
68,3,11000.jpg,1,1,0,0,0,0,13,0.2,0.2,0.2,0.2,0.2,2,0.6931471805599453,0.5,0.48993256402289875,0,1,0.5
69,3,10100.jpg,1,0,1,0,0,1,13,0.2,0.2,0.2,0.2,0.2,2,0.6931471805599453,0.5,0.6210590428069397,1,1,0.5072463768115942
70,3,00011.jpg,0,0,0,1,1,0,13,0.2,0.2,0.2,0.2,0.2,2,0.6931471805599453,0.5,0.366160173020279,0,1,0.5142857142857142
71,3,10001.jpg,1,0,0,0,1,0,13,0.2,0.2,0.2,0.2,0.2,2,0.6931471805599453,0.5,0.48506089233325284,1,0,0.5070422535211268
72,3,00111.jpg,0,0,1,1,1,0,13,0.2,0.2,0.2,0.2,0.2,2,0.6931471805599453,0.5,0.48272273958706385,0,1,0.5138888888888888
73,3,10011.jpg,1,0,0,1,1,0,13,0.2,0.2,0.2,0.2,0.2,2,0.6931471805599453,0.5,0.48087891820789047,1,0,0.5068493150684932
74,3,11001.jpg,1,1,0,0,1,0,13,0.2,0.2,0.2,0.2,0.2,2,0.6931471805599453,0.5,0.4786315323336017,0,1,0.5135135135135135
75,3,01110.jpg,0,1,1,1,0,0,13,0.2,0.2,0.2,0.2,0.2,2,0.6931471805599453,0.5,0.49992384945616797,0,1,0.52
76,3,00100.jpg,0,0,1,0,0,0,13,0.2,0.2,0.2,0.2,0.2,2,0.6931471805599453,0.5,0.4975951147991848,1,0,0.5131578947368421
77,3,10110.jpg,1,0,1,1,0,1,13,0.2,0.2,0.2,0.2,0.2,2,0.6931471805599453,0.5,0.6309952087691267,1,1,0.5194805194805194
78,3,01011.jpg,0,1,0,1,1,0,13,0.2,0.2,0.2,0.2,0.2,2,0.6931471805599453,0.5,0.3631409405153031,0,1,0.5256410256410257
79,3,00001.jpg,0,0,0,0,1,0,13,0.2,0.2,0.2,0.2,0.2,2,0.6931471805599453,0.5,0.3598884995224416,0,1,0.5316455696202531
80,3,11010.jpg,1,1,0,1,0,0,13,0.2,0.2,0.2,0.2,0.2,2,0.6931471805599453,0.5,0.5029232928598976,0,1,0.5375
81,3,10000.jpg,1,0,0,0,0,0,13,0.2,0.2,0.2,0.2,0.2,2,0.6931471805599453,0.5,0.4986496823044709,1,0,0.5308641975308642
82,3,01001.jpg,0,1,0,0,1,0,13,0.2,0.2,0.2,0.2,0.2,2,0.6931471805599453,0.5,0.3543836293624257,0,1,0.5365853658536586
83,3,00010.jpg,0,0,0,1,0,0,13,0.2,0.2,0.2,0.2,0.2,2,0.6931471805599453,0.5,0.3855410826939165,0,1,0.54216867469879515
84,3,00000.jpg,0,0,0,0,0,0,13,0.2,0.2,0.2,0.2,0.2,2,0.6931471805599453,0.5,0.3750493175233638,0,1,0.5476190476190477
85,3,10111.jpg,1,0,1,1,1,1,13,0.2,0.2,0.2,0.2,0.2,2,0.6931471805599453,0.5,0.6240680567405337,0,0,0.5411764705882353
86,3,11111.jpg,1,1,1,1,1,1,13,0.2,0.2,0.2,0.2,0.2,2,0.6931471805599453,0.5,0.6247379197010156,1,1,0.5465116279069767
87,3,11100.jpg,1,1,1,0,0,1,13,0.2,0.2,0.2,0.2,0.2,2,0.6931471805599453,0.5,0.6172150390533976,1,1,0.5517241379310345
88,3,01010.jpg,0,1,0,1,0,0,13,0.2,0.2,0.2,0.2,0.2,2,0.6931471805599453,0.5,0.37676115168401947,1,0,0.5454545454545454
89,3,01000.jpg,0,1,0,0,0,0,13,0.2,0.2,0.2,0.2,0.2,2,0.6931471805599453,0.5,0.36456243084991663,0,1,0.550561797752809
90,3,10010.jpg,1,0,0,1,0,0,13,0.2,0.2,0.2,0.2,0.2,2,0.6931471805599453,0.5,0.4970257608086243,1,0,0.5444444444444444
91,3,01111.jpg,0,1,1,1,1,0,13,0.2,0.2,0.2,0.2,0.2,2,0.6931471805599453,0.5,0.49407226739482585,1,0,0.5384615384615384
92,3,00101.jpg,0,0,1,0,1,0,13,0.2,0.2,0.2,0.2,0.2,2,0.6931471805599453,0.5,0.4804873882135747,0,1,0.5434782608695652
93,3,11011.jpg,1,1,0,1,1,0,13,0.2,0.2,0.2,0.2,0.2,2,0.6931471805599453,0.5,0.4910335141692107,0,1,0.5483870967741935
94,3,00110.jpg,0,0,1,1,0,0,13,0.2,0.2,0.2,0.2,0.2,2,0.6931471805599453,0.5,0.4998840836893051,0,1,0.5531914893617021
95,3,10101.jpg,1,0,1,0,1,1,13,0.2,0.2,0.2,0.2,0.2,2,0.6931471805599453,0.5,0.6168472405849139,1,1,0.5578947368421052
96,3,11101.jpg,1,1,1,0,1,1,13,0.2,0.2,0.2,0.2,0.2,2,0.6931471805599453,0.5,0.6188707476424767,1,1,0.5625
1,1,11101.jpg,1,1,1,0,1,1,14,0.2,0.2,0.2,0.2,0.2,2,0.6931471805599453,0.5,0.5,1,1,1
2,1,11111.jpg,1,1,1,1,1,1,14,0.2,0.2,0.2,0.2,0.2,2,0.6931471805599453,0.5,0.5,0,0,0.5
3,1,00001.jpg,0,0,0,0,1,0,14,0.2,0.2,0.2,0.2,0.2,2,0.6931471805599453,0.5,0.5,1,0,0.3333333333333333
4,1,00111.jpg,0,0,1,1,1,0,14,0.2,0.2,0.2,0.2,0.2,2,0.6931471805599453,0.5,0.45508839149865793,1,0,0.25
5,1,00101.jpg,0,0,1,0,1,0,14,0.2,0.2,0.2,0.2,0.2,2,0.6931471805599453,0.5,0.358902237562295,0,1,0.4
6,1,00100.jpg,0,0,1,0,0,0,14,0.2,0.2,0.2,0.2,0.2,2,0.6931471805599453,0.5,0.32476825858724245,0,1,0.5
7,1,01001.jpg,0,1,0,0,1,0,14,0.2,0.2,0.2,0.2,0.2,2,0.6931471805599453,0.5,0.4657174469252314,1,0,0.42857142857142855
8,1,11110.jpg,1,1,1,1,0,1,14,0.2,0.2,0.2,0.2,0.2,2,0.6931471805599453,0.5,0.7103219388298885,0,0,0.375
9,1,01101.jpg,0,1,1,0,1,0,14,0.2,0.2,0.2,0.2,0.2,2,0.6931471805599453,0.5,0.46830393243655116,1,0,0.3333333333333333
10,1,00010.jpg,0,0,0,1,0,0,14,0.2,0.2,0.2,0.2,0.2,2,0.6931471805599453,0.5,0.3723551782455961,0,1,0.4
11,1,10110.jpg,1,0,1,1,0,1,14,0.2,0.2,0.2,0.2,0.2,2,0.6931471805599453,0.5,0.6023865582488477,0,0,0.36363636363636365
12,1,01000.jpg,0,1,0,0,0,0,14,0.2,0.2,0.2,0.2,0.2,2,0.6931471805599453,0.5,0.37214437508162823,0,1,0.4166666666666667
13,1,10001.jpg,1,0,0,0,1,0,14,0.2,0.2,0.2,0.2,0.2,2,0.6931471805599453,0.5,0.4491487606313046,1,0,0.38461538461538464
14,1,01011.jpg,0,1,0,1,1,0,14,0.2,0.2,0.2,0.2,0.2,2,0.6931471805599453,0.5,0.43116517200801235,1,0,0.35714285714285715
15,1,11001.jpg,1,1,0,0,1,0,14,0.2,0.2,0.2,0.2,0.2,2,0.6931471805599453,0.5,0.5007411809819671,0,1,0.4
16,1,10010.jpg,1,0,0,1,0,0,14,0.2,0.2,0.2,0.2,0.2,2,0.6931471805599453,0.5,0.5628488736638658,1,0,0.375
17,1,01111.jpg,0,1,1,1,1,0,14,0.2,0.2,0.2,0.2,0.2,2,0.6931471805599453,0.5,0.5379262741595399,1,0,0.35294117647058826
18,1,00110.jpg,0,0,1,1,0,0,14,0.2,0.2,0.2,0.2,0.2,2,0.6931471805599453,0.5,0.5082420725730498,1,0,0.3333333333333333
19,1,10111.jpg,1,0,1,1,1,1,14,0.2,0.2,0.2,0.2,0.2,2,0.6931471805599453,0.5,0.6076130543447779,0,0,0.3157894736842105
20,1,10011.jpg,1,0,0,1,1,0,14,0.2,0.2,0.2,0.2,0.2,2,0.6931471805599453,0.5,0.5297133526862149,0,1,0.35
21,1,01010.jpg,0,1,0,1,0,0,14,0.2,0.2,0.2,0.2,0.2,2,0.6931471805599453,0.5,0.4204342222777583,1,0,0.3333333333333333
22,1,01100.jpg,0,1,1,0,0,0,14,0.2,0.2,0.2,0.2,0.2,2,0.6931471805599453,0.5,0.4636964631561747,1,0,0.3181818181818182
23,1,10100.jpg,1,0,1,0,0,1,14,0.2,0.2,0.2,0.2,0.2,2,0.6931471805599453,0.5,0.577638928805088,1,1,0.34782608695652173
24,1,11011.jpg,1,1,0,1,1,0,14,0.2,0.2,0.2,0.2,0.2,2,0.6931471805599453,0.5,0.523422220432026,0,1,0.375
25,1,01110.jpg,0,1,1,1,0,0,14,0.2,0.2,0.2,0.2,0.2,2,0.6931471805599453,0.5,0.5032096825687724,1,0,0.36
26,1,00011.jpg,0,0,0,1,1,0,14,0.2,0.2,0.2,0.2,0.2,2,0.6931471805599453,0.5,0.3775173252484963,0,1,0.38461538461538464
27,1,11000.jpg,1,1,0,0,0,0,14,0.2,0.2,0.2,0.2,0.2,2,0.6931471805599453,0.5,0.5030270621099207,0,1,0.4074074074074074
28,1,10000.jpg,1,0,0,0,0,0,14,0.2,0.2,0.2,0.2,0.2,2,0.6931471805599453,0.5,0.5009563070817795,0,1,0.42857142857142855
29,1,11010.jpg,1,1,0,1,0,0,14,0.2,0.2,0.2,0.2,0.2,2,0.6931471805599453,0.5,0.5138693429381211,1,0,0.41379310344827586
30,1,00000.jpg,0,0,0,0,0,0,14,0.2,0.2,0.2,0.2,0.2,2,0.6931471805599453,0.5,0.3659190890334587,0,1,0.43333333333333335
31,1,11100.jpg,1,1,1,0,0,1,14,0.2,0.2,0.2,0.2,0.2,2,0.6931471805599453,0.5,0.6062495155280562,0,0,0.41935483870967744
32,1,10101.jpg,1,0,1,0,1,1,14,0.2,0.2,0.2,0.2,0.2,2,0.6931471805599453,0.5,0.6007044856350667,1,1,0.4375
33,2,01010.jpg,0,1,0,1,0,0,14,0.2,0.2,0.2,0.2,0.2,2,0.6931471805599453,0.5,0.36544407934014683,0,1,0.45454545454545453
34,2,10011.jpg,1,0,0,1,1,0,14,0.2,0.2,0.2,0.2,0.2,2,0.6931471805599453,0.5,0.4895384194080508,0,1,0.47058823529411764
35,2,01011.jpg,0,1,0,1,1,0,14,0.2,0.2,0.2,0.2,0.2,2,0.6931471805599453,0.5,0.36135601224142005,1,0,0.45714285714285713
36,2,10101.jpg,1,0,1,0,1,1,14,0.2,0.2,0.2,0.2,0.2,2,0.6931471805599453,0.5,0.6327626140776625,1,1,0.4722222222222222
37,2,11100.jpg,1,1,1,0,0,1,14,0.2,0.2,0.2,0.2,0.2,2,0.6931471805599453,0.5,0.6288602841034308,0,0,0.4594594594594595
38,2,10010.jpg,1,0,0,1,0,0,14,0.2,0.2,0.2,0.2,0.2,2,0.6931471805599453,0.5,0.4710189175508125,0,1,0.47368421052631576
39,2,10000.jpg,1,0,0,0,0,0,14,0.2,0.2,0.2,0.2,0.2,2,0.6931471805599453,0.5,0.49477758669300265,0,1,0.48717948717948717
40,2,01100.jpg,0,1,1,0,0,0,14,0.2,0.2,0.2,0.2,0.2,2,0.6931471805599453,0.5,0.5131692781574463,0,1,0.5
41,2,00011.jpg,0,0,0,1,1,0,14,0.2,0.2,0.2,0.2,0.2,2,0.6931471805599453,0.5,0.35738520378240185,0,1,0.5121951219512195
42,2,01000.jpg,0,1,0,0,0,0,14,0.2,0.2,0.2,0.2,0.2,2,0.6931471805599453,0.5,0.3788740001285072,0,1,0.5238095238095238
43,2,10100.jpg,1,0,1,0,0,1,14,0.2,0.2,0.2,0.2,0.2,2,0.6931471805599453,0.5,0.634698903623714,1,1,0.5348837209302325
44,2,00110.jpg,0,0,1,1,0,0,14,0.2,0.2,0.2,0.2,0.2,2,0.6931471805599453,0.5,0.4853549985617657,1,0,0.5227272727272727
45,2,00000.jpg,0,0,0,0,0,0,14,0.2,0.2,0.2,0.2,0.2,2,0.6931471805599453,0.5,0.38464284371649476,0,1,0.5333333333333333
46,2,10110.jpg,1,0,1,1,0,1,14,0.2,0.2,0.2,0.2,0.2,2,0.6931471805599453,0.5,0.6123343940482554,0,0,0.5217391304347826
47,2,11101.jpg,1,1,1,0,1,1,14,0.2,0.2,0.2,0.2,0.2,2,0.6931471805599453,0.5,0.6347921759015508,1,1,0.5319148936170213
48,2,11011.jpg,1,1,0,1,1,0,14,0.2,0.2,0.2,0.2,0.2,2,0.6931471805599453,0.5,0.4704307446985203,1,0,0.5208333333333334
49,2,01001.jpg,0,1,0,0,1,0,14,0.2,0.2,0.2,0.2,0.2,2,0.6931471805599453,0.5,0.37691663650810436,0,1,0.5306122448979592
50,2,01111.jpg,0,1,1,1,1,0,14,0.2,0.2,0.2,0.2,0.2,2,0.6931471805599453,0.5,0.4738574586259934,0,1,0.54
51,2,10001.jpg,1,0,0,0,1,0,14,0.2,0.2,0.2,0.2,0.2,2,0.6931471805599453,0.5,0.5032674785657855,1,0,0.5294117647058824
52,2,00010.jpg,0,0,0,1,0,0,14,0.2,0.2,0.2,0.2,0.2,2,0.6931471805599453,0.5,0.3602686760443876,1,0,0.5192307692307693
53,2,11000.jpg,1,1,0,0,0,0,14,0.2,0.2,0.2,0.2,0.2,2,0.6931471805599453,0.5,0.5001948872636425,1,0,0.5094339622641509
54,2,00100.jpg,0,0,1,0,0,0,14,0.2,0.2,0.2,0.2,0.2,2,0.6931471805599453,0.5,0.513242436237965,1,0,0.5
55,2,00001.jpg,0,0,0,0,1,0,14,0.2,0.2,0.2,0.2,0.2,2,0.6931471805599453,0.5,0.3783462597990922,1,0,0.4909090909090909
56,2,10111.jpg,1,0,1,1,1,1,14,0.2,0.2,0.2,0.2,0.2,2,0.6931471805599453,0.5,0.6183476678602914,1,1,0.5
57,2,11111.jpg,1,1,1,1,1,1,14,0.2,0.2,0.2,0.2,0.2,2,0.6931471805599453,0.5,0.6188444590957438,0,0,0.49122807017543857
58,2,01101.jpg,0,1,1,0,1,0,14,0.2,0.2,0.2,0.2,0.2,2,0.6931471805599453,0.5,0.501722659608894,0,1,0.5
59,2,00111.jpg,0,0,1,1,1,0,14,0.2,0.2,0.2,0.2,0.2,2,0.6931471805599453,0.5,0.49728690575991125,1,0,0.4915254237288136
60,2,11010.jpg,1,1,0,1,0,0,14,0.2,0.2,0.2,0.2,0.2,2,0.6931471805599453,0.5,0.480021598575516,0,1,0.5
61,2,00101.jpg,0,0,1,0,1,0,14,0.2,0.2,0.2,0.2,0.2,2,0.6931471805599453,0.5,0.4997752554972492,1,0,0.4918032786885246
62,2,11001.jpg,1,1,0,0,1,0,14,0.2,0.2,0.2,0.2,0.2,2,0.6931471805599453,0.5,0.4956744062786902,1,0,0.4838709677419355
63,2,01110.jpg,0,1,1,1,0,0,14,0.2,0.2,0.2,0.2,0.2,2,0.6931471805599453,0.5,0.482330968574115,1,0,0.47619047619047616
64,2,11110.jpg,1,1,1,1,0,1,14,0.2,0.2,0.2,0.2,0.2,2,0.6931471805599453,0.5,0.6147813891142636,1,1,0.484375
65,3,01101.jpg,0,1,1,0,1,0,14,0.2,0.2,0.2,0.2,0.2,2,0.6931471805599453,0.5,0.4868434814158423,1,0,0.47692307692307695
66,3,01100.jpg,0,1,1,0,0,0,14,0.2,0.2,0.2,0.2,0.2,2,0.6931471805599453,0.5,0.4836592176720504,0,1,0.48484848484848486
67,3,11110.jpg,1,1,1,1,0,1,14,0.2,0.2,0.2,0.2,0.2,2,0.6931471805599453,0.5,0.6255636512085921,1,1,0.4925373134328358
68,3,11000.jpg,1,1,0,0,0,0,14,0.2,0.2,0.2,0.2,0.2,2,0.6931471805599453,0.5,0.48993256402289875,0,1,0.5
69,3,10100.jpg,1,0,1,0,0,1,14,0.2,0.2,0.2,0.2,0.2,2,0.6931471805599453,0.5,0.6210590428069397,1,1,0.5072463768115942
70,3,00011.jpg,0,0,0,1,1,0,14,0.2,0.2,0.2,0.2,0.2,2,0.6931471805599453,0.5,0.366160173020279,0,1,0.5142857142857142
71,3,10001.jpg,1,0,0,0,1,0,14,0.2,0.2,0.2,0.2,0.2,2,0.6931471805599453,0.5,0.48506089233325284,1,0,0.5070422535211268
72,3,00111.jpg,0,0,1,1,1,0,14,0.2,0.2,0.2,0.2,0.2,2,0.6931471805599453,0.5,0.48272273958706385,0,1,0.5138888888888888
73,3,10011.jpg,1,0,0,1,1,0,14,0.2,0.2,0.2,0.2,0.2,2,0.6931471805599453,0.5,0.48087891820789047,1,0,0.5068493150684932
74,3,11001.jpg,1,1,0,0,1,0,14,0.2,0.2,0.2,0.2,0.2,2,0.6931471805599453,0.5,0.4786315323336017,0,1,0.5135135135135135
75,3,01110.jpg,0,1,1,1,0,0,14,0.2,0.2,0.2,0.2,0.2,2,0.6931471805599453,0.5,0.49992384945616797,0,1,0.52
76,3,00100.jpg,0,0,1,0,0,0,14,0.2,0.2,0.2,0.2,0.2,2,0.6931471805599453,0.5,0.4975951147991848,1,0,0.5131578947368421
77,3,10110.jpg,1,0,1,1,0,1,14,0.2,0.2,0.2,0.2,0.2,2,0.6931471805599453,0.5,0.6309952087691267,1,1,0.5194805194805194
78,3,01011.jpg,0,1,0,1,1,0,14,0.2,0.2,0.2,0.2,0.2,2,0.6931471805599453,0.5,0.3631409405153031,0,1,0.5256410256410257
79,3,00001.jpg,0,0,0,0,1,0,14,0.2,0.2,0.2,0.2,0.2,2,0.6931471805599453,0.5,0.3598884995224416,0,1,0.5316455696202531
80,3,11010.jpg,1,1,0,1,0,0,14,0.2,0.2,0.2,0.2,0.2,2,0.6931471805599453,0.5,0.5029232928598976,0,1,0.5375
81,3,10000.jpg,1,0,0,0,0,0,14,0.2,0.2,0.2,0.2,0.2,2,0.6931471805599453,0.5,0.4986496823044709,1,0,0.5308641975308642
82,3,01001.jpg,0,1,0,0,1,0,14,0.2,0.2,0.2,0.2,0.2,2,0.6931471805599453,0.5,0.3543836293624257,0,1,0.5365853658536586
83,3,00010.jpg,0,0,0,1,0,0,14,0.2,0.2,0.2,0.2,0.2,2,0.6931471805599453,0.5,0.3855410826939165,0,1,0.54216867469879515
84,3,00000.jpg,0,0,0,0,0,0,14,0.2,0.2,0.2,0.2,0.2,2,0.6931471805599453,0.5,0.3750493175233638,0,1,0.5476190476190477
85,3,10111.jpg,1,0,1,1,1,1,14,0.2,0.2,0.2,0.2,0.2,2,0.6931471805599453,0.5,0.6240680567405337,0,0,0.5411764705882353
86,3,11111.jpg,1,1,1,1,1,1,14,0.2,0.2,0.2,0.2,0.2,2,0.6931471805599453,0.5,0.6247379197010156,1,1,0.5465116279069767
87,3,11100.jpg,1,1,1,0,0,1,14,0.2,0.2,0.2,0.2,0.2,2,0.6931471805599453,0.5,0.6172150390533976,1,1,0.5517241379310345
88,3,01010.jpg,0,1,0,1,0,0,14,0.2,0.2,0.2,0.2,0.2,2,0.6931471805599453,0.5,0.37676115168401947,1,0,0.5454545454545454
89,3,01000.jpg,0,1,0,0,0,0,14,0.2,0.2,0.2,0.2,0.2,2,0.6931471805599453,0.5,0.36456243084991663,0,1,0.550561797752809
90,3,10010.jpg,1,0,0,1,0,0,14,0.2,0.2,0.2,0.2,0.2,2,0.6931471805599453,0.5,0.4970257608086243,1,0,0.5444444444444444
91,3,01111.jpg,0,1,1,1,1,0,14,0.2,0.2,0.2,0.2,0.2,2,0.6931471805599453,0.5,0.49407226739482585,1,0,0.5384615384615384
92,3,00101.jpg,0,0,1,0,1,0,14,0.2,0.2,0.2,0.2,0.2,2,0.6931471805599453,0.5,0.4804873882135747,0,1,0.5434782608695652
93,3,11011.jpg,1,1,0,1,1,0,14,0.2,0.2,0.2,0.2,0.2,2,0.6931471805599453,0.5,0.4910335141692107,0,1,0.5483870967741935
94,3,00110.jpg,0,0,1,1,0,0,14,0.2,0.2,0.2,0.2,0.2,2,0.6931471805599453,0.5,0.4998840836893051,0,1,0.5531914893617021
95,3,10101.jpg,1,0,1,0,1,1,14,0.2,0.2,0.2,0.2,0.2,2,0.6931471805599453,0.5,0.6168472405849139,1,1,0.5578947368421052
96,3,11101.jpg,1,1,1,0,1,1,14,0.2,0.2,0.2,0.2,0.2,2,0.6931471805599453,0.5,0.6188707476424767,1,1,0.5625
1,1,11101.jpg,1,1,1,0,1,1,15,0.2,0.2,0.2,0.2,0.2,2,0.6931471805599453,0.5,0.5,1,1,1
2,1,11111.jpg,1,1,1,1,1,1,15,0.2,0.2,0.2,0.2,0.2,2,0.6931471805599453,0.5,0.5,0,0,0.5
3,1,00001.jpg,0,0,0,0,1,0,15,0.2,0.2,0.2,0.2,0.2,2,0.6931471805599453,0.5,0.5,1,0,0.3333333333333333
4,1,00111.jpg,0,0,1,1,1,0,15,0.2,0.2,0.2,0.2,0.2,2,0.6931471805599453,0.5,0.45508839149865793,1,0,0.25
5,1,00101.jpg,0,0,1,0,1,0,15,0.2,0.2,0.2,0.2,0.2,2,0.6931471805599453,0.5,0.358902237562295,0,1,0.4
6,1,00100.jpg,0,0,1,0,0,0,15,0.2,0.2,0.2,0.2,0.2,2,0.6931471805599453,0.5,0.32476825858724245,0,1,0.5
7,1,01001.jpg,0,1,0,0,1,0,15,0.2,0.2,0.2,0.2,0.2,2,0.6931471805599453,0.5,0.4657174469252314,1,0,0.42857142857142855
8,1,11110.jpg,1,1,1,1,0,1,15,0.2,0.2,0.2,0.2,0.2,2,0.6931471805599453,0.5,0.7103219388298885,0,0,0.375
9,1,01101.jpg,0,1,1,0,1,0,15,0.2,0.2,0.2,0.2,0.2,2,0.6931471805599453,0.5,0.46830393243655116,1,0,0.3333333333333333
10,1,00010.jpg,0,0,0,1,0,0,15,0.2,0.2,0.2,0.2,0.2,2,0.6931471805599453,0.5,0.3723551782455961,0,1,0.4
11,1,10110.jpg,1,0,1,1,0,1,15,0.2,0.2,0.2,0.2,0.2,2,0.6931471805599453,0.5,0.6023865582488477,0,0,0.36363636363636365
12,1,01000.jpg,0,1,0,0,0,0,15,0.2,0.2,0.2,0.2,0.2,2,0.6931471805599453,0.5,0.37214437508162823,0,1,0.4166666666666667
13,1,10001.jpg,1,0,0,0,1,0,15,0.2,0.2,0.2,0.2,0.2,2,0.6931471805599453,0.5,0.4491487606313046,1,0,0.38461538461538464
14,1,01011.jpg,0,1,0,1,1,0,15,0.2,0.2,0.2,0.2,0.2,2,0.6931471805599453,0.5,0.43116517200801235,1,0,0.35714285714285715
15,1,11001.jpg,1,1,0,0,1,0,15,0.2,0.2,0.2,0.2,0.2,2,0.6931471805599453,0.5,0.5007411809819671,0,1,0.4
16,1,10010.jpg,1,0,0,1,0,0,15,0.2,0.2,0.2,0.2,0.2,2,0.6931471805599453,0.5,0.5628488736638658,1,0,0.375
17,1,01111.jpg,0,1,1,1,1,0,15,0.2,0.2,0.2,0.2,0.2,2,0.6931471805599453,0.5,0.5379262741595399,1,0,0.35294117647058826
18,1,00110.jpg,0,0,1,1,0,0,15,0.2,0.2,0.2,0.2,0.2,2,0.6931471805599453,0.5,0.5082420725730498,1,0,0.3333333333333333
19,1,10111.jpg,1,0,1,1,1,1,15,0.2,0.2,0.2,0.2,0.2,2,0.6931471805599453,0.5,0.6076130543447779,0,0,0.3157894736842105
20,1,10011.jpg,1,0,0,1,1,0,15,0.2,0.2,0.2,0.2,0.2,2,0.6931471805599453,0.5,0.5297133526862149,0,1,0.35
21,1,01010.jpg,0,1,0,1,0,0,15,0.2,0.2,0.2,0.2,0.2,2,0.6931471805599453,0.5,0.4204342222777583,1,0,0.3333333333333333
22,1,01100.jpg,0,1,1,0,0,0,15,0.2,0.2,0.2,0.2,0.2,2,0.6931471805599453,0.5,0.4636964631561747,1,0,0.3181818181818182
23,1,10100.jpg,1,0,1,0,0,1,15,0.2,0.2,0.2,0.2,0.2,2,0.6931471805599453,0.5,0.577638928805088,1,1,0.34782608695652173
24,1,11011.jpg,1,1,0,1,1,0,15,0.2,0.2,0.2,0.2,0.2,2,0.6931471805599453,0.5,0.523422220432026,0,1,0.375
25,1,01110.jpg,0,1,1,1,0,0,15,0.2,0.2,0.2,0.2,0.2,2,0.6931471805599453,0.5,0.5032096825687724,1,0,0.36
26,1,00011.jpg,0,0,0,1,1,0,15,0.2,0.2,0.2,0.2,0.2,2,0.6931471805599453,0.5,0.3775173252484963,0,1,0.38461538461538464
27,1,11000.jpg,1,1,0,0,0,0,15,0.2,0.2,0.2,0.2,0.2,2,0.6931471805599453,0.5,0.5030270621099207,0,1,0.4074074074074074
28,1,10000.jpg,1,0,0,0,0,0,15,0.2,0.2,0.2,0.2,0.2,2,0.6931471805599453,0.5,0.5009563070817795,0,1,0.42857142857142855
29,1,11010.jpg,1,1,0,1,0,0,15,0.2,0.2,0.2,0.2,0.2,2,0.6931471805599453,0.5,0.5138693429381211,1,0,0.41379310344827586
30,1,00000.jpg,0,0,0,0,0,0,15,0.2,0.2,0.2,0.2,0.2,2,0.6931471805599453,0.5,0.3659190890334587,0,1,0.43333333333333335
31,1,11100.jpg,1,1,1,0,0,1,15,0.2,0.2,0.2,0.2,0.2,2,0.6931471805599453,0.5,0.6062495155280562,0,0,0.41935483870967744
32,1,10101.jpg,1,0,1,0,1,1,15,0.2,0.2,0.2,0.2,0.2,2,0.6931471805599453,0.5,0.6007044856350667,1,1,0.4375
33,2,01010.jpg,0,1,0,1,0,0,15,0.2,0.2,0.2,0.2,0.2,2,0.6931471805599453,0.5,0.36544407934014683,0,1,0.45454545454545453
34,2,10011.jpg,1,0,0,1,1,0,15,0.2,0.2,0.2,0.2,0.2,2,0.6931471805599453,0.5,0.4895384194080508,0,1,0.47058823529411764
35,2,01011.jpg,0,1,0,1,1,0,15,0.2,0.2,0.2,0.2,0.2,2,0.6931471805599453,0.5,0.36135601224142005,1,0,0.45714285714285713
36,2,10101.jpg,1,0,1,0,1,1,15,0.2,0.2,0.2,0.2,0.2,2,0.6931471805599453,0.5,0.6327626140776625,1,1,0.4722222222222222
37,2,11100.jpg,1,1,1,0,0,1,15,0.2,0.2,0.2,0.2,0.2,2,0.6931471805599453,0.5,0.6288602841034308,0,0,0.4594594594594595
38,2,10010.jpg,1,0,0,1,0,0,15,0.2,0.2,0.2,0.2,0.2,2,0.6931471805599453,0.5,0.4710189175508125,0,1,0.47368421052631576
39,2,10000.jpg,1,0,0,0,0,0,15,0.2,0.2,0.2,0.2,0.2,2,0.6931471805599453,0.5,0.49477758669300265,0,1,0.48717948717948717
40,2,01100.jpg,0,1,1,0,0,0,15,0.2,0.2,0.2,0.2,0.2,2,0.6931471805599453,0.5,0.5131692781574463,0,1,0.5
41,2,00011.jpg,0,0,0,1,1,0,15,0.2,0.2,0.2,0.2,0.2,2,0.6931471805599453,0.5,0.35738520378240185,0,1,0.5121951219512195
42,2,01000.jpg,0,1,0,0,0,0,15,0.2,0.2,0.2,0.2,0.2,2,0.6931471805599453,0.5,0.3788740001285072,0,1,0.5238095238095238
43,2,10100.jpg,1,0,1,0,0,1,15,0.2,0.2,0.2,0.2,0.2,2,0.6931471805599453,0.5,0.634698903623714,1,1,0.5348837209302325
44,2,00110.jpg,0,0,1,1,0,0,15,0.2,0.2,0.2,0.2,0.2,2,0.6931471805599453,0.5,0.4853549985617657,1,0,0.5227272727272727
45,2,00000.jpg,0,0,0,0,0,0,15,0.2,0.2,0.2,0.2,0.2,2,0.6931471805599453,0.5,0.38464284371649476,0,1,0.5333333333333333
46,2,10110.jpg,1,0,1,1,0,1,15,0.2,0.2,0.2,0.2,0.2,2,0.6931471805599453,0.5,0.6123343940482554,0,0,0.5217391304347826
47,2,11101.jpg,1,1,1,0,1,1,15,0.2,0.2,0.2,0.2,0.2,2,0.6931471805599453,0.5,0.6347921759015508,1,1,0.5319148936170213
48,2,11011.jpg,1,1,0,1,1,0,15,0.2,0.2,0.2,0.2,0.2,2,0.6931471805599453,0.5,0.4704307446985203,1,0,0.5208333333333334
49,2,01001.jpg,0,1,0,0,1,0,15,0.2,0.2,0.2,0.2,0.2,2,0.6931471805599453,0.5,0.37691663650810436,0,1,0.5306122448979592
50,2,01111.jpg,0,1,1,1,1,0,15,0.2,0.2,0.2,0.2,0.2,2,0.6931471805599453,0.5,0.4738574586259934,0,1,0.54
51,2,10001.jpg,1,0,0,0,1,0,15,0.2,0.2,0.2,0.2,0.2,2,0.6931471805599453,0.5,0.5032674785657855,1,0,0.5294117647058824
52,2,00010.jpg,0,0,0,1,0,0,15,0.2,0.2,0.2,0.2,0.2,2,0.6931471805599453,0.5,0.3602686760443876,1,0,0.5192307692307693
53,2,11000.jpg,1,1,0,0,0,0,15,0.2,0.2,0.2,0.2,0.2,2,0.6931471805599453,0.5,0.5001948872636425,1,0,0.5094339622641509
54,2,00100.jpg,0,0,1,0,0,0,15,0.2,0.2,0.2,0.2,0.2,2,0.6931471805599453,0.5,0.513242436237965,1,0,0.5
55,2,00001.jpg,0,0,0,0,1,0,15,0.2,0.2,0.2,0.2,0.2,2,0.6931471805599453,0.5,0.3783462597990922,1,0,0.4909090909090909
56,2,10111.jpg,1,0,1,1,1,1,15,0.2,0.2,0.2,0.2,0.2,2,0.6931471805599453,0.5,0.6183476678602914,1,1,0.5
57,2,11111.jpg,1,1,1,1,1,1,15,0.2,0.2,0.2,0.2,0.2,2,0.6931471805599453,0.5,0.6188444590957438,0,0,0.49122807017543857
58,2,01101.jpg,0,1,1,0,1,0,15,0.2,0.2,0.2,0.2,0.2,2,0.6931471805599453,0.5,0.501722659608894,0,1,0.5
59,2,00111.jpg,0,0,1,1,1,0,15,0.2,0.2,0.2,0.2,0.2,2,0.6931471805599453,0.5,0.49728690575991125,1,0,0.4915254237288136
60,2,11010.jpg,1,1,0,1,0,0,15,0.2,0.2,0.2,0.2,0.2,2,0.6931471805599453,0.5,0.480021598575516,0,1,0.5
61,2,00101.jpg,0,0,1,0,1,0,15,0.2,0.2,0.2,0.2,0.2,2,0.6931471805599453,0.5,0.4997752554972492,1,0,0.4918032786885246
62,2,11001.jpg,1,1,0,0,1,0,15,0.2,0.2,0.2,0.2,0.2,2,0.6931471805599453,0.5,0.4956744062786902,1,0,0.4838709677419355
63,2,01110.jpg,0,1,1,1,0,0,15,0.2,0.2,0.2,0.2,0.2,2,0.6931471805599453,0.5,0.482330968574115,1,0,0.47619047619047616
64,2,11110.jpg,1,1,1,1,0,1,15,0.2,0.2,0.2,0.2,0.2,2,0.6931471805599453,0.5,0.6147813891142636,1,1,0.484375
65,3,01101.jpg,0,1,1,0,1,0,15,0.2,0.2,0.2,0.2,0.2,2,0.6931471805599453,0.5,0.4868434814158423,1,0,0.47692307692307695
66,3,01100.jpg,0,1,1,0,0,0,15,0.2,0.2,0.2,0.2,0.2,2,0.6931471805599453,0.5,0.4836592176720504,0,1,0.48484848484848486
67,3,11110.jpg,1,1,1,1,0,1,15,0.2,0.2,0.2,0.2,0.2,2,0.6931471805599453,0.5,0.6255636512085921,1,1,0.4925373134328358
68,3,11000.jpg,1,1,0,0,0,0,15,0.2,0.2,0.2,0.2,0.2,2,0.6931471805599453,0.5,0.48993256402289875,0,1,0.5
69,3,10100.jpg,1,0,1,0,0,1,15,0.2,0.2,0.2,0.2,0.2,2,0.6931471805599453,0.5,0.6210590428069397,1,1,0.5072463768115942
70,3,00011.jpg,0,0,0,1,1,0,15,0.2,0.2,0.2,0.2,0.2,2,0.6931471805599453,0.5,0.366160173020279,0,1,0.5142857142857142
71,3,10001.jpg,1,0,0,0,1,0,15,0.2,0.2,0.2,0.2,0.2,2,0.6931471805599453,0.5,0.48506089233325284,1,0,0.5070422535211268
72,3,00111.jpg,0,0,1,1,1,0,15,0.2,0.2,0.2,0.2,0.2,2,0.6931471805599453,0.5,0.48272273958706385,0,1,0.5138888888888888
73,3,10011.jpg,1,0,0,1,1,0,15,0.2,0.2,0.2,0.2,0.2,2,0.6931471805599453,0.5,0.48087891820789047,1,0,0.5068493150684932
74,3,11001.jpg,1,1,0,0,1,0,15,0.2,0.2,0.2,0.2,0.2,2,0.6931471805599453,0.5,0.4786315323336017,0,1,0.5135135135135135
75,3,01110.jpg,0,1,1,1,0,0,15,0.2,0.2,0.2,0.2,0.2,2,0.6931471805599453,0.5,0.49992384945616797,0,1,0.52
76,3,00100.jpg,0,0,1,0,0,0,15,0.2,0.2,0.2,0.2,0.2,2,0.6931471805599453,0.5,0.4975951147991848,1,0,0.5131578947368421
77,3,10110.jpg,1,0,1,1,0,1,15,0.2,0.2,0.2,0.2,0.2,2,0.6931471805599453,0.5,0.6309952087691267,1,1,0.5194805194805194
78,3,01011.jpg,0,1,0,1,1,0,15,0.2,0.2,0.2,0.2,0.2,2,0.6931471805599453,0.5,0.3631409405153031,0,1,0.5256410256410257
79,3,00001.jpg,0,0,0,0,1,0,15,0.2,0.2,0.2,0.2,0.2,2,0.6931471805599453,0.5,0.3598884995224416,0,1,0.5316455696202531
80,3,11010.jpg,1,1,0,1,0,0,15,0.2,0.2,0.2,0.2,0.2,2,0.6931471805599453,0.5,0.5029232928598976,0,1,0.5375
81,3,10000.jpg,1,0,0,0,0,0,15,0.2,0.2,0.2,0.2,0.2,2,0.6931471805599453,0.5,0.4986496823044709,1,0,0.5308641975308642
82,3,01001.jpg,0,1,0,0,1,0,15,0.2,0.2,0.2,0.2,0.2,2,0.6931471805599453,0.5,0.3543836293624257,0,1,0.5365853658536586
83,3,00010.jpg,0,0,0,1,0,0,15,0.2,0.2,0.2,0.2,0.2,2,0.6931471805599453,0.5,0.3855410826939165,0,1,0.54216867469879515
84,3,00000.jpg,0,0,0,0,0,0,15,0.2,0.2,0.2,0.2,0.2,2,0.6931471805599453,0.5,0.3750493175233638,0,1,0.5476190476190477
85,3,10111.jpg,1,0,1,1,1,1,15,0.2,0.2,0.2,0.2,0.2,2,0.6931471805599453,0.5,0.6240680567405337,0,0,0.5411764705882353
86,3,11111.jpg,1,1,1,1,1,1,15,0.2,0.2,0.2,0.2,0.2,2,0.6931471805599453,0.5,0.6247379197010156,1,1,0.5465116279069767
87,3,11100.jpg,1,1,1,0,0,1,15,0.2,0.2,0.2,0.2,0.2,2,0.6931471805599453,0.5,0.6172150390533976,1,1,0.5517241379310345
88,3,01010.jpg,0,1,0,1,0,0,15,0.2,0.2,0.2,0.2,0.2,2,0.6931471805599453,0.5,0.37676115168401947,1,0,0.5454545454545454
89,3,01000.jpg,0,1,0,0,0,0,15,0.2,0.2,0.2,0.2,0.2,2,0.6931471805599453,0.5,0.36456243084991663,0,1,0.550561797752809
90,3,10010.jpg,1,0,0,1,0,0,15,0.2,0.2,0.2,0.2,0.2,2,0.6931471805599453,0.5,0.4970257608086243,1,0,0.5444444444444444
91,3,01111.jpg,0,1,1,1,1,0,15,0.2,0.2,0.2,0.2,0.2,2,0.6931471805599453,0.5,0.49407226739482585,1,0,0.5384615384615384
92,3,00101.jpg,0,0,1,0,1,0,15,0.2,0.2,0.2,0.2,0.2,2,0.6931471805599453,0.5,0.4804873882135747,0,1,0.5434782608695652
93,3,11011.jpg,1,1,0,1,1,0,15,0.2,0.2,0.2,0.2,0.2,2,0.6931471805599453,0.5,0.4910335141692107,0,1,0.5483870967741935
94,3,00110.jpg,0,0,1,1,0,0,15,0.2,0.2,0.2,0.2,0.2,2,0.6931471805599453,0.5,0.4998840836893051,0,1,0.5531914893617021
95,3,10101.jpg,1,0,1,0,1,1,15,0.2,0.2,0.2,0.2,0.2,2,0.6931471805599453,0.5,0.6168472405849139,1,1,0.5578947368421052
96,3,11101.jpg,1,1,1,0,1,1,15,0.2,0.2,0.2,0.2,0.2,2,0.6931471805599453,0.5,0.6188707476424767,1,1,0.5625
1,1,11101.jpg,1,1,1,0,1,1,16,0.2,0.2,0.2,0.2,0.2,4,1.3862943611198906,0.5,0.5,1,1,1
2,1,11111.jpg,1,1,1,1,1,1,16,0.2,0.2,0.2,0.2,0.2,4,1.3862943611198906,0.5,0.5,0,0,0.5
3,1,00001.jpg,0,0,0,0,1,0,16,0.2,0.2,0.2,0.2,0.2,4,1.3862943611198906,0.5,0.5,1,0,0.3333333333333333
4,1,00111.jpg,0,0,1,1,1,0,16,0.2,0.2,0.2,0.2,0.2,4,1.3862943611198906,0.5,0.4201770776850635,1,0,0.25
5,1,00101.jpg,0,0,1,0,1,0,16,0.2,0.2,0.2,0.2,0.2,4,1.3862943611198906,0.5,0.24563187345088908,0,1,0.4
6,1,00100.jpg,0,0,1,0,0,0,16,0.2,0.2,0.2,0.2,0.2,4,1.3862943611198906,0.5,0.18776759530417306,0,1,0.5
7,1,01001.jpg,0,1,0,0,1,0,16,0.2,0.2,0.2,0.2,0.2,4,1.3862943611198906,0.5,0.4127462679349504,0,1,0.5714285714285714
8,1,11110.jpg,1,1,1,1,0,1,16,0.2,0.2,0.2,0.2,0.2,4,1.3862943611198906,0.5,0.8526841716495769,0,0,0.5
9,1,01101.jpg,0,1,1,0,1,0,16,0.2,0.2,0.2,0.2,0.2,4,1.3862943611198906,0.5,0.4511523316735937,1,0,0.4444444444444444
10,1,00010.jpg,0,0,0,1,0,0,16,0.2,0.2,0.2,0.2,0.2,4,1.3862943611198906,0.5,0.26571805245351127,0,1,0.5
11,1,10110.jpg,1,0,1,1,0,1,16,0.2,0.2,0.2,0.2,0.2,4,1.3862943611198906,0.5,0.6849599795860064,1,1,0.5454545454545454
12,1,01000.jpg,0,1,0,0,0,0,16,0.2,0.2,0.2,0.2,0.2,4,1.3862943611198906,0.5,0.24893789285098514,0,1,0.5833333333333334
13,1,10001.jpg,1,0,0,0,1,0,16,0.2,0.2,0.2,0.2,0.2,4,1.3862943611198906,0.5,0.3936093805664217,1,0,0.5384615384615384
14,1,01011.jpg,0,1,0,1,1,0,16,0.2,0.2,0.2,0.2,0.2,4,1.3862943611198906,0.5,0.36209955162262714,1,0,0.5
15,1,11001.jpg,1,1,0,0,1,0,16,0.2,0.2,0.2,0.2,0.2,4,1.3862943611198906,0.5,0.5048394492310487,0,1,0.5333333333333333
16,1,10010.jpg,1,0,0,1,0,0,16,0.2,0.2,0.2,0.2,0.2,4,1.3862943611198906,0.5,0.6242914089926073,1,0,0.5
17,1,01111.jpg,0,1,1,1,1,0,16,0.2,0.2,0.2,0.2,0.2,4,1.3862943611198906,0.5,0.5532025898439661,1,0,0.47058823529411764
18,1,00110.jpg,0,0,1,1,0,0,16,0.2,0.2,0.2,0.2,0.2,4,1.3862943611198906,0.5,0.512842777849458,1,0,0.4444444444444444
19,1,10111.jpg,1,0,1,1,1,1,16,0.2,0.2,0.2,0.2,0.2,4,1.3862943611198906,0.5,0.6885263487111597,0,0,0.42105263157894735
20,1,10011.jpg,1,0,0,1,1,0,16,0.2,0.2,0.2,0.2,0.2,4,1.3862943611198906,0.5,0.5475857639082624,0,1,0.45
21,1,01010.jpg,0,1,0,1,0,0,16,0.2,0.2,0.2,0.2,0.2,4,1.3862943611198906,0.5,0.3339508260199144,1,0,0.42857142857142855
22,1,01100.jpg,0,1,1,0,0,0,16,0.2,0.2,0.2,0.2,0.2,4,1.3862943611198906,0.5,0.4076399554245365,1,0,0.4090909090909091
23,1,10100.jpg,1,0,1,0,0,1,16,0.2,0.2,0.2,0.2,0.2,4,1.3862943611198906,0.5,0.635487752050753,1,1,0.43478260869565216
24,1,11011.jpg,1,1,0,1,1,0,16,0.2,0.2,0.2,0.2,0.2,4,1.3862943611198906,0.5,0.5324772899003627,0,1,0.4583333333333333
25,1,01110.jpg,0,1,1,1,0,0,16,0.2,0.2,0.2,0.2,0.2,4,1.3862943611198906,0.5,0.4901029677969892,0,1,0.48
26,1,00011.jpg,0,0,0,1,1,0,16,0.2,0.2,0.2,0.2,0.2,4,1.3862943611198906,0.5,0.2687674038933669,0,1,0.5
27,1,11000.jpg,1,1,0,0,0,0,16,0.2,0.2,0.2,0.2,0.2,4,1.3862943611198906,0.5,0.4853323892695175,1,0,0.48148148148148145
28,1,10000.jpg,1,0,0,0,0,0,16,0.2,0.2,0.2,0.2,0.2,4,1.3862943611198906,0.5,0.49990661701377226,1,0,0.4642857142857143
29,1,11010.jpg,1,1,0,1,0,0,16,0.2,0.2,0.2,0.2,0.2,4,1.3862943611198906,0.5,0.5117676354518826,1,0,0.4482758620689655
30,1,00000.jpg,0,0,0,0,0,0,16,0.2,0.2,0.2,0.2,0.2,4,1.3862943611198906,0.5,0.25782995677076476,0,1,0.4666666666666667
31,1,11100.jpg,1,1,1,0,0,1,16,0.2,0.2,0.2,0.2,0.2,4,1.3862943611198906,0.5,0.6874662907594444,0,0,0.45161290322580644
32,1,10101.jpg,1,0,1,0,1,1,16,0.2,0.2,0.2,0.2,0.2,4,1.3862943611198906,0.5,0.6765866277759096,1,1,0.46875
33,2,01010.jpg,0,1,0,1,0,0,16,0.2,0.2,0.2,0.2,0.2,4,1.3862943611198906,0.5,0.2418552370565734,0,1,0.48484848484848486
34,2,10011.jpg,1,0,0,1,1,0,16,0.2,0.2,0.2,0.2,0.2,4,1.3862943611198906,0.5,0.45512885643782863,0,1,0.5
35,2,01011.jpg,0,1,0,1,1,0,16,0.2,0.2,0.2,0.2,0.2,4,1.3862943611198906,0.5,0.2369907406798378,1,0,0.4857142857142857
36,2,10101.jpg,1,0,1,0,1,1,16,0.2,0.2,0.2,0.2,0.2,4,1.3862943611198906,0.5,0.7399243091525538,1,1,0.5
37,2,11100.jpg,1,1,1,0,0,1,16,0.2,0.2,0.2,0.2,0.2,4,1.3862943611198906,0.5,0.7343643036967781,0,0,0.4864864864864865
38,2,10010.jpg,1,0,0,1,0,0,16,0.2,0.2,0.2,0.2,0.2,4,1.3862943611198906,0.5,0.42033818223882546,0,1,0.5
39,2,10000.jpg,1,0,0,0,0,0,16,0.2,0.2,0.2,0.2,0.2,4,1.3862943611198906,0.5,0.460593845122346,0,1,0.5128205128205128
40,2,01100.jpg,0,1,1,0,0,0,16,0.2,0.2,0.2,0.2,0.2,4,1.3862943611198906,0.5,0.5028972619371607,0,1,0.525
41,2,00011.jpg,0,0,0,1,1,0,16,0.2,0.2,0.2,0.2,0.2,4,1.3862943611198906,0.5,0.23132659100228053,0,1,0.5365853658536586
42,2,01000.jpg,0,1,0,0,0,0,16,0.2,0.2,0.2,0.2,0.2,4,1.3862943611198906,0.5,0.2667648106380244,0,1,0.5476190476190477
43,2,10100.jpg,1,0,1,0,0,1,16,0.2,0.2,0.2,0.2,0.2,4,1.3862943611198906,0.5,0.7377652005846654,1,1,0.5581395348837209
44,2,00110.jpg,0,0,1,1,0,0,16,0.2,0.2,0.2,0.2,0.2,4,1.3862943611198906,0.5,0.45116714464477115,1,0,0.5454545454545454
45,2,00000.jpg,0,0,0,0,0,0,16,0.2,0.2,0.2,0.2,0.2,4,1.3862943611198906,0.5,0.27559017074319603,0,1,0.5555555555555556
46,2,10110.jpg,1,0,1,1,0,1,16,0.2,0.2,0.2,0.2,0.2,4,1.3862943611198906,0.5,0.7026774230168217,0,0,0.5434782608695652
47,2,11101.jpg,1,1,1,0,1,1,16,0.2,0.2,0.2,0.2,0.2,4,1.3862943611198906,0.5,0.7444751236243318,1,1,0.5531914893617021
48,2,11011.jpg,1,1,0,1,1,0,16,0.2,0.2,0.2,0.2,0.2,4,1.3862943611198906,0.5,0.4187465893496924,1,0,0.5416666666666666
49,2,01001.jpg,0,1,0,0,1,0,16,0.2,0.2,0.2,0.2,0.2,4,1.3862943611198906,0.5,0.2635786525868665,0,1,0.5510204081632653
50,2,01111.jpg,0,1,1,1,1,0,16,0.2,0.2,0.2,0.2,0.2,4,1.3862943611198906,0.5,0.4279634084661976,0,1,0.56
51,2,10001.jpg,1,0,0,0,1,0,16,0.2,0.2,0.2,0.2,0.2,4,1.3862943611198906,0.5,0.48435471754740433,0,1,0.5686274509803921
52,2,00010.jpg,0,0,0,1,0,0,16,0.2,0.2,0.2,0.2,0.2,4,1.3862943611198906,0.5,0.24066931745011397,1,0,0.5576923076923077
53,2,11000.jpg,1,1,0,0,0,0,16,0.2,0.2,0.2,0.2,0.2,4,1.3862943611198906,0.5,0.48240131032972733,0,1,0.5660377358490566
54,2,00100.jpg,0,0,1,0,0,0,16,0.2,0.2,0.2,0.2,0.2,4,1.3862943611198906,0.5,0.5006099942368866,1,0,0.5555555555555556
55,2,00001.jpg,0,0,0,0,1,0,16,0.2,0.2,0.2,0.2,0.2,4,1.3862943611198906,0.5,0.2653921051847394,1,0,0.5454545454545454
56,2,10111.jpg,1,0,1,1,1,1,16,0.2,0.2,0.2,0.2,0.2,4,1.3862943611198906,0.5,0.7159890866975138,1,1,0.5535714285714286
57,2,11111.jpg,1,1,1,1,1,1,16,0.2,0.2,0.2,0.2,0.2,4,1.3862943611198906,0.5,0.7130601370864275,1,1,0.5614035087719298
58,2,01101.jpg,0,1,1,0,1,0,16,0.2,0.2,0.2,0.2,0.2,4,1.3862943611198906,0.5,0.48204447570086034,1,0,0.5517241379310345
59,2,00111.jpg,0,0,1,1,1,0,16,0.2,0.2,0.2,0.2,0.2,4,1.3862943611198906,0.5,0.47678422255051073,1,0,0.5423728813559322
60,2,11010.jpg,1,1,0,1,0,0,16,0.2,0.2,0.2,0.2,0.2,4,1.3862943611198906,0.5,0.43726236881251895,0,1,0.55
61,2,00101.jpg,0,0,1,0,1,0,16,0.2,0.2,0.2,0.2,0.2,4,1.3862943611198906,0.5,0.47678931827914717,1,0,0.5409836065573771
62,2,11001.jpg,1,1,0,0,1,0,16,0.2,0.2,0.2,0.2,0.2,4,1.3862943611198906,0.5,0.4736816329147216,1,0,0.532258064516129
63,2,01110.jpg,0,1,1,1,0,0,16,0.2,0.2,0.2,0.2,0.2,4,1.3862943611198906,0.5,0.44174936836062334,1,0,0.5238095238095238
64,2,11110.jpg,1,1,1,1,0,1,16,0.2,0.2,0.2,0.2,0.2,4,1.3862943611198906,0.5,0.7084622718372842,1,1,0.53125
65,3,01101.jpg,0,1,1,0,1,0,16,0.2,0.2,0.2,0.2,0.2,4,1.3862943611198906,0.5,0.4494469627522707,1,0,0.5230769230769231
66,3,01100.jpg,0,1,1,0,0,0,16,0.2,0.2,0.2,0.2,0.2,4,1.3862943611198906,0.5,0.44373728738163876,0,1,0.5303030303030303
67,3,11110.jpg,1,1,1,1,0,1,16,0.2,0.2,0.2,0.2,0.2,4,1.3862943611198906,0.5,0.7312315059612565,1,1,0.5373134328358209
68,3,11000.jpg,1,1,0,0,0,0,16,0.2,0.2,0.2,0.2,0.2,4,1.3862943611198906,0.5,0.4550722980910543,0,1,0.5441176470588235
69,3,10100.jpg,1,0,1,0,0,1,16,0.2,0.2,0.2,0.2,0.2,4,1.3862943611198906,0.5,0.7239657019112883,1,1,0.5507246376811594
70,3,00011.jpg,0,0,0,1,1,0,16,0.2,0.2,0.2,0.2,0.2,4,1.3862943611198906,0.5,0.24043947880839742,0,1,0.5571428571428572
71,3,10001.jpg,1,0,0,0,1,0,16,0.2,0.2,0.2,0.2,0.2,4,1.3862943611198906,0.5,0.44830120143558694,1,0,0.5492957746478874
72,3,00111.jpg,0,0,1,1,1,0,16,0.2,0.2,0.2,0.2,0.2,4,1.3862943611198906,0.5,0.4406226387371813,0,1,0.5555555555555556
73,3,10011.jpg,1,0,0,1,1,0,16,0.2,0.2,0.2,0.2,0.2,4,1.3862943611198906,0.5,0.4363689382254454,1,0,0.547945205479452
74,3,11001.jpg,1,1,0,0,1,0,16,0.2,0.2,0.2,0.2,0.2,4,1.3862943611198906,0.5,0.4349856880391389,0,1,0.5540540540540541
75,3,01110.jpg,0,1,1,1,0,0,16,0.2,0.2,0.2,0.2,0.2,4,1.3862943611198906,0.5,0.4766927598543205,0,1,0.56
76,3,00100.jpg,0,0,1,0,0,0,16,0.2,0.2,0.2,0.2,0.2,4,1.3862943611198906,0.5,0.475066264699471,1,0,0.5526315789473685
77,3,10110.jpg,1,0,1,1,0,1,16,0.2,0.2,0.2,0.2,0.2,4,1.3862943611198906,0.5,0.7389723177575217,1,1,0.5584415584415584
78,3,01011.jpg,0,1,0,1,1,0,16,0.2,0.2,0.2,0.2,0.2,4,1.3862943611198906,0.5,0.2399870771423996,0,1,0.5641025641025641
79,3,00001.jpg,0,0,0,0,1,0,16,0.2,0.2,0.2,0.2,0.2,4,1.3862943611198906,0.5,0.23562126905607578,0,1,0.569620253164557
80,3,11010.jpg,1,1,0,1,0,0,16,0.2,0.2,0.2,0.2,0.2,4,1.3862943611198906,0.5,0.48320368941971314,1,0,0.5625
81,3,10000.jpg,1,0,0,0,0,0,16,0.2,0.2,0.2,0.2,0.2,4,1.3862943611198906,0.5,0.4756950835573154,1,0,0.5555555555555556
82,3,01001.jpg,0,1,0,0,1,0,16,0.2,0.2,0.2,0.2,0.2,4,1.3862943611198906,0.5,0.22771160217149797,0,1,0.5609756097560976
83,3,00010.jpg,0,0,0,1,0,0,16,0.2,0.2,0.2,0.2,0.2,4,1.3862943611198906,0.5,0.27539164372732333,0,1,0.5662650602409639
84,3,00000.jpg,0,0,0,0,0,0,16,0.2,0.2,0.2,0.2,0.2,4,1.3862943611198906,0.5,0.2597325097044939,0,1,0.5714285714285714
85,3,10111.jpg,1,0,1,1,1,1,16,0.2,0.2,0.2,0.2,0.2,4,1.3862943611198906,0.5,0.7255559763658397,0,0,0.5647058823529412
86,3,11111.jpg,1,1,1,1,1,1,16,0.2,0.2,0.2,0.2,0.2,4,1.3862943611198906,0.5,0.7300396210179424,1,1,0.5697674418604651
87,3,11100.jpg,1,1,1,0,0,1,16,0.2,0.2,0.2,0.2,0.2,4,1.3862943611198906,0.5,0.7133619399130025,1,1,0.5747126436781609
88,3,01010.jpg,0,1,0,1,0,0,16,0.2,0.2,0.2,0.2,0.2,4,1.3862943611198906,0.5,0.259566233248416,1,0,0.5681818181818182
89,3,01000.jpg,0,1,0,0,0,0,16,0.2,0.2,0.2,0.2,0.2,4,1.3862943611198906,0.5,0.24435303650841847,0,1,0.5730337078651685
90,3,10010.jpg,1,0,0,1,0,0,16,0.2,0.2,0.2,0.2,0.2,4,1.3862943611198906,0.5,0.47084639343317464,1,0,0.5666666666666667
91,3,01111.jpg,0,1,1,1,1,0,16,0.2,0.2,0.2,0.2,0.2,4,1.3862943611198906,0.5,0.466438410029045,1,0,0.5604395604395604
92,3,00101.jpg,0,0,1,0,1,0,16,0.2,0.2,0.2,0.2,0.2,4,1.3862943611198906,0.5,0.43899204815723153,0,1,0.5652173913043478
93,3,11011.jpg,1,1,0,1,1,0,16,0.2,0.2,0.2,0.2,0.2,4,1.3862943611198906,0.5,0.4634330706440749,0,1,0.5698924731182796
94,3,00110.jpg,0,0,1,1,0,0,16,0.2,0.2,0.2,0.2,0.2,4,1.3862943611198906,0.5,0.4765587423370687,0,1,0.574468085106383
95,3,10101.jpg,1,0,1,0,1,1,16,0.2,0.2,0.2,0.2,0.2,4,1.3862943611198906,0.5,0.7144338192407803,1,1,0.5789473684210527
96,3,11101.jpg,1,1,1,0,1,1,16,0.2,0.2,0.2,0.2,0.2,4,1.3862943611198906,0.5,0.7169527118545859,1,1,0.5833333333333334
1,1,11101.jpg,1,1,1,0,1,1,17,0.2,0.2,0.2,0.2,0.2,4,1.3862943611198906,0.5,0.5,1,1,1
2,1,11111.jpg,1,1,1,1,1,1,17,0.2,0.2,0.2,0.2,0.2,4,1.3862943611198906,0.5,0.5,0,0,0.5
3,1,00001.jpg,0,0,0,0,1,0,17,0.2,0.2,0.2,0.2,0.2,4,1.3862943611198906,0.5,0.5,1,0,0.3333333333333333
4,1,00111.jpg,0,0,1,1,1,0,17,0.2,0.2,0.2,0.2,0.2,4,1.3862943611198906,0.5,0.4201770776850635,1,0,0.25
5,1,00101.jpg,0,0,1,0,1,0,17,0.2,0.2,0.2,0.2,0.2,4,1.3862943611198906,0.5,0.24563187345088908,0,1,0.4
6,1,00100.jpg,0,0,1,0,0,0,17,0.2,0.2,0.2,0.2,0.2,4,1.3862943611198906,0.5,0.18776759530417306,0,1,0.5
7,1,01001.jpg,0,1,0,0,1,0,17,0.2,0.2,0.2,0.2,0.2,4,1.3862943611198906,0.5,0.4127462679349504,0,1,0.5714285714285714
8,1,11110.jpg,1,1,1,1,0,1,17,0.2,0.2,0.2,0.2,0.2,4,1.3862943611198906,0.5,0.8526841716495769,0,0,0.5
9,1,01101.jpg,0,1,1,0,1,0,17,0.2,0.2,0.2,0.2,0.2,4,1.3862943611198906,0.5,0.4511523316735937,1,0,0.4444444444444444
10,1,00010.jpg,0,0,0,1,0,0,17,0.2,0.2,0.2,0.2,0.2,4,1.3862943611198906,0.5,0.26571805245351127,0,1,0.5
11,1,10110.jpg,1,0,1,1,0,1,17,0.2,0.2,0.2,0.2,0.2,4,1.3862943611198906,0.5,0.6849599795860064,1,1,0.5454545454545454
12,1,01000.jpg,0,1,0,0,0,0,17,0.2,0.2,0.2,0.2,0.2,4,1.3862943611198906,0.5,0.24893789285098514,0,1,0.5833333333333334
13,1,10001.jpg,1,0,0,0,1,0,17,0.2,0.2,0.2,0.2,0.2,4,1.3862943611198906,0.5,0.3936093805664217,1,0,0.5384615384615384
14,1,01011.jpg,0,1,0,1,1,0,17,0.2,0.2,0.2,0.2,0.2,4,1.3862943611198906,0.5,0.36209955162262714,1,0,0.5
15,1,11001.jpg,1,1,0,0,1,0,17,0.2,0.2,0.2,0.2,0.2,4,1.3862943611198906,0.5,0.5048394492310487,0,1,0.5333333333333333
16,1,10010.jpg,1,0,0,1,0,0,17,0.2,0.2,0.2,0.2,0.2,4,1.3862943611198906,0.5,0.6242914089926073,1,0,0.5
17,1,01111.jpg,0,1,1,1,1,0,17,0.2,0.2,0.2,0.2,0.2,4,1.3862943611198906,0.5,0.5532025898439661,1,0,0.47058823529411764
18,1,00110.jpg,0,0,1,1,0,0,17,0.2,0.2,0.2,0.2,0.2,4,1.3862943611198906,0.5,0.512842777849458,1,0,0.4444444444444444
19,1,10111.jpg,1,0,1,1,1,1,17,0.2,0.2,0.2,0.2,0.2,4,1.3862943611198906,0.5,0.6885263487111597,0,0,0.42105263157894735
20,1,10011.jpg,1,0,0,1,1,0,17,0.2,0.2,0.2,0.2,0.2,4,1.3862943611198906,0.5,0.5475857639082624,0,1,0.45
21,1,01010.jpg,0,1,0,1,0,0,17,0.2,0.2,0.2,0.2,0.2,4,1.3862943611198906,0.5,0.3339508260199144,1,0,0.42857142857142855
22,1,01100.jpg,0,1,1,0,0,0,17,0.2,0.2,0.2,0.2,0.2,4,1.3862943611198906,0.5,0.4076399554245365,1,0,0.4090909090909091
23,1,10100.jpg,1,0,1,0,0,1,17,0.2,0.2,0.2,0.2,0.2,4,1.3862943611198906,0.5,0.635487752050753,1,1,0.43478260869565216
24,1,11011.jpg,1,1,0,1,1,0,17,0.2,0.2,0.2,0.2,0.2,4,1.3862943611198906,0.5,0.5324772899003627,0,1,0.4583333333333333
25,1,01110.jpg,0,1,1,1,0,0,17,0.2,0.2,0.2,0.2,0.2,4,1.3862943611198906,0.5,0.4901029677969892,0,1,0.48
26,1,00011.jpg,0,0,0,1,1,0,17,0.2,0.2,0.2,0.2,0.2,4,1.3862943611198906,0.5,0.2687674038933669,0,1,0.5
27,1,11000.jpg,1,1,0,0,0,0,17,0.2,0.2,0.2,0.2,0.2,4,1.3862943611198906,0.5,0.4853323892695175,1,0,0.48148148148148145
28,1,10000.jpg,1,0,0,0,0,0,17,0.2,0.2,0.2,0.2,0.2,4,1.3862943611198906,0.5,0.49990661701377226,1,0,0.4642857142857143
29,1,11010.jpg,1,1,0,1,0,0,17,0.2,0.2,0.2,0.2,0.2,4,1.3862943611198906,0.5,0.5117676354518826,1,0,0.4482758620689655
30,1,00000.jpg,0,0,0,0,0,0,17,0.2,0.2,0.2,0.2,0.2,4,1.3862943611198906,0.5,0.25782995677076476,0,1,0.4666666666666667
31,1,11100.jpg,1,1,1,0,0,1,17,0.2,0.2,0.2,0.2,0.2,4,1.3862943611198906,0.5,0.6874662907594444,0,0,0.45161290322580644
32,1,10101.jpg,1,0,1,0,1,1,17,0.2,0.2,0.2,0.2,0.2,4,1.3862943611198906,0.5,0.6765866277759096,1,1,0.46875
33,2,01010.jpg,0,1,0,1,0,0,17,0.2,0.2,0.2,0.2,0.2,4,1.3862943611198906,0.5,0.2418552370565734,0,1,0.48484848484848486
34,2,10011.jpg,1,0,0,1,1,0,17,0.2,0.2,0.2,0.2,0.2,4,1.3862943611198906,0.5,0.45512885643782863,0,1,0.5
35,2,01011.jpg,0,1,0,1,1,0,17,0.2,0.2,0.2,0.2,0.2,4,1.3862943611198906,0.5,0.2369907406798378,1,0,0.4857142857142857
36,2,10101.jpg,1,0,1,0,1,1,17,0.2,0.2,0.2,0.2,0.2,4,1.3862943611198906,0.5,0.7399243091525538,1,1,0.5
37,2,11100.jpg,1,1,1,0,0,1,17,0.2,0.2,0.2,0.2,0.2,4,1.3862943611198906,0.5,0.7343643036967781,0,0,0.4864864864864865
38,2,10010.jpg,1,0,0,1,0,0,17,0.2,0.2,0.2,0.2,0.2,4,1.3862943611198906,0.5,0.42033818223882546,0,1,0.5
39,2,10000.jpg,1,0,0,0,0,0,17,0.2,0.2,0.2,0.2,0.2,4,1.3862943611198906,0.5,0.460593845122346,0,1,0.5128205128205128
40,2,01100.jpg,0,1,1,0,0,0,17,0.2,0.2,0.2,0.2,0.2,4,1.3862943611198906,0.5,0.5028972619371607,0,1,0.525
41,2,00011.jpg,0,0,0,1,1,0,17,0.2,0.2,0.2,0.2,0.2,4,1.3862943611198906,0.5,0.23132659100228053,0,1,0.5365853658536586
42,2,01000.jpg,0,1,0,0,0,0,17,0.2,0.2,0.2,0.2,0.2,4,1.3862943611198906,0.5,0.2667648106380244,0,1,0.5476190476190477
43,2,10100.jpg,1,0,1,0,0,1,17,0.2,0.2,0.2,0.2,0.2,4,1.3862943611198906,0.5,0.7377652005846654,1,1,0.5581395348837209
44,2,00110.jpg,0,0,1,1,0,0,17,0.2,0.2,0.2,0.2,0.2,4,1.3862943611198906,0.5,0.45116714464477115,1,0,0.5454545454545454
45,2,00000.jpg,0,0,0,0,0,0,17,0.2,0.2,0.2,0.2,0.2,4,1.3862943611198906,0.5,0.27559017074319603,0,1,0.5555555555555556
46,2,10110.jpg,1,0,1,1,0,1,17,0.2,0.2,0.2,0.2,0.2,4,1.3862943611198906,0.5,0.7026774230168217,0,0,0.5434782608695652
47,2,11101.jpg,1,1,1,0,1,1,17,0.2,0.2,0.2,0.2,0.2,4,1.3862943611198906,0.5,0.7444751236243318,1,1,0.5531914893617021
48,2,11011.jpg,1,1,0,1,1,0,17,0.2,0.2,0.2,0.2,0.2,4,1.3862943611198906,0.5,0.4187465893496924,1,0,0.5416666666666666
49,2,01001.jpg,0,1,0,0,1,0,17,0.2,0.2,0.2,0.2,0.2,4,1.3862943611198906,0.5,0.2635786525868665,0,1,0.5510204081632653
50,2,01111.jpg,0,1,1,1,1,0,17,0.2,0.2,0.2,0.2,0.2,4,1.3862943611198906,0.5,0.4279634084661976,0,1,0.56
51,2,10001.jpg,1,0,0,0,1,0,17,0.2,0.2,0.2,0.2,0.2,4,1.3862943611198906,0.5,0.48435471754740433,0,1,0.5686274509803921
52,2,00010.jpg,0,0,0,1,0,0,17,0.2,0.2,0.2,0.2,0.2,4,1.3862943611198906,0.5,0.24066931745011397,1,0,0.5576923076923077
53,2,11000.jpg,1,1,0,0,0,0,17,0.2,0.2,0.2,0.2,0.2,4,1.3862943611198906,0.5,0.48240131032972733,0,1,0.5660377358490566
54,2,00100.jpg,0,0,1,0,0,0,17,0.2,0.2,0.2,0.2,0.2,4,1.3862943611198906,0.5,0.5006099942368866,1,0,0.5555555555555556
55,2,00001.jpg,0,0,0,0,1,0,17,0.2,0.2,0.2,0.2,0.2,4,1.3862943611198906,0.5,0.2653921051847394,1,0,0.5454545454545454
56,2,10111.jpg,1,0,1,1,1,1,17,0.2,0.2,0.2,0.2,0.2,4,1.3862943611198906,0.5,0.7159890866975138,1,1,0.5535714285714286
57,2,11111.jpg,1,1,1,1,1,1,17,0.2,0.2,0.2,0.2,0.2,4,1.3862943611198906,0.5,0.7130601370864275,1,1,0.5614035087719298
58,2,01101.jpg,0,1,1,0,1,0,17,0.2,0.2,0.2,0.2,0.2,4,1.3862943611198906,0.5,0.48204447570086034,1,0,0.5517241379310345
59,2,00111.jpg,0,0,1,1,1,0,17,0.2,0.2,0.2,0.2,0.2,4,1.3862943611198906,0.5,0.47678422255051073,1,0,0.5423728813559322
60,2,11010.jpg,1,1,0,1,0,0,17,0.2,0.2,0.2,0.2,0.2,4,1.3862943611198906,0.5,0.43726236881251895,0,1,0.55
61,2,00101.jpg,0,0,1,0,1,0,17,0.2,0.2,0.2,0.2,0.2,4,1.3862943611198906,0.5,0.47678931827914717,1,0,0.5409836065573771
62,2,11001.jpg,1,1,0,0,1,0,17,0.2,0.2,0.2,0.2,0.2,4,1.3862943611198906,0.5,0.4736816329147216,1,0,0.532258064516129
63,2,01110.jpg,0,1,1,1,0,0,17,0.2,0.2,0.2,0.2,0.2,4,1.3862943611198906,0.5,0.44174936836062334,1,0,0.5238095238095238
64,2,11110.jpg,1,1,1,1,0,1,17,0.2,0.2,0.2,0.2,0.2,4,1.3862943611198906,0.5,0.7084622718372842,1,1,0.53125
65,3,01101.jpg,0,1,1,0,1,0,17,0.2,0.2,0.2,0.2,0.2,4,1.3862943611198906,0.5,0.4494469627522707,1,0,0.5230769230769231
66,3,01100.jpg,0,1,1,0,0,0,17,0.2,0.2,0.2,0.2,0.2,4,1.3862943611198906,0.5,0.44373728738163876,0,1,0.5303030303030303
67,3,11110.jpg,1,1,1,1,0,1,17,0.2,0.2,0.2,0.2,0.2,4,1.3862943611198906,0.5,0.7312315059612565,1,1,0.5373134328358209
68,3,11000.jpg,1,1,0,0,0,0,17,0.2,0.2,0.2,0.2,0.2,4,1.3862943611198906,0.5,0.4550722980910543,0,1,0.5441176470588235
69,3,10100.jpg,1,0,1,0,0,1,17,0.2,0.2,0.2,0.2,0.2,4,1.3862943611198906,0.5,0.7239657019112883,1,1,0.5507246376811594
70,3,00011.jpg,0,0,0,1,1,0,17,0.2,0.2,0.2,0.2,0.2,4,1.3862943611198906,0.5,0.24043947880839742,0,1,0.5571428571428572
71,3,10001.jpg,1,0,0,0,1,0,17,0.2,0.2,0.2,0.2,0.2,4,1.3862943611198906,0.5,0.44830120143558694,1,0,0.5492957746478874
72,3,00111.jpg,0,0,1,1,1,0,17,0.2,0.2,0.2,0.2,0.2,4,1.3862943611198906,0.5,0.4406226387371813,0,1,0.5555555555555556
73,3,10011.jpg,1,0,0,1,1,0,17,0.2,0.2,0.2,0.2,0.2,4,1.3862943611198906,0.5,0.4363689382254454,1,0,0.547945205479452
74,3,11001.jpg,1,1,0,0,1,0,17,0.2,0.2,0.2,0.2,0.2,4,1.3862943611198906,0.5,0.4349856880391389,0,1,0.5540540540540541
75,3,01110.jpg,0,1,1,1,0,0,17,0.2,0.2,0.2,0.2,0.2,4,1.3862943611198906,0.5,0.4766927598543205,0,1,0.56
76,3,00100.jpg,0,0,1,0,0,0,17,0.2,0.2,0.2,0.2,0.2,4,1.3862943611198906,0.5,0.475066264699471,1,0,0.5526315789473685
77,3,10110.jpg,1,0,1,1,0,1,17,0.2,0.2,0.2,0.2,0.2,4,1.3862943611198906,0.5,0.7389723177575217,1,1,0.5584415584415584
78,3,01011.jpg,0,1,0,1,1,0,17,0.2,0.2,0.2,0.2,0.2,4,1.3862943611198906,0.5,0.2399870771423996,0,1,0.5641025641025641
79,3,00001.jpg,0,0,0,0,1,0,17,0.2,0.2,0.2,0.2,0.2,4,1.3862943611198906,0.5,0.23562126905607578,0,1,0.569620253164557
80,3,11010.jpg,1,1,0,1,0,0,17,0.2,0.2,0.2,0.2,0.2,4,1.3862943611198906,0.5,0.48320368941971314,1,0,0.5625
81,3,10000.jpg,1,0,0,0,0,0,17,0.2,0.2,0.2,0.2,0.2,4,1.3862943611198906,0.5,0.4756950835573154,1,0,0.5555555555555556
82,3,01001.jpg,0,1,0,0,1,0,17,0.2,0.2,0.2,0.2,0.2,4,1.3862943611198906,0.5,0.22771160217149797,0,1,0.5609756097560976
83,3,00010.jpg,0,0,0,1,0,0,17,0.2,0.2,0.2,0.2,0.2,4,1.3862943611198906,0.5,0.27539164372732333,0,1,0.5662650602409639
84,3,00000.jpg,0,0,0,0,0,0,17,0.2,0.2,0.2,0.2,0.2,4,1.3862943611198906,0.5,0.2597325097044939,0,1,0.5714285714285714
85,3,10111.jpg,1,0,1,1,1,1,17,0.2,0.2,0.2,0.2,0.2,4,1.3862943611198906,0.5,0.7255559763658397,0,0,0.5647058823529412
86,3,11111.jpg,1,1,1,1,1,1,17,0.2,0.2,0.2,0.2,0.2,4,1.3862943611198906,0.5,0.7300396210179424,1,1,0.5697674418604651
87,3,11100.jpg,1,1,1,0,0,1,17,0.2,0.2,0.2,0.2,0.2,4,1.3862943611198906,0.5,0.7133619399130025,1,1,0.5747126436781609
88,3,01010.jpg,0,1,0,1,0,0,17,0.2,0.2,0.2,0.2,0.2,4,1.3862943611198906,0.5,0.259566233248416,1,0,0.5681818181818182
89,3,01000.jpg,0,1,0,0,0,0,17,0.2,0.2,0.2,0.2,0.2,4,1.3862943611198906,0.5,0.24435303650841847,0,1,0.5730337078651685
90,3,10010.jpg,1,0,0,1,0,0,17,0.2,0.2,0.2,0.2,0.2,4,1.3862943611198906,0.5,0.47084639343317464,1,0,0.5666666666666667
91,3,01111.jpg,0,1,1,1,1,0,17,0.2,0.2,0.2,0.2,0.2,4,1.3862943611198906,0.5,0.466438410029045,1,0,0.5604395604395604
92,3,00101.jpg,0,0,1,0,1,0,17,0.2,0.2,0.2,0.2,0.2,4,1.3862943611198906,0.5,0.43899204815723153,0,1,0.5652173913043478
93,3,11011.jpg,1,1,0,1,1,0,17,0.2,0.2,0.2,0.2,0.2,4,1.3862943611198906,0.5,0.4634330706440749,0,1,0.5698924731182796
94,3,00110.jpg,0,0,1,1,0,0,17,0.2,0.2,0.2,0.2,0.2,4,1.3862943611198906,0.5,0.4765587423370687,0,1,0.574468085106383
95,3,10101.jpg,1,0,1,0,1,1,17,0.2,0.2,0.2,0.2,0.2,4,1.3862943611198906,0.5,0.7144338192407803,1,1,0.5789473684210527
96,3,11101.jpg,1,1,1,0,1,1,17,0.2,0.2,0.2,0.2,0.2,4,1.3862943611198906,0.5,0.7169527118545859,1,1,0.5833333333333334
1,1,11101.jpg,1,1,1,0,1,1,18,0.2,0.2,0.2,0.2,0.2,4,1.3862943611198906,0.5,0.5,1,1,1
2,1,11111.jpg,1,1,1,1,1,1,18,0.2,0.2,0.2,0.2,0.2,4,1.3862943611198906,0.5,0.5,0,0,0.5
3,1,00001.jpg,0,0,0,0,1,0,18,0.2,0.2,0.2,0.2,0.2,4,1.3862943611198906,0.5,0.5,1,0,0.3333333333333333
4,1,00111.jpg,0,0,1,1,1,0,18,0.2,0.2,0.2,0.2,0.2,4,1.3862943611198906,0.5,0.4201770776850635,1,0,0.25
5,1,00101.jpg,0,0,1,0,1,0,18,0.2,0.2,0.2,0.2,0.2,4,1.3862943611198906,0.5,0.24563187345088908,0,1,0.4
6,1,00100.jpg,0,0,1,0,0,0,18,0.2,0.2,0.2,0.2,0.2,4,1.3862943611198906,0.5,0.18776759530417306,0,1,0.5
7,1,01001.jpg,0,1,0,0,1,0,18,0.2,0.2,0.2,0.2,0.2,4,1.3862943611198906,0.5,0.4127462679349504,0,1,0.5714285714285714
8,1,11110.jpg,1,1,1,1,0,1,18,0.2,0.2,0.2,0.2,0.2,4,1.3862943611198906,0.5,0.8526841716495769,0,0,0.5
9,1,01101.jpg,0,1,1,0,1,0,18,0.2,0.2,0.2,0.2,0.2,4,1.3862943611198906,0.5,0.4511523316735937,1,0,0.4444444444444444
10,1,00010.jpg,0,0,0,1,0,0,18,0.2,0.2,0.2,0.2,0.2,4,1.3862943611198906,0.5,0.26571805245351127,0,1,0.5
11,1,10110.jpg,1,0,1,1,0,1,18,0.2,0.2,0.2,0.2,0.2,4,1.3862943611198906,0.5,0.6849599795860064,1,1,0.5454545454545454
12,1,01000.jpg,0,1,0,0,0,0,18,0.2,0.2,0.2,0.2,0.2,4,1.3862943611198906,0.5,0.24893789285098514,0,1,0.5833333333333334
13,1,10001.jpg,1,0,0,0,1,0,18,0.2,0.2,0.2,0.2,0.2,4,1.3862943611198906,0.5,0.3936093805664217,1,0,0.5384615384615384
14,1,01011.jpg,0,1,0,1,1,0,18,0.2,0.2,0.2,0.2,0.2,4,1.3862943611198906,0.5,0.36209955162262714,1,0,0.5
15,1,11001.jpg,1,1,0,0,1,0,18,0.2,0.2,0.2,0.2,0.2,4,1.3862943611198906,0.5,0.5048394492310487,0,1,0.5333333333333333
16,1,10010.jpg,1,0,0,1,0,0,18,0.2,0.2,0.2,0.2,0.2,4,1.3862943611198906,0.5,0.6242914089926073,1,0,0.5
17,1,01111.jpg,0,1,1,1,1,0,18,0.2,0.2,0.2,0.2,0.2,4,1.3862943611198906,0.5,0.5532025898439661,1,0,0.47058823529411764
18,1,00110.jpg,0,0,1,1,0,0,18,0.2,0.2,0.2,0.2,0.2,4,1.3862943611198906,0.5,0.512842777849458,1,0,0.4444444444444444
19,1,10111.jpg,1,0,1,1,1,1,18,0.2,0.2,0.2,0.2,0.2,4,1.3862943611198906,0.5,0.6885263487111597,0,0,0.42105263157894735
20,1,10011.jpg,1,0,0,1,1,0,18,0.2,0.2,0.2,0.2,0.2,4,1.3862943611198906,0.5,0.5475857639082624,0,1,0.45
21,1,01010.jpg,0,1,0,1,0,0,18,0.2,0.2,0.2,0.2,0.2,4,1.3862943611198906,0.5,0.3339508260199144,1,0,0.42857142857142855
22,1,01100.jpg,0,1,1,0,0,0,18,0.2,0.2,0.2,0.2,0.2,4,1.3862943611198906,0.5,0.4076399554245365,1,0,0.4090909090909091
23,1,10100.jpg,1,0,1,0,0,1,18,0.2,0.2,0.2,0.2,0.2,4,1.3862943611198906,0.5,0.635487752050753,1,1,0.43478260869565216
24,1,11011.jpg,1,1,0,1,1,0,18,0.2,0.2,0.2,0.2,0.2,4,1.3862943611198906,0.5,0.5324772899003627,0,1,0.4583333333333333
25,1,01110.jpg,0,1,1,1,0,0,18,0.2,0.2,0.2,0.2,0.2,4,1.3862943611198906,0.5,0.4901029677969892,0,1,0.48
26,1,00011.jpg,0,0,0,1,1,0,18,0.2,0.2,0.2,0.2,0.2,4,1.3862943611198906,0.5,0.2687674038933669,0,1,0.5
27,1,11000.jpg,1,1,0,0,0,0,18,0.2,0.2,0.2,0.2,0.2,4,1.3862943611198906,0.5,0.4853323892695175,1,0,0.48148148148148145
28,1,10000.jpg,1,0,0,0,0,0,18,0.2,0.2,0.2,0.2,0.2,4,1.3862943611198906,0.5,0.49990661701377226,1,0,0.4642857142857143
29,1,11010.jpg,1,1,0,1,0,0,18,0.2,0.2,0.2,0.2,0.2,4,1.3862943611198906,0.5,0.5117676354518826,1,0,0.4482758620689655
30,1,00000.jpg,0,0,0,0,0,0,18,0.2,0.2,0.2,0.2,0.2,4,1.3862943611198906,0.5,0.25782995677076476,0,1,0.4666666666666667
31,1,11100.jpg,1,1,1,0,0,1,18,0.2,0.2,0.2,0.2,0.2,4,1.3862943611198906,0.5,0.6874662907594444,0,0,0.45161290322580644
32,1,10101.jpg,1,0,1,0,1,1,18,0.2,0.2,0.2,0.2,0.2,4,1.3862943611198906,0.5,0.6765866277759096,1,1,0.46875
33,2,01010.jpg,0,1,0,1,0,0,18,0.2,0.2,0.2,0.2,0.2,4,1.3862943611198906,0.5,0.2418552370565734,0,1,0.48484848484848486
34,2,10011.jpg,1,0,0,1,1,0,18,0.2,0.2,0.2,0.2,0.2,4,1.3862943611198906,0.5,0.45512885643782863,0,1,0.5
35,2,01011.jpg,0,1,0,1,1,0,18,0.2,0.2,0.2,0.2,0.2,4,1.3862943611198906,0.5,0.2369907406798378,1,0,0.4857142857142857
36,2,10101.jpg,1,0,1,0,1,1,18,0.2,0.2,0.2,0.2,0.2,4,1.3862943611198906,0.5,0.7399243091525538,1,1,0.5
37,2,11100.jpg,1,1,1,0,0,1,18,0.2,0.2,0.2,0.2,0.2,4,1.3862943611198906,0.5,0.7343643036967781,0,0,0.4864864864864865
38,2,10010.jpg,1,0,0,1,0,0,18,0.2,0.2,0.2,0.2,0.2,4,1.3862943611198906,0.5,0.42033818223882546,0,1,0.5
39,2,10000.jpg,1,0,0,0,0,0,18,0.2,0.2,0.2,0.2,0.2,4,1.3862943611198906,0.5,0.460593845122346,0,1,0.5128205128205128
40,2,01100.jpg,0,1,1,0,0,0,18,0.2,0.2,0.2,0.2,0.2,4,1.3862943611198906,0.5,0.5028972619371607,0,1,0.525
41,2,00011.jpg,0,0,0,1,1,0,18,0.2,0.2,0.2,0.2,0.2,4,1.3862943611198906,0.5,0.23132659100228053,0,1,0.5365853658536586
42,2,01000.jpg,0,1,0,0,0,0,18,0.2,0.2,0.2,0.2,0.2,4,1.3862943611198906,0.5,0.2667648106380244,0,1,0.5476190476190477
43,2,10100.jpg,1,0,1,0,0,1,18,0.2,0.2,0.2,0.2,0.2,4,1.3862943611198906,0.5,0.7377652005846654,1,1,0.5581395348837209
44,2,00110.jpg,0,0,1,1,0,0,18,0.2,0.2,0.2,0.2,0.2,4,1.3862943611198906,0.5,0.45116714464477115,1,0,0.5454545454545454
45,2,00000.jpg,0,0,0,0,0,0,18,0.2,0.2,0.2,0.2,0.2,4,1.3862943611198906,0.5,0.27559017074319603,0,1,0.5555555555555556
46,2,10110.jpg,1,0,1,1,0,1,18,0.2,0.2,0.2,0.2,0.2,4,1.3862943611198906,0.5,0.7026774230168217,0,0,0.5434782608695652
47,2,11101.jpg,1,1,1,0,1,1,18,0.2,0.2,0.2,0.2,0.2,4,1.3862943611198906,0.5,0.7444751236243318,1,1,0.5531914893617021
48,2,11011.jpg,1,1,0,1,1,0,18,0.2,0.2,0.2,0.2,0.2,4,1.3862943611198906,0.5,0.4187465893496924,1,0,0.5416666666666666
49,2,01001.jpg,0,1,0,0,1,0,18,0.2,0.2,0.2,0.2,0.2,4,1.3862943611198906,0.5,0.2635786525868665,0,1,0.5510204081632653
50,2,01111.jpg,0,1,1,1,1,0,18,0.2,0.2,0.2,0.2,0.2,4,1.3862943611198906,0.5,0.4279634084661976,0,1,0.56
51,2,10001.jpg,1,0,0,0,1,0,18,0.2,0.2,0.2,0.2,0.2,4,1.3862943611198906,0.5,0.48435471754740433,0,1,0.5686274509803921
52,2,00010.jpg,0,0,0,1,0,0,18,0.2,0.2,0.2,0.2,0.2,4,1.3862943611198906,0.5,0.24066931745011397,1,0,0.5576923076923077
53,2,11000.jpg,1,1,0,0,0,0,18,0.2,0.2,0.2,0.2,0.2,4,1.3862943611198906,0.5,0.48240131032972733,0,1,0.5660377358490566
54,2,00100.jpg,0,0,1,0,0,0,18,0.2,0.2,0.2,0.2,0.2,4,1.3862943611198906,0.5,0.5006099942368866,1,0,0.5555555555555556
55,2,00001.jpg,0,0,0,0,1,0,18,0.2,0.2,0.2,0.2,0.2,4,1.3862943611198906,0.5,0.2653921051847394,1,0,0.5454545454545454
56,2,10111.jpg,1,0,1,1,1,1,18,0.2,0.2,0.2,0.2,0.2,4,1.3862943611198906,0.5,0.7159890866975138,1,1,0.5535714285714286
57,2,11111.jpg,1,1,1,1,1,1,18,0.2,0.2,0.2,0.2,0.2,4,1.3862943611198906,0.5,0.7130601370864275,1,1,0.5614035087719298
58,2,01101.jpg,0,1,1,0,1,0,18,0.2,0.2,0.2,0.2,0.2,4,1.3862943611198906,0.5,0.48204447570086034,1,0,0.5517241379310345
59,2,00111.jpg,0,0,1,1,1,0,18,0.2,0.2,0.2,0.2,0.2,4,1.3862943611198906,0.5,0.47678422255051073,1,0,0.5423728813559322
60,2,11010.jpg,1,1,0,1,0,0,18,0.2,0.2,0.2,0.2,0.2,4,1.3862943611198906,0.5,0.43726236881251895,0,1,0.55
61,2,00101.jpg,0,0,1,0,1,0,18,0.2,0.2,0.2,0.2,0.2,4,1.3862943611198906,0.5,0.47678931827914717,1,0,0.5409836065573771
62,2,11001.jpg,1,1,0,0,1,0,18,0.2,0.2,0.2,0.2,0.2,4,1.3862943611198906,0.5,0.4736816329147216,1,0,0.532258064516129
63,2,01110.jpg,0,1,1,1,0,0,18,0.2,0.2,0.2,0.2,0.2,4,1.3862943611198906,0.5,0.44174936836062334,1,0,0.5238095238095238
64,2,11110.jpg,1,1,1,1,0,1,18,0.2,0.2,0.2,0.2,0.2,4,1.3862943611198906,0.5,0.7084622718372842,1,1,0.53125
65,3,01101.jpg,0,1,1,0,1,0,18,0.2,0.2,0.2,0.2,0.2,4,1.3862943611198906,0.5,0.4494469627522707,1,0,0.5230769230769231
66,3,01100.jpg,0,1,1,0,0,0,18,0.2,0.2,0.2,0.2,0.2,4,1.3862943611198906,0.5,0.44373728738163876,0,1,0.5303030303030303
67,3,11110.jpg,1,1,1,1,0,1,18,0.2,0.2,0.2,0.2,0.2,4,1.3862943611198906,0.5,0.7312315059612565,1,1,0.5373134328358209
68,3,11000.jpg,1,1,0,0,0,0,18,0.2,0.2,0.2,0.2,0.2,4,1.3862943611198906,0.5,0.4550722980910543,0,1,0.5441176470588235
69,3,10100.jpg,1,0,1,0,0,1,18,0.2,0.2,0.2,0.2,0.2,4,1.3862943611198906,0.5,0.7239657019112883,1,1,0.5507246376811594
70,3,00011.jpg,0,0,0,1,1,0,18,0.2,0.2,0.2,0.2,0.2,4,1.3862943611198906,0.5,0.24043947880839742,0,1,0.5571428571428572
71,3,10001.jpg,1,0,0,0,1,0,18,0.2,0.2,0.2,0.2,0.2,4,1.3862943611198906,0.5,0.44830120143558694,1,0,0.5492957746478874
72,3,00111.jpg,0,0,1,1,1,0,18,0.2,0.2,0.2,0.2,0.2,4,1.3862943611198906,0.5,0.4406226387371813,0,1,0.5555555555555556
73,3,10011.jpg,1,0,0,1,1,0,18,0.2,0.2,0.2,0.2,0.2,4,1.3862943611198906,0.5,0.4363689382254454,1,0,0.547945205479452
74,3,11001.jpg,1,1,0,0,1,0,18,0.2,0.2,0.2,0.2,0.2,4,1.3862943611198906,0.5,0.4349856880391389,0,1,0.5540540540540541
75,3,01110.jpg,0,1,1,1,0,0,18,0.2,0.2,0.2,0.2,0.2,4,1.3862943611198906,0.5,0.4766927598543205,0,1,0.56
76,3,00100.jpg,0,0,1,0,0,0,18,0.2,0.2,0.2,0.2,0.2,4,1.3862943611198906,0.5,0.475066264699471,1,0,0.5526315789473685
77,3,10110.jpg,1,0,1,1,0,1,18,0.2,0.2,0.2,0.2,0.2,4,1.3862943611198906,0.5,0.7389723177575217,1,1,0.5584415584415584
78,3,01011.jpg,0,1,0,1,1,0,18,0.2,0.2,0.2,0.2,0.2,4,1.3862943611198906,0.5,0.2399870771423996,0,1,0.5641025641025641
79,3,00001.jpg,0,0,0,0,1,0,18,0.2,0.2,0.2,0.2,0.2,4,1.3862943611198906,0.5,0.23562126905607578,0,1,0.569620253164557
80,3,11010.jpg,1,1,0,1,0,0,18,0.2,0.2,0.2,0.2,0.2,4,1.3862943611198906,0.5,0.48320368941971314,1,0,0.5625
81,3,10000.jpg,1,0,0,0,0,0,18,0.2,0.2,0.2,0.2,0.2,4,1.3862943611198906,0.5,0.4756950835573154,1,0,0.5555555555555556
82,3,01001.jpg,0,1,0,0,1,0,18,0.2,0.2,0.2,0.2,0.2,4,1.3862943611198906,0.5,0.22771160217149797,0,1,0.5609756097560976
83,3,00010.jpg,0,0,0,1,0,0,18,0.2,0.2,0.2,0.2,0.2,4,1.3862943611198906,0.5,0.27539164372732333,0,1,0.5662650602409639
84,3,00000.jpg,0,0,0,0,0,0,18,0.2,0.2,0.2,0.2,0.2,4,1.3862943611198906,0.5,0.2597325097044939,0,1,0.5714285714285714
85,3,10111.jpg,1,0,1,1,1,1,18,0.2,0.2,0.2,0.2,0.2,4,1.3862943611198906,0.5,0.7255559763658397,0,0,0.5647058823529412
86,3,11111.jpg,1,1,1,1,1,1,18,0.2,0.2,0.2,0.2,0.2,4,1.3862943611198906,0.5,0.7300396210179424,1,1,0.5697674418604651
87,3,11100.jpg,1,1,1,0,0,1,18,0.2,0.2,0.2,0.2,0.2,4,1.3862943611198906,0.5,0.7133619399130025,1,1,0.5747126436781609
88,3,01010.jpg,0,1,0,1,0,0,18,0.2,0.2,0.2,0.2,0.2,4,1.3862943611198906,0.5,0.259566233248416,1,0,0.5681818181818182
89,3,01000.jpg,0,1,0,0,0,0,18,0.2,0.2,0.2,0.2,0.2,4,1.3862943611198906,0.5,0.24435303650841847,0,1,0.5730337078651685
90,3,10010.jpg,1,0,0,1,0,0,18,0.2,0.2,0.2,0.2,0.2,4,1.3862943611198906,0.5,0.47084639343317464,1,0,0.5666666666666667
91,3,01111.jpg,0,1,1,1,1,0,18,0.2,0.2,0.2,0.2,0.2,4,1.3862943611198906,0.5,0.466438410029045,1,0,0.5604395604395604
92,3,00101.jpg,0,0,1,0,1,0,18,0.2,0.2,0.2,0.2,0.2,4,1.3862943611198906,0.5,0.43899204815723153,0,1,0.5652173913043478
93,3,11011.jpg,1,1,0,1,1,0,18,0.2,0.2,0.2,0.2,0.2,4,1.3862943611198906,0.5,0.4634330706440749,0,1,0.5698924731182796
94,3,00110.jpg,0,0,1,1,0,0,18,0.2,0.2,0.2,0.2,0.2,4,1.3862943611198906,0.5,0.4765587423370687,0,1,0.574468085106383
95,3,10101.jpg,1,0,1,0,1,1,18,0.2,0.2,0.2,0.2,0.2,4,1.3862943611198906,0.5,0.7144338192407803,1,1,0.5789473684210527
96,3,11101.jpg,1,1,1,0,1,1,18,0.2,0.2,0.2,0.2,0.2,4,1.3862943611198906,0.5,0.7169527118545859,1,1,0.5833333333333334
1,1,11101.jpg,1,1,1,0,1,1,19,0.2,0.2,0.2,0.2,0.2,4,1.3862943611198906,0.5,0.5,1,1,1
2,1,11111.jpg,1,1,1,1,1,1,19,0.2,0.2,0.2,0.2,0.2,4,1.3862943611198906,0.5,0.5,0,0,0.5
3,1,00001.jpg,0,0,0,0,1,0,19,0.2,0.2,0.2,0.2,0.2,4,1.3862943611198906,0.5,0.5,1,0,0.3333333333333333
4,1,00111.jpg,0,0,1,1,1,0,19,0.2,0.2,0.2,0.2,0.2,4,1.3862943611198906,0.5,0.4201770776850635,1,0,0.25
5,1,00101.jpg,0,0,1,0,1,0,19,0.2,0.2,0.2,0.2,0.2,4,1.3862943611198906,0.5,0.24563187345088908,0,1,0.4
6,1,00100.jpg,0,0,1,0,0,0,19,0.2,0.2,0.2,0.2,0.2,4,1.3862943611198906,0.5,0.18776759530417306,0,1,0.5
7,1,01001.jpg,0,1,0,0,1,0,19,0.2,0.2,0.2,0.2,0.2,4,1.3862943611198906,0.5,0.4127462679349504,0,1,0.5714285714285714
8,1,11110.jpg,1,1,1,1,0,1,19,0.2,0.2,0.2,0.2,0.2,4,1.3862943611198906,0.5,0.8526841716495769,0,0,0.5
9,1,01101.jpg,0,1,1,0,1,0,19,0.2,0.2,0.2,0.2,0.2,4,1.3862943611198906,0.5,0.4511523316735937,1,0,0.4444444444444444
10,1,00010.jpg,0,0,0,1,0,0,19,0.2,0.2,0.2,0.2,0.2,4,1.3862943611198906,0.5,0.26571805245351127,0,1,0.5
11,1,10110.jpg,1,0,1,1,0,1,19,0.2,0.2,0.2,0.2,0.2,4,1.3862943611198906,0.5,0.6849599795860064,1,1,0.5454545454545454
12,1,01000.jpg,0,1,0,0,0,0,19,0.2,0.2,0.2,0.2,0.2,4,1.3862943611198906,0.5,0.24893789285098514,0,1,0.5833333333333334
13,1,10001.jpg,1,0,0,0,1,0,19,0.2,0.2,0.2,0.2,0.2,4,1.3862943611198906,0.5,0.3936093805664217,1,0,0.5384615384615384
14,1,01011.jpg,0,1,0,1,1,0,19,0.2,0.2,0.2,0.2,0.2,4,1.3862943611198906,0.5,0.36209955162262714,1,0,0.5
15,1,11001.jpg,1,1,0,0,1,0,19,0.2,0.2,0.2,0.2,0.2,4,1.3862943611198906,0.5,0.5048394492310487,0,1,0.5333333333333333
16,1,10010.jpg,1,0,0,1,0,0,19,0.2,0.2,0.2,0.2,0.2,4,1.3862943611198906,0.5,0.6242914089926073,1,0,0.5
17,1,01111.jpg,0,1,1,1,1,0,19,0.2,0.2,0.2,0.2,0.2,4,1.3862943611198906,0.5,0.5532025898439661,1,0,0.47058823529411764
18,1,00110.jpg,0,0,1,1,0,0,19,0.2,0.2,0.2,0.2,0.2,4,1.3862943611198906,0.5,0.512842777849458,1,0,0.4444444444444444
19,1,10111.jpg,1,0,1,1,1,1,19,0.2,0.2,0.2,0.2,0.2,4,1.3862943611198906,0.5,0.6885263487111597,0,0,0.42105263157894735
20,1,10011.jpg,1,0,0,1,1,0,19,0.2,0.2,0.2,0.2,0.2,4,1.3862943611198906,0.5,0.5475857639082624,0,1,0.45
21,1,01010.jpg,0,1,0,1,0,0,19,0.2,0.2,0.2,0.2,0.2,4,1.3862943611198906,0.5,0.3339508260199144,1,0,0.42857142857142855
22,1,01100.jpg,0,1,1,0,0,0,19,0.2,0.2,0.2,0.2,0.2,4,1.3862943611198906,0.5,0.4076399554245365,1,0,0.4090909090909091
23,1,10100.jpg,1,0,1,0,0,1,19,0.2,0.2,0.2,0.2,0.2,4,1.3862943611198906,0.5,0.635487752050753,1,1,0.43478260869565216
24,1,11011.jpg,1,1,0,1,1,0,19,0.2,0.2,0.2,0.2,0.2,4,1.3862943611198906,0.5,0.5324772899003627,0,1,0.4583333333333333
25,1,01110.jpg,0,1,1,1,0,0,19,0.2,0.2,0.2,0.2,0.2,4,1.3862943611198906,0.5,0.4901029677969892,0,1,0.48
26,1,00011.jpg,0,0,0,1,1,0,19,0.2,0.2,0.2,0.2,0.2,4,1.3862943611198906,0.5,0.2687674038933669,0,1,0.5
27,1,11000.jpg,1,1,0,0,0,0,19,0.2,0.2,0.2,0.2,0.2,4,1.3862943611198906,0.5,0.4853323892695175,1,0,0.48148148148148145
28,1,10000.jpg,1,0,0,0,0,0,19,0.2,0.2,0.2,0.2,0.2,4,1.3862943611198906,0.5,0.49990661701377226,1,0,0.4642857142857143
29,1,11010.jpg,1,1,0,1,0,0,19,0.2,0.2,0.2,0.2,0.2,4,1.3862943611198906,0.5,0.5117676354518826,1,0,0.4482758620689655
30,1,00000.jpg,0,0,0,0,0,0,19,0.2,0.2,0.2,0.2,0.2,4,1.3862943611198906,0.5,0.25782995677076476,0,1,0.4666666666666667
31,1,11100.jpg,1,1,1,0,0,1,19,0.2,0.2,0.2,0.2,0.2,4,1.3862943611198906,0.5,0.6874662907594444,0,0,0.45161290322580644
32,1,10101.jpg,1,0,1,0,1,1,19,0.2,0.2,0.2,0.2,0.2,4,1.3862943611198906,0.5,0.6765866277759096,1,1,0.46875
33,2,01010.jpg,0,1,0,1,0,0,19,0.2,0.2,0.2,0.2,0.2,4,1.3862943611198906,0.5,0.2418552370565734,0,1,0.48484848484848486
34,2,10011.jpg,1,0,0,1,1,0,19,0.2,0.2,0.2,0.2,0.2,4,1.3862943611198906,0.5,0.45512885643782863,0,1,0.5
35,2,01011.jpg,0,1,0,1,1,0,19,0.2,0.2,0.2,0.2,0.2,4,1.3862943611198906,0.5,0.2369907406798378,1,0,0.4857142857142857
36,2,10101.jpg,1,0,1,0,1,1,19,0.2,0.2,0.2,0.2,0.2,4,1.3862943611198906,0.5,0.7399243091525538,1,1,0.5
37,2,11100.jpg,1,1,1,0,0,1,19,0.2,0.2,0.2,0.2,0.2,4,1.3862943611198906,0.5,0.7343643036967781,0,0,0.4864864864864865
38,2,10010.jpg,1,0,0,1,0,0,19,0.2,0.2,0.2,0.2,0.2,4,1.3862943611198906,0.5,0.42033818223882546,0,1,0.5
39,2,10000.jpg,1,0,0,0,0,0,19,0.2,0.2,0.2,0.2,0.2,4,1.3862943611198906,0.5,0.460593845122346,0,1,0.5128205128205128
40,2,01100.jpg,0,1,1,0,0,0,19,0.2,0.2,0.2,0.2,0.2,4,1.3862943611198906,0.5,0.5028972619371607,0,1,0.525
41,2,00011.jpg,0,0,0,1,1,0,19,0.2,0.2,0.2,0.2,0.2,4,1.3862943611198906,0.5,0.23132659100228053,0,1,0.5365853658536586
42,2,01000.jpg,0,1,0,0,0,0,19,0.2,0.2,0.2,0.2,0.2,4,1.3862943611198906,0.5,0.2667648106380244,0,1,0.5476190476190477
43,2,10100.jpg,1,0,1,0,0,1,19,0.2,0.2,0.2,0.2,0.2,4,1.3862943611198906,0.5,0.7377652005846654,1,1,0.5581395348837209
44,2,00110.jpg,0,0,1,1,0,0,19,0.2,0.2,0.2,0.2,0.2,4,1.3862943611198906,0.5,0.45116714464477115,1,0,0.5454545454545454
45,2,00000.jpg,0,0,0,0,0,0,19,0.2,0.2,0.2,0.2,0.2,4,1.3862943611198906,0.5,0.27559017074319603,0,1,0.5555555555555556
46,2,10110.jpg,1,0,1,1,0,1,19,0.2,0.2,0.2,0.2,0.2,4,1.3862943611198906,0.5,0.7026774230168217,0,0,0.5434782608695652
47,2,11101.jpg,1,1,1,0,1,1,19,0.2,0.2,0.2,0.2,0.2,4,1.3862943611198906,0.5,0.7444751236243318,1,1,0.5531914893617021
48,2,11011.jpg,1,1,0,1,1,0,19,0.2,0.2,0.2,0.2,0.2,4,1.3862943611198906,0.5,0.4187465893496924,1,0,0.5416666666666666
49,2,01001.jpg,0,1,0,0,1,0,19,0.2,0.2,0.2,0.2,0.2,4,1.3862943611198906,0.5,0.2635786525868665,0,1,0.5510204081632653
50,2,01111.jpg,0,1,1,1,1,0,19,0.2,0.2,0.2,0.2,0.2,4,1.3862943611198906,0.5,0.4279634084661976,0,1,0.56
51,2,10001.jpg,1,0,0,0,1,0,19,0.2,0.2,0.2,0.2,0.2,4,1.3862943611198906,0.5,0.48435471754740433,0,1,0.5686274509803921
52,2,00010.jpg,0,0,0,1,0,0,19,0.2,0.2,0.2,0.2,0.2,4,1.3862943611198906,0.5,0.24066931745011397,1,0,0.5576923076923077
53,2,11000.jpg,1,1,0,0,0,0,19,0.2,0.2,0.2,0.2,0.2,4,1.3862943611198906,0.5,0.48240131032972733,0,1,0.5660377358490566
54,2,00100.jpg,0,0,1,0,0,0,19,0.2,0.2,0.2,0.2,0.2,4,1.3862943611198906,0.5,0.5006099942368866,1,0,0.5555555555555556
55,2,00001.jpg,0,0,0,0,1,0,19,0.2,0.2,0.2,0.2,0.2,4,1.3862943611198906,0.5,0.2653921051847394,1,0,0.5454545454545454
56,2,10111.jpg,1,0,1,1,1,1,19,0.2,0.2,0.2,0.2,0.2,4,1.3862943611198906,0.5,0.7159890866975138,1,1,0.5535714285714286
57,2,11111.jpg,1,1,1,1,1,1,19,0.2,0.2,0.2,0.2,0.2,4,1.3862943611198906,0.5,0.7130601370864275,1,1,0.5614035087719298
58,2,01101.jpg,0,1,1,0,1,0,19,0.2,0.2,0.2,0.2,0.2,4,1.3862943611198906,0.5,0.48204447570086034,1,0,0.5517241379310345
59,2,00111.jpg,0,0,1,1,1,0,19,0.2,0.2,0.2,0.2,0.2,4,1.3862943611198906,0.5,0.47678422255051073,1,0,0.5423728813559322
60,2,11010.jpg,1,1,0,1,0,0,19,0.2,0.2,0.2,0.2,0.2,4,1.3862943611198906,0.5,0.43726236881251895,0,1,0.55
61,2,00101.jpg,0,0,1,0,1,0,19,0.2,0.2,0.2,0.2,0.2,4,1.3862943611198906,0.5,0.47678931827914717,1,0,0.5409836065573771
62,2,11001.jpg,1,1,0,0,1,0,19,0.2,0.2,0.2,0.2,0.2,4,1.3862943611198906,0.5,0.4736816329147216,1,0,0.532258064516129
63,2,01110.jpg,0,1,1,1,0,0,19,0.2,0.2,0.2,0.2,0.2,4,1.3862943611198906,0.5,0.44174936836062334,1,0,0.5238095238095238
64,2,11110.jpg,1,1,1,1,0,1,19,0.2,0.2,0.2,0.2,0.2,4,1.3862943611198906,0.5,0.7084622718372842,1,1,0.53125
65,3,01101.jpg,0,1,1,0,1,0,19,0.2,0.2,0.2,0.2,0.2,4,1.3862943611198906,0.5,0.4494469627522707,1,0,0.5230769230769231
66,3,01100.jpg,0,1,1,0,0,0,19,0.2,0.2,0.2,0.2,0.2,4,1.3862943611198906,0.5,0.44373728738163876,0,1,0.5303030303030303
67,3,11110.jpg,1,1,1,1,0,1,19,0.2,0.2,0.2,0.2,0.2,4,1.3862943611198906,0.5,0.7312315059612565,1,1,0.5373134328358209
68,3,11000.jpg,1,1,0,0,0,0,19,0.2,0.2,0.2,0.2,0.2,4,1.3862943611198906,0.5,0.4550722980910543,0,1,0.5441176470588235
69,3,10100.jpg,1,0,1,0,0,1,19,0.2,0.2,0.2,0.2,0.2,4,1.3862943611198906,0.5,0.7239657019112883,1,1,0.5507246376811594
70,3,00011.jpg,0,0,0,1,1,0,19,0.2,0.2,0.2,0.2,0.2,4,1.3862943611198906,0.5,0.24043947880839742,0,1,0.5571428571428572
71,3,10001.jpg,1,0,0,0,1,0,19,0.2,0.2,0.2,0.2,0.2,4,1.3862943611198906,0.5,0.44830120143558694,1,0,0.5492957746478874
72,3,00111.jpg,0,0,1,1,1,0,19,0.2,0.2,0.2,0.2,0.2,4,1.3862943611198906,0.5,0.4406226387371813,0,1,0.5555555555555556
73,3,10011.jpg,1,0,0,1,1,0,19,0.2,0.2,0.2,0.2,0.2,4,1.3862943611198906,0.5,0.4363689382254454,1,0,0.547945205479452
74,3,11001.jpg,1,1,0,0,1,0,19,0.2,0.2,0.2,0.2,0.2,4,1.3862943611198906,0.5,0.4349856880391389,0,1,0.5540540540540541
75,3,01110.jpg,0,1,1,1,0,0,19,0.2,0.2,0.2,0.2,0.2,4,1.3862943611198906,0.5,0.4766927598543205,0,1,0.56
76,3,00100.jpg,0,0,1,0,0,0,19,0.2,0.2,0.2,0.2,0.2,4,1.3862943611198906,0.5,0.475066264699471,1,0,0.5526315789473685
77,3,10110.jpg,1,0,1,1,0,1,19,0.2,0.2,0.2,0.2,0.2,4,1.3862943611198906,0.5,0.7389723177575217,1,1,0.5584415584415584
78,3,01011.jpg,0,1,0,1,1,0,19,0.2,0.2,0.2,0.2,0.2,4,1.3862943611198906,0.5,0.2399870771423996,0,1,0.5641025641025641
79,3,00001.jpg,0,0,0,0,1,0,19,0.2,0.2,0.2,0.2,0.2,4,1.3862943611198906,0.5,0.23562126905607578,0,1,0.569620253164557
80,3,11010.jpg,1,1,0,1,0,0,19,0.2,0.2,0.2,0.2,0.2,4,1.3862943611198906,0.5,0.48320368941971314,1,0,0.5625
81,3,10000.jpg,1,0,0,0,0,0,19,0.2,0.2,0.2,0.2,0.2,4,1.3862943611198906,0.5,0.4756950835573154,1,0,0.5555555555555556
82,3,01001.jpg,0,1,0,0,1,0,19,0.2,0.2,0.2,0.2,0.2,4,1.3862943611198906,0.5,0.22771160217149797,0,1,0.5609756097560976
83,3,00010.jpg,0,0,0,1,0,0,19,0.2,0.2,0.2,0.2,0.2,4,1.3862943611198906,0.5,0.27539164372732333,0,1,0.5662650602409639
84,3,00000.jpg,0,0,0,0,0,0,19,0.2,0.2,0.2,0.2,0.2,4,1.3862943611198906,0.5,0.2597325097044939,0,1,0.5714285714285714
85,3,10111.jpg,1,0,1,1,1,1,19,0.2,0.2,0.2,0.2,0.2,4,1.3862943611198906,0.5,0.7255559763658397,0,0,0.5647058823529412
86,3,11111.jpg,1,1,1,1,1,1,19,0.2,0.2,0.2,0.2,0.2,4,1.3862943611198906,0.5,0.7300396210179424,1,1,0.5697674418604651
87,3,11100.jpg,1,1,1,0,0,1,19,0.2,0.2,0.2,0.2,0.2,4,1.3862943611198906,0.5,0.7133619399130025,1,1,0.5747126436781609
88,3,01010.jpg,0,1,0,1,0,0,19,0.2,0.2,0.2,0.2,0.2,4,1.3862943611198906,0.5,0.259566233248416,1,0,0.5681818181818182
89,3,01000.jpg,0,1,0,0,0,0,19,0.2,0.2,0.2,0.2,0.2,4,1.3862943611198906,0.5,0.24435303650841847,0,1,0.5730337078651685
90,3,10010.jpg,1,0,0,1,0,0,19,0.2,0.2,0.2,0.2,0.2,4,1.3862943611198906,0.5,0.47084639343317464,1,0,0.5666666666666667
91,3,01111.jpg,0,1,1,1,1,0,19,0.2,0.2,0.2,0.2,0.2,4,1.3862943611198906,0.5,0.466438410029045,1,0,0.5604395604395604
92,3,00101.jpg,0,0,1,0,1,0,19,0.2,0.2,0.2,0.2,0.2,4,1.3862943611198906,0.5,0.43899204815723153,0,1,0.5652173913043478
93,3,11011.jpg,1,1,0,1,1,0,19,0.2,0.2,0.2,0.2,0.2,4,1.3862943611198906,0.5,0.4634330706440749,0,1,0.5698924731182796
94,3,00110.jpg,0,0,1,1,0,0,19,0.2,0.2,0.2,0.2,0.2,4,1.3862943611198906,0.5,0.4765587423370687,0,1,0.574468085106383
95,3,10101.jpg,1,0,1,0,1,1,19,0.2,0.2,0.2,0.2,0.2,4,1.3862943611198906,0.5,0.7144338192407803,1,1,0.5789473684210527
96,3,11101.jpg,1,1,1,0,1,1,19,0.2,0.2,0.2,0.2,0.2,4,1.3862943611198906,0.5,0.7169527118545859,1,1,0.5833333333333334
1,1,11101.jpg,1,1,1,0,1,1,20,0.2,0.2,0.2,0.2,0.2,4,1.3862943611198906,0.5,0.5,1,1,1
2,1,11111.jpg,1,1,1,1,1,1,20,0.2,0.2,0.2,0.2,0.2,4,1.3862943611198906,0.5,0.5,0,0,0.5
3,1,00001.jpg,0,0,0,0,1,0,20,0.2,0.2,0.2,0.2,0.2,4,1.3862943611198906,0.5,0.5,1,0,0.3333333333333333
4,1,00111.jpg,0,0,1,1,1,0,20,0.2,0.2,0.2,0.2,0.2,4,1.3862943611198906,0.5,0.4201770776850635,1,0,0.25
5,1,00101.jpg,0,0,1,0,1,0,20,0.2,0.2,0.2,0.2,0.2,4,1.3862943611198906,0.5,0.24563187345088908,0,1,0.4
6,1,00100.jpg,0,0,1,0,0,0,20,0.2,0.2,0.2,0.2,0.2,4,1.3862943611198906,0.5,0.18776759530417306,0,1,0.5
7,1,01001.jpg,0,1,0,0,1,0,20,0.2,0.2,0.2,0.2,0.2,4,1.3862943611198906,0.5,0.4127462679349504,0,1,0.5714285714285714
8,1,11110.jpg,1,1,1,1,0,1,20,0.2,0.2,0.2,0.2,0.2,4,1.3862943611198906,0.5,0.8526841716495769,0,0,0.5
9,1,01101.jpg,0,1,1,0,1,0,20,0.2,0.2,0.2,0.2,0.2,4,1.3862943611198906,0.5,0.4511523316735937,1,0,0.4444444444444444
10,1,00010.jpg,0,0,0,1,0,0,20,0.2,0.2,0.2,0.2,0.2,4,1.3862943611198906,0.5,0.26571805245351127,0,1,0.5
11,1,10110.jpg,1,0,1,1,0,1,20,0.2,0.2,0.2,0.2,0.2,4,1.3862943611198906,0.5,0.6849599795860064,1,1,0.5454545454545454
12,1,01000.jpg,0,1,0,0,0,0,20,0.2,0.2,0.2,0.2,0.2,4,1.3862943611198906,0.5,0.24893789285098514,0,1,0.5833333333333334
13,1,10001.jpg,1,0,0,0,1,0,20,0.2,0.2,0.2,0.2,0.2,4,1.3862943611198906,0.5,0.3936093805664217,1,0,0.5384615384615384
14,1,01011.jpg,0,1,0,1,1,0,20,0.2,0.2,0.2,0.2,0.2,4,1.3862943611198906,0.5,0.36209955162262714,1,0,0.5
15,1,11001.jpg,1,1,0,0,1,0,20,0.2,0.2,0.2,0.2,0.2,4,1.3862943611198906,0.5,0.5048394492310487,0,1,0.5333333333333333
16,1,10010.jpg,1,0,0,1,0,0,20,0.2,0.2,0.2,0.2,0.2,4,1.3862943611198906,0.5,0.6242914089926073,1,0,0.5
17,1,01111.jpg,0,1,1,1,1,0,20,0.2,0.2,0.2,0.2,0.2,4,1.3862943611198906,0.5,0.5532025898439661,1,0,0.47058823529411764
18,1,00110.jpg,0,0,1,1,0,0,20,0.2,0.2,0.2,0.2,0.2,4,1.3862943611198906,0.5,0.512842777849458,1,0,0.4444444444444444
19,1,10111.jpg,1,0,1,1,1,1,20,0.2,0.2,0.2,0.2,0.2,4,1.3862943611198906,0.5,0.6885263487111597,0,0,0.42105263157894735
20,1,10011.jpg,1,0,0,1,1,0,20,0.2,0.2,0.2,0.2,0.2,4,1.3862943611198906,0.5,0.5475857639082624,0,1,0.45
21,1,01010.jpg,0,1,0,1,0,0,20,0.2,0.2,0.2,0.2,0.2,4,1.3862943611198906,0.5,0.3339508260199144,1,0,0.42857142857142855
22,1,01100.jpg,0,1,1,0,0,0,20,0.2,0.2,0.2,0.2,0.2,4,1.3862943611198906,0.5,0.4076399554245365,1,0,0.4090909090909091
23,1,10100.jpg,1,0,1,0,0,1,20,0.2,0.2,0.2,0.2,0.2,4,1.3862943611198906,0.5,0.635487752050753,1,1,0.43478260869565216
24,1,11011.jpg,1,1,0,1,1,0,20,0.2,0.2,0.2,0.2,0.2,4,1.3862943611198906,0.5,0.5324772899003627,0,1,0.4583333333333333
25,1,01110.jpg,0,1,1,1,0,0,20,0.2,0.2,0.2,0.2,0.2,4,1.3862943611198906,0.5,0.4901029677969892,0,1,0.48
26,1,00011.jpg,0,0,0,1,1,0,20,0.2,0.2,0.2,0.2,0.2,4,1.3862943611198906,0.5,0.2687674038933669,0,1,0.5
27,1,11000.jpg,1,1,0,0,0,0,20,0.2,0.2,0.2,0.2,0.2,4,1.3862943611198906,0.5,0.4853323892695175,1,0,0.48148148148148145
28,1,10000.jpg,1,0,0,0,0,0,20,0.2,0.2,0.2,0.2,0.2,4,1.3862943611198906,0.5,0.49990661701377226,1,0,0.4642857142857143
29,1,11010.jpg,1,1,0,1,0,0,20,0.2,0.2,0.2,0.2,0.2,4,1.3862943611198906,0.5,0.5117676354518826,1,0,0.4482758620689655
30,1,00000.jpg,0,0,0,0,0,0,20,0.2,0.2,0.2,0.2,0.2,4,1.3862943611198906,0.5,0.25782995677076476,0,1,0.4666666666666667
31,1,11100.jpg,1,1,1,0,0,1,20,0.2,0.2,0.2,0.2,0.2,4,1.3862943611198906,0.5,0.6874662907594444,0,0,0.45161290322580644
32,1,10101.jpg,1,0,1,0,1,1,20,0.2,0.2,0.2,0.2,0.2,4,1.3862943611198906,0.5,0.6765866277759096,1,1,0.46875
33,2,01010.jpg,0,1,0,1,0,0,20,0.2,0.2,0.2,0.2,0.2,4,1.3862943611198906,0.5,0.2418552370565734,0,1,0.48484848484848486
34,2,10011.jpg,1,0,0,1,1,0,20,0.2,0.2,0.2,0.2,0.2,4,1.3862943611198906,0.5,0.45512885643782863,0,1,0.5
35,2,01011.jpg,0,1,0,1,1,0,20,0.2,0.2,0.2,0.2,0.2,4,1.3862943611198906,0.5,0.2369907406798378,1,0,0.4857142857142857
36,2,10101.jpg,1,0,1,0,1,1,20,0.2,0.2,0.2,0.2,0.2,4,1.3862943611198906,0.5,0.7399243091525538,1,1,0.5
37,2,11100.jpg,1,1,1,0,0,1,20,0.2,0.2,0.2,0.2,0.2,4,1.3862943611198906,0.5,0.7343643036967781,0,0,0.4864864864864865
38,2,10010.jpg,1,0,0,1,0,0,20,0.2,0.2,0.2,0.2,0.2,4,1.3862943611198906,0.5,0.42033818223882546,0,1,0.5
39,2,10000.jpg,1,0,0,0,0,0,20,0.2,0.2,0.2,0.2,0.2,4,1.3862943611198906,0.5,0.460593845122346,0,1,0.5128205128205128
40,2,01100.jpg,0,1,1,0,0,0,20,0.2,0.2,0.2,0.2,0.2,4,1.3862943611198906,0.5,0.5028972619371607,0,1,0.525
41,2,00011.jpg,0,0,0,1,1,0,20,0.2,0.2,0.2,0.2,0.2,4,1.3862943611198906,0.5,0.23132659100228053,0,1,0.5365853658536586
42,2,01000.jpg,0,1,0,0,0,0,20,0.2,0.2,0.2,0.2,0.2,4,1.3862943611198906,0.5,0.2667648106380244,0,1,0.5476190476190477
43,2,10100.jpg,1,0,1,0,0,1,20,0.2,0.2,0.2,0.2,0.2,4,1.3862943611198906,0.5,0.7377652005846654,1,1,0.5581395348837209
44,2,00110.jpg,0,0,1,1,0,0,20,0.2,0.2,0.2,0.2,0.2,4,1.3862943611198906,0.5,0.45116714464477115,1,0,0.5454545454545454
45,2,00000.jpg,0,0,0,0,0,0,20,0.2,0.2,0.2,0.2,0.2,4,1.3862943611198906,0.5,0.27559017074319603,0,1,0.5555555555555556
46,2,10110.jpg,1,0,1,1,0,1,20,0.2,0.2,0.2,0.2,0.2,4,1.3862943611198906,0.5,0.7026774230168217,0,0,0.5434782608695652
47,2,11101.jpg,1,1,1,0,1,1,20,0.2,0.2,0.2,0.2,0.2,4,1.3862943611198906,0.5,0.7444751236243318,1,1,0.5531914893617021
48,2,11011.jpg,1,1,0,1,1,0,20,0.2,0.2,0.2,0.2,0.2,4,1.3862943611198906,0.5,0.4187465893496924,1,0,0.5416666666666666
49,2,01001.jpg,0,1,0,0,1,0,20,0.2,0.2,0.2,0.2,0.2,4,1.3862943611198906,0.5,0.2635786525868665,0,1,0.5510204081632653
50,2,01111.jpg,0,1,1,1,1,0,20,0.2,0.2,0.2,0.2,0.2,4,1.3862943611198906,0.5,0.4279634084661976,0,1,0.56
51,2,10001.jpg,1,0,0,0,1,0,20,0.2,0.2,0.2,0.2,0.2,4,1.3862943611198906,0.5,0.48435471754740433,0,1,0.5686274509803921
52,2,00010.jpg,0,0,0,1,0,0,20,0.2,0.2,0.2,0.2,0.2,4,1.3862943611198906,0.5,0.24066931745011397,1,0,0.5576923076923077
53,2,11000.jpg,1,1,0,0,0,0,20,0.2,0.2,0.2,0.2,0.2,4,1.3862943611198906,0.5,0.48240131032972733,0,1,0.5660377358490566
54,2,00100.jpg,0,0,1,0,0,0,20,0.2,0.2,0.2,0.2,0.2,4,1.3862943611198906,0.5,0.5006099942368866,1,0,0.5555555555555556
55,2,00001.jpg,0,0,0,0,1,0,20,0.2,0.2,0.2,0.2,0.2,4,1.3862943611198906,0.5,0.2653921051847394,1,0,0.5454545454545454
56,2,10111.jpg,1,0,1,1,1,1,20,0.2,0.2,0.2,0.2,0.2,4,1.3862943611198906,0.5,0.7159890866975138,1,1,0.5535714285714286
57,2,11111.jpg,1,1,1,1,1,1,20,0.2,0.2,0.2,0.2,0.2,4,1.3862943611198906,0.5,0.7130601370864275,1,1,0.5614035087719298
58,2,01101.jpg,0,1,1,0,1,0,20,0.2,0.2,0.2,0.2,0.2,4,1.3862943611198906,0.5,0.48204447570086034,1,0,0.5517241379310345
59,2,00111.jpg,0,0,1,1,1,0,20,0.2,0.2,0.2,0.2,0.2,4,1.3862943611198906,0.5,0.47678422255051073,1,0,0.5423728813559322
60,2,11010.jpg,1,1,0,1,0,0,20,0.2,0.2,0.2,0.2,0.2,4,1.3862943611198906,0.5,0.43726236881251895,0,1,0.55
61,2,00101.jpg,0,0,1,0,1,0,20,0.2,0.2,0.2,0.2,0.2,4,1.3862943611198906,0.5,0.47678931827914717,1,0,0.5409836065573771
62,2,11001.jpg,1,1,0,0,1,0,20,0.2,0.2,0.2,0.2,0.2,4,1.3862943611198906,0.5,0.4736816329147216,1,0,0.532258064516129
63,2,01110.jpg,0,1,1,1,0,0,20,0.2,0.2,0.2,0.2,0.2,4,1.3862943611198906,0.5,0.44174936836062334,1,0,0.5238095238095238
64,2,11110.jpg,1,1,1,1,0,1,20,0.2,0.2,0.2,0.2,0.2,4,1.3862943611198906,0.5,0.7084622718372842,1,1,0.53125
65,3,01101.jpg,0,1,1,0,1,0,20,0.2,0.2,0.2,0.2,0.2,4,1.3862943611198906,0.5,0.4494469627522707,1,0,0.5230769230769231
66,3,01100.jpg,0,1,1,0,0,0,20,0.2,0.2,0.2,0.2,0.2,4,1.3862943611198906,0.5,0.44373728738163876,0,1,0.5303030303030303
67,3,11110.jpg,1,1,1,1,0,1,20,0.2,0.2,0.2,0.2,0.2,4,1.3862943611198906,0.5,0.7312315059612565,1,1,0.5373134328358209
68,3,11000.jpg,1,1,0,0,0,0,20,0.2,0.2,0.2,0.2,0.2,4,1.3862943611198906,0.5,0.4550722980910543,0,1,0.5441176470588235
69,3,10100.jpg,1,0,1,0,0,1,20,0.2,0.2,0.2,0.2,0.2,4,1.3862943611198906,0.5,0.7239657019112883,1,1,0.5507246376811594
70,3,00011.jpg,0,0,0,1,1,0,20,0.2,0.2,0.2,0.2,0.2,4,1.3862943611198906,0.5,0.24043947880839742,0,1,0.5571428571428572
71,3,10001.jpg,1,0,0,0,1,0,20,0.2,0.2,0.2,0.2,0.2,4,1.3862943611198906,0.5,0.44830120143558694,1,0,0.5492957746478874
72,3,00111.jpg,0,0,1,1,1,0,20,0.2,0.2,0.2,0.2,0.2,4,1.3862943611198906,0.5,0.4406226387371813,0,1,0.5555555555555556
73,3,10011.jpg,1,0,0,1,1,0,20,0.2,0.2,0.2,0.2,0.2,4,1.3862943611198906,0.5,0.4363689382254454,1,0,0.547945205479452
74,3,11001.jpg,1,1,0,0,1,0,20,0.2,0.2,0.2,0.2,0.2,4,1.3862943611198906,0.5,0.4349856880391389,0,1,0.5540540540540541
75,3,01110.jpg,0,1,1,1,0,0,20,0.2,0.2,0.2,0.2,0.2,4,1.3862943611198906,0.5,0.4766927598543205,0,1,0.56
76,3,00100.jpg,0,0,1,0,0,0,20,0.2,0.2,0.2,0.2,0.2,4,1.3862943611198906,0.5,0.475066264699471,1,0,0.5526315789473685
77,3,10110.jpg,1,0,1,1,0,1,20,0.2,0.2,0.2,0.2,0.2,4,1.3862943611198906,0.5,0.7389723177575217,1,1,0.5584415584415584
78,3,01011.jpg,0,1,0,1,1,0,20,0.2,0.2,0.2,0.2,0.2,4,1.3862943611198906,0.5,0.2399870771423996,0,1,0.5641025641025641
79,3,00001.jpg,0,0,0,0,1,0,20,0.2,0.2,0.2,0.2,0.2,4,1.3862943611198906,0.5,0.23562126905607578,0,1,0.569620253164557
80,3,11010.jpg,1,1,0,1,0,0,20,0.2,0.2,0.2,0.2,0.2,4,1.3862943611198906,0.5,0.48320368941971314,1,0,0.5625
81,3,10000.jpg,1,0,0,0,0,0,20,0.2,0.2,0.2,0.2,0.2,4,1.3862943611198906,0.5,0.4756950835573154,1,0,0.5555555555555556
82,3,01001.jpg,0,1,0,0,1,0,20,0.2,0.2,0.2,0.2,0.2,4,1.3862943611198906,0.5,0.22771160217149797,0,1,0.5609756097560976
83,3,00010.jpg,0,0,0,1,0,0,20,0.2,0.2,0.2,0.2,0.2,4,1.3862943611198906,0.5,0.27539164372732333,0,1,0.5662650602409639
84,3,00000.jpg,0,0,0,0,0,0,20,0.2,0.2,0.2,0.2,0.2,4,1.3862943611198906,0.5,0.2597325097044939,0,1,0.5714285714285714
85,3,10111.jpg,1,0,1,1,1,1,20,0.2,0.2,0.2,0.2,0.2,4,1.3862943611198906,0.5,0.7255559763658397,0,0,0.5647058823529412
86,3,11111.jpg,1,1,1,1,1,1,20,0.2,0.2,0.2,0.2,0.2,4,1.3862943611198906,0.5,0.7300396210179424,1,1,0.5697674418604651
87,3,11100.jpg,1,1,1,0,0,1,20,0.2,0.2,0.2,0.2,0.2,4,1.3862943611198906,0.5,0.7133619399130025,1,1,0.5747126436781609
88,3,01010.jpg,0,1,0,1,0,0,20,0.2,0.2,0.2,0.2,0.2,4,1.3862943611198906,0.5,0.259566233248416,1,0,0.5681818181818182
89,3,01000.jpg,0,1,0,0,0,0,20,0.2,0.2,0.2,0.2,0.2,4,1.3862943611198906,0.5,0.24435303650841847,0,1,0.5730337078651685
90,3,10010.jpg,1,0,0,1,0,0,20,0.2,0.2,0.2,0.2,0.2,4,1.3862943611198906,0.5,0.47084639343317464,1,0,0.5666666666666667
91,3,01111.jpg,0,1,1,1,1,0,20,0.2,0.2,0.2,0.2,0.2,4,1.3862943611198906,0.5,0.466438410029045,1,0,0.5604395604395604
92,3,00101.jpg,0,0,1,0,1,0,20,0.2,0.2,0.2,0.2,0.2,4,1.3862943611198906,0.5,0.43899204815723153,0,1,0.5652173913043478
93,3,11011.jpg,1,1,0,1,1,0,20,0.2,0.2,0.2,0.2,0.2,4,1.3862943611198906,0.5,0.4634330706440749,0,1,0.5698924731182796
94,3,00110.jpg,0,0,1,1,0,0,20,0.2,0.2,0.2,0.2,0.2,4,1.3862943611198906,0.5,0.4765587423370687,0,1,0.574468085106383
95,3,10101.jpg,1,0,1,0,1,1,20,0.2,0.2,0.2,0.2,0.2,4,1.3862943611198906,0.5,0.7144338192407803,1,1,0.5789473684210527
96,3,11101.jpg,1,1,1,0,1,1,20,0.2,0.2,0.2,0.2,0.2,4,1.3862943611198906,0.5,0.7169527118545859,1,1,0.5833333333333334
1,1,11101.jpg,1,1,1,0,1,1,21,0.2,0.2,0.2,0.2,0.2,5,1.6094379124341003,0.5,0.5,1,1,1
2,1,11111.jpg,1,1,1,1,1,1,21,0.2,0.2,0.2,0.2,0.2,5,1.6094379124341003,0.5,0.5,0,0,0.5
3,1,00001.jpg,0,0,0,0,1,0,21,0.2,0.2,0.2,0.2,0.2,5,1.6094379124341003,0.5,0.5,1,0,0.3333333333333333
4,1,00111.jpg,0,0,1,1,1,0,21,0.2,0.2,0.2,0.2,0.2,5,1.6094379124341003,0.5,0.40615451504869055,1,0,0.25
5,1,00101.jpg,0,0,1,0,1,0,21,0.2,0.2,0.2,0.2,0.2,5,1.6094379124341003,0.5,0.2010273906993944,0,1,0.4
6,1,00100.jpg,0,0,1,0,0,0,21,0.2,0.2,0.2,0.2,0.2,5,1.6094379124341003,0.5,0.13791481001001105,0,1,0.5
7,1,01001.jpg,0,1,0,0,1,0,21,0.2,0.2,0.2,0.2,0.2,5,1.6094379124341003,0.5,0.38050558251322064,0,1,0.5714285714285714
8,1,11110.jpg,1,1,1,1,0,1,21,0.2,0.2,0.2,0.2,0.2,5,1.6094379124341003,0.5,0.8979690331706148,1,1,0.625
9,1,01101.jpg,0,1,1,0,1,0,21,0.2,0.2,0.2,0.2,0.2,5,1.6094379124341003,0.5,0.4466677790078907,1,0,0.5555555555555556
10,1,00010.jpg,0,0,0,1,0,0,21,0.2,0.2,0.2,0.2,0.2,5,1.6094379124341003,0.5,0.22221857814635726,0,1,0.6
11,1,10110.jpg,1,0,1,1,0,1,21,0.2,0.2,0.2,0.2,0.2,5,1.6094379124341003,0.5,0.7210604985302121,1,1,0.6363636363636364
12,1,01000.jpg,0,1,0,0,0,0,21,0.2,0.2,0.2,0.2,0.2,5,1.6094379124341003,0.5,0.19607045840717047,0,1,0.6666666666666666
13,1,10001.jpg,1,0,0,0,1,0,21,0.2,0.2,0.2,0.2,0.2,5,1.6094379124341003,0.5,0.36332393402488483,1,0,0.6153846153846154
14,1,01011.jpg,0,1,0,1,1,0,21,0.2,0.2,0.2,0.2,0.2,5,1.6094379124341003,0.5,0.32892028606747714,1,0,0.5714285714285714
15,1,11001.jpg,1,1,0,0,1,0,21,0.2,0.2,0.2,0.2,0.2,5,1.6094379124341003,0.5,0.5082664536616421,0,1,0.6
16,1,10010.jpg,1,0,0,1,0,0,21,0.2,0.2,0.2,0.2,0.2,5,1.6094379124341003,0.5,0.6501836984732854,1,0,0.5625
17,1,01111.jpg,0,1,1,1,1,0,21,0.2,0.2,0.2,0.2,0.2,5,1.6094379124341003,0.5,0.5543822868946786,1,0,0.5294117647058824
18,1,00110.jpg,0,0,1,1,0,0,21,0.2,0.2,0.2,0.2,0.2,5,1.6094379124341003,0.5,0.514494544806388,1,0,0.5
19,1,10111.jpg,1,0,1,1,1,1,21,0.2,0.2,0.2,0.2,0.2,5,1.6094379124341003,0.5,0.7202253041399261,0,0,0.47368421052631576
20,1,10011.jpg,1,0,0,1,1,0,21,0.2,0.2,0.2,0.2,0.2,5,1.6094379124341003,0.5,0.5536012996673837,0,1,0.5
21,1,01010.jpg,0,1,0,1,0,0,21,0.2,0.2,0.2,0.2,0.2,5,1.6094379124341003,0.5,0.29146158845867154,1,0,0.47619047619047616
22,1,01100.jpg,0,1,1,0,0,0,21,0.2,0.2,0.2,0.2,0.2,5,1.6094379124341003,0.5,0.37496635848766285,1,0,0.45454545454545453
23,1,10100.jpg,1,0,1,0,0,1,21,0.2,0.2,0.2,0.2,0.2,5,1.6094379124341003,0.5,0.6581270406561277,1,1,0.4782608695652174
24,1,11011.jpg,1,1,0,1,1,0,21,0.2,0.2,0.2,0.2,0.2,5,1.6094379124341003,0.5,0.5329155886928476,0,1,0.5
25,1,01110.jpg,0,1,1,1,0,0,21,0.2,0.2,0.2,0.2,0.2,5,1.6094379124341003,0.5,0.4815988772241056,0,1,0.52
26,1,00011.jpg,0,0,0,1,1,0,21,0.2,0.2,0.2,0.2,0.2,5,1.6094379124341003,0.5,0.22347984542973123,0,1,0.5384615384615384
27,1,11000.jpg,1,1,0,0,0,0,21,0.2,0.2,0.2,0.2,0.2,5,1.6094379124341003,0.5,0.4691127365075144,1,0,0.5185185185185185
28,1,10000.jpg,1,0,0,0,0,0,21,0.2,0.2,0.2,0.2,0.2,5,1.6094379124341003,0.5,0.5004220213757231,0,1,0.5357142857142857
29,1,11010.jpg,1,1,0,1,0,0,21,0.2,0.2,0.2,0.2,0.2,5,1.6094379124341003,0.5,0.5080382120493163,1,0,0.5172413793103449
30,1,00000.jpg,0,0,0,0,0,0,21,0.2,0.2,0.2,0.2,0.2,5,1.6094379124341003,0.5,0.21557753761158152,0,1,0.5333333333333333
31,1,11100.jpg,1,1,1,0,0,1,21,0.2,0.2,0.2,0.2,0.2,5,1.6094379124341003,0.5,0.7187059402781368,0,0,0.5161290322580645
32,1,10101.jpg,1,0,1,0,1,1,21,0.2,0.2,0.2,0.2,0.2,5,1.6094379124341003,0.5,0.7057196090526707,1,1,0.53125
33,2,01010.jpg,0,1,0,1,0,0,21,0.2,0.2,0.2,0.2,0.2,5,1.6094379124341003,0.5,0.18956603572452682,0,1,0.5454545454545454
34,2,10011.jpg,1,0,0,1,1,0,21,0.2,0.2,0.2,0.2,0.2,5,1.6094379124341003,0.5,0.43020147252652574,0,1,0.5588235294117647
35,2,01011.jpg,0,1,0,1,1,0,21,0.2,0.2,0.2,0.2,0.2,5,1.6094379124341003,0.5,0.1854134247764333,1,0,0.5428571428571428
36,2,10101.jpg,1,0,1,0,1,1,21,0.2,0.2,0.2,0.2,0.2,5,1.6094379124341003,0.5,0.7832880011265861,1,1,0.5555555555555556
37,2,11100.jpg,1,1,1,0,0,1,21,0.2,0.2,0.2,0.2,0.2,5,1.6094379124341003,0.5,0.7773197894776043,1,1,0.5675675675675675
38,2,10010.jpg,1,0,0,1,0,0,21,0.2,0.2,0.2,0.2,0.2,5,1.6094379124341003,0.5,0.3898065014638106,0,1,0.5789473684210527
39,2,10000.jpg,1,0,0,0,0,0,21,0.2,0.2,0.2,0.2,0.2,5,1.6094379124341003,0.5,0.43443952544865033,0,1,0.5897435897435898
40,2,01100.jpg,0,1,1,0,0,0,21,0.2,0.2,0.2,0.2,0.2,5,1.6094379124341003,0.5,0.4897147104015966,1,0,0.575
41,2,00011.jpg,0,0,0,1,1,0,21,0.2,0.2,0.2,0.2,0.2,5,1.6094379124341003,0.5,0.17971362299513716,0,1,0.5853658536585366
42,2,01000.jpg,0,1,0,0,0,0,21,0.2,0.2,0.2,0.2,0.2,5,1.6094379124341003,0.5,0.21780322349113063,0,1,0.5952380952380952
43,2,10100.jpg,1,0,1,0,0,1,21,0.2,0.2,0.2,0.2,0.2,5,1.6094379124341003,0.5,0.7778779729423357,1,1,0.6046511627906976
44,2,00110.jpg,0,0,1,1,0,0,21,0.2,0.2,0.2,0.2,0.2,5,1.6094379124341003,0.5,0.4272563121845189,1,0,0.5909090909090909
45,2,00000.jpg,0,0,0,0,0,0,21,0.2,0.2,0.2,0.2,0.2,5,1.6094379124341003,0.5,0.2265228976301868,0,1,0.6
46,2,10110.jpg,1,0,1,1,0,1,21,0.2,0.2,0.2,0.2,0.2,5,1.6094379124341003,0.5,0.7400707678046049,1,1,0.6086956521739131
47,2,11101.jpg,1,1,1,0,1,1,21,0.2,0.2,0.2,0.2,0.2,5,1.6094379124341003,0.5,0.7878338669705774,1,1,0.6170212765957447
48,2,11011.jpg,1,1,0,1,1,0,21,0.2,0.2,0.2,0.2,0.2,5,1.6094379124341003,0.5,0.38756474599671387,1,0,0.6041666666666666
49,2,01001.jpg,0,1,0,0,1,0,21,0.2,0.2,0.2,0.2,0.2,5,1.6094379124341003,0.5,0.21413142673428714,0,1,0.6122448979591837
50,2,01111.jpg,0,1,1,1,1,0,21,0.2,0.2,0.2,0.2,0.2,5,1.6094379124341003,0.5,0.39997961086664696,0,1,0.62
51,2,10001.jpg,1,0,0,0,1,0,21,0.2,0.2,0.2,0.2,0.2,5,1.6094379124341003,0.5,0.4680807550998002,0,1,0.6274509803921569
52,2,00010.jpg,0,0,0,1,0,0,21,0.2,0.2,0.2,0.2,0.2,5,1.6094379124341003,0.5,0.19198782194182232,1,0,0.6153846153846154
53,2,11000.jpg,1,1,0,0,0,0,21,0.2,0.2,0.2,0.2,0.2,5,1.6094379124341003,0.5,0.46771209755589,0,1,0.6226415094339622
54,2,00100.jpg,0,0,1,0,0,0,21,0.2,0.2,0.2,0.2,0.2,5,1.6094379124341003,0.5,0.48580519550002355,0,1,0.6296296296296297
55,2,00001.jpg,0,0,0,0,1,0,21,0.2,0.2,0.2,0.2,0.2,5,1.6094379124341003,0.5,0.2159746398582923,1,0,0.6181818181818182
56,2,10111.jpg,1,0,1,1,1,1,21,0.2,0.2,0.2,0.2,0.2,5,1.6094379124341003,0.5,0.7566618011338919,1,1,0.625
57,2,11111.jpg,1,1,1,1,1,1,21,0.2,0.2,0.2,0.2,0.2,5,1.6094379124341003,0.5,0.7509226562455495,1,1,0.631578947368421
58,2,01101.jpg,0,1,1,0,1,0,21,0.2,0.2,0.2,0.2,0.2,5,1.6094379124341003,0.5,0.4651498802659178,1,0,0.6206896551724138
59,2,00111.jpg,0,0,1,1,1,0,21,0.2,0.2,0.2,0.2,0.2,5,1.6094379124341003,0.5,0.46059159688327805,1,0,0.6101694915254238
60,2,11010.jpg,1,1,0,1,0,0,21,0.2,0.2,0.2,0.2,0.2,5,1.6094379124341003,0.5,0.40919664677927536,0,1,0.6166666666666667
61,2,00101.jpg,0,0,1,0,1,0,21,0.2,0.2,0.2,0.2,0.2,5,1.6094379124341003,0.5,0.45895069042202497,1,0,0.6065573770491803
62,2,11001.jpg,1,1,0,0,1,0,21,0.2,0.2,0.2,0.2,0.2,5,1.6094379124341003,0.5,0.45714171070397863,1,0,0.5967741935483871
63,2,01110.jpg,0,1,1,1,0,0,21,0.2,0.2,0.2,0.2,0.2,5,1.6094379124341003,0.5,0.41492333383613483,1,0,0.5873015873015873
64,2,11110.jpg,1,1,1,1,0,1,21,0.2,0.2,0.2,0.2,0.2,5,1.6094379124341003,0.5,0.7472125737616692,1,1,0.59375
65,3,01101.jpg,0,1,1,0,1,0,21,0.2,0.2,0.2,0.2,0.2,5,1.6094379124341003,0.5,0.4233603901815287,1,0,0.5846153846153846
66,3,01100.jpg,0,1,1,0,0,0,21,0.2,0.2,0.2,0.2,0.2,5,1.6094379124341003,0.5,0.41700610554616885,0,1,0.5909090909090909
67,3,11110.jpg,1,1,1,1,0,1,21,0.2,0.2,0.2,0.2,0.2,5,1.6094379124341003,0.5,0.7749998375665046,1,1,0.5970149253731343
68,3,11000.jpg,1,1,0,0,0,0,21,0.2,0.2,0.2,0.2,0.2,5,1.6094379124341003,0.5,0.4296774293132709,0,1,0.6029411764705882
69,3,10100.jpg,1,0,1,0,0,1,21,0.2,0.2,0.2,0.2,0.2,5,1.6094379124341003,0.5,0.7673325668561032,1,1,0.6086956521739131
70,3,00011.jpg,0,0,0,1,1,0,21,0.2,0.2,0.2,0.2,0.2,5,1.6094379124341003,0.5,0.18722495128785724,0,1,0.6142857142857143
71,3,10001.jpg,1,0,0,0,1,0,21,0.2,0.2,0.2,0.2,0.2,5,1.6094379124341003,0.5,0.4227771029515155,1,0,0.6056338028169014
72,3,00111.jpg,0,0,1,1,1,0,21,0.2,0.2,0.2,0.2,0.2,5,1.6094379124341003,0.5,0.4128025627244694,0,1,0.6111111111111112
73,3,10011.jpg,1,0,0,1,1,0,21,0.2,0.2,0.2,0.2,0.2,5,1.6094379124341003,0.5,0.4077171240395704,1,0,0.6027397260273972
74,3,11001.jpg,1,1,0,0,1,0,21,0.2,0.2,0.2,0.2,0.2,5,1.6094379124341003,0.5,0.40721364134365284,0,1,0.6081081081081081
75,3,01110.jpg,0,1,1,1,0,0,21,0.2,0.2,0.2,0.2,0.2,5,1.6094379124341003,0.5,0.4578417146791293,0,1,0.6133333333333333
76,3,00100.jpg,0,0,1,0,0,0,21,0.2,0.2,0.2,0.2,0.2,5,1.6094379124341003,0.5,0.45706556274054355,1,0,0.6052631578947368
77,3,10110.jpg,1,0,1,1,0,1,21,0.2,0.2,0.2,0.2,0.2,5,1.6094379124341003,0.5,0.7827423371647872,1,1,0.6103896103896104
78,3,01011.jpg,0,1,0,1,1,0,21,0.2,0.2,0.2,0.2,0.2,5,1.6094379124341003,0.5,0.18835256501850067,0,1,0.6153846153846154
79,3,00001.jpg,0,0,0,0,1,0,21,0.2,0.2,0.2,0.2,0.2,5,1.6094379124341003,0.5,0.18428483584424576,0,1,0.620253164556962
80,3,11010.jpg,1,1,0,1,0,0,21,0.2,0.2,0.2,0.2,0.2,5,1.6094379124341003,0.5,0.4656903765651017,1,0,0.6125
81,3,10000.jpg,1,0,0,0,0,0,21,0.2,0.2,0.2,0.2,0.2,5,1.6094379124341003,0.5,0.4573489348404693,1,0,0.6049382716049383
82,3,01001.jpg,0,1,0,0,1,0,21,0.2,0.2,0.2,0.2,0.2,5,1.6094379124341003,0.5,0.17664157649653894,0,1,0.6097560975609756
83,3,00010.jpg,0,0,0,1,0,0,21,0.2,0.2,0.2,0.2,0.2,5,1.6094379124341003,0.5,0.2253880932840131,0,1,0.6144578313253012
84,3,00000.jpg,0,0,0,0,0,0,21,0.2,0.2,0.2,0.2,0.2,5,1.6094379124341003,0.5,0.20962891350302607,0,1,0.6190476190476191
85,3,10111.jpg,1,0,1,1,1,1,21,0.2,0.2,0.2,0.2,0.2,5,1.6094379124341003,0.5,0.7668986993188153,1,1,0.6235294117647059
86,3,11111.jpg,1,1,1,1,1,1,21,0.2,0.2,0.2,0.2,0.2,5,1.6094379124341003,0.5,0.7738846476430495,1,1,0.627906976744186
87,3,11100.jpg,1,1,1,0,0,1,21,0.2,0.2,0.2,0.2,0.2,5,1.6094379124341003,0.5,0.7534488826612393,1,1,0.632183908045977
88,3,01010.jpg,0,1,0,1,0,0,21,0.2,0.2,0.2,0.2,0.2,5,1.6094379124341003,0.5,0.2081211833955674,1,0,0.625
89,3,01000.jpg,0,1,0,0,0,0,21,0.2,0.2,0.2,0.2,0.2,5,1.6094379124341003,0.5,0.1943137790449517,0,1,0.6292134831460674
90,3,10010.jpg,1,0,0,1,0,0,21,0.2,0.2,0.2,0.2,0.2,5,1.6094379124341003,0.5,0.45062306596258717,1,0,0.6222222222222222
91,3,01111.jpg,0,1,1,1,1,0,21,0.2,0.2,0.2,0.2,0.2,5,1.6094379124341003,0.5,0.44595543658392467,1,0,0.6153846153846154
92,3,00101.jpg,0,0,1,0,1,0,21,0.2,0.2,0.2,0.2,0.2,5,1.6094379124341003,0.5,0.4120659261847266,0,1,0.6195652173913043
93,3,11011.jpg,1,1,0,1,1,0,21,0.2,0.2,0.2,0.2,0.2,5,1.6094379124341003,0.5,0.44384451120531687,0,1,0.6236559139784946
94,3,00110.jpg,0,0,1,1,0,0,21,0.2,0.2,0.2,0.2,0.2,5,1.6094379124341003,0.5,0.45766423148311947,0,1,0.6276595744680851
95,3,10101.jpg,1,0,1,0,1,1,21,0.2,0.2,0.2,0.2,0.2,5,1.6094379124341003,0.5,0.7553648276850622,1,1,0.631578947368421
96,3,11101.jpg,1,1,1,0,1,1,21,0.2,0.2,0.2,0.2,0.2,5,1.6094379124341003,0.5,0.7576139537139897,1,1,0.6354166666666666
1,1,11101.jpg,1,1,1,0,1,1,22,0.2,0.2,0.2,0.2,0.2,5,1.6094379124341003,0.5,0.5,1,1,1
2,1,11111.jpg,1,1,1,1,1,1,22,0.2,0.2,0.2,0.2,0.2,5,1.6094379124341003,0.5,0.5,0,0,0.5
3,1,00001.jpg,0,0,0,0,1,0,22,0.2,0.2,0.2,0.2,0.2,5,1.6094379124341003,0.5,0.5,1,0,0.3333333333333333
4,1,00111.jpg,0,0,1,1,1,0,22,0.2,0.2,0.2,0.2,0.2,5,1.6094379124341003,0.5,0.40615451504869055,1,0,0.25
5,1,00101.jpg,0,0,1,0,1,0,22,0.2,0.2,0.2,0.2,0.2,5,1.6094379124341003,0.5,0.2010273906993944,0,1,0.4
6,1,00100.jpg,0,0,1,0,0,0,22,0.2,0.2,0.2,0.2,0.2,5,1.6094379124341003,0.5,0.13791481001001105,0,1,0.5
7,1,01001.jpg,0,1,0,0,1,0,22,0.2,0.2,0.2,0.2,0.2,5,1.6094379124341003,0.5,0.38050558251322064,0,1,0.5714285714285714
8,1,11110.jpg,1,1,1,1,0,1,22,0.2,0.2,0.2,0.2,0.2,5,1.6094379124341003,0.5,0.8979690331706148,1,1,0.625
9,1,01101.jpg,0,1,1,0,1,0,22,0.2,0.2,0.2,0.2,0.2,5,1.6094379124341003,0.5,0.4466677790078907,1,0,0.5555555555555556
10,1,00010.jpg,0,0,0,1,0,0,22,0.2,0.2,0.2,0.2,0.2,5,1.6094379124341003,0.5,0.22221857814635726,0,1,0.6
11,1,10110.jpg,1,0,1,1,0,1,22,0.2,0.2,0.2,0.2,0.2,5,1.6094379124341003,0.5,0.7210604985302121,1,1,0.6363636363636364
12,1,01000.jpg,0,1,0,0,0,0,22,0.2,0.2,0.2,0.2,0.2,5,1.6094379124341003,0.5,0.19607045840717047,0,1,0.6666666666666666
13,1,10001.jpg,1,0,0,0,1,0,22,0.2,0.2,0.2,0.2,0.2,5,1.6094379124341003,0.5,0.36332393402488483,1,0,0.6153846153846154
14,1,01011.jpg,0,1,0,1,1,0,22,0.2,0.2,0.2,0.2,0.2,5,1.6094379124341003,0.5,0.32892028606747714,1,0,0.5714285714285714
15,1,11001.jpg,1,1,0,0,1,0,22,0.2,0.2,0.2,0.2,0.2,5,1.6094379124341003,0.5,0.5082664536616421,0,1,0.6
16,1,10010.jpg,1,0,0,1,0,0,22,0.2,0.2,0.2,0.2,0.2,5,1.6094379124341003,0.5,0.6501836984732854,1,0,0.5625
17,1,01111.jpg,0,1,1,1,1,0,22,0.2,0.2,0.2,0.2,0.2,5,1.6094379124341003,0.5,0.5543822868946786,1,0,0.5294117647058824
18,1,00110.jpg,0,0,1,1,0,0,22,0.2,0.2,0.2,0.2,0.2,5,1.6094379124341003,0.5,0.514494544806388,1,0,0.5
19,1,10111.jpg,1,0,1,1,1,1,22,0.2,0.2,0.2,0.2,0.2,5,1.6094379124341003,0.5,0.7202253041399261,0,0,0.47368421052631576
20,1,10011.jpg,1,0,0,1,1,0,22,0.2,0.2,0.2,0.2,0.2,5,1.6094379124341003,0.5,0.5536012996673837,0,1,0.5
21,1,01010.jpg,0,1,0,1,0,0,22,0.2,0.2,0.2,0.2,0.2,5,1.6094379124341003,0.5,0.29146158845867154,1,0,0.47619047619047616
22,1,01100.jpg,0,1,1,0,0,0,22,0.2,0.2,0.2,0.2,0.2,5,1.6094379124341003,0.5,0.37496635848766285,1,0,0.45454545454545453
23,1,10100.jpg,1,0,1,0,0,1,22,0.2,0.2,0.2,0.2,0.2,5,1.6094379124341003,0.5,0.6581270406561277,1,1,0.4782608695652174
24,1,11011.jpg,1,1,0,1,1,0,22,0.2,0.2,0.2,0.2,0.2,5,1.6094379124341003,0.5,0.5329155886928476,0,1,0.5
25,1,01110.jpg,0,1,1,1,0,0,22,0.2,0.2,0.2,0.2,0.2,5,1.6094379124341003,0.5,0.4815988772241056,0,1,0.52
26,1,00011.jpg,0,0,0,1,1,0,22,0.2,0.2,0.2,0.2,0.2,5,1.6094379124341003,0.5,0.22347984542973123,0,1,0.5384615384615384
27,1,11000.jpg,1,1,0,0,0,0,22,0.2,0.2,0.2,0.2,0.2,5,1.6094379124341003,0.5,0.4691127365075144,1,0,0.5185185185185185
28,1,10000.jpg,1,0,0,0,0,0,22,0.2,0.2,0.2,0.2,0.2,5,1.6094379124341003,0.5,0.5004220213757231,0,1,0.5357142857142857
29,1,11010.jpg,1,1,0,1,0,0,22,0.2,0.2,0.2,0.2,0.2,5,1.6094379124341003,0.5,0.5080382120493163,1,0,0.5172413793103449
30,1,00000.jpg,0,0,0,0,0,0,22,0.2,0.2,0.2,0.2,0.2,5,1.6094379124341003,0.5,0.21557753761158152,0,1,0.5333333333333333
31,1,11100.jpg,1,1,1,0,0,1,22,0.2,0.2,0.2,0.2,0.2,5,1.6094379124341003,0.5,0.7187059402781368,0,0,0.5161290322580645
32,1,10101.jpg,1,0,1,0,1,1,22,0.2,0.2,0.2,0.2,0.2,5,1.6094379124341003,0.5,0.7057196090526707,1,1,0.53125
33,2,01010.jpg,0,1,0,1,0,0,22,0.2,0.2,0.2,0.2,0.2,5,1.6094379124341003,0.5,0.18956603572452682,0,1,0.5454545454545454
34,2,10011.jpg,1,0,0,1,1,0,22,0.2,0.2,0.2,0.2,0.2,5,1.6094379124341003,0.5,0.43020147252652574,0,1,0.5588235294117647
35,2,01011.jpg,0,1,0,1,1,0,22,0.2,0.2,0.2,0.2,0.2,5,1.6094379124341003,0.5,0.1854134247764333,1,0,0.5428571428571428
36,2,10101.jpg,1,0,1,0,1,1,22,0.2,0.2,0.2,0.2,0.2,5,1.6094379124341003,0.5,0.7832880011265861,1,1,0.5555555555555556
37,2,11100.jpg,1,1,1,0,0,1,22,0.2,0.2,0.2,0.2,0.2,5,1.6094379124341003,0.5,0.7773197894776043,1,1,0.5675675675675675
38,2,10010.jpg,1,0,0,1,0,0,22,0.2,0.2,0.2,0.2,0.2,5,1.6094379124341003,0.5,0.3898065014638106,0,1,0.5789473684210527
39,2,10000.jpg,1,0,0,0,0,0,22,0.2,0.2,0.2,0.2,0.2,5,1.6094379124341003,0.5,0.43443952544865033,0,1,0.5897435897435898
40,2,01100.jpg,0,1,1,0,0,0,22,0.2,0.2,0.2,0.2,0.2,5,1.6094379124341003,0.5,0.4897147104015966,1,0,0.575
41,2,00011.jpg,0,0,0,1,1,0,22,0.2,0.2,0.2,0.2,0.2,5,1.6094379124341003,0.5,0.17971362299513716,0,1,0.5853658536585366
42,2,01000.jpg,0,1,0,0,0,0,22,0.2,0.2,0.2,0.2,0.2,5,1.6094379124341003,0.5,0.21780322349113063,0,1,0.5952380952380952
43,2,10100.jpg,1,0,1,0,0,1,22,0.2,0.2,0.2,0.2,0.2,5,1.6094379124341003,0.5,0.7778779729423357,1,1,0.6046511627906976
44,2,00110.jpg,0,0,1,1,0,0,22,0.2,0.2,0.2,0.2,0.2,5,1.6094379124341003,0.5,0.4272563121845189,1,0,0.5909090909090909
45,2,00000.jpg,0,0,0,0,0,0,22,0.2,0.2,0.2,0.2,0.2,5,1.6094379124341003,0.5,0.2265228976301868,0,1,0.6
46,2,10110.jpg,1,0,1,1,0,1,22,0.2,0.2,0.2,0.2,0.2,5,1.6094379124341003,0.5,0.7400707678046049,1,1,0.6086956521739131
47,2,11101.jpg,1,1,1,0,1,1,22,0.2,0.2,0.2,0.2,0.2,5,1.6094379124341003,0.5,0.7878338669705774,1,1,0.6170212765957447
48,2,11011.jpg,1,1,0,1,1,0,22,0.2,0.2,0.2,0.2,0.2,5,1.6094379124341003,0.5,0.38756474599671387,1,0,0.6041666666666666
49,2,01001.jpg,0,1,0,0,1,0,22,0.2,0.2,0.2,0.2,0.2,5,1.6094379124341003,0.5,0.21413142673428714,0,1,0.6122448979591837
50,2,01111.jpg,0,1,1,1,1,0,22,0.2,0.2,0.2,0.2,0.2,5,1.6094379124341003,0.5,0.39997961086664696,0,1,0.62
51,2,10001.jpg,1,0,0,0,1,0,22,0.2,0.2,0.2,0.2,0.2,5,1.6094379124341003,0.5,0.4680807550998002,0,1,0.6274509803921569
52,2,00010.jpg,0,0,0,1,0,0,22,0.2,0.2,0.2,0.2,0.2,5,1.6094379124341003,0.5,0.19198782194182232,1,0,0.6153846153846154
53,2,11000.jpg,1,1,0,0,0,0,22,0.2,0.2,0.2,0.2,0.2,5,1.6094379124341003,0.5,0.46771209755589,0,1,0.6226415094339622
54,2,00100.jpg,0,0,1,0,0,0,22,0.2,0.2,0.2,0.2,0.2,5,1.6094379124341003,0.5,0.48580519550002355,0,1,0.6296296296296297
55,2,00001.jpg,0,0,0,0,1,0,22,0.2,0.2,0.2,0.2,0.2,5,1.6094379124341003,0.5,0.2159746398582923,1,0,0.6181818181818182
56,2,10111.jpg,1,0,1,1,1,1,22,0.2,0.2,0.2,0.2,0.2,5,1.6094379124341003,0.5,0.7566618011338919,1,1,0.625
57,2,11111.jpg,1,1,1,1,1,1,22,0.2,0.2,0.2,0.2,0.2,5,1.6094379124341003,0.5,0.7509226562455495,1,1,0.631578947368421
58,2,01101.jpg,0,1,1,0,1,0,22,0.2,0.2,0.2,0.2,0.2,5,1.6094379124341003,0.5,0.4651498802659178,1,0,0.6206896551724138
59,2,00111.jpg,0,0,1,1,1,0,22,0.2,0.2,0.2,0.2,0.2,5,1.6094379124341003,0.5,0.46059159688327805,1,0,0.6101694915254238
60,2,11010.jpg,1,1,0,1,0,0,22,0.2,0.2,0.2,0.2,0.2,5,1.6094379124341003,0.5,0.40919664677927536,0,1,0.6166666666666667
61,2,00101.jpg,0,0,1,0,1,0,22,0.2,0.2,0.2,0.2,0.2,5,1.6094379124341003,0.5,0.45895069042202497,1,0,0.6065573770491803
62,2,11001.jpg,1,1,0,0,1,0,22,0.2,0.2,0.2,0.2,0.2,5,1.6094379124341003,0.5,0.45714171070397863,1,0,0.5967741935483871
63,2,01110.jpg,0,1,1,1,0,0,22,0.2,0.2,0.2,0.2,0.2,5,1.6094379124341003,0.5,0.41492333383613483,1,0,0.5873015873015873
64,2,11110.jpg,1,1,1,1,0,1,22,0.2,0.2,0.2,0.2,0.2,5,1.6094379124341003,0.5,0.7472125737616692,1,1,0.59375
65,3,01101.jpg,0,1,1,0,1,0,22,0.2,0.2,0.2,0.2,0.2,5,1.6094379124341003,0.5,0.4233603901815287,1,0,0.5846153846153846
66,3,01100.jpg,0,1,1,0,0,0,22,0.2,0.2,0.2,0.2,0.2,5,1.6094379124341003,0.5,0.41700610554616885,0,1,0.5909090909090909
67,3,11110.jpg,1,1,1,1,0,1,22,0.2,0.2,0.2,0.2,0.2,5,1.6094379124341003,0.5,0.7749998375665046,1,1,0.5970149253731343
68,3,11000.jpg,1,1,0,0,0,0,22,0.2,0.2,0.2,0.2,0.2,5,1.6094379124341003,0.5,0.4296774293132709,0,1,0.6029411764705882
69,3,10100.jpg,1,0,1,0,0,1,22,0.2,0.2,0.2,0.2,0.2,5,1.6094379124341003,0.5,0.7673325668561032,1,1,0.6086956521739131
70,3,00011.jpg,0,0,0,1,1,0,22,0.2,0.2,0.2,0.2,0.2,5,1.6094379124341003,0.5,0.18722495128785724,0,1,0.6142857142857143
71,3,10001.jpg,1,0,0,0,1,0,22,0.2,0.2,0.2,0.2,0.2,5,1.6094379124341003,0.5,0.4227771029515155,1,0,0.6056338028169014
72,3,00111.jpg,0,0,1,1,1,0,22,0.2,0.2,0.2,0.2,0.2,5,1.6094379124341003,0.5,0.4128025627244694,0,1,0.6111111111111112
73,3,10011.jpg,1,0,0,1,1,0,22,0.2,0.2,0.2,0.2,0.2,5,1.6094379124341003,0.5,0.4077171240395704,1,0,0.6027397260273972
74,3,11001.jpg,1,1,0,0,1,0,22,0.2,0.2,0.2,0.2,0.2,5,1.6094379124341003,0.5,0.40721364134365284,0,1,0.6081081081081081
75,3,01110.jpg,0,1,1,1,0,0,22,0.2,0.2,0.2,0.2,0.2,5,1.6094379124341003,0.5,0.4578417146791293,0,1,0.6133333333333333
76,3,00100.jpg,0,0,1,0,0,0,22,0.2,0.2,0.2,0.2,0.2,5,1.6094379124341003,0.5,0.45706556274054355,1,0,0.6052631578947368
77,3,10110.jpg,1,0,1,1,0,1,22,0.2,0.2,0.2,0.2,0.2,5,1.6094379124341003,0.5,0.7827423371647872,1,1,0.6103896103896104
78,3,01011.jpg,0,1,0,1,1,0,22,0.2,0.2,0.2,0.2,0.2,5,1.6094379124341003,0.5,0.18835256501850067,0,1,0.6153846153846154
79,3,00001.jpg,0,0,0,0,1,0,22,0.2,0.2,0.2,0.2,0.2,5,1.6094379124341003,0.5,0.18428483584424576,0,1,0.620253164556962
80,3,11010.jpg,1,1,0,1,0,0,22,0.2,0.2,0.2,0.2,0.2,5,1.6094379124341003,0.5,0.4656903765651017,1,0,0.6125
81,3,10000.jpg,1,0,0,0,0,0,22,0.2,0.2,0.2,0.2,0.2,5,1.6094379124341003,0.5,0.4573489348404693,1,0,0.6049382716049383
82,3,01001.jpg,0,1,0,0,1,0,22,0.2,0.2,0.2,0.2,0.2,5,1.6094379124341003,0.5,0.17664157649653894,0,1,0.6097560975609756
83,3,00010.jpg,0,0,0,1,0,0,22,0.2,0.2,0.2,0.2,0.2,5,1.6094379124341003,0.5,0.2253880932840131,0,1,0.6144578313253012
84,3,00000.jpg,0,0,0,0,0,0,22,0.2,0.2,0.2,0.2,0.2,5,1.6094379124341003,0.5,0.20962891350302607,0,1,0.6190476190476191
85,3,10111.jpg,1,0,1,1,1,1,22,0.2,0.2,0.2,0.2,0.2,5,1.6094379124341003,0.5,0.7668986993188153,1,1,0.6235294117647059
86,3,11111.jpg,1,1,1,1,1,1,22,0.2,0.2,0.2,0.2,0.2,5,1.6094379124341003,0.5,0.7738846476430495,1,1,0.627906976744186
87,3,11100.jpg,1,1,1,0,0,1,22,0.2,0.2,0.2,0.2,0.2,5,1.6094379124341003,0.5,0.7534488826612393,1,1,0.632183908045977
88,3,01010.jpg,0,1,0,1,0,0,22,0.2,0.2,0.2,0.2,0.2,5,1.6094379124341003,0.5,0.2081211833955674,1,0,0.625
89,3,01000.jpg,0,1,0,0,0,0,22,0.2,0.2,0.2,0.2,0.2,5,1.6094379124341003,0.5,0.1943137790449517,0,1,0.6292134831460674
90,3,10010.jpg,1,0,0,1,0,0,22,0.2,0.2,0.2,0.2,0.2,5,1.6094379124341003,0.5,0.45062306596258717,1,0,0.6222222222222222
91,3,01111.jpg,0,1,1,1,1,0,22,0.2,0.2,0.2,0.2,0.2,5,1.6094379124341003,0.5,0.44595543658392467,1,0,0.6153846153846154
92,3,00101.jpg,0,0,1,0,1,0,22,0.2,0.2,0.2,0.2,0.2,5,1.6094379124341003,0.5,0.4120659261847266,0,1,0.6195652173913043
93,3,11011.jpg,1,1,0,1,1,0,22,0.2,0.2,0.2,0.2,0.2,5,1.6094379124341003,0.5,0.44384451120531687,0,1,0.6236559139784946
94,3,00110.jpg,0,0,1,1,0,0,22,0.2,0.2,0.2,0.2,0.2,5,1.6094379124341003,0.5,0.45766423148311947,0,1,0.6276595744680851
95,3,10101.jpg,1,0,1,0,1,1,22,0.2,0.2,0.2,0.2,0.2,5,1.6094379124341003,0.5,0.7553648276850622,1,1,0.631578947368421
96,3,11101.jpg,1,1,1,0,1,1,22,0.2,0.2,0.2,0.2,0.2,5,1.6094379124341003,0.5,0.7576139537139897,1,1,0.6354166666666666
1,1,11101.jpg,1,1,1,0,1,1,23,0.2,0.2,0.2,0.2,0.2,5,1.6094379124341003,0.5,0.5,1,1,1
2,1,11111.jpg,1,1,1,1,1,1,23,0.2,0.2,0.2,0.2,0.2,5,1.6094379124341003,0.5,0.5,0,0,0.5
3,1,00001.jpg,0,0,0,0,1,0,23,0.2,0.2,0.2,0.2,0.2,5,1.6094379124341003,0.5,0.5,1,0,0.3333333333333333
4,1,00111.jpg,0,0,1,1,1,0,23,0.2,0.2,0.2,0.2,0.2,5,1.6094379124341003,0.5,0.40615451504869055,1,0,0.25
5,1,00101.jpg,0,0,1,0,1,0,23,0.2,0.2,0.2,0.2,0.2,5,1.6094379124341003,0.5,0.2010273906993944,0,1,0.4
6,1,00100.jpg,0,0,1,0,0,0,23,0.2,0.2,0.2,0.2,0.2,5,1.6094379124341003,0.5,0.13791481001001105,0,1,0.5
7,1,01001.jpg,0,1,0,0,1,0,23,0.2,0.2,0.2,0.2,0.2,5,1.6094379124341003,0.5,0.38050558251322064,0,1,0.5714285714285714
8,1,11110.jpg,1,1,1,1,0,1,23,0.2,0.2,0.2,0.2,0.2,5,1.6094379124341003,0.5,0.8979690331706148,1,1,0.625
9,1,01101.jpg,0,1,1,0,1,0,23,0.2,0.2,0.2,0.2,0.2,5,1.6094379124341003,0.5,0.4466677790078907,1,0,0.5555555555555556
10,1,00010.jpg,0,0,0,1,0,0,23,0.2,0.2,0.2,0.2,0.2,5,1.6094379124341003,0.5,0.22221857814635726,0,1,0.6
11,1,10110.jpg,1,0,1,1,0,1,23,0.2,0.2,0.2,0.2,0.2,5,1.6094379124341003,0.5,0.7210604985302121,1,1,0.6363636363636364
12,1,01000.jpg,0,1,0,0,0,0,23,0.2,0.2,0.2,0.2,0.2,5,1.6094379124341003,0.5,0.19607045840717047,0,1,0.6666666666666666
13,1,10001.jpg,1,0,0,0,1,0,23,0.2,0.2,0.2,0.2,0.2,5,1.6094379124341003,0.5,0.36332393402488483,1,0,0.6153846153846154
14,1,01011.jpg,0,1,0,1,1,0,23,0.2,0.2,0.2,0.2,0.2,5,1.6094379124341003,0.5,0.32892028606747714,1,0,0.5714285714285714
15,1,11001.jpg,1,1,0,0,1,0,23,0.2,0.2,0.2,0.2,0.2,5,1.6094379124341003,0.5,0.5082664536616421,0,1,0.6
16,1,10010.jpg,1,0,0,1,0,0,23,0.2,0.2,0.2,0.2,0.2,5,1.6094379124341003,0.5,0.6501836984732854,1,0,0.5625
17,1,01111.jpg,0,1,1,1,1,0,23,0.2,0.2,0.2,0.2,0.2,5,1.6094379124341003,0.5,0.5543822868946786,1,0,0.5294117647058824
18,1,00110.jpg,0,0,1,1,0,0,23,0.2,0.2,0.2,0.2,0.2,5,1.6094379124341003,0.5,0.514494544806388,1,0,0.5
19,1,10111.jpg,1,0,1,1,1,1,23,0.2,0.2,0.2,0.2,0.2,5,1.6094379124341003,0.5,0.7202253041399261,0,0,0.47368421052631576
20,1,10011.jpg,1,0,0,1,1,0,23,0.2,0.2,0.2,0.2,0.2,5,1.6094379124341003,0.5,0.5536012996673837,0,1,0.5
21,1,01010.jpg,0,1,0,1,0,0,23,0.2,0.2,0.2,0.2,0.2,5,1.6094379124341003,0.5,0.29146158845867154,1,0,0.47619047619047616
22,1,01100.jpg,0,1,1,0,0,0,23,0.2,0.2,0.2,0.2,0.2,5,1.6094379124341003,0.5,0.37496635848766285,1,0,0.45454545454545453
23,1,10100.jpg,1,0,1,0,0,1,23,0.2,0.2,0.2,0.2,0.2,5,1.6094379124341003,0.5,0.6581270406561277,1,1,0.4782608695652174
24,1,11011.jpg,1,1,0,1,1,0,23,0.2,0.2,0.2,0.2,0.2,5,1.6094379124341003,0.5,0.5329155886928476,0,1,0.5
25,1,01110.jpg,0,1,1,1,0,0,23,0.2,0.2,0.2,0.2,0.2,5,1.6094379124341003,0.5,0.4815988772241056,0,1,0.52
26,1,00011.jpg,0,0,0,1,1,0,23,0.2,0.2,0.2,0.2,0.2,5,1.6094379124341003,0.5,0.22347984542973123,0,1,0.5384615384615384
27,1,11000.jpg,1,1,0,0,0,0,23,0.2,0.2,0.2,0.2,0.2,5,1.6094379124341003,0.5,0.4691127365075144,1,0,0.5185185185185185
28,1,10000.jpg,1,0,0,0,0,0,23,0.2,0.2,0.2,0.2,0.2,5,1.6094379124341003,0.5,0.5004220213757231,0,1,0.5357142857142857
29,1,11010.jpg,1,1,0,1,0,0,23,0.2,0.2,0.2,0.2,0.2,5,1.6094379124341003,0.5,0.5080382120493163,1,0,0.5172413793103449
30,1,00000.jpg,0,0,0,0,0,0,23,0.2,0.2,0.2,0.2,0.2,5,1.6094379124341003,0.5,0.21557753761158152,0,1,0.5333333333333333
31,1,11100.jpg,1,1,1,0,0,1,23,0.2,0.2,0.2,0.2,0.2,5,1.6094379124341003,0.5,0.7187059402781368,0,0,0.5161290322580645
32,1,10101.jpg,1,0,1,0,1,1,23,0.2,0.2,0.2,0.2,0.2,5,1.6094379124341003,0.5,0.7057196090526707,1,1,0.53125
33,2,01010.jpg,0,1,0,1,0,0,23,0.2,0.2,0.2,0.2,0.2,5,1.6094379124341003,0.5,0.18956603572452682,0,1,0.5454545454545454
34,2,10011.jpg,1,0,0,1,1,0,23,0.2,0.2,0.2,0.2,0.2,5,1.6094379124341003,0.5,0.43020147252652574,0,1,0.5588235294117647
35,2,01011.jpg,0,1,0,1,1,0,23,0.2,0.2,0.2,0.2,0.2,5,1.6094379124341003,0.5,0.1854134247764333,1,0,0.5428571428571428
36,2,10101.jpg,1,0,1,0,1,1,23,0.2,0.2,0.2,0.2,0.2,5,1.6094379124341003,0.5,0.7832880011265861,1,1,0.5555555555555556
37,2,11100.jpg,1,1,1,0,0,1,23,0.2,0.2,0.2,0.2,0.2,5,1.6094379124341003,0.5,0.7773197894776043,1,1,0.5675675675675675
38,2,10010.jpg,1,0,0,1,0,0,23,0.2,0.2,0.2,0.2,0.2,5,1.6094379124341003,0.5,0.3898065014638106,0,1,0.5789473684210527
39,2,10000.jpg,1,0,0,0,0,0,23,0.2,0.2,0.2,0.2,0.2,5,1.6094379124341003,0.5,0.43443952544865033,0,1,0.5897435897435898
40,2,01100.jpg,0,1,1,0,0,0,23,0.2,0.2,0.2,0.2,0.2,5,1.6094379124341003,0.5,0.4897147104015966,1,0,0.575
41,2,00011.jpg,0,0,0,1,1,0,23,0.2,0.2,0.2,0.2,0.2,5,1.6094379124341003,0.5,0.17971362299513716,0,1,0.5853658536585366
42,2,01000.jpg,0,1,0,0,0,0,23,0.2,0.2,0.2,0.2,0.2,5,1.6094379124341003,0.5,0.21780322349113063,0,1,0.5952380952380952
43,2,10100.jpg,1,0,1,0,0,1,23,0.2,0.2,0.2,0.2,0.2,5,1.6094379124341003,0.5,0.7778779729423357,1,1,0.6046511627906976
44,2,00110.jpg,0,0,1,1,0,0,23,0.2,0.2,0.2,0.2,0.2,5,1.6094379124341003,0.5,0.4272563121845189,1,0,0.5909090909090909
45,2,00000.jpg,0,0,0,0,0,0,23,0.2,0.2,0.2,0.2,0.2,5,1.6094379124341003,0.5,0.2265228976301868,0,1,0.6
46,2,10110.jpg,1,0,1,1,0,1,23,0.2,0.2,0.2,0.2,0.2,5,1.6094379124341003,0.5,0.7400707678046049,1,1,0.6086956521739131
47,2,11101.jpg,1,1,1,0,1,1,23,0.2,0.2,0.2,0.2,0.2,5,1.6094379124341003,0.5,0.7878338669705774,1,1,0.6170212765957447
48,2,11011.jpg,1,1,0,1,1,0,23,0.2,0.2,0.2,0.2,0.2,5,1.6094379124341003,0.5,0.38756474599671387,1,0,0.6041666666666666
49,2,01001.jpg,0,1,0,0,1,0,23,0.2,0.2,0.2,0.2,0.2,5,1.6094379124341003,0.5,0.21413142673428714,0,1,0.6122448979591837
50,2,01111.jpg,0,1,1,1,1,0,23,0.2,0.2,0.2,0.2,0.2,5,1.6094379124341003,0.5,0.39997961086664696,0,1,0.62
51,2,10001.jpg,1,0,0,0,1,0,23,0.2,0.2,0.2,0.2,0.2,5,1.6094379124341003,0.5,0.4680807550998002,0,1,0.6274509803921569
52,2,00010.jpg,0,0,0,1,0,0,23,0.2,0.2,0.2,0.2,0.2,5,1.6094379124341003,0.5,0.19198782194182232,1,0,0.6153846153846154
53,2,11000.jpg,1,1,0,0,0,0,23,0.2,0.2,0.2,0.2,0.2,5,1.6094379124341003,0.5,0.46771209755589,0,1,0.6226415094339622
54,2,00100.jpg,0,0,1,0,0,0,23,0.2,0.2,0.2,0.2,0.2,5,1.6094379124341003,0.5,0.48580519550002355,0,1,0.6296296296296297
55,2,00001.jpg,0,0,0,0,1,0,23,0.2,0.2,0.2,0.2,0.2,5,1.6094379124341003,0.5,0.2159746398582923,1,0,0.6181818181818182
56,2,10111.jpg,1,0,1,1,1,1,23,0.2,0.2,0.2,0.2,0.2,5,1.6094379124341003,0.5,0.7566618011338919,1,1,0.625
57,2,11111.jpg,1,1,1,1,1,1,23,0.2,0.2,0.2,0.2,0.2,5,1.6094379124341003,0.5,0.7509226562455495,1,1,0.631578947368421
58,2,01101.jpg,0,1,1,0,1,0,23,0.2,0.2,0.2,0.2,0.2,5,1.6094379124341003,0.5,0.4651498802659178,1,0,0.6206896551724138
59,2,00111.jpg,0,0,1,1,1,0,23,0.2,0.2,0.2,0.2,0.2,5,1.6094379124341003,0.5,0.46059159688327805,1,0,0.6101694915254238
60,2,11010.jpg,1,1,0,1,0,0,23,0.2,0.2,0.2,0.2,0.2,5,1.6094379124341003,0.5,0.40919664677927536,0,1,0.6166666666666667
61,2,00101.jpg,0,0,1,0,1,0,23,0.2,0.2,0.2,0.2,0.2,5,1.6094379124341003,0.5,0.45895069042202497,1,0,0.6065573770491803
62,2,11001.jpg,1,1,0,0,1,0,23,0.2,0.2,0.2,0.2,0.2,5,1.6094379124341003,0.5,0.45714171070397863,1,0,0.5967741935483871
63,2,01110.jpg,0,1,1,1,0,0,23,0.2,0.2,0.2,0.2,0.2,5,1.6094379124341003,0.5,0.41492333383613483,1,0,0.5873015873015873
64,2,11110.jpg,1,1,1,1,0,1,23,0.2,0.2,0.2,0.2,0.2,5,1.6094379124341003,0.5,0.7472125737616692,1,1,0.59375
65,3,01101.jpg,0,1,1,0,1,0,23,0.2,0.2,0.2,0.2,0.2,5,1.6094379124341003,0.5,0.4233603901815287,1,0,0.5846153846153846
66,3,01100.jpg,0,1,1,0,0,0,23,0.2,0.2,0.2,0.2,0.2,5,1.6094379124341003,0.5,0.41700610554616885,0,1,0.5909090909090909
67,3,11110.jpg,1,1,1,1,0,1,23,0.2,0.2,0.2,0.2,0.2,5,1.6094379124341003,0.5,0.7749998375665046,1,1,0.5970149253731343
68,3,11000.jpg,1,1,0,0,0,0,23,0.2,0.2,0.2,0.2,0.2,5,1.6094379124341003,0.5,0.4296774293132709,0,1,0.6029411764705882
69,3,10100.jpg,1,0,1,0,0,1,23,0.2,0.2,0.2,0.2,0.2,5,1.6094379124341003,0.5,0.7673325668561032,1,1,0.6086956521739131
70,3,00011.jpg,0,0,0,1,1,0,23,0.2,0.2,0.2,0.2,0.2,5,1.6094379124341003,0.5,0.18722495128785724,0,1,0.6142857142857143
71,3,10001.jpg,1,0,0,0,1,0,23,0.2,0.2,0.2,0.2,0.2,5,1.6094379124341003,0.5,0.4227771029515155,1,0,0.6056338028169014
72,3,00111.jpg,0,0,1,1,1,0,23,0.2,0.2,0.2,0.2,0.2,5,1.6094379124341003,0.5,0.4128025627244694,0,1,0.6111111111111112
73,3,10011.jpg,1,0,0,1,1,0,23,0.2,0.2,0.2,0.2,0.2,5,1.6094379124341003,0.5,0.4077171240395704,1,0,0.6027397260273972
74,3,11001.jpg,1,1,0,0,1,0,23,0.2,0.2,0.2,0.2,0.2,5,1.6094379124341003,0.5,0.40721364134365284,0,1,0.6081081081081081
75,3,01110.jpg,0,1,1,1,0,0,23,0.2,0.2,0.2,0.2,0.2,5,1.6094379124341003,0.5,0.4578417146791293,0,1,0.6133333333333333
76,3,00100.jpg,0,0,1,0,0,0,23,0.2,0.2,0.2,0.2,0.2,5,1.6094379124341003,0.5,0.45706556274054355,1,0,0.6052631578947368
77,3,10110.jpg,1,0,1,1,0,1,23,0.2,0.2,0.2,0.2,0.2,5,1.6094379124341003,0.5,0.7827423371647872,1,1,0.6103896103896104
78,3,01011.jpg,0,1,0,1,1,0,23,0.2,0.2,0.2,0.2,0.2,5,1.6094379124341003,0.5,0.18835256501850067,0,1,0.6153846153846154
79,3,00001.jpg,0,0,0,0,1,0,23,0.2,0.2,0.2,0.2,0.2,5,1.6094379124341003,0.5,0.18428483584424576,0,1,0.620253164556962
80,3,11010.jpg,1,1,0,1,0,0,23,0.2,0.2,0.2,0.2,0.2,5,1.6094379124341003,0.5,0.4656903765651017,1,0,0.6125
81,3,10000.jpg,1,0,0,0,0,0,23,0.2,0.2,0.2,0.2,0.2,5,1.6094379124341003,0.5,0.4573489348404693,1,0,0.6049382716049383
82,3,01001.jpg,0,1,0,0,1,0,23,0.2,0.2,0.2,0.2,0.2,5,1.6094379124341003,0.5,0.17664157649653894,0,1,0.6097560975609756
83,3,00010.jpg,0,0,0,1,0,0,23,0.2,0.2,0.2,0.2,0.2,5,1.6094379124341003,0.5,0.2253880932840131,0,1,0.6144578313253012
84,3,00000.jpg,0,0,0,0,0,0,23,0.2,0.2,0.2,0.2,0.2,5,1.6094379124341003,0.5,0.20962891350302607,0,1,0.6190476190476191
85,3,10111.jpg,1,0,1,1,1,1,23,0.2,0.2,0.2,0.2,0.2,5,1.6094379124341003,0.5,0.7668986993188153,1,1,0.6235294117647059
86,3,11111.jpg,1,1,1,1,1,1,23,0.2,0.2,0.2,0.2,0.2,5,1.6094379124341003,0.5,0.7738846476430495,1,1,0.627906976744186
87,3,11100.jpg,1,1,1,0,0,1,23,0.2,0.2,0.2,0.2,0.2,5,1.6094379124341003,0.5,0.7534488826612393,1,1,0.632183908045977
88,3,01010.jpg,0,1,0,1,0,0,23,0.2,0.2,0.2,0.2,0.2,5,1.6094379124341003,0.5,0.2081211833955674,1,0,0.625
89,3,01000.jpg,0,1,0,0,0,0,23,0.2,0.2,0.2,0.2,0.2,5,1.6094379124341003,0.5,0.1943137790449517,0,1,0.6292134831460674
90,3,10010.jpg,1,0,0,1,0,0,23,0.2,0.2,0.2,0.2,0.2,5,1.6094379124341003,0.5,0.45062306596258717,1,0,0.6222222222222222
91,3,01111.jpg,0,1,1,1,1,0,23,0.2,0.2,0.2,0.2,0.2,5,1.6094379124341003,0.5,0.44595543658392467,1,0,0.6153846153846154
92,3,00101.jpg,0,0,1,0,1,0,23,0.2,0.2,0.2,0.2,0.2,5,1.6094379124341003,0.5,0.4120659261847266,0,1,0.6195652173913043
93,3,11011.jpg,1,1,0,1,1,0,23,0.2,0.2,0.2,0.2,0.2,5,1.6094379124341003,0.5,0.44384451120531687,0,1,0.6236559139784946
94,3,00110.jpg,0,0,1,1,0,0,23,0.2,0.2,0.2,0.2,0.2,5,1.6094379124341003,0.5,0.45766423148311947,0,1,0.6276595744680851
95,3,10101.jpg,1,0,1,0,1,1,23,0.2,0.2,0.2,0.2,0.2,5,1.6094379124341003,0.5,0.7553648276850622,1,1,0.631578947368421
96,3,11101.jpg,1,1,1,0,1,1,23,0.2,0.2,0.2,0.2,0.2,5,1.6094379124341003,0.5,0.7576139537139897,1,1,0.6354166666666666
1,1,11101.jpg,1,1,1,0,1,1,24,0.2,0.2,0.2,0.2,0.2,5,1.6094379124341003,0.5,0.5,1,1,1
2,1,11111.jpg,1,1,1,1,1,1,24,0.2,0.2,0.2,0.2,0.2,5,1.6094379124341003,0.5,0.5,0,0,0.5
3,1,00001.jpg,0,0,0,0,1,0,24,0.2,0.2,0.2,0.2,0.2,5,1.6094379124341003,0.5,0.5,1,0,0.3333333333333333
4,1,00111.jpg,0,0,1,1,1,0,24,0.2,0.2,0.2,0.2,0.2,5,1.6094379124341003,0.5,0.40615451504869055,1,0,0.25
5,1,00101.jpg,0,0,1,0,1,0,24,0.2,0.2,0.2,0.2,0.2,5,1.6094379124341003,0.5,0.2010273906993944,0,1,0.4
6,1,00100.jpg,0,0,1,0,0,0,24,0.2,0.2,0.2,0.2,0.2,5,1.6094379124341003,0.5,0.13791481001001105,0,1,0.5
7,1,01001.jpg,0,1,0,0,1,0,24,0.2,0.2,0.2,0.2,0.2,5,1.6094379124341003,0.5,0.38050558251322064,0,1,0.5714285714285714
8,1,11110.jpg,1,1,1,1,0,1,24,0.2,0.2,0.2,0.2,0.2,5,1.6094379124341003,0.5,0.8979690331706148,1,1,0.625
9,1,01101.jpg,0,1,1,0,1,0,24,0.2,0.2,0.2,0.2,0.2,5,1.6094379124341003,0.5,0.4466677790078907,1,0,0.5555555555555556
10,1,00010.jpg,0,0,0,1,0,0,24,0.2,0.2,0.2,0.2,0.2,5,1.6094379124341003,0.5,0.22221857814635726,0,1,0.6
11,1,10110.jpg,1,0,1,1,0,1,24,0.2,0.2,0.2,0.2,0.2,5,1.6094379124341003,0.5,0.7210604985302121,1,1,0.6363636363636364
12,1,01000.jpg,0,1,0,0,0,0,24,0.2,0.2,0.2,0.2,0.2,5,1.6094379124341003,0.5,0.19607045840717047,0,1,0.6666666666666666
13,1,10001.jpg,1,0,0,0,1,0,24,0.2,0.2,0.2,0.2,0.2,5,1.6094379124341003,0.5,0.36332393402488483,1,0,0.6153846153846154
14,1,01011.jpg,0,1,0,1,1,0,24,0.2,0.2,0.2,0.2,0.2,5,1.6094379124341003,0.5,0.32892028606747714,1,0,0.5714285714285714
15,1,11001.jpg,1,1,0,0,1,0,24,0.2,0.2,0.2,0.2,0.2,5,1.6094379124341003,0.5,0.5082664536616421,0,1,0.6
16,1,10010.jpg,1,0,0,1,0,0,24,0.2,0.2,0.2,0.2,0.2,5,1.6094379124341003,0.5,0.6501836984732854,1,0,0.5625
17,1,01111.jpg,0,1,1,1,1,0,24,0.2,0.2,0.2,0.2,0.2,5,1.6094379124341003,0.5,0.5543822868946786,1,0,0.5294117647058824
18,1,00110.jpg,0,0,1,1,0,0,24,0.2,0.2,0.2,0.2,0.2,5,1.6094379124341003,0.5,0.514494544806388,1,0,0.5
19,1,10111.jpg,1,0,1,1,1,1,24,0.2,0.2,0.2,0.2,0.2,5,1.6094379124341003,0.5,0.7202253041399261,0,0,0.47368421052631576
20,1,10011.jpg,1,0,0,1,1,0,24,0.2,0.2,0.2,0.2,0.2,5,1.6094379124341003,0.5,0.5536012996673837,0,1,0.5
21,1,01010.jpg,0,1,0,1,0,0,24,0.2,0.2,0.2,0.2,0.2,5,1.6094379124341003,0.5,0.29146158845867154,1,0,0.47619047619047616
22,1,01100.jpg,0,1,1,0,0,0,24,0.2,0.2,0.2,0.2,0.2,5,1.6094379124341003,0.5,0.37496635848766285,1,0,0.45454545454545453
23,1,10100.jpg,1,0,1,0,0,1,24,0.2,0.2,0.2,0.2,0.2,5,1.6094379124341003,0.5,0.6581270406561277,1,1,0.4782608695652174
24,1,11011.jpg,1,1,0,1,1,0,24,0.2,0.2,0.2,0.2,0.2,5,1.6094379124341003,0.5,0.5329155886928476,0,1,0.5
25,1,01110.jpg,0,1,1,1,0,0,24,0.2,0.2,0.2,0.2,0.2,5,1.6094379124341003,0.5,0.4815988772241056,0,1,0.52
26,1,00011.jpg,0,0,0,1,1,0,24,0.2,0.2,0.2,0.2,0.2,5,1.6094379124341003,0.5,0.22347984542973123,0,1,0.5384615384615384
27,1,11000.jpg,1,1,0,0,0,0,24,0.2,0.2,0.2,0.2,0.2,5,1.6094379124341003,0.5,0.4691127365075144,1,0,0.5185185185185185
28,1,10000.jpg,1,0,0,0,0,0,24,0.2,0.2,0.2,0.2,0.2,5,1.6094379124341003,0.5,0.5004220213757231,0,1,0.5357142857142857
29,1,11010.jpg,1,1,0,1,0,0,24,0.2,0.2,0.2,0.2,0.2,5,1.6094379124341003,0.5,0.5080382120493163,1,0,0.5172413793103449
30,1,00000.jpg,0,0,0,0,0,0,24,0.2,0.2,0.2,0.2,0.2,5,1.6094379124341003,0.5,0.21557753761158152,0,1,0.5333333333333333
31,1,11100.jpg,1,1,1,0,0,1,24,0.2,0.2,0.2,0.2,0.2,5,1.6094379124341003,0.5,0.7187059402781368,0,0,0.5161290322580645
32,1,10101.jpg,1,0,1,0,1,1,24,0.2,0.2,0.2,0.2,0.2,5,1.6094379124341003,0.5,0.7057196090526707,1,1,0.53125
33,2,01010.jpg,0,1,0,1,0,0,24,0.2,0.2,0.2,0.2,0.2,5,1.6094379124341003,0.5,0.18956603572452682,0,1,0.5454545454545454
34,2,10011.jpg,1,0,0,1,1,0,24,0.2,0.2,0.2,0.2,0.2,5,1.6094379124341003,0.5,0.43020147252652574,0,1,0.5588235294117647
35,2,01011.jpg,0,1,0,1,1,0,24,0.2,0.2,0.2,0.2,0.2,5,1.6094379124341003,0.5,0.1854134247764333,1,0,0.5428571428571428
36,2,10101.jpg,1,0,1,0,1,1,24,0.2,0.2,0.2,0.2,0.2,5,1.6094379124341003,0.5,0.7832880011265861,1,1,0.5555555555555556
37,2,11100.jpg,1,1,1,0,0,1,24,0.2,0.2,0.2,0.2,0.2,5,1.6094379124341003,0.5,0.7773197894776043,1,1,0.5675675675675675
38,2,10010.jpg,1,0,0,1,0,0,24,0.2,0.2,0.2,0.2,0.2,5,1.6094379124341003,0.5,0.3898065014638106,0,1,0.5789473684210527
39,2,10000.jpg,1,0,0,0,0,0,24,0.2,0.2,0.2,0.2,0.2,5,1.6094379124341003,0.5,0.43443952544865033,0,1,0.5897435897435898
40,2,01100.jpg,0,1,1,0,0,0,24,0.2,0.2,0.2,0.2,0.2,5,1.6094379124341003,0.5,0.4897147104015966,1,0,0.575
41,2,00011.jpg,0,0,0,1,1,0,24,0.2,0.2,0.2,0.2,0.2,5,1.6094379124341003,0.5,0.17971362299513716,0,1,0.5853658536585366
42,2,01000.jpg,0,1,0,0,0,0,24,0.2,0.2,0.2,0.2,0.2,5,1.6094379124341003,0.5,0.21780322349113063,0,1,0.5952380952380952
43,2,10100.jpg,1,0,1,0,0,1,24,0.2,0.2,0.2,0.2,0.2,5,1.6094379124341003,0.5,0.7778779729423357,1,1,0.6046511627906976
44,2,00110.jpg,0,0,1,1,0,0,24,0.2,0.2,0.2,0.2,0.2,5,1.6094379124341003,0.5,0.4272563121845189,1,0,0.5909090909090909
45,2,00000.jpg,0,0,0,0,0,0,24,0.2,0.2,0.2,0.2,0.2,5,1.6094379124341003,0.5,0.2265228976301868,0,1,0.6
46,2,10110.jpg,1,0,1,1,0,1,24,0.2,0.2,0.2,0.2,0.2,5,1.6094379124341003,0.5,0.7400707678046049,1,1,0.6086956521739131
47,2,11101.jpg,1,1,1,0,1,1,24,0.2,0.2,0.2,0.2,0.2,5,1.6094379124341003,0.5,0.7878338669705774,1,1,0.6170212765957447
48,2,11011.jpg,1,1,0,1,1,0,24,0.2,0.2,0.2,0.2,0.2,5,1.6094379124341003,0.5,0.38756474599671387,1,0,0.6041666666666666
49,2,01001.jpg,0,1,0,0,1,0,24,0.2,0.2,0.2,0.2,0.2,5,1.6094379124341003,0.5,0.21413142673428714,0,1,0.6122448979591837
50,2,01111.jpg,0,1,1,1,1,0,24,0.2,0.2,0.2,0.2,0.2,5,1.6094379124341003,0.5,0.39997961086664696,0,1,0.62
51,2,10001.jpg,1,0,0,0,1,0,24,0.2,0.2,0.2,0.2,0.2,5,1.6094379124341003,0.5,0.4680807550998002,0,1,0.6274509803921569
52,2,00010.jpg,0,0,0,1,0,0,24,0.2,0.2,0.2,0.2,0.2,5,1.6094379124341003,0.5,0.19198782194182232,1,0,0.6153846153846154
53,2,11000.jpg,1,1,0,0,0,0,24,0.2,0.2,0.2,0.2,0.2,5,1.6094379124341003,0.5,0.46771209755589,0,1,0.6226415094339622
54,2,00100.jpg,0,0,1,0,0,0,24,0.2,0.2,0.2,0.2,0.2,5,1.6094379124341003,0.5,0.48580519550002355,0,1,0.6296296296296297
55,2,00001.jpg,0,0,0,0,1,0,24,0.2,0.2,0.2,0.2,0.2,5,1.6094379124341003,0.5,0.2159746398582923,1,0,0.6181818181818182
56,2,10111.jpg,1,0,1,1,1,1,24,0.2,0.2,0.2,0.2,0.2,5,1.6094379124341003,0.5,0.7566618011338919,1,1,0.625
57,2,11111.jpg,1,1,1,1,1,1,24,0.2,0.2,0.2,0.2,0.2,5,1.6094379124341003,0.5,0.7509226562455495,1,1,0.631578947368421
58,2,01101.jpg,0,1,1,0,1,0,24,0.2,0.2,0.2,0.2,0.2,5,1.6094379124341003,0.5,0.4651498802659178,1,0,0.6206896551724138
59,2,00111.jpg,0,0,1,1,1,0,24,0.2,0.2,0.2,0.2,0.2,5,1.6094379124341003,0.5,0.46059159688327805,1,0,0.6101694915254238
60,2,11010.jpg,1,1,0,1,0,0,24,0.2,0.2,0.2,0.2,0.2,5,1.6094379124341003,0.5,0.40919664677927536,0,1,0.6166666666666667
61,2,00101.jpg,0,0,1,0,1,0,24,0.2,0.2,0.2,0.2,0.2,5,1.6094379124341003,0.5,0.45895069042202497,1,0,0.6065573770491803
62,2,11001.jpg,1,1,0,0,1,0,24,0.2,0.2,0.2,0.2,0.2,5,1.6094379124341003,0.5,0.45714171070397863,1,0,0.5967741935483871
63,2,01110.jpg,0,1,1,1,0,0,24,0.2,0.2,0.2,0.2,0.2,5,1.6094379124341003,0.5,0.41492333383613483,1,0,0.5873015873015873
64,2,11110.jpg,1,1,1,1,0,1,24,0.2,0.2,0.2,0.2,0.2,5,1.6094379124341003,0.5,0.7472125737616692,1,1,0.59375
65,3,01101.jpg,0,1,1,0,1,0,24,0.2,0.2,0.2,0.2,0.2,5,1.6094379124341003,0.5,0.4233603901815287,1,0,0.5846153846153846
66,3,01100.jpg,0,1,1,0,0,0,24,0.2,0.2,0.2,0.2,0.2,5,1.6094379124341003,0.5,0.41700610554616885,0,1,0.5909090909090909
67,3,11110.jpg,1,1,1,1,0,1,24,0.2,0.2,0.2,0.2,0.2,5,1.6094379124341003,0.5,0.7749998375665046,1,1,0.5970149253731343
68,3,11000.jpg,1,1,0,0,0,0,24,0.2,0.2,0.2,0.2,0.2,5,1.6094379124341003,0.5,0.4296774293132709,0,1,0.6029411764705882
69,3,10100.jpg,1,0,1,0,0,1,24,0.2,0.2,0.2,0.2,0.2,5,1.6094379124341003,0.5,0.7673325668561032,1,1,0.6086956521739131
70,3,00011.jpg,0,0,0,1,1,0,24,0.2,0.2,0.2,0.2,0.2,5,1.6094379124341003,0.5,0.18722495128785724,0,1,0.6142857142857143
71,3,10001.jpg,1,0,0,0,1,0,24,0.2,0.2,0.2,0.2,0.2,5,1.6094379124341003,0.5,0.4227771029515155,1,0,0.6056338028169014
72,3,00111.jpg,0,0,1,1,1,0,24,0.2,0.2,0.2,0.2,0.2,5,1.6094379124341003,0.5,0.4128025627244694,0,1,0.6111111111111112
73,3,10011.jpg,1,0,0,1,1,0,24,0.2,0.2,0.2,0.2,0.2,5,1.6094379124341003,0.5,0.4077171240395704,1,0,0.6027397260273972
74,3,11001.jpg,1,1,0,0,1,0,24,0.2,0.2,0.2,0.2,0.2,5,1.6094379124341003,0.5,0.40721364134365284,0,1,0.6081081081081081
75,3,01110.jpg,0,1,1,1,0,0,24,0.2,0.2,0.2,0.2,0.2,5,1.6094379124341003,0.5,0.4578417146791293,0,1,0.6133333333333333
76,3,00100.jpg,0,0,1,0,0,0,24,0.2,0.2,0.2,0.2,0.2,5,1.6094379124341003,0.5,0.45706556274054355,1,0,0.6052631578947368
77,3,10110.jpg,1,0,1,1,0,1,24,0.2,0.2,0.2,0.2,0.2,5,1.6094379124341003,0.5,0.7827423371647872,1,1,0.6103896103896104
78,3,01011.jpg,0,1,0,1,1,0,24,0.2,0.2,0.2,0.2,0.2,5,1.6094379124341003,0.5,0.18835256501850067,0,1,0.6153846153846154
79,3,00001.jpg,0,0,0,0,1,0,24,0.2,0.2,0.2,0.2,0.2,5,1.6094379124341003,0.5,0.18428483584424576,0,1,0.620253164556962
80,3,11010.jpg,1,1,0,1,0,0,24,0.2,0.2,0.2,0.2,0.2,5,1.6094379124341003,0.5,0.4656903765651017,1,0,0.6125
81,3,10000.jpg,1,0,0,0,0,0,24,0.2,0.2,0.2,0.2,0.2,5,1.6094379124341003,0.5,0.4573489348404693,1,0,0.6049382716049383
82,3,01001.jpg,0,1,0,0,1,0,24,0.2,0.2,0.2,0.2,0.2,5,1.6094379124341003,0.5,0.17664157649653894,0,1,0.6097560975609756
83,3,00010.jpg,0,0,0,1,0,0,24,0.2,0.2,0.2,0.2,0.2,5,1.6094379124341003,0.5,0.2253880932840131,0,1,0.6144578313253012
84,3,00000.jpg,0,0,0,0,0,0,24,0.2,0.2,0.2,0.2,0.2,5,1.6094379124341003,0.5,0.20962891350302607,0,1,0.6190476190476191
85,3,10111.jpg,1,0,1,1,1,1,24,0.2,0.2,0.2,0.2,0.2,5,1.6094379124341003,0.5,0.7668986993188153,1,1,0.6235294117647059
86,3,11111.jpg,1,1,1,1,1,1,24,0.2,0.2,0.2,0.2,0.2,5,1.6094379124341003,0.5,0.7738846476430495,1,1,0.627906976744186
87,3,11100.jpg,1,1,1,0,0,1,24,0.2,0.2,0.2,0.2,0.2,5,1.6094379124341003,0.5,0.7534488826612393,1,1,0.632183908045977
88,3,01010.jpg,0,1,0,1,0,0,24,0.2,0.2,0.2,0.2,0.2,5,1.6094379124341003,0.5,0.2081211833955674,1,0,0.625
89,3,01000.jpg,0,1,0,0,0,0,24,0.2,0.2,0.2,0.2,0.2,5,1.6094379124341003,0.5,0.1943137790449517,0,1,0.6292134831460674
90,3,10010.jpg,1,0,0,1,0,0,24,0.2,0.2,0.2,0.2,0.2,5,1.6094379124341003,0.5,0.45062306596258717,1,0,0.6222222222222222
91,3,01111.jpg,0,1,1,1,1,0,24,0.2,0.2,0.2,0.2,0.2,5,1.6094379124341003,0.5,0.44595543658392467,1,0,0.6153846153846154
92,3,00101.jpg,0,0,1,0,1,0,24,0.2,0.2,0.2,0.2,0.2,5,1.6094379124341003,0.5,0.4120659261847266,0,1,0.6195652173913043
93,3,11011.jpg,1,1,0,1,1,0,24,0.2,0.2,0.2,0.2,0.2,5,1.6094379124341003,0.5,0.44384451120531687,0,1,0.6236559139784946
94,3,00110.jpg,0,0,1,1,0,0,24,0.2,0.2,0.2,0.2,0.2,5,1.6094379124341003,0.5,0.45766423148311947,0,1,0.6276595744680851
95,3,10101.jpg,1,0,1,0,1,1,24,0.2,0.2,0.2,0.2,0.2,5,1.6094379124341003,0.5,0.7553648276850622,1,1,0.631578947368421
96,3,11101.jpg,1,1,1,0,1,1,24,0.2,0.2,0.2,0.2,0.2,5,1.6094379124341003,0.5,0.7576139537139897,1,1,0.6354166666666666
1,1,11101.jpg,1,1,1,0,1,1,25,0.2,0.2,0.2,0.2,0.2,5,1.6094379124341003,0.5,0.5,1,1,1
2,1,11111.jpg,1,1,1,1,1,1,25,0.2,0.2,0.2,0.2,0.2,5,1.6094379124341003,0.5,0.5,0,0,0.5
3,1,00001.jpg,0,0,0,0,1,0,25,0.2,0.2,0.2,0.2,0.2,5,1.6094379124341003,0.5,0.5,1,0,0.3333333333333333
4,1,00111.jpg,0,0,1,1,1,0,25,0.2,0.2,0.2,0.2,0.2,5,1.6094379124341003,0.5,0.40615451504869055,1,0,0.25
5,1,00101.jpg,0,0,1,0,1,0,25,0.2,0.2,0.2,0.2,0.2,5,1.6094379124341003,0.5,0.2010273906993944,0,1,0.4
6,1,00100.jpg,0,0,1,0,0,0,25,0.2,0.2,0.2,0.2,0.2,5,1.6094379124341003,0.5,0.13791481001001105,0,1,0.5
7,1,01001.jpg,0,1,0,0,1,0,25,0.2,0.2,0.2,0.2,0.2,5,1.6094379124341003,0.5,0.38050558251322064,0,1,0.5714285714285714
8,1,11110.jpg,1,1,1,1,0,1,25,0.2,0.2,0.2,0.2,0.2,5,1.6094379124341003,0.5,0.8979690331706148,1,1,0.625
9,1,01101.jpg,0,1,1,0,1,0,25,0.2,0.2,0.2,0.2,0.2,5,1.6094379124341003,0.5,0.4466677790078907,1,0,0.5555555555555556
10,1,00010.jpg,0,0,0,1,0,0,25,0.2,0.2,0.2,0.2,0.2,5,1.6094379124341003,0.5,0.22221857814635726,0,1,0.6
11,1,10110.jpg,1,0,1,1,0,1,25,0.2,0.2,0.2,0.2,0.2,5,1.6094379124341003,0.5,0.7210604985302121,1,1,0.6363636363636364
12,1,01000.jpg,0,1,0,0,0,0,25,0.2,0.2,0.2,0.2,0.2,5,1.6094379124341003,0.5,0.19607045840717047,0,1,0.6666666666666666
13,1,10001.jpg,1,0,0,0,1,0,25,0.2,0.2,0.2,0.2,0.2,5,1.6094379124341003,0.5,0.36332393402488483,1,0,0.6153846153846154
14,1,01011.jpg,0,1,0,1,1,0,25,0.2,0.2,0.2,0.2,0.2,5,1.6094379124341003,0.5,0.32892028606747714,1,0,0.5714285714285714
15,1,11001.jpg,1,1,0,0,1,0,25,0.2,0.2,0.2,0.2,0.2,5,1.6094379124341003,0.5,0.5082664536616421,0,1,0.6
16,1,10010.jpg,1,0,0,1,0,0,25,0.2,0.2,0.2,0.2,0.2,5,1.6094379124341003,0.5,0.6501836984732854,1,0,0.5625
17,1,01111.jpg,0,1,1,1,1,0,25,0.2,0.2,0.2,0.2,0.2,5,1.6094379124341003,0.5,0.5543822868946786,1,0,0.5294117647058824
18,1,00110.jpg,0,0,1,1,0,0,25,0.2,0.2,0.2,0.2,0.2,5,1.6094379124341003,0.5,0.514494544806388,1,0,0.5
19,1,10111.jpg,1,0,1,1,1,1,25,0.2,0.2,0.2,0.2,0.2,5,1.6094379124341003,0.5,0.7202253041399261,0,0,0.47368421052631576
20,1,10011.jpg,1,0,0,1,1,0,25,0.2,0.2,0.2,0.2,0.2,5,1.6094379124341003,0.5,0.5536012996673837,0,1,0.5
21,1,01010.jpg,0,1,0,1,0,0,25,0.2,0.2,0.2,0.2,0.2,5,1.6094379124341003,0.5,0.29146158845867154,1,0,0.47619047619047616
22,1,01100.jpg,0,1,1,0,0,0,25,0.2,0.2,0.2,0.2,0.2,5,1.6094379124341003,0.5,0.37496635848766285,1,0,0.45454545454545453
23,1,10100.jpg,1,0,1,0,0,1,25,0.2,0.2,0.2,0.2,0.2,5,1.6094379124341003,0.5,0.6581270406561277,1,1,0.4782608695652174
24,1,11011.jpg,1,1,0,1,1,0,25,0.2,0.2,0.2,0.2,0.2,5,1.6094379124341003,0.5,0.5329155886928476,0,1,0.5
25,1,01110.jpg,0,1,1,1,0,0,25,0.2,0.2,0.2,0.2,0.2,5,1.6094379124341003,0.5,0.4815988772241056,0,1,0.52
26,1,00011.jpg,0,0,0,1,1,0,25,0.2,0.2,0.2,0.2,0.2,5,1.6094379124341003,0.5,0.22347984542973123,0,1,0.5384615384615384
27,1,11000.jpg,1,1,0,0,0,0,25,0.2,0.2,0.2,0.2,0.2,5,1.6094379124341003,0.5,0.4691127365075144,1,0,0.5185185185185185
28,1,10000.jpg,1,0,0,0,0,0,25,0.2,0.2,0.2,0.2,0.2,5,1.6094379124341003,0.5,0.5004220213757231,0,1,0.5357142857142857
29,1,11010.jpg,1,1,0,1,0,0,25,0.2,0.2,0.2,0.2,0.2,5,1.6094379124341003,0.5,0.5080382120493163,1,0,0.5172413793103449
30,1,00000.jpg,0,0,0,0,0,0,25,0.2,0.2,0.2,0.2,0.2,5,1.6094379124341003,0.5,0.21557753761158152,0,1,0.5333333333333333
31,1,11100.jpg,1,1,1,0,0,1,25,0.2,0.2,0.2,0.2,0.2,5,1.6094379124341003,0.5,0.7187059402781368,0,0,0.5161290322580645
32,1,10101.jpg,1,0,1,0,1,1,25,0.2,0.2,0.2,0.2,0.2,5,1.6094379124341003,0.5,0.7057196090526707,1,1,0.53125
33,2,01010.jpg,0,1,0,1,0,0,25,0.2,0.2,0.2,0.2,0.2,5,1.6094379124341003,0.5,0.18956603572452682,0,1,0.5454545454545454
34,2,10011.jpg,1,0,0,1,1,0,25,0.2,0.2,0.2,0.2,0.2,5,1.6094379124341003,0.5,0.43020147252652574,0,1,0.5588235294117647
35,2,01011.jpg,0,1,0,1,1,0,25,0.2,0.2,0.2,0.2,0.2,5,1.6094379124341003,0.5,0.1854134247764333,1,0,0.5428571428571428
36,2,10101.jpg,1,0,1,0,1,1,25,0.2,0.2,0.2,0.2,0.2,5,1.6094379124341003,0.5,0.7832880011265861,1,1,0.5555555555555556
37,2,11100.jpg,1,1,1,0,0,1,25,0.2,0.2,0.2,0.2,0.2,5,1.6094379124341003,0.5,0.7773197894776043,1,1,0.5675675675675675
38,2,10010.jpg,1,0,0,1,0,0,25,0.2,0.2,0.2,0.2,0.2,5,1.6094379124341003,0.5,0.3898065014638106,0,1,0.5789473684210527
39,2,10000.jpg,1,0,0,0,0,0,25,0.2,0.2,0.2,0.2,0.2,5,1.6094379124341003,0.5,0.43443952544865033,0,1,0.5897435897435898
40,2,01100.jpg,0,1,1,0,0,0,25,0.2,0.2,0.2,0.2,0.2,5,1.6094379124341003,0.5,0.4897147104015966,1,0,0.575
41,2,00011.jpg,0,0,0,1,1,0,25,0.2,0.2,0.2,0.2,0.2,5,1.6094379124341003,0.5,0.17971362299513716,0,1,0.5853658536585366
42,2,01000.jpg,0,1,0,0,0,0,25,0.2,0.2,0.2,0.2,0.2,5,1.6094379124341003,0.5,0.21780322349113063,0,1,0.5952380952380952
43,2,10100.jpg,1,0,1,0,0,1,25,0.2,0.2,0.2,0.2,0.2,5,1.6094379124341003,0.5,0.7778779729423357,1,1,0.6046511627906976
44,2,00110.jpg,0,0,1,1,0,0,25,0.2,0.2,0.2,0.2,0.2,5,1.6094379124341003,0.5,0.4272563121845189,1,0,0.5909090909090909
45,2,00000.jpg,0,0,0,0,0,0,25,0.2,0.2,0.2,0.2,0.2,5,1.6094379124341003,0.5,0.2265228976301868,0,1,0.6
46,2,10110.jpg,1,0,1,1,0,1,25,0.2,0.2,0.2,0.2,0.2,5,1.6094379124341003,0.5,0.7400707678046049,1,1,0.6086956521739131
47,2,11101.jpg,1,1,1,0,1,1,25,0.2,0.2,0.2,0.2,0.2,5,1.6094379124341003,0.5,0.7878338669705774,1,1,0.6170212765957447
48,2,11011.jpg,1,1,0,1,1,0,25,0.2,0.2,0.2,0.2,0.2,5,1.6094379124341003,0.5,0.38756474599671387,1,0,0.6041666666666666
49,2,01001.jpg,0,1,0,0,1,0,25,0.2,0.2,0.2,0.2,0.2,5,1.6094379124341003,0.5,0.21413142673428714,0,1,0.6122448979591837
50,2,01111.jpg,0,1,1,1,1,0,25,0.2,0.2,0.2,0.2,0.2,5,1.6094379124341003,0.5,0.39997961086664696,0,1,0.62
51,2,10001.jpg,1,0,0,0,1,0,25,0.2,0.2,0.2,0.2,0.2,5,1.6094379124341003,0.5,0.4680807550998002,0,1,0.6274509803921569
52,2,00010.jpg,0,0,0,1,0,0,25,0.2,0.2,0.2,0.2,0.2,5,1.6094379124341003,0.5,0.19198782194182232,1,0,0.6153846153846154
53,2,11000.jpg,1,1,0,0,0,0,25,0.2,0.2,0.2,0.2,0.2,5,1.6094379124341003,0.5,0.46771209755589,0,1,0.6226415094339622
54,2,00100.jpg,0,0,1,0,0,0,25,0.2,0.2,0.2,0.2,0.2,5,1.6094379124341003,0.5,0.48580519550002355,0,1,0.6296296296296297
55,2,00001.jpg,0,0,0,0,1,0,25,0.2,0.2,0.2,0.2,0.2,5,1.6094379124341003,0.5,0.2159746398582923,1,0,0.6181818181818182
56,2,10111.jpg,1,0,1,1,1,1,25,0.2,0.2,0.2,0.2,0.2,5,1.6094379124341003,0.5,0.7566618011338919,1,1,0.625
57,2,11111.jpg,1,1,1,1,1,1,25,0.2,0.2,0.2,0.2,0.2,5,1.6094379124341003,0.5,0.7509226562455495,1,1,0.631578947368421
58,2,01101.jpg,0,1,1,0,1,0,25,0.2,0.2,0.2,0.2,0.2,5,1.6094379124341003,0.5,0.4651498802659178,1,0,0.6206896551724138
59,2,00111.jpg,0,0,1,1,1,0,25,0.2,0.2,0.2,0.2,0.2,5,1.6094379124341003,0.5,0.46059159688327805,1,0,0.6101694915254238
60,2,11010.jpg,1,1,0,1,0,0,25,0.2,0.2,0.2,0.2,0.2,5,1.6094379124341003,0.5,0.40919664677927536,0,1,0.6166666666666667
61,2,00101.jpg,0,0,1,0,1,0,25,0.2,0.2,0.2,0.2,0.2,5,1.6094379124341003,0.5,0.45895069042202497,1,0,0.6065573770491803
62,2,11001.jpg,1,1,0,0,1,0,25,0.2,0.2,0.2,0.2,0.2,5,1.6094379124341003,0.5,0.45714171070397863,1,0,0.5967741935483871
63,2,01110.jpg,0,1,1,1,0,0,25,0.2,0.2,0.2,0.2,0.2,5,1.6094379124341003,0.5,0.41492333383613483,1,0,0.5873015873015873
64,2,11110.jpg,1,1,1,1,0,1,25,0.2,0.2,0.2,0.2,0.2,5,1.6094379124341003,0.5,0.7472125737616692,1,1,0.59375
65,3,01101.jpg,0,1,1,0,1,0,25,0.2,0.2,0.2,0.2,0.2,5,1.6094379124341003,0.5,0.4233603901815287,1,0,0.5846153846153846
66,3,01100.jpg,0,1,1,0,0,0,25,0.2,0.2,0.2,0.2,0.2,5,1.6094379124341003,0.5,0.41700610554616885,0,1,0.5909090909090909
67,3,11110.jpg,1,1,1,1,0,1,25,0.2,0.2,0.2,0.2,0.2,5,1.6094379124341003,0.5,0.7749998375665046,1,1,0.5970149253731343
68,3,11000.jpg,1,1,0,0,0,0,25,0.2,0.2,0.2,0.2,0.2,5,1.6094379124341003,0.5,0.4296774293132709,0,1,0.6029411764705882
69,3,10100.jpg,1,0,1,0,0,1,25,0.2,0.2,0.2,0.2,0.2,5,1.6094379124341003,0.5,0.7673325668561032,1,1,0.6086956521739131
70,3,00011.jpg,0,0,0,1,1,0,25,0.2,0.2,0.2,0.2,0.2,5,1.6094379124341003,0.5,0.18722495128785724,0,1,0.6142857142857143
71,3,10001.jpg,1,0,0,0,1,0,25,0.2,0.2,0.2,0.2,0.2,5,1.6094379124341003,0.5,0.4227771029515155,1,0,0.6056338028169014
72,3,00111.jpg,0,0,1,1,1,0,25,0.2,0.2,0.2,0.2,0.2,5,1.6094379124341003,0.5,0.4128025627244694,0,1,0.6111111111111112
73,3,10011.jpg,1,0,0,1,1,0,25,0.2,0.2,0.2,0.2,0.2,5,1.6094379124341003,0.5,0.4077171240395704,1,0,0.6027397260273972
74,3,11001.jpg,1,1,0,0,1,0,25,0.2,0.2,0.2,0.2,0.2,5,1.6094379124341003,0.5,0.40721364134365284,0,1,0.6081081081081081
75,3,01110.jpg,0,1,1,1,0,0,25,0.2,0.2,0.2,0.2,0.2,5,1.6094379124341003,0.5,0.4578417146791293,0,1,0.6133333333333333
76,3,00100.jpg,0,0,1,0,0,0,25,0.2,0.2,0.2,0.2,0.2,5,1.6094379124341003,0.5,0.45706556274054355,1,0,0.6052631578947368
77,3,10110.jpg,1,0,1,1,0,1,25,0.2,0.2,0.2,0.2,0.2,5,1.6094379124341003,0.5,0.7827423371647872,1,1,0.6103896103896104
78,3,01011.jpg,0,1,0,1,1,0,25,0.2,0.2,0.2,0.2,0.2,5,1.6094379124341003,0.5,0.18835256501850067,0,1,0.6153846153846154
79,3,00001.jpg,0,0,0,0,1,0,25,0.2,0.2,0.2,0.2,0.2,5,1.6094379124341003,0.5,0.18428483584424576,0,1,0.620253164556962
80,3,11010.jpg,1,1,0,1,0,0,25,0.2,0.2,0.2,0.2,0.2,5,1.6094379124341003,0.5,0.4656903765651017,1,0,0.6125
81,3,10000.jpg,1,0,0,0,0,0,25,0.2,0.2,0.2,0.2,0.2,5,1.6094379124341003,0.5,0.4573489348404693,1,0,0.6049382716049383
82,3,01001.jpg,0,1,0,0,1,0,25,0.2,0.2,0.2,0.2,0.2,5,1.6094379124341003,0.5,0.17664157649653894,0,1,0.6097560975609756
83,3,00010.jpg,0,0,0,1,0,0,25,0.2,0.2,0.2,0.2,0.2,5,1.6094379124341003,0.5,0.2253880932840131,0,1,0.6144578313253012
84,3,00000.jpg,0,0,0,0,0,0,25,0.2,0.2,0.2,0.2,0.2,5,1.6094379124341003,0.5,0.20962891350302607,0,1,0.6190476190476191
85,3,10111.jpg,1,0,1,1,1,1,25,0.2,0.2,0.2,0.2,0.2,5,1.6094379124341003,0.5,0.7668986993188153,1,1,0.6235294117647059
86,3,11111.jpg,1,1,1,1,1,1,25,0.2,0.2,0.2,0.2,0.2,5,1.6094379124341003,0.5,0.7738846476430495,1,1,0.627906976744186
87,3,11100.jpg,1,1,1,0,0,1,25,0.2,0.2,0.2,0.2,0.2,5,1.6094379124341003,0.5,0.7534488826612393,1,1,0.632183908045977
88,3,01010.jpg,0,1,0,1,0,0,25,0.2,0.2,0.2,0.2,0.2,5,1.6094379124341003,0.5,0.2081211833955674,1,0,0.625
89,3,01000.jpg,0,1,0,0,0,0,25,0.2,0.2,0.2,0.2,0.2,5,1.6094379124341003,0.5,0.1943137790449517,0,1,0.6292134831460674
90,3,10010.jpg,1,0,0,1,0,0,25,0.2,0.2,0.2,0.2,0.2,5,1.6094379124341003,0.5,0.45062306596258717,1,0,0.6222222222222222
91,3,01111.jpg,0,1,1,1,1,0,25,0.2,0.2,0.2,0.2,0.2,5,1.6094379124341003,0.5,0.44595543658392467,1,0,0.6153846153846154
92,3,00101.jpg,0,0,1,0,1,0,25,0.2,0.2,0.2,0.2,0.2,5,1.6094379124341003,0.5,0.4120659261847266,0,1,0.6195652173913043
93,3,11011.jpg,1,1,0,1,1,0,25,0.2,0.2,0.2,0.2,0.2,5,1.6094379124341003,0.5,0.44384451120531687,0,1,0.6236559139784946
94,3,00110.jpg,0,0,1,1,0,0,25,0.2,0.2,0.2,0.2,0.2,5,1.6094379124341003,0.5,0.45766423148311947,0,1,0.6276595744680851
95,3,10101.jpg,1,0,1,0,1,1,25,0.2,0.2,0.2,0.2,0.2,5,1.6094379124341003,0.5,0.7553648276850622,1,1,0.631578947368421
96,3,11101.jpg,1,1,1,0,1,1,25,0.2,0.2,0.2,0.2,0.2,5,1.6094379124341003,0.5,0.7576139537139897,1,1,0.6354166666666666
1,1,11101.jpg,1,1,1,0,1,1,26,0.2,0.2,0.2,0.2,0.2,15,2.70805020110221,0.5,0.5,1,1,1
2,1,11111.jpg,1,1,1,1,1,1,26,0.2,0.2,0.2,0.2,0.2,15,2.70805020110221,0.5,0.5,0,0,0.5
3,1,00001.jpg,0,0,0,0,1,0,26,0.2,0.2,0.2,0.2,0.2,15,2.70805020110221,0.5,0.5,1,0,0.3333333333333333
4,1,00111.jpg,0,0,1,1,1,0,26,0.2,0.2,0.2,0.2,0.2,15,2.70805020110221,0.5,0.34421651244316936,1,0,0.25
5,1,00101.jpg,0,0,1,0,1,0,26,0.2,0.2,0.2,0.2,0.2,15,2.70805020110221,0.5,0.0254673736809896,0,1,0.4
6,1,00100.jpg,0,0,1,0,0,0,26,0.2,0.2,0.2,0.2,0.2,15,2.70805020110221,0.5,0.0035372206471205236,0,1,0.5
7,1,01001.jpg,0,1,0,0,1,0,26,0.2,0.2,0.2,0.2,0.2,15,2.70805020110221,0.5,0.09016974543581005,0,1,0.5714285714285714
8,1,11110.jpg,1,1,1,1,0,1,26,0.2,0.2,0.2,0.2,0.2,15,2.70805020110221,0.5,0.9980185909079902,1,1,0.625
9,1,01101.jpg,0,1,1,0,1,0,26,0.2,0.2,0.2,0.2,0.2,15,2.70805020110221,0.5,0.4493247637108039,1,0,0.5555555555555556
10,1,00010.jpg,0,0,0,1,0,0,26,0.2,0.2,0.2,0.2,0.2,15,2.70805020110221,0.5,0.03267351764850016,0,1,0.6
11,1,10110.jpg,1,0,1,1,0,1,26,0.2,0.2,0.2,0.2,0.2,15,2.70805020110221,0.5,0.9416682912792109,1,1,0.6363636363636364
12,1,01000.jpg,0,1,0,0,0,0,26,0.2,0.2,0.2,0.2,0.2,15,2.70805020110221,0.5,0.00752158132059896,0,1,0.6666666666666666
13,1,10001.jpg,1,0,0,0,1,0,26,0.2,0.2,0.2,0.2,0.2,15,2.70805020110221,0.5,0.08982206605353224,0,1,0.6923076923076923
14,1,01011.jpg,0,1,0,1,1,0,26,0.2,0.2,0.2,0.2,0.2,15,2.70805020110221,0.5,0.08962302691566423,0,1,0.7142857142857143
15,1,11001.jpg,1,1,0,0,1,0,26,0.2,0.2,0.2,0.2,0.2,15,2.70805020110221,0.5,0.5443801421731925,0,1,0.7333333333333333
16,1,10010.jpg,1,0,0,1,0,0,26,0.2,0.2,0.2,0.2,0.2,15,2.70805020110221,0.5,0.7310136051543508,1,0,0.6875
17,1,01111.jpg,0,1,1,1,1,0,26,0.2,0.2,0.2,0.2,0.2,15,2.70805020110221,0.5,0.5151084969592528,1,0,0.6470588235294118
18,1,00110.jpg,0,0,1,1,0,0,26,0.2,0.2,0.2,0.2,0.2,15,2.70805020110221,0.5,0.5198133721220953,1,0,0.6111111111111112
19,1,10111.jpg,1,0,1,1,1,1,26,0.2,0.2,0.2,0.2,0.2,15,2.70805020110221,0.5,0.853242937178333,0,0,0.5789473684210527
20,1,10011.jpg,1,0,0,1,1,0,26,0.2,0.2,0.2,0.2,0.2,15,2.70805020110221,0.5,0.5778664199855315,0,1,0.6
21,1,01010.jpg,0,1,0,1,0,0,26,0.2,0.2,0.2,0.2,0.2,15,2.70805020110221,0.5,0.04881987959897154,0,1,0.6190476190476191
22,1,01100.jpg,0,1,1,0,0,0,26,0.2,0.2,0.2,0.2,0.2,15,2.70805020110221,0.5,0.0931178062250708,0,1,0.6363636363636364
23,1,10100.jpg,1,0,1,0,0,1,26,0.2,0.2,0.2,0.2,0.2,15,2.70805020110221,0.5,0.7556081773775699,1,1,0.6521739130434783
24,1,11011.jpg,1,1,0,1,1,0,26,0.2,0.2,0.2,0.2,0.2,15,2.70805020110221,0.5,0.5001678565822819,0,1,0.6666666666666666
25,1,01110.jpg,0,1,1,1,0,0,26,0.2,0.2,0.2,0.2,0.2,15,2.70805020110221,0.5,0.43525709112309147,0,1,0.68
26,1,00011.jpg,0,0,0,1,1,0,26,0.2,0.2,0.2,0.2,0.2,15,2.70805020110221,0.5,0.031247888960593193,0,1,0.6923076923076923
27,1,11000.jpg,1,1,0,0,0,0,26,0.2,0.2,0.2,0.2,0.2,15,2.70805020110221,0.5,0.18182192750414955,1,0,0.6666666666666666
28,1,10000.jpg,1,0,0,0,0,0,26,0.2,0.2,0.2,0.2,0.2,15,2.70805020110221,0.5,0.5273709847498034,0,1,0.6785714285714286
29,1,11010.jpg,1,1,0,1,0,0,26,0.2,0.2,0.2,0.2,0.2,15,2.70805020110221,0.5,0.481903919862012,0,1,0.6896551724137931
30,1,00000.jpg,0,0,0,0,0,0,26,0.2,0.2,0.2,0.2,0.2,15,2.70805020110221,0.5,0.03560580582150607,0,1,0.7
31,1,11100.jpg,1,1,1,0,0,1,26,0.2,0.2,0.2,0.2,0.2,15,2.70805020110221,0.5,0.839546879627581,1,1,0.7096774193548387
32,1,10101.jpg,1,0,1,0,1,1,26,0.2,0.2,0.2,0.2,0.2,15,2.70805020110221,0.5,0.8200420052400714,1,1,0.71875
33,2,01010.jpg,0,1,0,1,0,0,26,0.2,0.2,0.2,0.2,0.2,15,2.70805020110221,0.5,0.006717422505909638,0,1,0.7272727272727273
34,2,10011.jpg,1,0,0,1,1,0,26,0.2,0.2,0.2,0.2,0.2,15,2.70805020110221,0.5,0.12879976549825015,0,1,0.7352941176470589
35,2,01011.jpg,0,1,0,1,1,0,26,0.2,0.2,0.2,0.2,0.2,15,2.70805020110221,0.5,0.006988113694488284,0,1,0.7428571428571429
36,2,10101.jpg,1,0,1,0,1,1,26,0.2,0.2,0.2,0.2,0.2,15,2.70805020110221,0.5,0.9700503056622085,1,1,0.75
37,2,11100.jpg,1,1,1,0,0,1,26,0.2,0.2,0.2,0.2,0.2,15,2.70805020110221,0.5,0.9671330330385132,1,1,0.7567567567567568
38,2,10010.jpg,1,0,0,1,0,0,26,0.2,0.2,0.2,0.2,0.2,15,2.70805020110221,0.5,0.10952990075899434,0,1,0.7631578947368421
39,2,10000.jpg,1,0,0,0,0,0,26,0.2,0.2,0.2,0.2,0.2,15,2.70805020110221,0.5,0.12122282132223659,0,1,0.7692307692307693
40,2,01100.jpg,0,1,1,0,0,0,26,0.2,0.2,0.2,0.2,0.2,15,2.70805020110221,0.5,0.20352473931223553,0,1,0.775
41,2,00011.jpg,0,0,0,1,1,0,26,0.2,0.2,0.2,0.2,0.2,15,2.70805020110221,0.5,0.0064761105032732505,0,1,0.7804878048780488
42,2,01000.jpg,0,1,0,0,0,0,26,0.2,0.2,0.2,0.2,0.2,15,2.70805020110221,0.5,0.011907524364682766,0,1,0.7857142857142857
43,2,10100.jpg,1,0,1,0,0,1,26,0.2,0.2,0.2,0.2,0.2,15,2.70805020110221,0.5,0.9587322169065257,1,1,0.7906976744186046
44,2,00110.jpg,0,0,1,1,0,0,26,0.2,0.2,0.2,0.2,0.2,15,2.70805020110221,0.5,0.12505744809455166,0,1,0.7954545454545454
45,2,00000.jpg,0,0,0,0,0,0,26,0.2,0.2,0.2,0.2,0.2,15,2.70805020110221,0.5,0.011976088614235963,0,1,0.8
46,2,10110.jpg,1,0,1,1,0,1,26,0.2,0.2,0.2,0.2,0.2,15,2.70805020110221,0.5,0.9437775972505418,1,1,0.8043478260869565
47,2,11101.jpg,1,1,1,0,1,1,26,0.2,0.2,0.2,0.2,0.2,15,2.70805020110221,0.5,0.9671764053693601,1,1,0.8085106382978723
48,2,11011.jpg,1,1,0,1,1,0,26,0.2,0.2,0.2,0.2,0.2,15,2.70805020110221,0.5,0.10663280123742815,0,1,0.8125
49,2,01001.jpg,0,1,0,0,1,0,26,0.2,0.2,0.2,0.2,0.2,15,2.70805020110221,0.5,0.010773170886200193,0,1,0.8163265306122449
50,2,01111.jpg,0,1,1,1,1,0,26,0.2,0.2,0.2,0.2,0.2,15,2.70805020110221,0.5,0.11547973758229764,0,1,0.82
51,2,10001.jpg,1,0,0,0,1,0,26,0.2,0.2,0.2,0.2,0.2,15,2.70805020110221,0.5,0.19420375452051258,0,1,0.8235294117647058
52,2,00010.jpg,0,0,0,1,0,0,26,0.2,0.2,0.2,0.2,0.2,15,2.70805020110221,0.5,0.01035510591912255,0,1,0.8269230769230769
53,2,11000.jpg,1,1,0,0,0,0,26,0.2,0.2,0.2,0.2,0.2,15,2.70805020110221,0.5,0.20196005679851498,0,1,0.8301886792452831
54,2,00100.jpg,0,0,1,0,0,0,26,0.2,0.2,0.2,0.2,0.2,15,2.70805020110221,0.5,0.20458866410446744,0,1,0.8333333333333334
55,2,00001.jpg,0,0,0,0,1,0,26,0.2,0.2,0.2,0.2,0.2,15,2.70805020110221,0.5,0.011749402043540793,1,0,0.8181818181818182
56,2,10111.jpg,1,0,1,1,1,1,26,0.2,0.2,0.2,0.2,0.2,15,2.70805020110221,0.5,0.956946551351988,1,1,0.8214285714285714
57,2,11111.jpg,1,1,1,1,1,1,26,0.2,0.2,0.2,0.2,0.2,15,2.70805020110221,0.5,0.9443154248689279,1,1,0.8245614035087719
58,2,01101.jpg,0,1,1,0,1,0,26,0.2,0.2,0.2,0.2,0.2,15,2.70805020110221,0.5,0.1895636959954471,1,0,0.8103448275862069
59,2,00111.jpg,0,0,1,1,1,0,26,0.2,0.2,0.2,0.2,0.2,15,2.70805020110221,0.5,0.19264644821200066,0,1,0.8135593220338984
60,2,11010.jpg,1,1,0,1,0,0,26,0.2,0.2,0.2,0.2,0.2,15,2.70805020110221,0.5,0.11831828545049987,0,1,0.8166666666666667
61,2,00101.jpg,0,0,1,0,1,0,26,0.2,0.2,0.2,0.2,0.2,15,2.70805020110221,0.5,0.19413398714873079,1,0,0.8032786885245902
62,2,11001.jpg,1,1,0,0,1,0,26,0.2,0.2,0.2,0.2,0.2,15,2.70805020110221,0.5,0.19740761354656908,0,1,0.8064516129032258
63,2,01110.jpg,0,1,1,1,0,0,26,0.2,0.2,0.2,0.2,0.2,15,2.70805020110221,0.5,0.12499495564951822,0,1,0.8095238095238095
64,2,11110.jpg,1,1,1,1,0,1,26,0.2,0.2,0.2,0.2,0.2,15,2.70805020110221,0.5,0.9468217378216497,1,1,0.8125
65,3,01101.jpg,0,1,1,0,1,0,26,0.2,0.2,0.2,0.2,0.2,15,2.70805020110221,0.5,0.1242991393465296,0,1,0.8153846153846154
66,3,01100.jpg,0,1,1,0,0,0,26,0.2,0.2,0.2,0.2,0.2,15,2.70805020110221,0.5,0.12434020687883898,0,1,0.8181818181818182
67,3,11110.jpg,1,1,1,1,0,1,26,0.2,0.2,0.2,0.2,0.2,15,2.70805020110221,0.5,0.9680384688341298,1,1,0.8208955223880597
68,3,11000.jpg,1,1,0,0,0,0,26,0.2,0.2,0.2,0.2,0.2,15,2.70805020110221,0.5,0.12434464862239937,0,1,0.8235294117647058
69,3,10100.jpg,1,0,1,0,0,1,26,0.2,0.2,0.2,0.2,0.2,15,2.70805020110221,0.5,0.9664521247816477,1,1,0.8260869565217391
70,3,00011.jpg,0,0,0,1,1,0,26,0.2,0.2,0.2,0.2,0.2,15,2.70805020110221,0.5,0.00635977518975549,0,1,0.8285714285714286
71,3,10001.jpg,1,0,0,0,1,0,26,0.2,0.2,0.2,0.2,0.2,15,2.70805020110221,0.5,0.12230084761352701,1,0,0.8169014084507042
72,3,00111.jpg,0,0,1,1,1,0,26,0.2,0.2,0.2,0.2,0.2,15,2.70805020110221,0.5,0.12023317352058283,0,1,0.8194444444444444
73,3,10011.jpg,1,0,0,1,1,0,26,0.2,0.2,0.2,0.2,0.2,15,2.70805020110221,0.5,0.12011892370673619,1,0,0.8082191780821918
74,3,11001.jpg,1,1,0,0,1,0,26,0.2,0.2,0.2,0.2,0.2,15,2.70805020110221,0.5,0.12196199581597707,0,1,0.8108108108108109
75,3,01110.jpg,0,1,1,1,0,0,26,0.2,0.2,0.2,0.2,0.2,15,2.70805020110221,0.5,0.17102804662530185,0,1,0.8133333333333334
76,3,00100.jpg,0,0,1,0,0,0,26,0.2,0.2,0.2,0.2,0.2,15,2.70805020110221,0.5,0.17340231941560805,1,0,0.8026315789473685
77,3,10110.jpg,1,0,1,1,0,1,26,0.2,0.2,0.2,0.2,0.2,15,2.70805020110221,0.5,0.9692694052844241,1,1,0.8051948051948052
78,3,01011.jpg,0,1,0,1,1,0,26,0.2,0.2,0.2,0.2,0.2,15,2.70805020110221,0.5,0.006821573730446422,0,1,0.8076923076923077
79,3,00001.jpg,0,0,0,0,1,0,26,0.2,0.2,0.2,0.2,0.2,15,2.70805020110221,0.5,0.006803233687229313,0,1,0.810126582278481
80,3,11010.jpg,1,1,0,1,0,0,26,0.2,0.2,0.2,0.2,0.2,15,2.70805020110221,0.5,0.1750031812815605,1,0,0.8
81,3,10000.jpg,1,0,0,0,0,0,26,0.2,0.2,0.2,0.2,0.2,15,2.70805020110221,0.5,0.17440408788671322,1,0,0.7901234567901234
82,3,01001.jpg,0,1,0,0,1,0,26,0.2,0.2,0.2,0.2,0.2,15,2.70805020110221,0.5,0.00676454757456846,0,1,0.7926829268292683
83,3,00010.jpg,0,0,0,1,0,0,26,0.2,0.2,0.2,0.2,0.2,15,2.70805020110221,0.5,0.010617142902412904,0,1,0.7951807228915663
84,3,00000.jpg,0,0,0,0,0,0,26,0.2,0.2,0.2,0.2,0.2,15,2.70805020110221,0.5,0.010092551981707906,0,1,0.7976190476190477
85,3,10111.jpg,1,0,1,1,1,1,26,0.2,0.2,0.2,0.2,0.2,15,2.70805020110221,0.5,0.9595255389464894,1,1,0.8
86,3,11111.jpg,1,1,1,1,1,1,26,0.2,0.2,0.2,0.2,0.2,15,2.70805020110221,0.5,0.968650185269659,1,1,0.8023255813953488
87,3,11100.jpg,1,1,1,0,0,1,26,0.2,0.2,0.2,0.2,0.2,15,2.70805020110221,0.5,0.955213621380786,1,1,0.8045977011494253
88,3,01010.jpg,0,1,0,1,0,0,26,0.2,0.2,0.2,0.2,0.2,15,2.70805020110221,0.5,0.00912972570608307,0,1,0.8068181818181818
89,3,01000.jpg,0,1,0,0,0,0,26,0.2,0.2,0.2,0.2,0.2,15,2.70805020110221,0.5,0.008947323687039108,0,1,0.8089887640449438
90,3,10010.jpg,1,0,0,1,0,0,26,0.2,0.2,0.2,0.2,0.2,15,2.70805020110221,0.5,0.16572599110654554,1,0,0.8
91,3,01111.jpg,0,1,1,1,1,0,26,0.2,0.2,0.2,0.2,0.2,15,2.70805020110221,0.5,0.16590910788122012,0,1,0.8021978021978022
92,3,00101.jpg,0,0,1,0,1,0,26,0.2,0.2,0.2,0.2,0.2,15,2.70805020110221,0.5,0.12485852749952876,0,1,0.8043478260869565
93,3,11011.jpg,1,1,0,1,1,0,26,0.2,0.2,0.2,0.2,0.2,15,2.70805020110221,0.5,0.1695640302138105,0,1,0.8064516129032258
94,3,00110.jpg,0,0,1,1,0,0,26,0.2,0.2,0.2,0.2,0.2,15,2.70805020110221,0.5,0.17363021897670045,0,1,0.8085106382978723
95,3,10101.jpg,1,0,1,0,1,1,26,0.2,0.2,0.2,0.2,0.2,15,2.70805020110221,0.5,0.9572085913158151,1,1,0.8105263157894737
96,3,11101.jpg,1,1,1,0,1,1,26,0.2,0.2,0.2,0.2,0.2,15,2.70805020110221,0.5,0.956210687597356,1,1,0.8125
1,1,11101.jpg,1,1,1,0,1,1,27,0.2,0.2,0.2,0.2,0.2,15,2.70805020110221,0.5,0.5,1,1,1
2,1,11111.jpg,1,1,1,1,1,1,27,0.2,0.2,0.2,0.2,0.2,15,2.70805020110221,0.5,0.5,0,0,0.5
3,1,00001.jpg,0,0,0,0,1,0,27,0.2,0.2,0.2,0.2,0.2,15,2.70805020110221,0.5,0.5,1,0,0.3333333333333333
4,1,00111.jpg,0,0,1,1,1,0,27,0.2,0.2,0.2,0.2,0.2,15,2.70805020110221,0.5,0.34421651244316936,1,0,0.25
5,1,00101.jpg,0,0,1,0,1,0,27,0.2,0.2,0.2,0.2,0.2,15,2.70805020110221,0.5,0.0254673736809896,0,1,0.4
6,1,00100.jpg,0,0,1,0,0,0,27,0.2,0.2,0.2,0.2,0.2,15,2.70805020110221,0.5,0.0035372206471205236,0,1,0.5
7,1,01001.jpg,0,1,0,0,1,0,27,0.2,0.2,0.2,0.2,0.2,15,2.70805020110221,0.5,0.09016974543581005,0,1,0.5714285714285714
8,1,11110.jpg,1,1,1,1,0,1,27,0.2,0.2,0.2,0.2,0.2,15,2.70805020110221,0.5,0.9980185909079902,1,1,0.625
9,1,01101.jpg,0,1,1,0,1,0,27,0.2,0.2,0.2,0.2,0.2,15,2.70805020110221,0.5,0.4493247637108039,1,0,0.5555555555555556
10,1,00010.jpg,0,0,0,1,0,0,27,0.2,0.2,0.2,0.2,0.2,15,2.70805020110221,0.5,0.03267351764850016,0,1,0.6
11,1,10110.jpg,1,0,1,1,0,1,27,0.2,0.2,0.2,0.2,0.2,15,2.70805020110221,0.5,0.9416682912792109,1,1,0.6363636363636364
12,1,01000.jpg,0,1,0,0,0,0,27,0.2,0.2,0.2,0.2,0.2,15,2.70805020110221,0.5,0.00752158132059896,0,1,0.6666666666666666
13,1,10001.jpg,1,0,0,0,1,0,27,0.2,0.2,0.2,0.2,0.2,15,2.70805020110221,0.5,0.08982206605353224,0,1,0.6923076923076923
14,1,01011.jpg,0,1,0,1,1,0,27,0.2,0.2,0.2,0.2,0.2,15,2.70805020110221,0.5,0.08962302691566423,0,1,0.7142857142857143
15,1,11001.jpg,1,1,0,0,1,0,27,0.2,0.2,0.2,0.2,0.2,15,2.70805020110221,0.5,0.5443801421731925,0,1,0.7333333333333333
16,1,10010.jpg,1,0,0,1,0,0,27,0.2,0.2,0.2,0.2,0.2,15,2.70805020110221,0.5,0.7310136051543508,1,0,0.6875
17,1,01111.jpg,0,1,1,1,1,0,27,0.2,0.2,0.2,0.2,0.2,15,2.70805020110221,0.5,0.5151084969592528,1,0,0.6470588235294118
18,1,00110.jpg,0,0,1,1,0,0,27,0.2,0.2,0.2,0.2,0.2,15,2.70805020110221,0.5,0.5198133721220953,1,0,0.6111111111111112
19,1,10111.jpg,1,0,1,1,1,1,27,0.2,0.2,0.2,0.2,0.2,15,2.70805020110221,0.5,0.853242937178333,0,0,0.5789473684210527
20,1,10011.jpg,1,0,0,1,1,0,27,0.2,0.2,0.2,0.2,0.2,15,2.70805020110221,0.5,0.5778664199855315,0,1,0.6
21,1,01010.jpg,0,1,0,1,0,0,27,0.2,0.2,0.2,0.2,0.2,15,2.70805020110221,0.5,0.04881987959897154,0,1,0.6190476190476191
22,1,01100.jpg,0,1,1,0,0,0,27,0.2,0.2,0.2,0.2,0.2,15,2.70805020110221,0.5,0.0931178062250708,0,1,0.6363636363636364
23,1,10100.jpg,1,0,1,0,0,1,27,0.2,0.2,0.2,0.2,0.2,15,2.70805020110221,0.5,0.7556081773775699,1,1,0.6521739130434783
24,1,11011.jpg,1,1,0,1,1,0,27,0.2,0.2,0.2,0.2,0.2,15,2.70805020110221,0.5,0.5001678565822819,0,1,0.6666666666666666
25,1,01110.jpg,0,1,1,1,0,0,27,0.2,0.2,0.2,0.2,0.2,15,2.70805020110221,0.5,0.43525709112309147,0,1,0.68
26,1,00011.jpg,0,0,0,1,1,0,27,0.2,0.2,0.2,0.2,0.2,15,2.70805020110221,0.5,0.031247888960593193,0,1,0.6923076923076923
27,1,11000.jpg,1,1,0,0,0,0,27,0.2,0.2,0.2,0.2,0.2,15,2.70805020110221,0.5,0.18182192750414955,1,0,0.6666666666666666
28,1,10000.jpg,1,0,0,0,0,0,27,0.2,0.2,0.2,0.2,0.2,15,2.70805020110221,0.5,0.5273709847498034,0,1,0.6785714285714286
29,1,11010.jpg,1,1,0,1,0,0,27,0.2,0.2,0.2,0.2,0.2,15,2.70805020110221,0.5,0.481903919862012,0,1,0.6896551724137931
30,1,00000.jpg,0,0,0,0,0,0,27,0.2,0.2,0.2,0.2,0.2,15,2.70805020110221,0.5,0.03560580582150607,0,1,0.7
31,1,11100.jpg,1,1,1,0,0,1,27,0.2,0.2,0.2,0.2,0.2,15,2.70805020110221,0.5,0.839546879627581,1,1,0.7096774193548387
32,1,10101.jpg,1,0,1,0,1,1,27,0.2,0.2,0.2,0.2,0.2,15,2.70805020110221,0.5,0.8200420052400714,1,1,0.71875
33,2,01010.jpg,0,1,0,1,0,0,27,0.2,0.2,0.2,0.2,0.2,15,2.70805020110221,0.5,0.006717422505909638,0,1,0.7272727272727273
34,2,10011.jpg,1,0,0,1,1,0,27,0.2,0.2,0.2,0.2,0.2,15,2.70805020110221,0.5,0.12879976549825015,0,1,0.7352941176470589
35,2,01011.jpg,0,1,0,1,1,0,27,0.2,0.2,0.2,0.2,0.2,15,2.70805020110221,0.5,0.006988113694488284,0,1,0.7428571428571429
36,2,10101.jpg,1,0,1,0,1,1,27,0.2,0.2,0.2,0.2,0.2,15,2.70805020110221,0.5,0.9700503056622085,1,1,0.75
37,2,11100.jpg,1,1,1,0,0,1,27,0.2,0.2,0.2,0.2,0.2,15,2.70805020110221,0.5,0.9671330330385132,1,1,0.7567567567567568
38,2,10010.jpg,1,0,0,1,0,0,27,0.2,0.2,0.2,0.2,0.2,15,2.70805020110221,0.5,0.10952990075899434,0,1,0.7631578947368421
39,2,10000.jpg,1,0,0,0,0,0,27,0.2,0.2,0.2,0.2,0.2,15,2.70805020110221,0.5,0.12122282132223659,0,1,0.7692307692307693
40,2,01100.jpg,0,1,1,0,0,0,27,0.2,0.2,0.2,0.2,0.2,15,2.70805020110221,0.5,0.20352473931223553,0,1,0.775
41,2,00011.jpg,0,0,0,1,1,0,27,0.2,0.2,0.2,0.2,0.2,15,2.70805020110221,0.5,0.0064761105032732505,0,1,0.7804878048780488
42,2,01000.jpg,0,1,0,0,0,0,27,0.2,0.2,0.2,0.2,0.2,15,2.70805020110221,0.5,0.011907524364682766,0,1,0.7857142857142857
43,2,10100.jpg,1,0,1,0,0,1,27,0.2,0.2,0.2,0.2,0.2,15,2.70805020110221,0.5,0.9587322169065257,1,1,0.7906976744186046
44,2,00110.jpg,0,0,1,1,0,0,27,0.2,0.2,0.2,0.2,0.2,15,2.70805020110221,0.5,0.12505744809455166,0,1,0.7954545454545454
45,2,00000.jpg,0,0,0,0,0,0,27,0.2,0.2,0.2,0.2,0.2,15,2.70805020110221,0.5,0.011976088614235963,0,1,0.8
46,2,10110.jpg,1,0,1,1,0,1,27,0.2,0.2,0.2,0.2,0.2,15,2.70805020110221,0.5,0.9437775972505418,1,1,0.8043478260869565
47,2,11101.jpg,1,1,1,0,1,1,27,0.2,0.2,0.2,0.2,0.2,15,2.70805020110221,0.5,0.9671764053693601,1,1,0.8085106382978723
48,2,11011.jpg,1,1,0,1,1,0,27,0.2,0.2,0.2,0.2,0.2,15,2.70805020110221,0.5,0.10663280123742815,0,1,0.8125
49,2,01001.jpg,0,1,0,0,1,0,27,0.2,0.2,0.2,0.2,0.2,15,2.70805020110221,0.5,0.010773170886200193,0,1,0.8163265306122449
50,2,01111.jpg,0,1,1,1,1,0,27,0.2,0.2,0.2,0.2,0.2,15,2.70805020110221,0.5,0.11547973758229764,0,1,0.82
51,2,10001.jpg,1,0,0,0,1,0,27,0.2,0.2,0.2,0.2,0.2,15,2.70805020110221,0.5,0.19420375452051258,0,1,0.8235294117647058
52,2,00010.jpg,0,0,0,1,0,0,27,0.2,0.2,0.2,0.2,0.2,15,2.70805020110221,0.5,0.01035510591912255,0,1,0.8269230769230769
53,2,11000.jpg,1,1,0,0,0,0,27,0.2,0.2,0.2,0.2,0.2,15,2.70805020110221,0.5,0.20196005679851498,0,1,0.8301886792452831
54,2,00100.jpg,0,0,1,0,0,0,27,0.2,0.2,0.2,0.2,0.2,15,2.70805020110221,0.5,0.20458866410446744,0,1,0.8333333333333334
55,2,00001.jpg,0,0,0,0,1,0,27,0.2,0.2,0.2,0.2,0.2,15,2.70805020110221,0.5,0.011749402043540793,1,0,0.8181818181818182
56,2,10111.jpg,1,0,1,1,1,1,27,0.2,0.2,0.2,0.2,0.2,15,2.70805020110221,0.5,0.956946551351988,1,1,0.8214285714285714
57,2,11111.jpg,1,1,1,1,1,1,27,0.2,0.2,0.2,0.2,0.2,15,2.70805020110221,0.5,0.9443154248689279,1,1,0.8245614035087719
58,2,01101.jpg,0,1,1,0,1,0,27,0.2,0.2,0.2,0.2,0.2,15,2.70805020110221,0.5,0.1895636959954471,1,0,0.8103448275862069
59,2,00111.jpg,0,0,1,1,1,0,27,0.2,0.2,0.2,0.2,0.2,15,2.70805020110221,0.5,0.19264644821200066,0,1,0.8135593220338984
60,2,11010.jpg,1,1,0,1,0,0,27,0.2,0.2,0.2,0.2,0.2,15,2.70805020110221,0.5,0.11831828545049987,0,1,0.8166666666666667
61,2,00101.jpg,0,0,1,0,1,0,27,0.2,0.2,0.2,0.2,0.2,15,2.70805020110221,0.5,0.19413398714873079,1,0,0.8032786885245902
62,2,11001.jpg,1,1,0,0,1,0,27,0.2,0.2,0.2,0.2,0.2,15,2.70805020110221,0.5,0.19740761354656908,0,1,0.8064516129032258
63,2,01110.jpg,0,1,1,1,0,0,27,0.2,0.2,0.2,0.2,0.2,15,2.70805020110221,0.5,0.12499495564951822,0,1,0.8095238095238095
64,2,11110.jpg,1,1,1,1,0,1,27,0.2,0.2,0.2,0.2,0.2,15,2.70805020110221,0.5,0.9468217378216497,1,1,0.8125
65,3,01101.jpg,0,1,1,0,1,0,27,0.2,0.2,0.2,0.2,0.2,15,2.70805020110221,0.5,0.1242991393465296,0,1,0.8153846153846154
66,3,01100.jpg,0,1,1,0,0,0,27,0.2,0.2,0.2,0.2,0.2,15,2.70805020110221,0.5,0.12434020687883898,0,1,0.8181818181818182
67,3,11110.jpg,1,1,1,1,0,1,27,0.2,0.2,0.2,0.2,0.2,15,2.70805020110221,0.5,0.9680384688341298,1,1,0.8208955223880597
68,3,11000.jpg,1,1,0,0,0,0,27,0.2,0.2,0.2,0.2,0.2,15,2.70805020110221,0.5,0.12434464862239937,0,1,0.8235294117647058
69,3,10100.jpg,1,0,1,0,0,1,27,0.2,0.2,0.2,0.2,0.2,15,2.70805020110221,0.5,0.9664521247816477,1,1,0.8260869565217391
70,3,00011.jpg,0,0,0,1,1,0,27,0.2,0.2,0.2,0.2,0.2,15,2.70805020110221,0.5,0.00635977518975549,0,1,0.8285714285714286
71,3,10001.jpg,1,0,0,0,1,0,27,0.2,0.2,0.2,0.2,0.2,15,2.70805020110221,0.5,0.12230084761352701,1,0,0.8169014084507042
72,3,00111.jpg,0,0,1,1,1,0,27,0.2,0.2,0.2,0.2,0.2,15,2.70805020110221,0.5,0.12023317352058283,0,1,0.8194444444444444
73,3,10011.jpg,1,0,0,1,1,0,27,0.2,0.2,0.2,0.2,0.2,15,2.70805020110221,0.5,0.12011892370673619,1,0,0.8082191780821918
74,3,11001.jpg,1,1,0,0,1,0,27,0.2,0.2,0.2,0.2,0.2,15,2.70805020110221,0.5,0.12196199581597707,0,1,0.8108108108108109
75,3,01110.jpg,0,1,1,1,0,0,27,0.2,0.2,0.2,0.2,0.2,15,2.70805020110221,0.5,0.17102804662530185,0,1,0.8133333333333334
76,3,00100.jpg,0,0,1,0,0,0,27,0.2,0.2,0.2,0.2,0.2,15,2.70805020110221,0.5,0.17340231941560805,1,0,0.8026315789473685
77,3,10110.jpg,1,0,1,1,0,1,27,0.2,0.2,0.2,0.2,0.2,15,2.70805020110221,0.5,0.9692694052844241,1,1,0.8051948051948052
78,3,01011.jpg,0,1,0,1,1,0,27,0.2,0.2,0.2,0.2,0.2,15,2.70805020110221,0.5,0.006821573730446422,0,1,0.8076923076923077
79,3,00001.jpg,0,0,0,0,1,0,27,0.2,0.2,0.2,0.2,0.2,15,2.70805020110221,0.5,0.006803233687229313,0,1,0.810126582278481
80,3,11010.jpg,1,1,0,1,0,0,27,0.2,0.2,0.2,0.2,0.2,15,2.70805020110221,0.5,0.1750031812815605,1,0,0.8
81,3,10000.jpg,1,0,0,0,0,0,27,0.2,0.2,0.2,0.2,0.2,15,2.70805020110221,0.5,0.17440408788671322,1,0,0.7901234567901234
82,3,01001.jpg,0,1,0,0,1,0,27,0.2,0.2,0.2,0.2,0.2,15,2.70805020110221,0.5,0.00676454757456846,0,1,0.7926829268292683
83,3,00010.jpg,0,0,0,1,0,0,27,0.2,0.2,0.2,0.2,0.2,15,2.70805020110221,0.5,0.010617142902412904,0,1,0.7951807228915663
84,3,00000.jpg,0,0,0,0,0,0,27,0.2,0.2,0.2,0.2,0.2,15,2.70805020110221,0.5,0.010092551981707906,0,1,0.7976190476190477
85,3,10111.jpg,1,0,1,1,1,1,27,0.2,0.2,0.2,0.2,0.2,15,2.70805020110221,0.5,0.9595255389464894,1,1,0.8
86,3,11111.jpg,1,1,1,1,1,1,27,0.2,0.2,0.2,0.2,0.2,15,2.70805020110221,0.5,0.968650185269659,1,1,0.8023255813953488
87,3,11100.jpg,1,1,1,0,0,1,27,0.2,0.2,0.2,0.2,0.2,15,2.70805020110221,0.5,0.955213621380786,1,1,0.8045977011494253
88,3,01010.jpg,0,1,0,1,0,0,27,0.2,0.2,0.2,0.2,0.2,15,2.70805020110221,0.5,0.00912972570608307,0,1,0.8068181818181818
89,3,01000.jpg,0,1,0,0,0,0,27,0.2,0.2,0.2,0.2,0.2,15,2.70805020110221,0.5,0.008947323687039108,0,1,0.8089887640449438
90,3,10010.jpg,1,0,0,1,0,0,27,0.2,0.2,0.2,0.2,0.2,15,2.70805020110221,0.5,0.16572599110654554,1,0,0.8
91,3,01111.jpg,0,1,1,1,1,0,27,0.2,0.2,0.2,0.2,0.2,15,2.70805020110221,0.5,0.16590910788122012,0,1,0.8021978021978022
92,3,00101.jpg,0,0,1,0,1,0,27,0.2,0.2,0.2,0.2,0.2,15,2.70805020110221,0.5,0.12485852749952876,0,1,0.8043478260869565
93,3,11011.jpg,1,1,0,1,1,0,27,0.2,0.2,0.2,0.2,0.2,15,2.70805020110221,0.5,0.1695640302138105,0,1,0.8064516129032258
94,3,00110.jpg,0,0,1,1,0,0,27,0.2,0.2,0.2,0.2,0.2,15,2.70805020110221,0.5,0.17363021897670045,0,1,0.8085106382978723
95,3,10101.jpg,1,0,1,0,1,1,27,0.2,0.2,0.2,0.2,0.2,15,2.70805020110221,0.5,0.9572085913158151,1,1,0.8105263157894737
96,3,11101.jpg,1,1,1,0,1,1,27,0.2,0.2,0.2,0.2,0.2,15,2.70805020110221,0.5,0.956210687597356,1,1,0.8125
1,1,11101.jpg,1,1,1,0,1,1,28,0.2,0.2,0.2,0.2,0.2,15,2.70805020110221,0.5,0.5,1,1,1
2,1,11111.jpg,1,1,1,1,1,1,28,0.2,0.2,0.2,0.2,0.2,15,2.70805020110221,0.5,0.5,0,0,0.5
3,1,00001.jpg,0,0,0,0,1,0,28,0.2,0.2,0.2,0.2,0.2,15,2.70805020110221,0.5,0.5,1,0,0.3333333333333333
4,1,00111.jpg,0,0,1,1,1,0,28,0.2,0.2,0.2,0.2,0.2,15,2.70805020110221,0.5,0.34421651244316936,1,0,0.25
5,1,00101.jpg,0,0,1,0,1,0,28,0.2,0.2,0.2,0.2,0.2,15,2.70805020110221,0.5,0.0254673736809896,0,1,0.4
6,1,00100.jpg,0,0,1,0,0,0,28,0.2,0.2,0.2,0.2,0.2,15,2.70805020110221,0.5,0.0035372206471205236,0,1,0.5
7,1,01001.jpg,0,1,0,0,1,0,28,0.2,0.2,0.2,0.2,0.2,15,2.70805020110221,0.5,0.09016974543581005,0,1,0.5714285714285714
8,1,11110.jpg,1,1,1,1,0,1,28,0.2,0.2,0.2,0.2,0.2,15,2.70805020110221,0.5,0.9980185909079902,1,1,0.625
9,1,01101.jpg,0,1,1,0,1,0,28,0.2,0.2,0.2,0.2,0.2,15,2.70805020110221,0.5,0.4493247637108039,1,0,0.5555555555555556
10,1,00010.jpg,0,0,0,1,0,0,28,0.2,0.2,0.2,0.2,0.2,15,2.70805020110221,0.5,0.03267351764850016,0,1,0.6
11,1,10110.jpg,1,0,1,1,0,1,28,0.2,0.2,0.2,0.2,0.2,15,2.70805020110221,0.5,0.9416682912792109,1,1,0.6363636363636364
12,1,01000.jpg,0,1,0,0,0,0,28,0.2,0.2,0.2,0.2,0.2,15,2.70805020110221,0.5,0.00752158132059896,0,1,0.6666666666666666
13,1,10001.jpg,1,0,0,0,1,0,28,0.2,0.2,0.2,0.2,0.2,15,2.70805020110221,0.5,0.08982206605353224,0,1,0.6923076923076923
14,1,01011.jpg,0,1,0,1,1,0,28,0.2,0.2,0.2,0.2,0.2,15,2.70805020110221,0.5,0.08962302691566423,0,1,0.7142857142857143
15,1,11001.jpg,1,1,0,0,1,0,28,0.2,0.2,0.2,0.2,0.2,15,2.70805020110221,0.5,0.5443801421731925,0,1,0.7333333333333333
16,1,10010.jpg,1,0,0,1,0,0,28,0.2,0.2,0.2,0.2,0.2,15,2.70805020110221,0.5,0.7310136051543508,1,0,0.6875
17,1,01111.jpg,0,1,1,1,1,0,28,0.2,0.2,0.2,0.2,0.2,15,2.70805020110221,0.5,0.5151084969592528,1,0,0.6470588235294118
18,1,00110.jpg,0,0,1,1,0,0,28,0.2,0.2,0.2,0.2,0.2,15,2.70805020110221,0.5,0.5198133721220953,1,0,0.6111111111111112
19,1,10111.jpg,1,0,1,1,1,1,28,0.2,0.2,0.2,0.2,0.2,15,2.70805020110221,0.5,0.853242937178333,0,0,0.5789473684210527
20,1,10011.jpg,1,0,0,1,1,0,28,0.2,0.2,0.2,0.2,0.2,15,2.70805020110221,0.5,0.5778664199855315,0,1,0.6
21,1,01010.jpg,0,1,0,1,0,0,28,0.2,0.2,0.2,0.2,0.2,15,2.70805020110221,0.5,0.04881987959897154,0,1,0.6190476190476191
22,1,01100.jpg,0,1,1,0,0,0,28,0.2,0.2,0.2,0.2,0.2,15,2.70805020110221,0.5,0.0931178062250708,0,1,0.6363636363636364
23,1,10100.jpg,1,0,1,0,0,1,28,0.2,0.2,0.2,0.2,0.2,15,2.70805020110221,0.5,0.7556081773775699,1,1,0.6521739130434783
24,1,11011.jpg,1,1,0,1,1,0,28,0.2,0.2,0.2,0.2,0.2,15,2.70805020110221,0.5,0.5001678565822819,0,1,0.6666666666666666
25,1,01110.jpg,0,1,1,1,0,0,28,0.2,0.2,0.2,0.2,0.2,15,2.70805020110221,0.5,0.43525709112309147,0,1,0.68
26,1,00011.jpg,0,0,0,1,1,0,28,0.2,0.2,0.2,0.2,0.2,15,2.70805020110221,0.5,0.031247888960593193,0,1,0.6923076923076923
27,1,11000.jpg,1,1,0,0,0,0,28,0.2,0.2,0.2,0.2,0.2,15,2.70805020110221,0.5,0.18182192750414955,1,0,0.6666666666666666
28,1,10000.jpg,1,0,0,0,0,0,28,0.2,0.2,0.2,0.2,0.2,15,2.70805020110221,0.5,0.5273709847498034,0,1,0.6785714285714286
29,1,11010.jpg,1,1,0,1,0,0,28,0.2,0.2,0.2,0.2,0.2,15,2.70805020110221,0.5,0.481903919862012,0,1,0.6896551724137931
30,1,00000.jpg,0,0,0,0,0,0,28,0.2,0.2,0.2,0.2,0.2,15,2.70805020110221,0.5,0.03560580582150607,0,1,0.7
31,1,11100.jpg,1,1,1,0,0,1,28,0.2,0.2,0.2,0.2,0.2,15,2.70805020110221,0.5,0.839546879627581,1,1,0.7096774193548387
32,1,10101.jpg,1,0,1,0,1,1,28,0.2,0.2,0.2,0.2,0.2,15,2.70805020110221,0.5,0.8200420052400714,1,1,0.71875
33,2,01010.jpg,0,1,0,1,0,0,28,0.2,0.2,0.2,0.2,0.2,15,2.70805020110221,0.5,0.006717422505909638,0,1,0.7272727272727273
34,2,10011.jpg,1,0,0,1,1,0,28,0.2,0.2,0.2,0.2,0.2,15,2.70805020110221,0.5,0.12879976549825015,0,1,0.7352941176470589
35,2,01011.jpg,0,1,0,1,1,0,28,0.2,0.2,0.2,0.2,0.2,15,2.70805020110221,0.5,0.006988113694488284,0,1,0.7428571428571429
36,2,10101.jpg,1,0,1,0,1,1,28,0.2,0.2,0.2,0.2,0.2,15,2.70805020110221,0.5,0.9700503056622085,1,1,0.75
37,2,11100.jpg,1,1,1,0,0,1,28,0.2,0.2,0.2,0.2,0.2,15,2.70805020110221,0.5,0.9671330330385132,1,1,0.7567567567567568
38,2,10010.jpg,1,0,0,1,0,0,28,0.2,0.2,0.2,0.2,0.2,15,2.70805020110221,0.5,0.10952990075899434,0,1,0.7631578947368421
39,2,10000.jpg,1,0,0,0,0,0,28,0.2,0.2,0.2,0.2,0.2,15,2.70805020110221,0.5,0.12122282132223659,0,1,0.7692307692307693
40,2,01100.jpg,0,1,1,0,0,0,28,0.2,0.2,0.2,0.2,0.2,15,2.70805020110221,0.5,0.20352473931223553,0,1,0.775
41,2,00011.jpg,0,0,0,1,1,0,28,0.2,0.2,0.2,0.2,0.2,15,2.70805020110221,0.5,0.0064761105032732505,0,1,0.7804878048780488
42,2,01000.jpg,0,1,0,0,0,0,28,0.2,0.2,0.2,0.2,0.2,15,2.70805020110221,0.5,0.011907524364682766,0,1,0.7857142857142857
43,2,10100.jpg,1,0,1,0,0,1,28,0.2,0.2,0.2,0.2,0.2,15,2.70805020110221,0.5,0.9587322169065257,1,1,0.7906976744186046
44,2,00110.jpg,0,0,1,1,0,0,28,0.2,0.2,0.2,0.2,0.2,15,2.70805020110221,0.5,0.12505744809455166,0,1,0.7954545454545454
45,2,00000.jpg,0,0,0,0,0,0,28,0.2,0.2,0.2,0.2,0.2,15,2.70805020110221,0.5,0.011976088614235963,0,1,0.8
46,2,10110.jpg,1,0,1,1,0,1,28,0.2,0.2,0.2,0.2,0.2,15,2.70805020110221,0.5,0.9437775972505418,1,1,0.8043478260869565
47,2,11101.jpg,1,1,1,0,1,1,28,0.2,0.2,0.2,0.2,0.2,15,2.70805020110221,0.5,0.9671764053693601,1,1,0.8085106382978723
48,2,11011.jpg,1,1,0,1,1,0,28,0.2,0.2,0.2,0.2,0.2,15,2.70805020110221,0.5,0.10663280123742815,0,1,0.8125
49,2,01001.jpg,0,1,0,0,1,0,28,0.2,0.2,0.2,0.2,0.2,15,2.70805020110221,0.5,0.010773170886200193,0,1,0.8163265306122449
50,2,01111.jpg,0,1,1,1,1,0,28,0.2,0.2,0.2,0.2,0.2,15,2.70805020110221,0.5,0.11547973758229764,0,1,0.82
51,2,10001.jpg,1,0,0,0,1,0,28,0.2,0.2,0.2,0.2,0.2,15,2.70805020110221,0.5,0.19420375452051258,0,1,0.8235294117647058
52,2,00010.jpg,0,0,0,1,0,0,28,0.2,0.2,0.2,0.2,0.2,15,2.70805020110221,0.5,0.01035510591912255,0,1,0.8269230769230769
53,2,11000.jpg,1,1,0,0,0,0,28,0.2,0.2,0.2,0.2,0.2,15,2.70805020110221,0.5,0.20196005679851498,0,1,0.8301886792452831
54,2,00100.jpg,0,0,1,0,0,0,28,0.2,0.2,0.2,0.2,0.2,15,2.70805020110221,0.5,0.20458866410446744,0,1,0.8333333333333334
55,2,00001.jpg,0,0,0,0,1,0,28,0.2,0.2,0.2,0.2,0.2,15,2.70805020110221,0.5,0.011749402043540793,1,0,0.8181818181818182
56,2,10111.jpg,1,0,1,1,1,1,28,0.2,0.2,0.2,0.2,0.2,15,2.70805020110221,0.5,0.956946551351988,1,1,0.8214285714285714
57,2,11111.jpg,1,1,1,1,1,1,28,0.2,0.2,0.2,0.2,0.2,15,2.70805020110221,0.5,0.9443154248689279,1,1,0.8245614035087719
58,2,01101.jpg,0,1,1,0,1,0,28,0.2,0.2,0.2,0.2,0.2,15,2.70805020110221,0.5,0.1895636959954471,1,0,0.8103448275862069
59,2,00111.jpg,0,0,1,1,1,0,28,0.2,0.2,0.2,0.2,0.2,15,2.70805020110221,0.5,0.19264644821200066,0,1,0.8135593220338984
60,2,11010.jpg,1,1,0,1,0,0,28,0.2,0.2,0.2,0.2,0.2,15,2.70805020110221,0.5,0.11831828545049987,0,1,0.8166666666666667
61,2,00101.jpg,0,0,1,0,1,0,28,0.2,0.2,0.2,0.2,0.2,15,2.70805020110221,0.5,0.19413398714873079,1,0,0.8032786885245902
62,2,11001.jpg,1,1,0,0,1,0,28,0.2,0.2,0.2,0.2,0.2,15,2.70805020110221,0.5,0.19740761354656908,0,1,0.8064516129032258
63,2,01110.jpg,0,1,1,1,0,0,28,0.2,0.2,0.2,0.2,0.2,15,2.70805020110221,0.5,0.12499495564951822,0,1,0.8095238095238095
64,2,11110.jpg,1,1,1,1,0,1,28,0.2,0.2,0.2,0.2,0.2,15,2.70805020110221,0.5,0.9468217378216497,1,1,0.8125
65,3,01101.jpg,0,1,1,0,1,0,28,0.2,0.2,0.2,0.2,0.2,15,2.70805020110221,0.5,0.1242991393465296,0,1,0.8153846153846154
66,3,01100.jpg,0,1,1,0,0,0,28,0.2,0.2,0.2,0.2,0.2,15,2.70805020110221,0.5,0.12434020687883898,0,1,0.8181818181818182
67,3,11110.jpg,1,1,1,1,0,1,28,0.2,0.2,0.2,0.2,0.2,15,2.70805020110221,0.5,0.9680384688341298,1,1,0.8208955223880597
68,3,11000.jpg,1,1,0,0,0,0,28,0.2,0.2,0.2,0.2,0.2,15,2.70805020110221,0.5,0.12434464862239937,0,1,0.8235294117647058
69,3,10100.jpg,1,0,1,0,0,1,28,0.2,0.2,0.2,0.2,0.2,15,2.70805020110221,0.5,0.9664521247816477,1,1,0.8260869565217391
70,3,00011.jpg,0,0,0,1,1,0,28,0.2,0.2,0.2,0.2,0.2,15,2.70805020110221,0.5,0.00635977518975549,0,1,0.8285714285714286
71,3,10001.jpg,1,0,0,0,1,0,28,0.2,0.2,0.2,0.2,0.2,15,2.70805020110221,0.5,0.12230084761352701,1,0,0.8169014084507042
72,3,00111.jpg,0,0,1,1,1,0,28,0.2,0.2,0.2,0.2,0.2,15,2.70805020110221,0.5,0.12023317352058283,0,1,0.8194444444444444
73,3,10011.jpg,1,0,0,1,1,0,28,0.2,0.2,0.2,0.2,0.2,15,2.70805020110221,0.5,0.12011892370673619,1,0,0.8082191780821918
74,3,11001.jpg,1,1,0,0,1,0,28,0.2,0.2,0.2,0.2,0.2,15,2.70805020110221,0.5,0.12196199581597707,0,1,0.8108108108108109
75,3,01110.jpg,0,1,1,1,0,0,28,0.2,0.2,0.2,0.2,0.2,15,2.70805020110221,0.5,0.17102804662530185,0,1,0.8133333333333334
76,3,00100.jpg,0,0,1,0,0,0,28,0.2,0.2,0.2,0.2,0.2,15,2.70805020110221,0.5,0.17340231941560805,1,0,0.8026315789473685
77,3,10110.jpg,1,0,1,1,0,1,28,0.2,0.2,0.2,0.2,0.2,15,2.70805020110221,0.5,0.9692694052844241,1,1,0.8051948051948052
78,3,01011.jpg,0,1,0,1,1,0,28,0.2,0.2,0.2,0.2,0.2,15,2.70805020110221,0.5,0.006821573730446422,0,1,0.8076923076923077
79,3,00001.jpg,0,0,0,0,1,0,28,0.2,0.2,0.2,0.2,0.2,15,2.70805020110221,0.5,0.006803233687229313,0,1,0.810126582278481
80,3,11010.jpg,1,1,0,1,0,0,28,0.2,0.2,0.2,0.2,0.2,15,2.70805020110221,0.5,0.1750031812815605,1,0,0.8
81,3,10000.jpg,1,0,0,0,0,0,28,0.2,0.2,0.2,0.2,0.2,15,2.70805020110221,0.5,0.17440408788671322,1,0,0.7901234567901234
82,3,01001.jpg,0,1,0,0,1,0,28,0.2,0.2,0.2,0.2,0.2,15,2.70805020110221,0.5,0.00676454757456846,0,1,0.7926829268292683
83,3,00010.jpg,0,0,0,1,0,0,28,0.2,0.2,0.2,0.2,0.2,15,2.70805020110221,0.5,0.010617142902412904,0,1,0.7951807228915663
84,3,00000.jpg,0,0,0,0,0,0,28,0.2,0.2,0.2,0.2,0.2,15,2.70805020110221,0.5,0.010092551981707906,0,1,0.7976190476190477
85,3,10111.jpg,1,0,1,1,1,1,28,0.2,0.2,0.2,0.2,0.2,15,2.70805020110221,0.5,0.9595255389464894,1,1,0.8
86,3,11111.jpg,1,1,1,1,1,1,28,0.2,0.2,0.2,0.2,0.2,15,2.70805020110221,0.5,0.968650185269659,1,1,0.8023255813953488
87,3,11100.jpg,1,1,1,0,0,1,28,0.2,0.2,0.2,0.2,0.2,15,2.70805020110221,0.5,0.955213621380786,1,1,0.8045977011494253
88,3,01010.jpg,0,1,0,1,0,0,28,0.2,0.2,0.2,0.2,0.2,15,2.70805020110221,0.5,0.00912972570608307,0,1,0.8068181818181818
89,3,01000.jpg,0,1,0,0,0,0,28,0.2,0.2,0.2,0.2,0.2,15,2.70805020110221,0.5,0.008947323687039108,0,1,0.8089887640449438
90,3,10010.jpg,1,0,0,1,0,0,28,0.2,0.2,0.2,0.2,0.2,15,2.70805020110221,0.5,0.16572599110654554,1,0,0.8
91,3,01111.jpg,0,1,1,1,1,0,28,0.2,0.2,0.2,0.2,0.2,15,2.70805020110221,0.5,0.16590910788122012,0,1,0.8021978021978022
92,3,00101.jpg,0,0,1,0,1,0,28,0.2,0.2,0.2,0.2,0.2,15,2.70805020110221,0.5,0.12485852749952876,0,1,0.8043478260869565
93,3,11011.jpg,1,1,0,1,1,0,28,0.2,0.2,0.2,0.2,0.2,15,2.70805020110221,0.5,0.1695640302138105,0,1,0.8064516129032258
94,3,00110.jpg,0,0,1,1,0,0,28,0.2,0.2,0.2,0.2,0.2,15,2.70805020110221,0.5,0.17363021897670045,0,1,0.8085106382978723
95,3,10101.jpg,1,0,1,0,1,1,28,0.2,0.2,0.2,0.2,0.2,15,2.70805020110221,0.5,0.9572085913158151,1,1,0.8105263157894737
96,3,11101.jpg,1,1,1,0,1,1,28,0.2,0.2,0.2,0.2,0.2,15,2.70805020110221,0.5,0.956210687597356,1,1,0.8125
1,1,11101.jpg,1,1,1,0,1,1,29,0.2,0.2,0.2,0.2,0.2,15,2.70805020110221,0.5,0.5,1,1,1
2,1,11111.jpg,1,1,1,1,1,1,29,0.2,0.2,0.2,0.2,0.2,15,2.70805020110221,0.5,0.5,0,0,0.5
3,1,00001.jpg,0,0,0,0,1,0,29,0.2,0.2,0.2,0.2,0.2,15,2.70805020110221,0.5,0.5,1,0,0.3333333333333333
4,1,00111.jpg,0,0,1,1,1,0,29,0.2,0.2,0.2,0.2,0.2,15,2.70805020110221,0.5,0.34421651244316936,1,0,0.25
5,1,00101.jpg,0,0,1,0,1,0,29,0.2,0.2,0.2,0.2,0.2,15,2.70805020110221,0.5,0.0254673736809896,0,1,0.4
6,1,00100.jpg,0,0,1,0,0,0,29,0.2,0.2,0.2,0.2,0.2,15,2.70805020110221,0.5,0.0035372206471205236,0,1,0.5
7,1,01001.jpg,0,1,0,0,1,0,29,0.2,0.2,0.2,0.2,0.2,15,2.70805020110221,0.5,0.09016974543581005,0,1,0.5714285714285714
8,1,11110.jpg,1,1,1,1,0,1,29,0.2,0.2,0.2,0.2,0.2,15,2.70805020110221,0.5,0.9980185909079902,1,1,0.625
9,1,01101.jpg,0,1,1,0,1,0,29,0.2,0.2,0.2,0.2,0.2,15,2.70805020110221,0.5,0.4493247637108039,1,0,0.5555555555555556
10,1,00010.jpg,0,0,0,1,0,0,29,0.2,0.2,0.2,0.2,0.2,15,2.70805020110221,0.5,0.03267351764850016,0,1,0.6
11,1,10110.jpg,1,0,1,1,0,1,29,0.2,0.2,0.2,0.2,0.2,15,2.70805020110221,0.5,0.9416682912792109,1,1,0.6363636363636364
12,1,01000.jpg,0,1,0,0,0,0,29,0.2,0.2,0.2,0.2,0.2,15,2.70805020110221,0.5,0.00752158132059896,0,1,0.6666666666666666
13,1,10001.jpg,1,0,0,0,1,0,29,0.2,0.2,0.2,0.2,0.2,15,2.70805020110221,0.5,0.08982206605353224,0,1,0.6923076923076923
14,1,01011.jpg,0,1,0,1,1,0,29,0.2,0.2,0.2,0.2,0.2,15,2.70805020110221,0.5,0.08962302691566423,0,1,0.7142857142857143
15,1,11001.jpg,1,1,0,0,1,0,29,0.2,0.2,0.2,0.2,0.2,15,2.70805020110221,0.5,0.5443801421731925,0,1,0.7333333333333333
16,1,10010.jpg,1,0,0,1,0,0,29,0.2,0.2,0.2,0.2,0.2,15,2.70805020110221,0.5,0.7310136051543508,1,0,0.6875
17,1,01111.jpg,0,1,1,1,1,0,29,0.2,0.2,0.2,0.2,0.2,15,2.70805020110221,0.5,0.5151084969592528,1,0,0.6470588235294118
18,1,00110.jpg,0,0,1,1,0,0,29,0.2,0.2,0.2,0.2,0.2,15,2.70805020110221,0.5,0.5198133721220953,1,0,0.6111111111111112
19,1,10111.jpg,1,0,1,1,1,1,29,0.2,0.2,0.2,0.2,0.2,15,2.70805020110221,0.5,0.853242937178333,0,0,0.5789473684210527
20,1,10011.jpg,1,0,0,1,1,0,29,0.2,0.2,0.2,0.2,0.2,15,2.70805020110221,0.5,0.5778664199855315,0,1,0.6
21,1,01010.jpg,0,1,0,1,0,0,29,0.2,0.2,0.2,0.2,0.2,15,2.70805020110221,0.5,0.04881987959897154,0,1,0.6190476190476191
22,1,01100.jpg,0,1,1,0,0,0,29,0.2,0.2,0.2,0.2,0.2,15,2.70805020110221,0.5,0.0931178062250708,0,1,0.6363636363636364
23,1,10100.jpg,1,0,1,0,0,1,29,0.2,0.2,0.2,0.2,0.2,15,2.70805020110221,0.5,0.7556081773775699,1,1,0.6521739130434783
24,1,11011.jpg,1,1,0,1,1,0,29,0.2,0.2,0.2,0.2,0.2,15,2.70805020110221,0.5,0.5001678565822819,0,1,0.6666666666666666
25,1,01110.jpg,0,1,1,1,0,0,29,0.2,0.2,0.2,0.2,0.2,15,2.70805020110221,0.5,0.43525709112309147,0,1,0.68
26,1,00011.jpg,0,0,0,1,1,0,29,0.2,0.2,0.2,0.2,0.2,15,2.70805020110221,0.5,0.031247888960593193,0,1,0.6923076923076923
27,1,11000.jpg,1,1,0,0,0,0,29,0.2,0.2,0.2,0.2,0.2,15,2.70805020110221,0.5,0.18182192750414955,1,0,0.6666666666666666
28,1,10000.jpg,1,0,0,0,0,0,29,0.2,0.2,0.2,0.2,0.2,15,2.70805020110221,0.5,0.5273709847498034,0,1,0.6785714285714286
29,1,11010.jpg,1,1,0,1,0,0,29,0.2,0.2,0.2,0.2,0.2,15,2.70805020110221,0.5,0.481903919862012,0,1,0.6896551724137931
30,1,00000.jpg,0,0,0,0,0,0,29,0.2,0.2,0.2,0.2,0.2,15,2.70805020110221,0.5,0.03560580582150607,0,1,0.7
31,1,11100.jpg,1,1,1,0,0,1,29,0.2,0.2,0.2,0.2,0.2,15,2.70805020110221,0.5,0.839546879627581,1,1,0.7096774193548387
32,1,10101.jpg,1,0,1,0,1,1,29,0.2,0.2,0.2,0.2,0.2,15,2.70805020110221,0.5,0.8200420052400714,1,1,0.71875
33,2,01010.jpg,0,1,0,1,0,0,29,0.2,0.2,0.2,0.2,0.2,15,2.70805020110221,0.5,0.006717422505909638,0,1,0.7272727272727273
34,2,10011.jpg,1,0,0,1,1,0,29,0.2,0.2,0.2,0.2,0.2,15,2.70805020110221,0.5,0.12879976549825015,0,1,0.7352941176470589
35,2,01011.jpg,0,1,0,1,1,0,29,0.2,0.2,0.2,0.2,0.2,15,2.70805020110221,0.5,0.006988113694488284,0,1,0.7428571428571429
36,2,10101.jpg,1,0,1,0,1,1,29,0.2,0.2,0.2,0.2,0.2,15,2.70805020110221,0.5,0.9700503056622085,1,1,0.75
37,2,11100.jpg,1,1,1,0,0,1,29,0.2,0.2,0.2,0.2,0.2,15,2.70805020110221,0.5,0.9671330330385132,1,1,0.7567567567567568
38,2,10010.jpg,1,0,0,1,0,0,29,0.2,0.2,0.2,0.2,0.2,15,2.70805020110221,0.5,0.10952990075899434,0,1,0.7631578947368421
39,2,10000.jpg,1,0,0,0,0,0,29,0.2,0.2,0.2,0.2,0.2,15,2.70805020110221,0.5,0.12122282132223659,0,1,0.7692307692307693
40,2,01100.jpg,0,1,1,0,0,0,29,0.2,0.2,0.2,0.2,0.2,15,2.70805020110221,0.5,0.20352473931223553,0,1,0.775
41,2,00011.jpg,0,0,0,1,1,0,29,0.2,0.2,0.2,0.2,0.2,15,2.70805020110221,0.5,0.0064761105032732505,0,1,0.7804878048780488
42,2,01000.jpg,0,1,0,0,0,0,29,0.2,0.2,0.2,0.2,0.2,15,2.70805020110221,0.5,0.011907524364682766,0,1,0.7857142857142857
43,2,10100.jpg,1,0,1,0,0,1,29,0.2,0.2,0.2,0.2,0.2,15,2.70805020110221,0.5,0.9587322169065257,1,1,0.7906976744186046
44,2,00110.jpg,0,0,1,1,0,0,29,0.2,0.2,0.2,0.2,0.2,15,2.70805020110221,0.5,0.12505744809455166,0,1,0.7954545454545454
45,2,00000.jpg,0,0,0,0,0,0,29,0.2,0.2,0.2,0.2,0.2,15,2.70805020110221,0.5,0.011976088614235963,0,1,0.8
46,2,10110.jpg,1,0,1,1,0,1,29,0.2,0.2,0.2,0.2,0.2,15,2.70805020110221,0.5,0.9437775972505418,1,1,0.8043478260869565
47,2,11101.jpg,1,1,1,0,1,1,29,0.2,0.2,0.2,0.2,0.2,15,2.70805020110221,0.5,0.9671764053693601,1,1,0.8085106382978723
48,2,11011.jpg,1,1,0,1,1,0,29,0.2,0.2,0.2,0.2,0.2,15,2.70805020110221,0.5,0.10663280123742815,0,1,0.8125
49,2,01001.jpg,0,1,0,0,1,0,29,0.2,0.2,0.2,0.2,0.2,15,2.70805020110221,0.5,0.010773170886200193,0,1,0.8163265306122449
50,2,01111.jpg,0,1,1,1,1,0,29,0.2,0.2,0.2,0.2,0.2,15,2.70805020110221,0.5,0.11547973758229764,0,1,0.82
51,2,10001.jpg,1,0,0,0,1,0,29,0.2,0.2,0.2,0.2,0.2,15,2.70805020110221,0.5,0.19420375452051258,0,1,0.8235294117647058
52,2,00010.jpg,0,0,0,1,0,0,29,0.2,0.2,0.2,0.2,0.2,15,2.70805020110221,0.5,0.01035510591912255,0,1,0.8269230769230769
53,2,11000.jpg,1,1,0,0,0,0,29,0.2,0.2,0.2,0.2,0.2,15,2.70805020110221,0.5,0.20196005679851498,0,1,0.8301886792452831
54,2,00100.jpg,0,0,1,0,0,0,29,0.2,0.2,0.2,0.2,0.2,15,2.70805020110221,0.5,0.20458866410446744,0,1,0.8333333333333334
55,2,00001.jpg,0,0,0,0,1,0,29,0.2,0.2,0.2,0.2,0.2,15,2.70805020110221,0.5,0.011749402043540793,1,0,0.8181818181818182
56,2,10111.jpg,1,0,1,1,1,1,29,0.2,0.2,0.2,0.2,0.2,15,2.70805020110221,0.5,0.956946551351988,1,1,0.8214285714285714
57,2,11111.jpg,1,1,1,1,1,1,29,0.2,0.2,0.2,0.2,0.2,15,2.70805020110221,0.5,0.9443154248689279,1,1,0.8245614035087719
58,2,01101.jpg,0,1,1,0,1,0,29,0.2,0.2,0.2,0.2,0.2,15,2.70805020110221,0.5,0.1895636959954471,1,0,0.8103448275862069
59,2,00111.jpg,0,0,1,1,1,0,29,0.2,0.2,0.2,0.2,0.2,15,2.70805020110221,0.5,0.19264644821200066,0,1,0.8135593220338984
60,2,11010.jpg,1,1,0,1,0,0,29,0.2,0.2,0.2,0.2,0.2,15,2.70805020110221,0.5,0.11831828545049987,0,1,0.8166666666666667
61,2,00101.jpg,0,0,1,0,1,0,29,0.2,0.2,0.2,0.2,0.2,15,2.70805020110221,0.5,0.19413398714873079,1,0,0.8032786885245902
62,2,11001.jpg,1,1,0,0,1,0,29,0.2,0.2,0.2,0.2,0.2,15,2.70805020110221,0.5,0.19740761354656908,0,1,0.8064516129032258
63,2,01110.jpg,0,1,1,1,0,0,29,0.2,0.2,0.2,0.2,0.2,15,2.70805020110221,0.5,0.12499495564951822,0,1,0.8095238095238095
64,2,11110.jpg,1,1,1,1,0,1,29,0.2,0.2,0.2,0.2,0.2,15,2.70805020110221,0.5,0.9468217378216497,1,1,0.8125
65,3,01101.jpg,0,1,1,0,1,0,29,0.2,0.2,0.2,0.2,0.2,15,2.70805020110221,0.5,0.1242991393465296,0,1,0.8153846153846154
66,3,01100.jpg,0,1,1,0,0,0,29,0.2,0.2,0.2,0.2,0.2,15,2.70805020110221,0.5,0.12434020687883898,0,1,0.8181818181818182
67,3,11110.jpg,1,1,1,1,0,1,29,0.2,0.2,0.2,0.2,0.2,15,2.70805020110221,0.5,0.9680384688341298,1,1,0.8208955223880597
68,3,11000.jpg,1,1,0,0,0,0,29,0.2,0.2,0.2,0.2,0.2,15,2.70805020110221,0.5,0.12434464862239937,0,1,0.8235294117647058
69,3,10100.jpg,1,0,1,0,0,1,29,0.2,0.2,0.2,0.2,0.2,15,2.70805020110221,0.5,0.9664521247816477,1,1,0.8260869565217391
70,3,00011.jpg,0,0,0,1,1,0,29,0.2,0.2,0.2,0.2,0.2,15,2.70805020110221,0.5,0.00635977518975549,0,1,0.8285714285714286
71,3,10001.jpg,1,0,0,0,1,0,29,0.2,0.2,0.2,0.2,0.2,15,2.70805020110221,0.5,0.12230084761352701,1,0,0.8169014084507042
72,3,00111.jpg,0,0,1,1,1,0,29,0.2,0.2,0.2,0.2,0.2,15,2.70805020110221,0.5,0.12023317352058283,0,1,0.8194444444444444
73,3,10011.jpg,1,0,0,1,1,0,29,0.2,0.2,0.2,0.2,0.2,15,2.70805020110221,0.5,0.12011892370673619,1,0,0.8082191780821918
74,3,11001.jpg,1,1,0,0,1,0,29,0.2,0.2,0.2,0.2,0.2,15,2.70805020110221,0.5,0.12196199581597707,0,1,0.8108108108108109
75,3,01110.jpg,0,1,1,1,0,0,29,0.2,0.2,0.2,0.2,0.2,15,2.70805020110221,0.5,0.17102804662530185,0,1,0.8133333333333334
76,3,00100.jpg,0,0,1,0,0,0,29,0.2,0.2,0.2,0.2,0.2,15,2.70805020110221,0.5,0.17340231941560805,1,0,0.8026315789473685
77,3,10110.jpg,1,0,1,1,0,1,29,0.2,0.2,0.2,0.2,0.2,15,2.70805020110221,0.5,0.9692694052844241,1,1,0.8051948051948052
78,3,01011.jpg,0,1,0,1,1,0,29,0.2,0.2,0.2,0.2,0.2,15,2.70805020110221,0.5,0.006821573730446422,0,1,0.8076923076923077
79,3,00001.jpg,0,0,0,0,1,0,29,0.2,0.2,0.2,0.2,0.2,15,2.70805020110221,0.5,0.006803233687229313,0,1,0.810126582278481
80,3,11010.jpg,1,1,0,1,0,0,29,0.2,0.2,0.2,0.2,0.2,15,2.70805020110221,0.5,0.1750031812815605,1,0,0.8
81,3,10000.jpg,1,0,0,0,0,0,29,0.2,0.2,0.2,0.2,0.2,15,2.70805020110221,0.5,0.17440408788671322,1,0,0.7901234567901234
82,3,01001.jpg,0,1,0,0,1,0,29,0.2,0.2,0.2,0.2,0.2,15,2.70805020110221,0.5,0.00676454757456846,0,1,0.7926829268292683
83,3,00010.jpg,0,0,0,1,0,0,29,0.2,0.2,0.2,0.2,0.2,15,2.70805020110221,0.5,0.010617142902412904,0,1,0.7951807228915663
84,3,00000.jpg,0,0,0,0,0,0,29,0.2,0.2,0.2,0.2,0.2,15,2.70805020110221,0.5,0.010092551981707906,0,1,0.7976190476190477
85,3,10111.jpg,1,0,1,1,1,1,29,0.2,0.2,0.2,0.2,0.2,15,2.70805020110221,0.5,0.9595255389464894,1,1,0.8
86,3,11111.jpg,1,1,1,1,1,1,29,0.2,0.2,0.2,0.2,0.2,15,2.70805020110221,0.5,0.968650185269659,1,1,0.8023255813953488
87,3,11100.jpg,1,1,1,0,0,1,29,0.2,0.2,0.2,0.2,0.2,15,2.70805020110221,0.5,0.955213621380786,1,1,0.8045977011494253
88,3,01010.jpg,0,1,0,1,0,0,29,0.2,0.2,0.2,0.2,0.2,15,2.70805020110221,0.5,0.00912972570608307,0,1,0.8068181818181818
89,3,01000.jpg,0,1,0,0,0,0,29,0.2,0.2,0.2,0.2,0.2,15,2.70805020110221,0.5,0.008947323687039108,0,1,0.8089887640449438
90,3,10010.jpg,1,0,0,1,0,0,29,0.2,0.2,0.2,0.2,0.2,15,2.70805020110221,0.5,0.16572599110654554,1,0,0.8
91,3,01111.jpg,0,1,1,1,1,0,29,0.2,0.2,0.2,0.2,0.2,15,2.70805020110221,0.5,0.16590910788122012,0,1,0.8021978021978022
92,3,00101.jpg,0,0,1,0,1,0,29,0.2,0.2,0.2,0.2,0.2,15,2.70805020110221,0.5,0.12485852749952876,0,1,0.8043478260869565
93,3,11011.jpg,1,1,0,1,1,0,29,0.2,0.2,0.2,0.2,0.2,15,2.70805020110221,0.5,0.1695640302138105,0,1,0.8064516129032258
94,3,00110.jpg,0,0,1,1,0,0,29,0.2,0.2,0.2,0.2,0.2,15,2.70805020110221,0.5,0.17363021897670045,0,1,0.8085106382978723
95,3,10101.jpg,1,0,1,0,1,1,29,0.2,0.2,0.2,0.2,0.2,15,2.70805020110221,0.5,0.9572085913158151,1,1,0.8105263157894737
96,3,11101.jpg,1,1,1,0,1,1,29,0.2,0.2,0.2,0.2,0.2,15,2.70805020110221,0.5,0.956210687597356,1,1,0.8125
1,1,11101.jpg,1,1,1,0,1,1,30,0.2,0.2,0.2,0.2,0.2,15,2.70805020110221,0.5,0.5,1,1,1
2,1,11111.jpg,1,1,1,1,1,1,30,0.2,0.2,0.2,0.2,0.2,15,2.70805020110221,0.5,0.5,0,0,0.5
3,1,00001.jpg,0,0,0,0,1,0,30,0.2,0.2,0.2,0.2,0.2,15,2.70805020110221,0.5,0.5,1,0,0.3333333333333333
4,1,00111.jpg,0,0,1,1,1,0,30,0.2,0.2,0.2,0.2,0.2,15,2.70805020110221,0.5,0.34421651244316936,1,0,0.25
5,1,00101.jpg,0,0,1,0,1,0,30,0.2,0.2,0.2,0.2,0.2,15,2.70805020110221,0.5,0.0254673736809896,0,1,0.4
6,1,00100.jpg,0,0,1,0,0,0,30,0.2,0.2,0.2,0.2,0.2,15,2.70805020110221,0.5,0.0035372206471205236,0,1,0.5
7,1,01001.jpg,0,1,0,0,1,0,30,0.2,0.2,0.2,0.2,0.2,15,2.70805020110221,0.5,0.09016974543581005,0,1,0.5714285714285714
8,1,11110.jpg,1,1,1,1,0,1,30,0.2,0.2,0.2,0.2,0.2,15,2.70805020110221,0.5,0.9980185909079902,1,1,0.625
9,1,01101.jpg,0,1,1,0,1,0,30,0.2,0.2,0.2,0.2,0.2,15,2.70805020110221,0.5,0.4493247637108039,1,0,0.5555555555555556
10,1,00010.jpg,0,0,0,1,0,0,30,0.2,0.2,0.2,0.2,0.2,15,2.70805020110221,0.5,0.03267351764850016,0,1,0.6
11,1,10110.jpg,1,0,1,1,0,1,30,0.2,0.2,0.2,0.2,0.2,15,2.70805020110221,0.5,0.9416682912792109,1,1,0.6363636363636364
12,1,01000.jpg,0,1,0,0,0,0,30,0.2,0.2,0.2,0.2,0.2,15,2.70805020110221,0.5,0.00752158132059896,0,1,0.6666666666666666
13,1,10001.jpg,1,0,0,0,1,0,30,0.2,0.2,0.2,0.2,0.2,15,2.70805020110221,0.5,0.08982206605353224,0,1,0.6923076923076923
14,1,01011.jpg,0,1,0,1,1,0,30,0.2,0.2,0.2,0.2,0.2,15,2.70805020110221,0.5,0.08962302691566423,0,1,0.7142857142857143
15,1,11001.jpg,1,1,0,0,1,0,30,0.2,0.2,0.2,0.2,0.2,15,2.70805020110221,0.5,0.5443801421731925,0,1,0.7333333333333333
16,1,10010.jpg,1,0,0,1,0,0,30,0.2,0.2,0.2,0.2,0.2,15,2.70805020110221,0.5,0.7310136051543508,1,0,0.6875
17,1,01111.jpg,0,1,1,1,1,0,30,0.2,0.2,0.2,0.2,0.2,15,2.70805020110221,0.5,0.5151084969592528,1,0,0.6470588235294118
18,1,00110.jpg,0,0,1,1,0,0,30,0.2,0.2,0.2,0.2,0.2,15,2.70805020110221,0.5,0.5198133721220953,1,0,0.6111111111111112
19,1,10111.jpg,1,0,1,1,1,1,30,0.2,0.2,0.2,0.2,0.2,15,2.70805020110221,0.5,0.853242937178333,0,0,0.5789473684210527
20,1,10011.jpg,1,0,0,1,1,0,30,0.2,0.2,0.2,0.2,0.2,15,2.70805020110221,0.5,0.5778664199855315,0,1,0.6
21,1,01010.jpg,0,1,0,1,0,0,30,0.2,0.2,0.2,0.2,0.2,15,2.70805020110221,0.5,0.04881987959897154,0,1,0.6190476190476191
22,1,01100.jpg,0,1,1,0,0,0,30,0.2,0.2,0.2,0.2,0.2,15,2.70805020110221,0.5,0.0931178062250708,0,1,0.6363636363636364
23,1,10100.jpg,1,0,1,0,0,1,30,0.2,0.2,0.2,0.2,0.2,15,2.70805020110221,0.5,0.7556081773775699,1,1,0.6521739130434783
24,1,11011.jpg,1,1,0,1,1,0,30,0.2,0.2,0.2,0.2,0.2,15,2.70805020110221,0.5,0.5001678565822819,0,1,0.6666666666666666
25,1,01110.jpg,0,1,1,1,0,0,30,0.2,0.2,0.2,0.2,0.2,15,2.70805020110221,0.5,0.43525709112309147,0,1,0.68
26,1,00011.jpg,0,0,0,1,1,0,30,0.2,0.2,0.2,0.2,0.2,15,2.70805020110221,0.5,0.031247888960593193,0,1,0.6923076923076923
27,1,11000.jpg,1,1,0,0,0,0,30,0.2,0.2,0.2,0.2,0.2,15,2.70805020110221,0.5,0.18182192750414955,1,0,0.6666666666666666
28,1,10000.jpg,1,0,0,0,0,0,30,0.2,0.2,0.2,0.2,0.2,15,2.70805020110221,0.5,0.5273709847498034,0,1,0.6785714285714286
29,1,11010.jpg,1,1,0,1,0,0,30,0.2,0.2,0.2,0.2,0.2,15,2.70805020110221,0.5,0.481903919862012,0,1,0.6896551724137931
30,1,00000.jpg,0,0,0,0,0,0,30,0.2,0.2,0.2,0.2,0.2,15,2.70805020110221,0.5,0.03560580582150607,0,1,0.7
31,1,11100.jpg,1,1,1,0,0,1,30,0.2,0.2,0.2,0.2,0.2,15,2.70805020110221,0.5,0.839546879627581,1,1,0.7096774193548387
32,1,10101.jpg,1,0,1,0,1,1,30,0.2,0.2,0.2,0.2,0.2,15,2.70805020110221,0.5,0.8200420052400714,1,1,0.71875
33,2,01010.jpg,0,1,0,1,0,0,30,0.2,0.2,0.2,0.2,0.2,15,2.70805020110221,0.5,0.006717422505909638,0,1,0.7272727272727273
34,2,10011.jpg,1,0,0,1,1,0,30,0.2,0.2,0.2,0.2,0.2,15,2.70805020110221,0.5,0.12879976549825015,0,1,0.7352941176470589
35,2,01011.jpg,0,1,0,1,1,0,30,0.2,0.2,0.2,0.2,0.2,15,2.70805020110221,0.5,0.006988113694488284,0,1,0.7428571428571429
36,2,10101.jpg,1,0,1,0,1,1,30,0.2,0.2,0.2,0.2,0.2,15,2.70805020110221,0.5,0.9700503056622085,1,1,0.75
37,2,11100.jpg,1,1,1,0,0,1,30,0.2,0.2,0.2,0.2,0.2,15,2.70805020110221,0.5,0.9671330330385132,1,1,0.7567567567567568
38,2,10010.jpg,1,0,0,1,0,0,30,0.2,0.2,0.2,0.2,0.2,15,2.70805020110221,0.5,0.10952990075899434,0,1,0.7631578947368421
39,2,10000.jpg,1,0,0,0,0,0,30,0.2,0.2,0.2,0.2,0.2,15,2.70805020110221,0.5,0.12122282132223659,0,1,0.7692307692307693
40,2,01100.jpg,0,1,1,0,0,0,30,0.2,0.2,0.2,0.2,0.2,15,2.70805020110221,0.5,0.20352473931223553,0,1,0.775
41,2,00011.jpg,0,0,0,1,1,0,30,0.2,0.2,0.2,0.2,0.2,15,2.70805020110221,0.5,0.0064761105032732505,0,1,0.7804878048780488
42,2,01000.jpg,0,1,0,0,0,0,30,0.2,0.2,0.2,0.2,0.2,15,2.70805020110221,0.5,0.011907524364682766,0,1,0.7857142857142857
43,2,10100.jpg,1,0,1,0,0,1,30,0.2,0.2,0.2,0.2,0.2,15,2.70805020110221,0.5,0.9587322169065257,1,1,0.7906976744186046
44,2,00110.jpg,0,0,1,1,0,0,30,0.2,0.2,0.2,0.2,0.2,15,2.70805020110221,0.5,0.12505744809455166,0,1,0.7954545454545454
45,2,00000.jpg,0,0,0,0,0,0,30,0.2,0.2,0.2,0.2,0.2,15,2.70805020110221,0.5,0.011976088614235963,0,1,0.8
46,2,10110.jpg,1,0,1,1,0,1,30,0.2,0.2,0.2,0.2,0.2,15,2.70805020110221,0.5,0.9437775972505418,1,1,0.8043478260869565
47,2,11101.jpg,1,1,1,0,1,1,30,0.2,0.2,0.2,0.2,0.2,15,2.70805020110221,0.5,0.9671764053693601,1,1,0.8085106382978723
48,2,11011.jpg,1,1,0,1,1,0,30,0.2,0.2,0.2,0.2,0.2,15,2.70805020110221,0.5,0.10663280123742815,0,1,0.8125
49,2,01001.jpg,0,1,0,0,1,0,30,0.2,0.2,0.2,0.2,0.2,15,2.70805020110221,0.5,0.010773170886200193,0,1,0.8163265306122449
50,2,01111.jpg,0,1,1,1,1,0,30,0.2,0.2,0.2,0.2,0.2,15,2.70805020110221,0.5,0.11547973758229764,0,1,0.82
51,2,10001.jpg,1,0,0,0,1,0,30,0.2,0.2,0.2,0.2,0.2,15,2.70805020110221,0.5,0.19420375452051258,0,1,0.8235294117647058
52,2,00010.jpg,0,0,0,1,0,0,30,0.2,0.2,0.2,0.2,0.2,15,2.70805020110221,0.5,0.01035510591912255,0,1,0.8269230769230769
53,2,11000.jpg,1,1,0,0,0,0,30,0.2,0.2,0.2,0.2,0.2,15,2.70805020110221,0.5,0.20196005679851498,0,1,0.8301886792452831
54,2,00100.jpg,0,0,1,0,0,0,30,0.2,0.2,0.2,0.2,0.2,15,2.70805020110221,0.5,0.20458866410446744,0,1,0.8333333333333334
55,2,00001.jpg,0,0,0,0,1,0,30,0.2,0.2,0.2,0.2,0.2,15,2.70805020110221,0.5,0.011749402043540793,1,0,0.8181818181818182
56,2,10111.jpg,1,0,1,1,1,1,30,0.2,0.2,0.2,0.2,0.2,15,2.70805020110221,0.5,0.956946551351988,1,1,0.8214285714285714
57,2,11111.jpg,1,1,1,1,1,1,30,0.2,0.2,0.2,0.2,0.2,15,2.70805020110221,0.5,0.9443154248689279,1,1,0.8245614035087719
58,2,01101.jpg,0,1,1,0,1,0,30,0.2,0.2,0.2,0.2,0.2,15,2.70805020110221,0.5,0.1895636959954471,1,0,0.8103448275862069
59,2,00111.jpg,0,0,1,1,1,0,30,0.2,0.2,0.2,0.2,0.2,15,2.70805020110221,0.5,0.19264644821200066,0,1,0.8135593220338984
60,2,11010.jpg,1,1,0,1,0,0,30,0.2,0.2,0.2,0.2,0.2,15,2.70805020110221,0.5,0.11831828545049987,0,1,0.8166666666666667
61,2,00101.jpg,0,0,1,0,1,0,30,0.2,0.2,0.2,0.2,0.2,15,2.70805020110221,0.5,0.19413398714873079,1,0,0.8032786885245902
62,2,11001.jpg,1,1,0,0,1,0,30,0.2,0.2,0.2,0.2,0.2,15,2.70805020110221,0.5,0.19740761354656908,0,1,0.8064516129032258
63,2,01110.jpg,0,1,1,1,0,0,30,0.2,0.2,0.2,0.2,0.2,15,2.70805020110221,0.5,0.12499495564951822,0,1,0.8095238095238095
64,2,11110.jpg,1,1,1,1,0,1,30,0.2,0.2,0.2,0.2,0.2,15,2.70805020110221,0.5,0.9468217378216497,1,1,0.8125
65,3,01101.jpg,0,1,1,0,1,0,30,0.2,0.2,0.2,0.2,0.2,15,2.70805020110221,0.5,0.1242991393465296,0,1,0.8153846153846154
66,3,01100.jpg,0,1,1,0,0,0,30,0.2,0.2,0.2,0.2,0.2,15,2.70805020110221,0.5,0.12434020687883898,0,1,0.8181818181818182
67,3,11110.jpg,1,1,1,1,0,1,30,0.2,0.2,0.2,0.2,0.2,15,2.70805020110221,0.5,0.9680384688341298,1,1,0.8208955223880597
68,3,11000.jpg,1,1,0,0,0,0,30,0.2,0.2,0.2,0.2,0.2,15,2.70805020110221,0.5,0.12434464862239937,0,1,0.8235294117647058
69,3,10100.jpg,1,0,1,0,0,1,30,0.2,0.2,0.2,0.2,0.2,15,2.70805020110221,0.5,0.9664521247816477,1,1,0.8260869565217391
70,3,00011.jpg,0,0,0,1,1,0,30,0.2,0.2,0.2,0.2,0.2,15,2.70805020110221,0.5,0.00635977518975549,0,1,0.8285714285714286
71,3,10001.jpg,1,0,0,0,1,0,30,0.2,0.2,0.2,0.2,0.2,15,2.70805020110221,0.5,0.12230084761352701,1,0,0.8169014084507042
72,3,00111.jpg,0,0,1,1,1,0,30,0.2,0.2,0.2,0.2,0.2,15,2.70805020110221,0.5,0.12023317352058283,0,1,0.8194444444444444
73,3,10011.jpg,1,0,0,1,1,0,30,0.2,0.2,0.2,0.2,0.2,15,2.70805020110221,0.5,0.12011892370673619,1,0,0.8082191780821918
74,3,11001.jpg,1,1,0,0,1,0,30,0.2,0.2,0.2,0.2,0.2,15,2.70805020110221,0.5,0.12196199581597707,0,1,0.8108108108108109
75,3,01110.jpg,0,1,1,1,0,0,30,0.2,0.2,0.2,0.2,0.2,15,2.70805020110221,0.5,0.17102804662530185,0,1,0.8133333333333334
76,3,00100.jpg,0,0,1,0,0,0,30,0.2,0.2,0.2,0.2,0.2,15,2.70805020110221,0.5,0.17340231941560805,1,0,0.8026315789473685
77,3,10110.jpg,1,0,1,1,0,1,30,0.2,0.2,0.2,0.2,0.2,15,2.70805020110221,0.5,0.9692694052844241,1,1,0.8051948051948052
78,3,01011.jpg,0,1,0,1,1,0,30,0.2,0.2,0.2,0.2,0.2,15,2.70805020110221,0.5,0.006821573730446422,0,1,0.8076923076923077
79,3,00001.jpg,0,0,0,0,1,0,30,0.2,0.2,0.2,0.2,0.2,15,2.70805020110221,0.5,0.006803233687229313,0,1,0.810126582278481
80,3,11010.jpg,1,1,0,1,0,0,30,0.2,0.2,0.2,0.2,0.2,15,2.70805020110221,0.5,0.1750031812815605,1,0,0.8
81,3,10000.jpg,1,0,0,0,0,0,30,0.2,0.2,0.2,0.2,0.2,15,2.70805020110221,0.5,0.17440408788671322,1,0,0.7901234567901234
82,3,01001.jpg,0,1,0,0,1,0,30,0.2,0.2,0.2,0.2,0.2,15,2.70805020110221,0.5,0.00676454757456846,0,1,0.7926829268292683
83,3,00010.jpg,0,0,0,1,0,0,30,0.2,0.2,0.2,0.2,0.2,15,2.70805020110221,0.5,0.010617142902412904,0,1,0.7951807228915663
84,3,00000.jpg,0,0,0,0,0,0,30,0.2,0.2,0.2,0.2,0.2,15,2.70805020110221,0.5,0.010092551981707906,0,1,0.7976190476190477
85,3,10111.jpg,1,0,1,1,1,1,30,0.2,0.2,0.2,0.2,0.2,15,2.70805020110221,0.5,0.9595255389464894,1,1,0.8
86,3,11111.jpg,1,1,1,1,1,1,30,0.2,0.2,0.2,0.2,0.2,15,2.70805020110221,0.5,0.968650185269659,1,1,0.8023255813953488
87,3,11100.jpg,1,1,1,0,0,1,30,0.2,0.2,0.2,0.2,0.2,15,2.70805020110221,0.5,0.955213621380786,1,1,0.8045977011494253
88,3,01010.jpg,0,1,0,1,0,0,30,0.2,0.2,0.2,0.2,0.2,15,2.70805020110221,0.5,0.00912972570608307,0,1,0.8068181818181818
89,3,01000.jpg,0,1,0,0,0,0,30,0.2,0.2,0.2,0.2,0.2,15,2.70805020110221,0.5,0.008947323687039108,0,1,0.8089887640449438
90,3,10010.jpg,1,0,0,1,0,0,30,0.2,0.2,0.2,0.2,0.2,15,2.70805020110221,0.5,0.16572599110654554,1,0,0.8
91,3,01111.jpg,0,1,1,1,1,0,30,0.2,0.2,0.2,0.2,0.2,15,2.70805020110221,0.5,0.16590910788122012,0,1,0.8021978021978022
92,3,00101.jpg,0,0,1,0,1,0,30,0.2,0.2,0.2,0.2,0.2,15,2.70805020110221,0.5,0.12485852749952876,0,1,0.8043478260869565
93,3,11011.jpg,1,1,0,1,1,0,30,0.2,0.2,0.2,0.2,0.2,15,2.70805020110221,0.5,0.1695640302138105,0,1,0.8064516129032258
94,3,00110.jpg,0,0,1,1,0,0,30,0.2,0.2,0.2,0.2,0.2,15,2.70805020110221,0.5,0.17363021897670045,0,1,0.8085106382978723
95,3,10101.jpg,1,0,1,0,1,1,30,0.2,0.2,0.2,0.2,0.2,15,2.70805020110221,0.5,0.9572085913158151,1,1,0.8105263157894737
96,3,11101.jpg,1,1,1,0,1,1,30,0.2,0.2,0.2,0.2,0.2,15,2.70805020110221,0.5,0.956210687597356,1,1,0.8125
1,1,11101.jpg,1,1,1,0,1,1,31,0.1,0.1,0.1,0.6,0.1,0.5,-0.6931471805599453,0.5,0.5,1,1,1
2,1,11111.jpg,1,1,1,1,1,1,31,0.1,0.1,0.1,0.6,0.1,0.5,-0.6931471805599453,0.5,0.5,0,0,0.5
3,1,00001.jpg,0,0,0,0,1,0,31,0.1,0.1,0.1,0.6,0.1,0.5,-0.6931471805599453,0.5,0.5,1,0,0.3333333333333333
4,1,00111.jpg,0,0,1,1,1,0,31,0.1,0.1,0.1,0.6,0.1,0.5,-0.6931471805599453,0.5,0.5277733985332558,0,1,0.5
5,1,00101.jpg,0,0,1,0,1,0,31,0.1,0.1,0.1,0.6,0.1,0.5,-0.6931471805599453,0.5,0.48211159428286987,0,1,0.6
6,1,00100.jpg,0,0,1,0,0,0,31,0.1,0.1,0.1,0.6,0.1,0.5,-0.6931471805599453,0.5,0.4674257634535166,1,0,0.5
7,1,01001.jpg,0,1,0,0,1,0,31,0.1,0.1,0.1,0.6,0.1,0.5,-0.6931471805599453,0.5,0.48189038592145345,1,0,0.42857142857142855
8,1,11110.jpg,1,1,1,1,0,1,31,0.1,0.1,0.1,0.6,0.1,0.5,-0.6931471805599453,0.5,0.5481276617244112,0,0,0.375
9,1,01101.jpg,0,1,1,0,1,0,31,0.1,0.1,0.1,0.6,0.1,0.5,-0.6931471805599453,0.5,0.4674604111928667,1,0,0.3333333333333333
10,1,00010.jpg,0,0,0,1,0,0,31,0.1,0.1,0.1,0.6,0.1,0.5,-0.6931471805599453,0.5,0.5157628427878903,1,0,0.3
11,1,10110.jpg,1,0,1,1,0,1,31,0.1,0.1,0.1,0.6,0.1,0.5,-0.6931471805599453,0.5,0.5377887345772548,0,0,0.2727272727272727
12,1,01000.jpg,0,1,0,0,0,0,31,0.1,0.1,0.1,0.6,0.1,0.5,-0.6931471805599453,0.5,0.45557563348301255,0,1,0.3333333333333333
13,1,10001.jpg,1,0,0,0,1,0,31,0.1,0.1,0.1,0.6,0.1,0.5,-0.6931471805599453,0.5,0.4631539827073985,1,0,0.3076923076923077
14,1,01011.jpg,0,1,0,1,1,0,31,0.1,0.1,0.1,0.6,0.1,0.5,-0.6931471805599453,0.5,0.5243459859700775,0,1,0.35714285714285715
15,1,11001.jpg,1,1,0,0,1,0,31,0.1,0.1,0.1,0.6,0.1,0.5,-0.6931471805599453,0.5,0.47237380710753635,1,0,0.3333333333333333
16,1,10010.jpg,1,0,0,1,0,0,31,0.1,0.1,0.1,0.6,0.1,0.5,-0.6931471805599453,0.5,0.5374077162193999,1,0,0.3125
17,1,01111.jpg,0,1,1,1,1,0,31,0.1,0.1,0.1,0.6,0.1,0.5,-0.6931471805599453,0.5,0.5314098879684389,1,0,0.29411764705882354
18,1,00110.jpg,0,0,1,1,0,0,31,0.1,0.1,0.1,0.6,0.1,0.5,-0.6931471805599453,0.5,0.5238004880724836,1,0,0.2777777777777778
19,1,10111.jpg,1,0,1,1,1,1,31,0.1,0.1,0.1,0.6,0.1,0.5,-0.6931471805599453,0.5,0.5341091951079324,0,0,0.2631578947368421
20,1,10011.jpg,1,0,0,1,1,0,31,0.1,0.1,0.1,0.6,0.1,0.5,-0.6931471805599453,0.5,0.5268878985856753,0,1,0.3
21,1,01010.jpg,0,1,0,1,0,0,31,0.1,0.1,0.1,0.6,0.1,0.5,-0.6931471805599453,0.5,0.5105761491601211,0,1,0.3333333333333333
22,1,01100.jpg,0,1,1,0,0,0,31,0.1,0.1,0.1,0.6,0.1,0.5,-0.6931471805599453,0.5,0.4773058600397514,1,0,0.3181818181818182
23,1,10100.jpg,1,0,1,0,0,1,31,0.1,0.1,0.1,0.6,0.1,0.5,-0.6931471805599453,0.5,0.48912497183707854,0,0,0.30434782608695654
24,1,11011.jpg,1,1,0,1,1,0,31,0.1,0.1,0.1,0.6,0.1,0.5,-0.6931471805599453,0.5,0.515852188230233,0,1,0.3333333333333333
25,1,01110.jpg,0,1,1,1,0,0,31,0.1,0.1,0.1,0.6,0.1,0.5,-0.6931471805599453,0.5,0.5120578259248774,1,0,0.32
26,1,00011.jpg,0,0,0,1,1,0,31,0.1,0.1,0.1,0.6,0.1,0.5,-0.6931471805599453,0.5,0.49313491576139623,0,1,0.34615384615384615
27,1,11000.jpg,1,1,0,0,0,0,31,0.1,0.1,0.1,0.6,0.1,0.5,-0.6931471805599453,0.5,0.49410802666644166,1,0,0.3333333333333333
28,1,10000.jpg,1,0,0,0,0,0,31,0.1,0.1,0.1,0.6,0.1,0.5,-0.6931471805599453,0.5,0.4915417385960078,1,0,0.32142857142857145
29,1,11010.jpg,1,1,0,1,0,0,31,0.1,0.1,0.1,0.6,0.1,0.5,-0.6931471805599453,0.5,0.513196999510383,1,0,0.3103448275862069
30,1,00000.jpg,0,0,0,0,0,0,31,0.1,0.1,0.1,0.6,0.1,0.5,-0.6931471805599453,0.5,0.4733321145183105,0,1,0.3333333333333333
31,1,11100.jpg,1,1,1,0,0,1,31,0.1,0.1,0.1,0.6,0.1,0.5,-0.6931471805599453,0.5,0.5038090562376231,0,0,0.3225806451612903
32,1,10101.jpg,1,0,1,0,1,1,31,0.1,0.1,0.1,0.6,0.1,0.5,-0.6931471805599453,0.5,0.5090909502425143,1,1,0.34375
33,2,01010.jpg,0,1,0,1,0,0,31,0.1,0.1,0.1,0.6,0.1,0.5,-0.6931471805599453,0.5,0.48326975593754523,0,1,0.36363636363636365
34,2,10011.jpg,1,0,0,1,1,0,31,0.1,0.1,0.1,0.6,0.1,0.5,-0.6931471805599453,0.5,0.4988807643219975,0,1,0.38235294117647056
35,2,01011.jpg,0,1,0,1,1,0,31,0.1,0.1,0.1,0.6,0.1,0.5,-0.6931471805599453,0.5,0.4802571721191178,1,0,0.37142857142857144
36,2,10101.jpg,1,0,1,0,1,1,31,0.1,0.1,0.1,0.6,0.1,0.5,-0.6931471805599453,0.5,0.5211279083093989,1,1,0.3888888888888889
37,2,11100.jpg,1,1,1,0,0,1,31,0.1,0.1,0.1,0.6,0.1,0.5,-0.6931471805599453,0.5,0.5237097528636457,0,0,0.3783783783783784
38,2,10010.jpg,1,0,0,1,0,0,31,0.1,0.1,0.1,0.6,0.1,0.5,-0.6931471805599453,0.5,0.4881269566046656,0,1,0.39473684210526316
39,2,10000.jpg,1,0,0,0,0,0,31,0.1,0.1,0.1,0.6,0.1,0.5,-0.6931471805599453,0.5,0.5116767012733994,1,0,0.38461538461538464
40,2,01100.jpg,0,1,1,0,0,0,31,0.1,0.1,0.1,0.6,0.1,0.5,-0.6931471805599453,0.5,0.5122806358812965,0,1,0.4
41,2,00011.jpg,0,0,0,1,1,0,31,0.1,0.1,0.1,0.6,0.1,0.5,-0.6931471805599453,0.5,0.47357568664340294,0,1,0.4146341463414634
42,2,01000.jpg,0,1,0,0,0,0,31,0.1,0.1,0.1,0.6,0.1,0.5,-0.6931471805599453,0.5,0.4939862189066683,0,1,0.42857142857142855
43,2,10100.jpg,1,0,1,0,0,1,31,0.1,0.1,0.1,0.6,0.1,0.5,-0.6931471805599453,0.5,0.5261877341965675,0,0,0.4186046511627907
44,2,00110.jpg,0,0,1,1,0,0,31,0.1,0.1,0.1,0.6,0.1,0.5,-0.6931471805599453,0.5,0.48873150932980514,1,0,0.4090909090909091
45,2,00000.jpg,0,0,0,0,0,0,31,0.1,0.1,0.1,0.6,0.1,0.5,-0.6931471805599453,0.5,0.4967968163187491,0,1,0.4222222222222222
46,2,10110.jpg,1,0,1,1,0,1,31,0.1,0.1,0.1,0.6,0.1,0.5,-0.6931471805599453,0.5,0.5046066647161049,0,0,0.41304347826086957
47,2,11101.jpg,1,1,1,0,1,1,31,0.1,0.1,0.1,0.6,0.1,0.5,-0.6931471805599453,0.5,0.5246423023787978,1,1,0.425531914893617
48,2,11011.jpg,1,1,0,1,1,0,31,0.1,0.1,0.1,0.6,0.1,0.5,-0.6931471805599453,0.5,0.4883940209858596,1,0,0.4166666666666667
49,2,01001.jpg,0,1,0,0,1,0,31,0.1,0.1,0.1,0.6,0.1,0.5,-0.6931471805599453,0.5,0.49447041481005066,0,1,0.42857142857142855
50,2,01111.jpg,0,1,1,1,1,0,31,0.1,0.1,0.1,0.6,0.1,0.5,-0.6931471805599453,0.5,0.48896185087340216,0,1,0.44
51,2,10001.jpg,1,0,0,0,1,0,31,0.1,0.1,0.1,0.6,0.1,0.5,-0.6931471805599453,0.5,0.511458674507203,1,0,0.43137254901960786
52,2,00010.jpg,0,0,0,1,0,0,31,0.1,0.1,0.1,0.6,0.1,0.5,-0.6931471805599453,0.5,0.4734513307535774,1,0,0.4230769230769231
53,2,11000.jpg,1,1,0,0,0,0,31,0.1,0.1,0.1,0.6,0.1,0.5,-0.6931471805599453,0.5,0.5104394838184414,1,0,0.41509433962264153
54,2,00100.jpg,0,0,1,0,0,0,31,0.1,0.1,0.1,0.6,0.1,0.5,-0.6931471805599453,0.5,0.511557731407857,1,0,0.4074074074074074
55,2,00001.jpg,0,0,0,0,1,0,31,0.1,0.1,0.1,0.6,0.1,0.5,-0.6931471805599453,0.5,0.49269086241451787,1,0,0.4
56,2,10111.jpg,1,0,1,1,1,1,31,0.1,0.1,0.1,0.6,0.1,0.5,-0.6931471805599453,0.5,0.5083524521551752,1,1,0.4107142857142857
57,2,11111.jpg,1,1,1,1,1,1,31,0.1,0.1,0.1,0.6,0.1,0.5,-0.6931471805599453,0.5,0.5112686253805064,0,0,0.40350877192982454
58,2,01101.jpg,0,1,1,0,1,0,31,0.1,0.1,0.1,0.6,0.1,0.5,-0.6931471805599453,0.5,0.5035612062767504,0,1,0.41379310344827586
59,2,00111.jpg,0,0,1,1,1,0,31,0.1,0.1,0.1,0.6,0.1,0.5,-0.6931471805599453,0.5,0.49942095987041685,1,0,0.4067796610169492
60,2,11010.jpg,1,1,0,1,0,0,31,0.1,0.1,0.1,0.6,0.1,0.5,-0.6931471805599453,0.5,0.49675799561089656,0,1,0.4166666666666667
61,2,00101.jpg,0,0,1,0,1,0,31,0.1,0.1,0.1,0.6,0.1,0.5,-0.6931471805599453,0.5,0.5041170274260892,0,1,0.4262295081967213
62,2,11001.jpg,1,1,0,0,1,0,31,0.1,0.1,0.1,0.6,0.1,0.5,-0.6931471805599453,0.5,0.5026846076917733,0,1,0.43548387096774194
63,2,01110.jpg,0,1,1,1,0,0,31,0.1,0.1,0.1,0.6,0.1,0.5,-0.6931471805599453,0.5,0.49774599209881876,1,0,0.42857142857142855
64,2,11110.jpg,1,1,1,1,0,1,31,0.1,0.1,0.1,0.6,0.1,0.5,-0.6931471805599453,0.5,0.5131199812714814,1,1,0.4375
65,3,01101.jpg,0,1,1,0,1,0,31,0.1,0.1,0.1,0.6,0.1,0.5,-0.6931471805599453,0.5,0.4997917100658266,1,0,0.4307692307692308
66,3,01100.jpg,0,1,1,0,0,0,31,0.1,0.1,0.1,0.6,0.1,0.5,-0.6931471805599453,0.5,0.4987427438004109,0,1,0.4393939393939394
67,3,11110.jpg,1,1,1,1,0,1,31,0.1,0.1,0.1,0.6,0.1,0.5,-0.6931471805599453,0.5,0.5177247021668905,1,1,0.44776119402985076
68,3,11000.jpg,1,1,0,0,0,0,31,0.1,0.1,0.1,0.6,0.1,0.5,-0.6931471805599453,0.5,0.49704137989976,0,1,0.45588235294117646
69,3,10100.jpg,1,0,1,0,0,1,31,0.1,0.1,0.1,0.6,0.1,0.5,-0.6931471805599453,0.5,0.512218671175368,0,0,0.4492753623188406
70,3,00011.jpg,0,0,0,1,1,0,31,0.1,0.1,0.1,0.6,0.1,0.5,-0.6931471805599453,0.5,0.4852946335391798,1,0,0.44285714285714284
71,3,10001.jpg,1,0,0,0,1,0,31,0.1,0.1,0.1,0.6,0.1,0.5,-0.6931471805599453,0.5,0.4983817126211109,1,0,0.43661971830985913
72,3,00111.jpg,0,0,1,1,1,0,31,0.1,0.1,0.1,0.6,0.1,0.5,-0.6931471805599453,0.5,0.5010403609212859,1,0,0.4305555555555556
73,3,10011.jpg,1,0,0,1,1,0,31,0.1,0.1,0.1,0.6,0.1,0.5,-0.6931471805599453,0.5,0.5002959680530861,0,1,0.4383561643835616
74,3,11001.jpg,1,1,0,0,1,0,31,0.1,0.1,0.1,0.6,0.1,0.5,-0.6931471805599453,0.5,0.4980775913537149,1,0,0.43243243243243246
75,3,01110.jpg,0,1,1,1,0,0,31,0.1,0.1,0.1,0.6,0.1,0.5,-0.6931471805599453,0.5,0.5026683925736777,1,0,0.4266666666666667
76,3,00100.jpg,0,0,1,0,0,0,31,0.1,0.1,0.1,0.6,0.1,0.5,-0.6931471805599453,0.5,0.5005073629041791,0,1,0.4342105263157895
77,3,10110.jpg,1,0,1,1,0,1,31,0.1,0.1,0.1,0.6,0.1,0.5,-0.6931471805599453,0.5,0.5182161081399722,0,0,0.42857142857142855
78,3,01011.jpg,0,1,0,1,1,0,31,0.1,0.1,0.1,0.6,0.1,0.5,-0.6931471805599453,0.5,0.48549075454380636,0,1,0.4358974358974359
79,3,00001.jpg,0,0,0,0,1,0,31,0.1,0.1,0.1,0.6,0.1,0.5,-0.6931471805599453,0.5,0.4804009799342536,0,1,0.4430379746835443
80,3,11010.jpg,1,1,0,1,0,0,31,0.1,0.1,0.1,0.6,0.1,0.5,-0.6931471805599453,0.5,0.5044563800608449,0,1,0.45
81,3,10000.jpg,1,0,0,0,0,0,31,0.1,0.1,0.1,0.6,0.1,0.5,-0.6931471805599453,0.5,0.49897231407898307,1,0,0.4444444444444444
82,3,01001.jpg,0,1,0,0,1,0,31,0.1,0.1,0.1,0.6,0.1,0.5,-0.6931471805599453,0.5,0.47901095160829044,1,0,0.43902439024390244
83,3,00010.jpg,0,0,0,1,0,0,31,0.1,0.1,0.1,0.6,0.1,0.5,-0.6931471805599453,0.5,0.4888986348041636,0,1,0.4457831325301205
84,3,00000.jpg,0,0,0,0,0,0,31,0.1,0.1,0.1,0.6,0.1,0.5,-0.6931471805599453,0.5,0.4818244661079309,0,1,0.4523809523809524
85,3,10111.jpg,1,0,1,1,1,1,31,0.1,0.1,0.1,0.6,0.1,0.5,-0.6931471805599453,0.5,0.5193863805397718,0,0,0.4470588235294118
86,3,11111.jpg,1,1,1,1,1,1,31,0.1,0.1,0.1,0.6,0.1,0.5,-0.6931471805599453,0.5,0.5208643959944622,1,1,0.45348837209302323
87,3,11100.jpg,1,1,1,0,0,1,31,0.1,0.1,0.1,0.6,0.1,0.5,-0.6931471805599453,0.5,0.5096813739077114,1,1,0.45977011494252873
88,3,01010.jpg,0,1,0,1,0,0,31,0.1,0.1,0.1,0.6,0.1,0.5,-0.6931471805599453,0.5,0.4889669605003907,1,0,0.45454545454545453
89,3,01000.jpg,0,1,0,0,0,0,31,0.1,0.1,0.1,0.6,0.1,0.5,-0.6931471805599453,0.5,0.4792694875230982,0,1,0.4606741573033708
90,3,10010.jpg,1,0,0,1,0,0,31,0.1,0.1,0.1,0.6,0.1,0.5,-0.6931471805599453,0.5,0.5051590241543849,0,1,0.4666666666666667
91,3,01111.jpg,0,1,1,1,1,0,31,0.1,0.1,0.1,0.6,0.1,0.5,-0.6931471805599453,0.5,0.504356306544219,0,1,0.4725274725274725
92,3,00101.jpg,0,0,1,0,1,0,31,0.1,0.1,0.1,0.6,0.1,0.5,-0.6931471805599453,0.5,0.4956128756734114,0,1,0.4782608695652174
93,3,11011.jpg,1,1,0,1,1,0,31,0.1,0.1,0.1,0.6,0.1,0.5,-0.6931471805599453,0.5,0.5037701157503722,1,0,0.4731182795698925
94,3,00110.jpg,0,0,1,1,0,0,31,0.1,0.1,0.1,0.6,0.1,0.5,-0.6931471805599453,0.5,0.5045741822761737,1,0,0.46808510638297873
95,3,10101.jpg,1,0,1,0,1,1,31,0.1,0.1,0.1,0.6,0.1,0.5,-0.6931471805599453,0.5,0.5125256612193151,0,0,0.4631578947368421
96,3,11101.jpg,1,1,1,0,1,1,31,0.1,0.1,0.1,0.6,0.1,0.5,-0.6931471805599453,0.5,0.5143331138647734,1,1,0.46875
1,1,11101.jpg,1,1,1,0,1,1,32,0.1,0.1,0.1,0.6,0.1,0.5,-0.6931471805599453,0.5,0.5,1,1,1
2,1,11111.jpg,1,1,1,1,1,1,32,0.1,0.1,0.1,0.6,0.1,0.5,-0.6931471805599453,0.5,0.5,0,0,0.5
3,1,00001.jpg,0,0,0,0,1,0,32,0.1,0.1,0.1,0.6,0.1,0.5,-0.6931471805599453,0.5,0.5,1,0,0.3333333333333333
4,1,00111.jpg,0,0,1,1,1,0,32,0.1,0.1,0.1,0.6,0.1,0.5,-0.6931471805599453,0.5,0.5277733985332558,0,1,0.5
5,1,00101.jpg,0,0,1,0,1,0,32,0.1,0.1,0.1,0.6,0.1,0.5,-0.6931471805599453,0.5,0.48211159428286987,0,1,0.6
6,1,00100.jpg,0,0,1,0,0,0,32,0.1,0.1,0.1,0.6,0.1,0.5,-0.6931471805599453,0.5,0.4674257634535166,1,0,0.5
7,1,01001.jpg,0,1,0,0,1,0,32,0.1,0.1,0.1,0.6,0.1,0.5,-0.6931471805599453,0.5,0.48189038592145345,1,0,0.42857142857142855
8,1,11110.jpg,1,1,1,1,0,1,32,0.1,0.1,0.1,0.6,0.1,0.5,-0.6931471805599453,0.5,0.5481276617244112,0,0,0.375
9,1,01101.jpg,0,1,1,0,1,0,32,0.1,0.1,0.1,0.6,0.1,0.5,-0.6931471805599453,0.5,0.4674604111928667,1,0,0.3333333333333333
10,1,00010.jpg,0,0,0,1,0,0,32,0.1,0.1,0.1,0.6,0.1,0.5,-0.6931471805599453,0.5,0.5157628427878903,1,0,0.3
11,1,10110.jpg,1,0,1,1,0,1,32,0.1,0.1,0.1,0.6,0.1,0.5,-0.6931471805599453,0.5,0.5377887345772548,0,0,0.2727272727272727
12,1,01000.jpg,0,1,0,0,0,0,32,0.1,0.1,0.1,0.6,0.1,0.5,-0.6931471805599453,0.5,0.45557563348301255,0,1,0.3333333333333333
13,1,10001.jpg,1,0,0,0,1,0,32,0.1,0.1,0.1,0.6,0.1,0.5,-0.6931471805599453,0.5,0.4631539827073985,1,0,0.3076923076923077
14,1,01011.jpg,0,1,0,1,1,0,32,0.1,0.1,0.1,0.6,0.1,0.5,-0.6931471805599453,0.5,0.5243459859700775,0,1,0.35714285714285715
15,1,11001.jpg,1,1,0,0,1,0,32,0.1,0.1,0.1,0.6,0.1,0.5,-0.6931471805599453,0.5,0.47237380710753635,1,0,0.3333333333333333
16,1,10010.jpg,1,0,0,1,0,0,32,0.1,0.1,0.1,0.6,0.1,0.5,-0.6931471805599453,0.5,0.5374077162193999,1,0,0.3125
17,1,01111.jpg,0,1,1,1,1,0,32,0.1,0.1,0.1,0.6,0.1,0.5,-0.6931471805599453,0.5,0.5314098879684389,1,0,0.29411764705882354
18,1,00110.jpg,0,0,1,1,0,0,32,0.1,0.1,0.1,0.6,0.1,0.5,-0.6931471805599453,0.5,0.5238004880724836,1,0,0.2777777777777778
19,1,10111.jpg,1,0,1,1,1,1,32,0.1,0.1,0.1,0.6,0.1,0.5,-0.6931471805599453,0.5,0.5341091951079324,0,0,0.2631578947368421
20,1,10011.jpg,1,0,0,1,1,0,32,0.1,0.1,0.1,0.6,0.1,0.5,-0.6931471805599453,0.5,0.5268878985856753,0,1,0.3
21,1,01010.jpg,0,1,0,1,0,0,32,0.1,0.1,0.1,0.6,0.1,0.5,-0.6931471805599453,0.5,0.5105761491601211,0,1,0.3333333333333333
22,1,01100.jpg,0,1,1,0,0,0,32,0.1,0.1,0.1,0.6,0.1,0.5,-0.6931471805599453,0.5,0.4773058600397514,1,0,0.3181818181818182
23,1,10100.jpg,1,0,1,0,0,1,32,0.1,0.1,0.1,0.6,0.1,0.5,-0.6931471805599453,0.5,0.48912497183707854,0,0,0.30434782608695654
24,1,11011.jpg,1,1,0,1,1,0,32,0.1,0.1,0.1,0.6,0.1,0.5,-0.6931471805599453,0.5,0.515852188230233,0,1,0.3333333333333333
25,1,01110.jpg,0,1,1,1,0,0,32,0.1,0.1,0.1,0.6,0.1,0.5,-0.6931471805599453,0.5,0.5120578259248774,1,0,0.32
26,1,00011.jpg,0,0,0,1,1,0,32,0.1,0.1,0.1,0.6,0.1,0.5,-0.6931471805599453,0.5,0.49313491576139623,0,1,0.34615384615384615
27,1,11000.jpg,1,1,0,0,0,0,32,0.1,0.1,0.1,0.6,0.1,0.5,-0.6931471805599453,0.5,0.49410802666644166,1,0,0.3333333333333333
28,1,10000.jpg,1,0,0,0,0,0,32,0.1,0.1,0.1,0.6,0.1,0.5,-0.6931471805599453,0.5,0.4915417385960078,1,0,0.32142857142857145
29,1,11010.jpg,1,1,0,1,0,0,32,0.1,0.1,0.1,0.6,0.1,0.5,-0.6931471805599453,0.5,0.513196999510383,1,0,0.3103448275862069
30,1,00000.jpg,0,0,0,0,0,0,32,0.1,0.1,0.1,0.6,0.1,0.5,-0.6931471805599453,0.5,0.4733321145183105,0,1,0.3333333333333333
31,1,11100.jpg,1,1,1,0,0,1,32,0.1,0.1,0.1,0.6,0.1,0.5,-0.6931471805599453,0.5,0.5038090562376231,0,0,0.3225806451612903
32,1,10101.jpg,1,0,1,0,1,1,32,0.1,0.1,0.1,0.6,0.1,0.5,-0.6931471805599453,0.5,0.5090909502425143,1,1,0.34375
33,2,01010.jpg,0,1,0,1,0,0,32,0.1,0.1,0.1,0.6,0.1,0.5,-0.6931471805599453,0.5,0.48326975593754523,0,1,0.36363636363636365
34,2,10011.jpg,1,0,0,1,1,0,32,0.1,0.1,0.1,0.6,0.1,0.5,-0.6931471805599453,0.5,0.4988807643219975,0,1,0.38235294117647056
35,2,01011.jpg,0,1,0,1,1,0,32,0.1,0.1,0.1,0.6,0.1,0.5,-0.6931471805599453,0.5,0.4802571721191178,1,0,0.37142857142857144
36,2,10101.jpg,1,0,1,0,1,1,32,0.1,0.1,0.1,0.6,0.1,0.5,-0.6931471805599453,0.5,0.5211279083093989,1,1,0.3888888888888889
37,2,11100.jpg,1,1,1,0,0,1,32,0.1,0.1,0.1,0.6,0.1,0.5,-0.6931471805599453,0.5,0.5237097528636457,0,0,0.3783783783783784
38,2,10010.jpg,1,0,0,1,0,0,32,0.1,0.1,0.1,0.6,0.1,0.5,-0.6931471805599453,0.5,0.4881269566046656,0,1,0.39473684210526316
39,2,10000.jpg,1,0,0,0,0,0,32,0.1,0.1,0.1,0.6,0.1,0.5,-0.6931471805599453,0.5,0.5116767012733994,1,0,0.38461538461538464
40,2,01100.jpg,0,1,1,0,0,0,32,0.1,0.1,0.1,0.6,0.1,0.5,-0.6931471805599453,0.5,0.5122806358812965,0,1,0.4
41,2,00011.jpg,0,0,0,1,1,0,32,0.1,0.1,0.1,0.6,0.1,0.5,-0.6931471805599453,0.5,0.47357568664340294,0,1,0.4146341463414634
42,2,01000.jpg,0,1,0,0,0,0,32,0.1,0.1,0.1,0.6,0.1,0.5,-0.6931471805599453,0.5,0.4939862189066683,0,1,0.42857142857142855
43,2,10100.jpg,1,0,1,0,0,1,32,0.1,0.1,0.1,0.6,0.1,0.5,-0.6931471805599453,0.5,0.5261877341965675,0,0,0.4186046511627907
44,2,00110.jpg,0,0,1,1,0,0,32,0.1,0.1,0.1,0.6,0.1,0.5,-0.6931471805599453,0.5,0.48873150932980514,1,0,0.4090909090909091
45,2,00000.jpg,0,0,0,0,0,0,32,0.1,0.1,0.1,0.6,0.1,0.5,-0.6931471805599453,0.5,0.4967968163187491,0,1,0.4222222222222222
46,2,10110.jpg,1,0,1,1,0,1,32,0.1,0.1,0.1,0.6,0.1,0.5,-0.6931471805599453,0.5,0.5046066647161049,0,0,0.41304347826086957
47,2,11101.jpg,1,1,1,0,1,1,32,0.1,0.1,0.1,0.6,0.1,0.5,-0.6931471805599453,0.5,0.5246423023787978,1,1,0.425531914893617
48,2,11011.jpg,1,1,0,1,1,0,32,0.1,0.1,0.1,0.6,0.1,0.5,-0.6931471805599453,0.5,0.4883940209858596,1,0,0.4166666666666667
49,2,01001.jpg,0,1,0,0,1,0,32,0.1,0.1,0.1,0.6,0.1,0.5,-0.6931471805599453,0.5,0.49447041481005066,0,1,0.42857142857142855
50,2,01111.jpg,0,1,1,1,1,0,32,0.1,0.1,0.1,0.6,0.1,0.5,-0.6931471805599453,0.5,0.48896185087340216,0,1,0.44
51,2,10001.jpg,1,0,0,0,1,0,32,0.1,0.1,0.1,0.6,0.1,0.5,-0.6931471805599453,0.5,0.511458674507203,1,0,0.43137254901960786
52,2,00010.jpg,0,0,0,1,0,0,32,0.1,0.1,0.1,0.6,0.1,0.5,-0.6931471805599453,0.5,0.4734513307535774,1,0,0.4230769230769231
53,2,11000.jpg,1,1,0,0,0,0,32,0.1,0.1,0.1,0.6,0.1,0.5,-0.6931471805599453,0.5,0.5104394838184414,1,0,0.41509433962264153
54,2,00100.jpg,0,0,1,0,0,0,32,0.1,0.1,0.1,0.6,0.1,0.5,-0.6931471805599453,0.5,0.511557731407857,1,0,0.4074074074074074
55,2,00001.jpg,0,0,0,0,1,0,32,0.1,0.1,0.1,0.6,0.1,0.5,-0.6931471805599453,0.5,0.49269086241451787,1,0,0.4
56,2,10111.jpg,1,0,1,1,1,1,32,0.1,0.1,0.1,0.6,0.1,0.5,-0.6931471805599453,0.5,0.5083524521551752,1,1,0.4107142857142857
57,2,11111.jpg,1,1,1,1,1,1,32,0.1,0.1,0.1,0.6,0.1,0.5,-0.6931471805599453,0.5,0.5112686253805064,0,0,0.40350877192982454
58,2,01101.jpg,0,1,1,0,1,0,32,0.1,0.1,0.1,0.6,0.1,0.5,-0.6931471805599453,0.5,0.5035612062767504,0,1,0.41379310344827586
59,2,00111.jpg,0,0,1,1,1,0,32,0.1,0.1,0.1,0.6,0.1,0.5,-0.6931471805599453,0.5,0.49942095987041685,1,0,0.4067796610169492
60,2,11010.jpg,1,1,0,1,0,0,32,0.1,0.1,0.1,0.6,0.1,0.5,-0.6931471805599453,0.5,0.49675799561089656,0,1,0.4166666666666667
61,2,00101.jpg,0,0,1,0,1,0,32,0.1,0.1,0.1,0.6,0.1,0.5,-0.6931471805599453,0.5,0.5041170274260892,0,1,0.4262295081967213
62,2,11001.jpg,1,1,0,0,1,0,32,0.1,0.1,0.1,0.6,0.1,0.5,-0.6931471805599453,0.5,0.5026846076917733,0,1,0.43548387096774194
63,2,01110.jpg,0,1,1,1,0,0,32,0.1,0.1,0.1,0.6,0.1,0.5,-0.6931471805599453,0.5,0.49774599209881876,1,0,0.42857142857142855
64,2,11110.jpg,1,1,1,1,0,1,32,0.1,0.1,0.1,0.6,0.1,0.5,-0.6931471805599453,0.5,0.5131199812714814,1,1,0.4375
65,3,01101.jpg,0,1,1,0,1,0,32,0.1,0.1,0.1,0.6,0.1,0.5,-0.6931471805599453,0.5,0.4997917100658266,1,0,0.4307692307692308
66,3,01100.jpg,0,1,1,0,0,0,32,0.1,0.1,0.1,0.6,0.1,0.5,-0.6931471805599453,0.5,0.4987427438004109,0,1,0.4393939393939394
67,3,11110.jpg,1,1,1,1,0,1,32,0.1,0.1,0.1,0.6,0.1,0.5,-0.6931471805599453,0.5,0.5177247021668905,1,1,0.44776119402985076
68,3,11000.jpg,1,1,0,0,0,0,32,0.1,0.1,0.1,0.6,0.1,0.5,-0.6931471805599453,0.5,0.49704137989976,0,1,0.45588235294117646
69,3,10100.jpg,1,0,1,0,0,1,32,0.1,0.1,0.1,0.6,0.1,0.5,-0.6931471805599453,0.5,0.512218671175368,0,0,0.4492753623188406
70,3,00011.jpg,0,0,0,1,1,0,32,0.1,0.1,0.1,0.6,0.1,0.5,-0.6931471805599453,0.5,0.4852946335391798,1,0,0.44285714285714284
71,3,10001.jpg,1,0,0,0,1,0,32,0.1,0.1,0.1,0.6,0.1,0.5,-0.6931471805599453,0.5,0.4983817126211109,1,0,0.43661971830985913
72,3,00111.jpg,0,0,1,1,1,0,32,0.1,0.1,0.1,0.6,0.1,0.5,-0.6931471805599453,0.5,0.5010403609212859,1,0,0.4305555555555556
73,3,10011.jpg,1,0,0,1,1,0,32,0.1,0.1,0.1,0.6,0.1,0.5,-0.6931471805599453,0.5,0.5002959680530861,0,1,0.4383561643835616
74,3,11001.jpg,1,1,0,0,1,0,32,0.1,0.1,0.1,0.6,0.1,0.5,-0.6931471805599453,0.5,0.4980775913537149,1,0,0.43243243243243246
75,3,01110.jpg,0,1,1,1,0,0,32,0.1,0.1,0.1,0.6,0.1,0.5,-0.6931471805599453,0.5,0.5026683925736777,1,0,0.4266666666666667
76,3,00100.jpg,0,0,1,0,0,0,32,0.1,0.1,0.1,0.6,0.1,0.5,-0.6931471805599453,0.5,0.5005073629041791,0,1,0.4342105263157895
77,3,10110.jpg,1,0,1,1,0,1,32,0.1,0.1,0.1,0.6,0.1,0.5,-0.6931471805599453,0.5,0.5182161081399722,0,0,0.42857142857142855
78,3,01011.jpg,0,1,0,1,1,0,32,0.1,0.1,0.1,0.6,0.1,0.5,-0.6931471805599453,0.5,0.48549075454380636,0,1,0.4358974358974359
79,3,00001.jpg,0,0,0,0,1,0,32,0.1,0.1,0.1,0.6,0.1,0.5,-0.6931471805599453,0.5,0.4804009799342536,0,1,0.4430379746835443
80,3,11010.jpg,1,1,0,1,0,0,32,0.1,0.1,0.1,0.6,0.1,0.5,-0.6931471805599453,0.5,0.5044563800608449,0,1,0.45
81,3,10000.jpg,1,0,0,0,0,0,32,0.1,0.1,0.1,0.6,0.1,0.5,-0.6931471805599453,0.5,0.49897231407898307,1,0,0.4444444444444444
82,3,01001.jpg,0,1,0,0,1,0,32,0.1,0.1,0.1,0.6,0.1,0.5,-0.6931471805599453,0.5,0.47901095160829044,1,0,0.43902439024390244
83,3,00010.jpg,0,0,0,1,0,0,32,0.1,0.1,0.1,0.6,0.1,0.5,-0.6931471805599453,0.5,0.4888986348041636,0,1,0.4457831325301205
84,3,00000.jpg,0,0,0,0,0,0,32,0.1,0.1,0.1,0.6,0.1,0.5,-0.6931471805599453,0.5,0.4818244661079309,0,1,0.4523809523809524
85,3,10111.jpg,1,0,1,1,1,1,32,0.1,0.1,0.1,0.6,0.1,0.5,-0.6931471805599453,0.5,0.5193863805397718,0,0,0.4470588235294118
86,3,11111.jpg,1,1,1,1,1,1,32,0.1,0.1,0.1,0.6,0.1,0.5,-0.6931471805599453,0.5,0.5208643959944622,1,1,0.45348837209302323
87,3,11100.jpg,1,1,1,0,0,1,32,0.1,0.1,0.1,0.6,0.1,0.5,-0.6931471805599453,0.5,0.5096813739077114,1,1,0.45977011494252873
88,3,01010.jpg,0,1,0,1,0,0,32,0.1,0.1,0.1,0.6,0.1,0.5,-0.6931471805599453,0.5,0.4889669605003907,1,0,0.45454545454545453
89,3,01000.jpg,0,1,0,0,0,0,32,0.1,0.1,0.1,0.6,0.1,0.5,-0.6931471805599453,0.5,0.4792694875230982,0,1,0.4606741573033708
90,3,10010.jpg,1,0,0,1,0,0,32,0.1,0.1,0.1,0.6,0.1,0.5,-0.6931471805599453,0.5,0.5051590241543849,0,1,0.4666666666666667
91,3,01111.jpg,0,1,1,1,1,0,32,0.1,0.1,0.1,0.6,0.1,0.5,-0.6931471805599453,0.5,0.504356306544219,0,1,0.4725274725274725
92,3,00101.jpg,0,0,1,0,1,0,32,0.1,0.1,0.1,0.6,0.1,0.5,-0.6931471805599453,0.5,0.4956128756734114,0,1,0.4782608695652174
93,3,11011.jpg,1,1,0,1,1,0,32,0.1,0.1,0.1,0.6,0.1,0.5,-0.6931471805599453,0.5,0.5037701157503722,1,0,0.4731182795698925
94,3,00110.jpg,0,0,1,1,0,0,32,0.1,0.1,0.1,0.6,0.1,0.5,-0.6931471805599453,0.5,0.5045741822761737,1,0,0.46808510638297873
95,3,10101.jpg,1,0,1,0,1,1,32,0.1,0.1,0.1,0.6,0.1,0.5,-0.6931471805599453,0.5,0.5125256612193151,0,0,0.4631578947368421
96,3,11101.jpg,1,1,1,0,1,1,32,0.1,0.1,0.1,0.6,0.1,0.5,-0.6931471805599453,0.5,0.5143331138647734,1,1,0.46875
1,1,11101.jpg,1,1,1,0,1,1,33,0.1,0.1,0.1,0.6,0.1,0.5,-0.6931471805599453,0.5,0.5,1,1,1
2,1,11111.jpg,1,1,1,1,1,1,33,0.1,0.1,0.1,0.6,0.1,0.5,-0.6931471805599453,0.5,0.5,0,0,0.5
3,1,00001.jpg,0,0,0,0,1,0,33,0.1,0.1,0.1,0.6,0.1,0.5,-0.6931471805599453,0.5,0.5,1,0,0.3333333333333333
4,1,00111.jpg,0,0,1,1,1,0,33,0.1,0.1,0.1,0.6,0.1,0.5,-0.6931471805599453,0.5,0.5277733985332558,0,1,0.5
5,1,00101.jpg,0,0,1,0,1,0,33,0.1,0.1,0.1,0.6,0.1,0.5,-0.6931471805599453,0.5,0.48211159428286987,0,1,0.6
6,1,00100.jpg,0,0,1,0,0,0,33,0.1,0.1,0.1,0.6,0.1,0.5,-0.6931471805599453,0.5,0.4674257634535166,1,0,0.5
7,1,01001.jpg,0,1,0,0,1,0,33,0.1,0.1,0.1,0.6,0.1,0.5,-0.6931471805599453,0.5,0.48189038592145345,1,0,0.42857142857142855
8,1,11110.jpg,1,1,1,1,0,1,33,0.1,0.1,0.1,0.6,0.1,0.5,-0.6931471805599453,0.5,0.5481276617244112,0,0,0.375
9,1,01101.jpg,0,1,1,0,1,0,33,0.1,0.1,0.1,0.6,0.1,0.5,-0.6931471805599453,0.5,0.4674604111928667,1,0,0.3333333333333333
10,1,00010.jpg,0,0,0,1,0,0,33,0.1,0.1,0.1,0.6,0.1,0.5,-0.6931471805599453,0.5,0.5157628427878903,1,0,0.3
11,1,10110.jpg,1,0,1,1,0,1,33,0.1,0.1,0.1,0.6,0.1,0.5,-0.6931471805599453,0.5,0.5377887345772548,0,0,0.2727272727272727
12,1,01000.jpg,0,1,0,0,0,0,33,0.1,0.1,0.1,0.6,0.1,0.5,-0.6931471805599453,0.5,0.45557563348301255,0,1,0.3333333333333333
13,1,10001.jpg,1,0,0,0,1,0,33,0.1,0.1,0.1,0.6,0.1,0.5,-0.6931471805599453,0.5,0.4631539827073985,1,0,0.3076923076923077
14,1,01011.jpg,0,1,0,1,1,0,33,0.1,0.1,0.1,0.6,0.1,0.5,-0.6931471805599453,0.5,0.5243459859700775,0,1,0.35714285714285715
15,1,11001.jpg,1,1,0,0,1,0,33,0.1,0.1,0.1,0.6,0.1,0.5,-0.6931471805599453,0.5,0.47237380710753635,1,0,0.3333333333333333
16,1,10010.jpg,1,0,0,1,0,0,33,0.1,0.1,0.1,0.6,0.1,0.5,-0.6931471805599453,0.5,0.5374077162193999,1,0,0.3125
17,1,01111.jpg,0,1,1,1,1,0,33,0.1,0.1,0.1,0.6,0.1,0.5,-0.6931471805599453,0.5,0.5314098879684389,1,0,0.29411764705882354
18,1,00110.jpg,0,0,1,1,0,0,33,0.1,0.1,0.1,0.6,0.1,0.5,-0.6931471805599453,0.5,0.5238004880724836,1,0,0.2777777777777778
19,1,10111.jpg,1,0,1,1,1,1,33,0.1,0.1,0.1,0.6,0.1,0.5,-0.6931471805599453,0.5,0.5341091951079324,0,0,0.2631578947368421
20,1,10011.jpg,1,0,0,1,1,0,33,0.1,0.1,0.1,0.6,0.1,0.5,-0.6931471805599453,0.5,0.5268878985856753,0,1,0.3
21,1,01010.jpg,0,1,0,1,0,0,33,0.1,0.1,0.1,0.6,0.1,0.5,-0.6931471805599453,0.5,0.5105761491601211,0,1,0.3333333333333333
22,1,01100.jpg,0,1,1,0,0,0,33,0.1,0.1,0.1,0.6,0.1,0.5,-0.6931471805599453,0.5,0.4773058600397514,1,0,0.3181818181818182
23,1,10100.jpg,1,0,1,0,0,1,33,0.1,0.1,0.1,0.6,0.1,0.5,-0.6931471805599453,0.5,0.48912497183707854,0,0,0.30434782608695654
24,1,11011.jpg,1,1,0,1,1,0,33,0.1,0.1,0.1,0.6,0.1,0.5,-0.6931471805599453,0.5,0.515852188230233,0,1,0.3333333333333333
25,1,01110.jpg,0,1,1,1,0,0,33,0.1,0.1,0.1,0.6,0.1,0.5,-0.6931471805599453,0.5,0.5120578259248774,1,0,0.32
26,1,00011.jpg,0,0,0,1,1,0,33,0.1,0.1,0.1,0.6,0.1,0.5,-0.6931471805599453,0.5,0.49313491576139623,0,1,0.34615384615384615
27,1,11000.jpg,1,1,0,0,0,0,33,0.1,0.1,0.1,0.6,0.1,0.5,-0.6931471805599453,0.5,0.49410802666644166,1,0,0.3333333333333333
28,1,10000.jpg,1,0,0,0,0,0,33,0.1,0.1,0.1,0.6,0.1,0.5,-0.6931471805599453,0.5,0.4915417385960078,1,0,0.32142857142857145
29,1,11010.jpg,1,1,0,1,0,0,33,0.1,0.1,0.1,0.6,0.1,0.5,-0.6931471805599453,0.5,0.513196999510383,1,0,0.3103448275862069
30,1,00000.jpg,0,0,0,0,0,0,33,0.1,0.1,0.1,0.6,0.1,0.5,-0.6931471805599453,0.5,0.4733321145183105,0,1,0.3333333333333333
31,1,11100.jpg,1,1,1,0,0,1,33,0.1,0.1,0.1,0.6,0.1,0.5,-0.6931471805599453,0.5,0.5038090562376231,0,0,0.3225806451612903
32,1,10101.jpg,1,0,1,0,1,1,33,0.1,0.1,0.1,0.6,0.1,0.5,-0.6931471805599453,0.5,0.5090909502425143,1,1,0.34375
33,2,01010.jpg,0,1,0,1,0,0,33,0.1,0.1,0.1,0.6,0.1,0.5,-0.6931471805599453,0.5,0.48326975593754523,0,1,0.36363636363636365
34,2,10011.jpg,1,0,0,1,1,0,33,0.1,0.1,0.1,0.6,0.1,0.5,-0.6931471805599453,0.5,0.4988807643219975,0,1,0.38235294117647056
35,2,01011.jpg,0,1,0,1,1,0,33,0.1,0.1,0.1,0.6,0.1,0.5,-0.6931471805599453,0.5,0.4802571721191178,1,0,0.37142857142857144
36,2,10101.jpg,1,0,1,0,1,1,33,0.1,0.1,0.1,0.6,0.1,0.5,-0.6931471805599453,0.5,0.5211279083093989,1,1,0.3888888888888889
37,2,11100.jpg,1,1,1,0,0,1,33,0.1,0.1,0.1,0.6,0.1,0.5,-0.6931471805599453,0.5,0.5237097528636457,0,0,0.3783783783783784
38,2,10010.jpg,1,0,0,1,0,0,33,0.1,0.1,0.1,0.6,0.1,0.5,-0.6931471805599453,0.5,0.4881269566046656,0,1,0.39473684210526316
39,2,10000.jpg,1,0,0,0,0,0,33,0.1,0.1,0.1,0.6,0.1,0.5,-0.6931471805599453,0.5,0.5116767012733994,1,0,0.38461538461538464
40,2,01100.jpg,0,1,1,0,0,0,33,0.1,0.1,0.1,0.6,0.1,0.5,-0.6931471805599453,0.5,0.5122806358812965,0,1,0.4
41,2,00011.jpg,0,0,0,1,1,0,33,0.1,0.1,0.1,0.6,0.1,0.5,-0.6931471805599453,0.5,0.47357568664340294,0,1,0.4146341463414634
42,2,01000.jpg,0,1,0,0,0,0,33,0.1,0.1,0.1,0.6,0.1,0.5,-0.6931471805599453,0.5,0.4939862189066683,0,1,0.42857142857142855
43,2,10100.jpg,1,0,1,0,0,1,33,0.1,0.1,0.1,0.6,0.1,0.5,-0.6931471805599453,0.5,0.5261877341965675,0,0,0.4186046511627907
44,2,00110.jpg,0,0,1,1,0,0,33,0.1,0.1,0.1,0.6,0.1,0.5,-0.6931471805599453,0.5,0.48873150932980514,1,0,0.4090909090909091
45,2,00000.jpg,0,0,0,0,0,0,33,0.1,0.1,0.1,0.6,0.1,0.5,-0.6931471805599453,0.5,0.4967968163187491,0,1,0.4222222222222222
46,2,10110.jpg,1,0,1,1,0,1,33,0.1,0.1,0.1,0.6,0.1,0.5,-0.6931471805599453,0.5,0.5046066647161049,0,0,0.41304347826086957
47,2,11101.jpg,1,1,1,0,1,1,33,0.1,0.1,0.1,0.6,0.1,0.5,-0.6931471805599453,0.5,0.5246423023787978,1,1,0.425531914893617
48,2,11011.jpg,1,1,0,1,1,0,33,0.1,0.1,0.1,0.6,0.1,0.5,-0.6931471805599453,0.5,0.4883940209858596,1,0,0.4166666666666667
49,2,01001.jpg,0,1,0,0,1,0,33,0.1,0.1,0.1,0.6,0.1,0.5,-0.6931471805599453,0.5,0.49447041481005066,0,1,0.42857142857142855
50,2,01111.jpg,0,1,1,1,1,0,33,0.1,0.1,0.1,0.6,0.1,0.5,-0.6931471805599453,0.5,0.48896185087340216,0,1,0.44
51,2,10001.jpg,1,0,0,0,1,0,33,0.1,0.1,0.1,0.6,0.1,0.5,-0.6931471805599453,0.5,0.511458674507203,1,0,0.43137254901960786
52,2,00010.jpg,0,0,0,1,0,0,33,0.1,0.1,0.1,0.6,0.1,0.5,-0.6931471805599453,0.5,0.4734513307535774,1,0,0.4230769230769231
53,2,11000.jpg,1,1,0,0,0,0,33,0.1,0.1,0.1,0.6,0.1,0.5,-0.6931471805599453,0.5,0.5104394838184414,1,0,0.41509433962264153
54,2,00100.jpg,0,0,1,0,0,0,33,0.1,0.1,0.1,0.6,0.1,0.5,-0.6931471805599453,0.5,0.511557731407857,1,0,0.4074074074074074
55,2,00001.jpg,0,0,0,0,1,0,33,0.1,0.1,0.1,0.6,0.1,0.5,-0.6931471805599453,0.5,0.49269086241451787,1,0,0.4
56,2,10111.jpg,1,0,1,1,1,1,33,0.1,0.1,0.1,0.6,0.1,0.5,-0.6931471805599453,0.5,0.5083524521551752,1,1,0.4107142857142857
57,2,11111.jpg,1,1,1,1,1,1,33,0.1,0.1,0.1,0.6,0.1,0.5,-0.6931471805599453,0.5,0.5112686253805064,0,0,0.40350877192982454
58,2,01101.jpg,0,1,1,0,1,0,33,0.1,0.1,0.1,0.6,0.1,0.5,-0.6931471805599453,0.5,0.5035612062767504,0,1,0.41379310344827586
59,2,00111.jpg,0,0,1,1,1,0,33,0.1,0.1,0.1,0.6,0.1,0.5,-0.6931471805599453,0.5,0.49942095987041685,1,0,0.4067796610169492
60,2,11010.jpg,1,1,0,1,0,0,33,0.1,0.1,0.1,0.6,0.1,0.5,-0.6931471805599453,0.5,0.49675799561089656,0,1,0.4166666666666667
61,2,00101.jpg,0,0,1,0,1,0,33,0.1,0.1,0.1,0.6,0.1,0.5,-0.6931471805599453,0.5,0.5041170274260892,0,1,0.4262295081967213
62,2,11001.jpg,1,1,0,0,1,0,33,0.1,0.1,0.1,0.6,0.1,0.5,-0.6931471805599453,0.5,0.5026846076917733,0,1,0.43548387096774194
63,2,01110.jpg,0,1,1,1,0,0,33,0.1,0.1,0.1,0.6,0.1,0.5,-0.6931471805599453,0.5,0.49774599209881876,1,0,0.42857142857142855
64,2,11110.jpg,1,1,1,1,0,1,33,0.1,0.1,0.1,0.6,0.1,0.5,-0.6931471805599453,0.5,0.5131199812714814,1,1,0.4375
65,3,01101.jpg,0,1,1,0,1,0,33,0.1,0.1,0.1,0.6,0.1,0.5,-0.6931471805599453,0.5,0.4997917100658266,1,0,0.4307692307692308
66,3,01100.jpg,0,1,1,0,0,0,33,0.1,0.1,0.1,0.6,0.1,0.5,-0.6931471805599453,0.5,0.4987427438004109,0,1,0.4393939393939394
67,3,11110.jpg,1,1,1,1,0,1,33,0.1,0.1,0.1,0.6,0.1,0.5,-0.6931471805599453,0.5,0.5177247021668905,1,1,0.44776119402985076
68,3,11000.jpg,1,1,0,0,0,0,33,0.1,0.1,0.1,0.6,0.1,0.5,-0.6931471805599453,0.5,0.49704137989976,0,1,0.45588235294117646
69,3,10100.jpg,1,0,1,0,0,1,33,0.1,0.1,0.1,0.6,0.1,0.5,-0.6931471805599453,0.5,0.512218671175368,0,0,0.4492753623188406
70,3,00011.jpg,0,0,0,1,1,0,33,0.1,0.1,0.1,0.6,0.1,0.5,-0.6931471805599453,0.5,0.4852946335391798,1,0,0.44285714285714284
71,3,10001.jpg,1,0,0,0,1,0,33,0.1,0.1,0.1,0.6,0.1,0.5,-0.6931471805599453,0.5,0.4983817126211109,1,0,0.43661971830985913
72,3,00111.jpg,0,0,1,1,1,0,33,0.1,0.1,0.1,0.6,0.1,0.5,-0.6931471805599453,0.5,0.5010403609212859,1,0,0.4305555555555556
73,3,10011.jpg,1,0,0,1,1,0,33,0.1,0.1,0.1,0.6,0.1,0.5,-0.6931471805599453,0.5,0.5002959680530861,0,1,0.4383561643835616
74,3,11001.jpg,1,1,0,0,1,0,33,0.1,0.1,0.1,0.6,0.1,0.5,-0.6931471805599453,0.5,0.4980775913537149,1,0,0.43243243243243246
75,3,01110.jpg,0,1,1,1,0,0,33,0.1,0.1,0.1,0.6,0.1,0.5,-0.6931471805599453,0.5,0.5026683925736777,1,0,0.4266666666666667
76,3,00100.jpg,0,0,1,0,0,0,33,0.1,0.1,0.1,0.6,0.1,0.5,-0.6931471805599453,0.5,0.5005073629041791,0,1,0.4342105263157895
77,3,10110.jpg,1,0,1,1,0,1,33,0.1,0.1,0.1,0.6,0.1,0.5,-0.6931471805599453,0.5,0.5182161081399722,0,0,0.42857142857142855
78,3,01011.jpg,0,1,0,1,1,0,33,0.1,0.1,0.1,0.6,0.1,0.5,-0.6931471805599453,0.5,0.48549075454380636,0,1,0.4358974358974359
79,3,00001.jpg,0,0,0,0,1,0,33,0.1,0.1,0.1,0.6,0.1,0.5,-0.6931471805599453,0.5,0.4804009799342536,0,1,0.4430379746835443
80,3,11010.jpg,1,1,0,1,0,0,33,0.1,0.1,0.1,0.6,0.1,0.5,-0.6931471805599453,0.5,0.5044563800608449,0,1,0.45
81,3,10000.jpg,1,0,0,0,0,0,33,0.1,0.1,0.1,0.6,0.1,0.5,-0.6931471805599453,0.5,0.49897231407898307,1,0,0.4444444444444444
82,3,01001.jpg,0,1,0,0,1,0,33,0.1,0.1,0.1,0.6,0.1,0.5,-0.6931471805599453,0.5,0.47901095160829044,1,0,0.43902439024390244
83,3,00010.jpg,0,0,0,1,0,0,33,0.1,0.1,0.1,0.6,0.1,0.5,-0.6931471805599453,0.5,0.4888986348041636,0,1,0.4457831325301205
84,3,00000.jpg,0,0,0,0,0,0,33,0.1,0.1,0.1,0.6,0.1,0.5,-0.6931471805599453,0.5,0.4818244661079309,0,1,0.4523809523809524
85,3,10111.jpg,1,0,1,1,1,1,33,0.1,0.1,0.1,0.6,0.1,0.5,-0.6931471805599453,0.5,0.5193863805397718,0,0,0.4470588235294118
86,3,11111.jpg,1,1,1,1,1,1,33,0.1,0.1,0.1,0.6,0.1,0.5,-0.6931471805599453,0.5,0.5208643959944622,1,1,0.45348837209302323
87,3,11100.jpg,1,1,1,0,0,1,33,0.1,0.1,0.1,0.6,0.1,0.5,-0.6931471805599453,0.5,0.5096813739077114,1,1,0.45977011494252873
88,3,01010.jpg,0,1,0,1,0,0,33,0.1,0.1,0.1,0.6,0.1,0.5,-0.6931471805599453,0.5,0.4889669605003907,1,0,0.45454545454545453
89,3,01000.jpg,0,1,0,0,0,0,33,0.1,0.1,0.1,0.6,0.1,0.5,-0.6931471805599453,0.5,0.4792694875230982,0,1,0.4606741573033708
90,3,10010.jpg,1,0,0,1,0,0,33,0.1,0.1,0.1,0.6,0.1,0.5,-0.6931471805599453,0.5,0.5051590241543849,0,1,0.4666666666666667
91,3,01111.jpg,0,1,1,1,1,0,33,0.1,0.1,0.1,0.6,0.1,0.5,-0.6931471805599453,0.5,0.504356306544219,0,1,0.4725274725274725
92,3,00101.jpg,0,0,1,0,1,0,33,0.1,0.1,0.1,0.6,0.1,0.5,-0.6931471805599453,0.5,0.4956128756734114,0,1,0.4782608695652174
93,3,11011.jpg,1,1,0,1,1,0,33,0.1,0.1,0.1,0.6,0.1,0.5,-0.6931471805599453,0.5,0.5037701157503722,1,0,0.4731182795698925
94,3,00110.jpg,0,0,1,1,0,0,33,0.1,0.1,0.1,0.6,0.1,0.5,-0.6931471805599453,0.5,0.5045741822761737,1,0,0.46808510638297873
95,3,10101.jpg,1,0,1,0,1,1,33,0.1,0.1,0.1,0.6,0.1,0.5,-0.6931471805599453,0.5,0.5125256612193151,0,0,0.4631578947368421
96,3,11101.jpg,1,1,1,0,1,1,33,0.1,0.1,0.1,0.6,0.1,0.5,-0.6931471805599453,0.5,0.5143331138647734,1,1,0.46875
1,1,11101.jpg,1,1,1,0,1,1,34,0.1,0.1,0.1,0.6,0.1,0.5,-0.6931471805599453,0.5,0.5,1,1,1
2,1,11111.jpg,1,1,1,1,1,1,34,0.1,0.1,0.1,0.6,0.1,0.5,-0.6931471805599453,0.5,0.5,0,0,0.5
3,1,00001.jpg,0,0,0,0,1,0,34,0.1,0.1,0.1,0.6,0.1,0.5,-0.6931471805599453,0.5,0.5,1,0,0.3333333333333333
4,1,00111.jpg,0,0,1,1,1,0,34,0.1,0.1,0.1,0.6,0.1,0.5,-0.6931471805599453,0.5,0.5277733985332558,0,1,0.5
5,1,00101.jpg,0,0,1,0,1,0,34,0.1,0.1,0.1,0.6,0.1,0.5,-0.6931471805599453,0.5,0.48211159428286987,0,1,0.6
6,1,00100.jpg,0,0,1,0,0,0,34,0.1,0.1,0.1,0.6,0.1,0.5,-0.6931471805599453,0.5,0.4674257634535166,1,0,0.5
7,1,01001.jpg,0,1,0,0,1,0,34,0.1,0.1,0.1,0.6,0.1,0.5,-0.6931471805599453,0.5,0.48189038592145345,1,0,0.42857142857142855
8,1,11110.jpg,1,1,1,1,0,1,34,0.1,0.1,0.1,0.6,0.1,0.5,-0.6931471805599453,0.5,0.5481276617244112,0,0,0.375
9,1,01101.jpg,0,1,1,0,1,0,34,0.1,0.1,0.1,0.6,0.1,0.5,-0.6931471805599453,0.5,0.4674604111928667,1,0,0.3333333333333333
10,1,00010.jpg,0,0,0,1,0,0,34,0.1,0.1,0.1,0.6,0.1,0.5,-0.6931471805599453,0.5,0.5157628427878903,1,0,0.3
11,1,10110.jpg,1,0,1,1,0,1,34,0.1,0.1,0.1,0.6,0.1,0.5,-0.6931471805599453,0.5,0.5377887345772548,0,0,0.2727272727272727
12,1,01000.jpg,0,1,0,0,0,0,34,0.1,0.1,0.1,0.6,0.1,0.5,-0.6931471805599453,0.5,0.45557563348301255,0,1,0.3333333333333333
13,1,10001.jpg,1,0,0,0,1,0,34,0.1,0.1,0.1,0.6,0.1,0.5,-0.6931471805599453,0.5,0.4631539827073985,1,0,0.3076923076923077
14,1,01011.jpg,0,1,0,1,1,0,34,0.1,0.1,0.1,0.6,0.1,0.5,-0.6931471805599453,0.5,0.5243459859700775,0,1,0.35714285714285715
15,1,11001.jpg,1,1,0,0,1,0,34,0.1,0.1,0.1,0.6,0.1,0.5,-0.6931471805599453,0.5,0.47237380710753635,1,0,0.3333333333333333
16,1,10010.jpg,1,0,0,1,0,0,34,0.1,0.1,0.1,0.6,0.1,0.5,-0.6931471805599453,0.5,0.5374077162193999,1,0,0.3125
17,1,01111.jpg,0,1,1,1,1,0,34,0.1,0.1,0.1,0.6,0.1,0.5,-0.6931471805599453,0.5,0.5314098879684389,1,0,0.29411764705882354
18,1,00110.jpg,0,0,1,1,0,0,34,0.1,0.1,0.1,0.6,0.1,0.5,-0.6931471805599453,0.5,0.5238004880724836,1,0,0.2777777777777778
19,1,10111.jpg,1,0,1,1,1,1,34,0.1,0.1,0.1,0.6,0.1,0.5,-0.6931471805599453,0.5,0.5341091951079324,0,0,0.2631578947368421
20,1,10011.jpg,1,0,0,1,1,0,34,0.1,0.1,0.1,0.6,0.1,0.5,-0.6931471805599453,0.5,0.5268878985856753,0,1,0.3
21,1,01010.jpg,0,1,0,1,0,0,34,0.1,0.1,0.1,0.6,0.1,0.5,-0.6931471805599453,0.5,0.5105761491601211,0,1,0.3333333333333333
22,1,01100.jpg,0,1,1,0,0,0,34,0.1,0.1,0.1,0.6,0.1,0.5,-0.6931471805599453,0.5,0.4773058600397514,1,0,0.3181818181818182
23,1,10100.jpg,1,0,1,0,0,1,34,0.1,0.1,0.1,0.6,0.1,0.5,-0.6931471805599453,0.5,0.48912497183707854,0,0,0.30434782608695654
24,1,11011.jpg,1,1,0,1,1,0,34,0.1,0.1,0.1,0.6,0.1,0.5,-0.6931471805599453,0.5,0.515852188230233,0,1,0.3333333333333333
25,1,01110.jpg,0,1,1,1,0,0,34,0.1,0.1,0.1,0.6,0.1,0.5,-0.6931471805599453,0.5,0.5120578259248774,1,0,0.32
26,1,00011.jpg,0,0,0,1,1,0,34,0.1,0.1,0.1,0.6,0.1,0.5,-0.6931471805599453,0.5,0.49313491576139623,0,1,0.34615384615384615
27,1,11000.jpg,1,1,0,0,0,0,34,0.1,0.1,0.1,0.6,0.1,0.5,-0.6931471805599453,0.5,0.49410802666644166,1,0,0.3333333333333333
28,1,10000.jpg,1,0,0,0,0,0,34,0.1,0.1,0.1,0.6,0.1,0.5,-0.6931471805599453,0.5,0.4915417385960078,1,0,0.32142857142857145
29,1,11010.jpg,1,1,0,1,0,0,34,0.1,0.1,0.1,0.6,0.1,0.5,-0.6931471805599453,0.5,0.513196999510383,1,0,0.3103448275862069
30,1,00000.jpg,0,0,0,0,0,0,34,0.1,0.1,0.1,0.6,0.1,0.5,-0.6931471805599453,0.5,0.4733321145183105,0,1,0.3333333333333333
31,1,11100.jpg,1,1,1,0,0,1,34,0.1,0.1,0.1,0.6,0.1,0.5,-0.6931471805599453,0.5,0.5038090562376231,0,0,0.3225806451612903
32,1,10101.jpg,1,0,1,0,1,1,34,0.1,0.1,0.1,0.6,0.1,0.5,-0.6931471805599453,0.5,0.5090909502425143,1,1,0.34375
33,2,01010.jpg,0,1,0,1,0,0,34,0.1,0.1,0.1,0.6,0.1,0.5,-0.6931471805599453,0.5,0.48326975593754523,0,1,0.36363636363636365
34,2,10011.jpg,1,0,0,1,1,0,34,0.1,0.1,0.1,0.6,0.1,0.5,-0.6931471805599453,0.5,0.4988807643219975,0,1,0.38235294117647056
35,2,01011.jpg,0,1,0,1,1,0,34,0.1,0.1,0.1,0.6,0.1,0.5,-0.6931471805599453,0.5,0.4802571721191178,1,0,0.37142857142857144
36,2,10101.jpg,1,0,1,0,1,1,34,0.1,0.1,0.1,0.6,0.1,0.5,-0.6931471805599453,0.5,0.5211279083093989,1,1,0.3888888888888889
37,2,11100.jpg,1,1,1,0,0,1,34,0.1,0.1,0.1,0.6,0.1,0.5,-0.6931471805599453,0.5,0.5237097528636457,0,0,0.3783783783783784
38,2,10010.jpg,1,0,0,1,0,0,34,0.1,0.1,0.1,0.6,0.1,0.5,-0.6931471805599453,0.5,0.4881269566046656,0,1,0.39473684210526316
39,2,10000.jpg,1,0,0,0,0,0,34,0.1,0.1,0.1,0.6,0.1,0.5,-0.6931471805599453,0.5,0.5116767012733994,1,0,0.38461538461538464
40,2,01100.jpg,0,1,1,0,0,0,34,0.1,0.1,0.1,0.6,0.1,0.5,-0.6931471805599453,0.5,0.5122806358812965,0,1,0.4
41,2,00011.jpg,0,0,0,1,1,0,34,0.1,0.1,0.1,0.6,0.1,0.5,-0.6931471805599453,0.5,0.47357568664340294,0,1,0.4146341463414634
42,2,01000.jpg,0,1,0,0,0,0,34,0.1,0.1,0.1,0.6,0.1,0.5,-0.6931471805599453,0.5,0.4939862189066683,0,1,0.42857142857142855
43,2,10100.jpg,1,0,1,0,0,1,34,0.1,0.1,0.1,0.6,0.1,0.5,-0.6931471805599453,0.5,0.5261877341965675,0,0,0.4186046511627907
44,2,00110.jpg,0,0,1,1,0,0,34,0.1,0.1,0.1,0.6,0.1,0.5,-0.6931471805599453,0.5,0.48873150932980514,1,0,0.4090909090909091
45,2,00000.jpg,0,0,0,0,0,0,34,0.1,0.1,0.1,0.6,0.1,0.5,-0.6931471805599453,0.5,0.4967968163187491,0,1,0.4222222222222222
46,2,10110.jpg,1,0,1,1,0,1,34,0.1,0.1,0.1,0.6,0.1,0.5,-0.6931471805599453,0.5,0.5046066647161049,0,0,0.41304347826086957
47,2,11101.jpg,1,1,1,0,1,1,34,0.1,0.1,0.1,0.6,0.1,0.5,-0.6931471805599453,0.5,0.5246423023787978,1,1,0.425531914893617
48,2,11011.jpg,1,1,0,1,1,0,34,0.1,0.1,0.1,0.6,0.1,0.5,-0.6931471805599453,0.5,0.4883940209858596,1,0,0.4166666666666667
49,2,01001.jpg,0,1,0,0,1,0,34,0.1,0.1,0.1,0.6,0.1,0.5,-0.6931471805599453,0.5,0.49447041481005066,0,1,0.42857142857142855
50,2,01111.jpg,0,1,1,1,1,0,34,0.1,0.1,0.1,0.6,0.1,0.5,-0.6931471805599453,0.5,0.48896185087340216,0,1,0.44
51,2,10001.jpg,1,0,0,0,1,0,34,0.1,0.1,0.1,0.6,0.1,0.5,-0.6931471805599453,0.5,0.511458674507203,1,0,0.43137254901960786
52,2,00010.jpg,0,0,0,1,0,0,34,0.1,0.1,0.1,0.6,0.1,0.5,-0.6931471805599453,0.5,0.4734513307535774,1,0,0.4230769230769231
53,2,11000.jpg,1,1,0,0,0,0,34,0.1,0.1,0.1,0.6,0.1,0.5,-0.6931471805599453,0.5,0.5104394838184414,1,0,0.41509433962264153
54,2,00100.jpg,0,0,1,0,0,0,34,0.1,0.1,0.1,0.6,0.1,0.5,-0.6931471805599453,0.5,0.511557731407857,1,0,0.4074074074074074
55,2,00001.jpg,0,0,0,0,1,0,34,0.1,0.1,0.1,0.6,0.1,0.5,-0.6931471805599453,0.5,0.49269086241451787,1,0,0.4
56,2,10111.jpg,1,0,1,1,1,1,34,0.1,0.1,0.1,0.6,0.1,0.5,-0.6931471805599453,0.5,0.5083524521551752,1,1,0.4107142857142857
57,2,11111.jpg,1,1,1,1,1,1,34,0.1,0.1,0.1,0.6,0.1,0.5,-0.6931471805599453,0.5,0.5112686253805064,0,0,0.40350877192982454
58,2,01101.jpg,0,1,1,0,1,0,34,0.1,0.1,0.1,0.6,0.1,0.5,-0.6931471805599453,0.5,0.5035612062767504,0,1,0.41379310344827586
59,2,00111.jpg,0,0,1,1,1,0,34,0.1,0.1,0.1,0.6,0.1,0.5,-0.6931471805599453,0.5,0.49942095987041685,1,0,0.4067796610169492
60,2,11010.jpg,1,1,0,1,0,0,34,0.1,0.1,0.1,0.6,0.1,0.5,-0.6931471805599453,0.5,0.49675799561089656,0,1,0.4166666666666667
61,2,00101.jpg,0,0,1,0,1,0,34,0.1,0.1,0.1,0.6,0.1,0.5,-0.6931471805599453,0.5,0.5041170274260892,0,1,0.4262295081967213
62,2,11001.jpg,1,1,0,0,1,0,34,0.1,0.1,0.1,0.6,0.1,0.5,-0.6931471805599453,0.5,0.5026846076917733,0,1,0.43548387096774194
63,2,01110.jpg,0,1,1,1,0,0,34,0.1,0.1,0.1,0.6,0.1,0.5,-0.6931471805599453,0.5,0.49774599209881876,1,0,0.42857142857142855
64,2,11110.jpg,1,1,1,1,0,1,34,0.1,0.1,0.1,0.6,0.1,0.5,-0.6931471805599453,0.5,0.5131199812714814,1,1,0.4375
65,3,01101.jpg,0,1,1,0,1,0,34,0.1,0.1,0.1,0.6,0.1,0.5,-0.6931471805599453,0.5,0.4997917100658266,1,0,0.4307692307692308
66,3,01100.jpg,0,1,1,0,0,0,34,0.1,0.1,0.1,0.6,0.1,0.5,-0.6931471805599453,0.5,0.4987427438004109,0,1,0.4393939393939394
67,3,11110.jpg,1,1,1,1,0,1,34,0.1,0.1,0.1,0.6,0.1,0.5,-0.6931471805599453,0.5,0.5177247021668905,1,1,0.44776119402985076
68,3,11000.jpg,1,1,0,0,0,0,34,0.1,0.1,0.1,0.6,0.1,0.5,-0.6931471805599453,0.5,0.49704137989976,0,1,0.45588235294117646
69,3,10100.jpg,1,0,1,0,0,1,34,0.1,0.1,0.1,0.6,0.1,0.5,-0.6931471805599453,0.5,0.512218671175368,0,0,0.4492753623188406
70,3,00011.jpg,0,0,0,1,1,0,34,0.1,0.1,0.1,0.6,0.1,0.5,-0.6931471805599453,0.5,0.4852946335391798,1,0,0.44285714285714284
71,3,10001.jpg,1,0,0,0,1,0,34,0.1,0.1,0.1,0.6,0.1,0.5,-0.6931471805599453,0.5,0.4983817126211109,1,0,0.43661971830985913
72,3,00111.jpg,0,0,1,1,1,0,34,0.1,0.1,0.1,0.6,0.1,0.5,-0.6931471805599453,0.5,0.5010403609212859,1,0,0.4305555555555556
73,3,10011.jpg,1,0,0,1,1,0,34,0.1,0.1,0.1,0.6,0.1,0.5,-0.6931471805599453,0.5,0.5002959680530861,0,1,0.4383561643835616
74,3,11001.jpg,1,1,0,0,1,0,34,0.1,0.1,0.1,0.6,0.1,0.5,-0.6931471805599453,0.5,0.4980775913537149,1,0,0.43243243243243246
75,3,01110.jpg,0,1,1,1,0,0,34,0.1,0.1,0.1,0.6,0.1,0.5,-0.6931471805599453,0.5,0.5026683925736777,1,0,0.4266666666666667
76,3,00100.jpg,0,0,1,0,0,0,34,0.1,0.1,0.1,0.6,0.1,0.5,-0.6931471805599453,0.5,0.5005073629041791,0,1,0.4342105263157895
77,3,10110.jpg,1,0,1,1,0,1,34,0.1,0.1,0.1,0.6,0.1,0.5,-0.6931471805599453,0.5,0.5182161081399722,0,0,0.42857142857142855
78,3,01011.jpg,0,1,0,1,1,0,34,0.1,0.1,0.1,0.6,0.1,0.5,-0.6931471805599453,0.5,0.48549075454380636,0,1,0.4358974358974359
79,3,00001.jpg,0,0,0,0,1,0,34,0.1,0.1,0.1,0.6,0.1,0.5,-0.6931471805599453,0.5,0.4804009799342536,0,1,0.4430379746835443
80,3,11010.jpg,1,1,0,1,0,0,34,0.1,0.1,0.1,0.6,0.1,0.5,-0.6931471805599453,0.5,0.5044563800608449,0,1,0.45
81,3,10000.jpg,1,0,0,0,0,0,34,0.1,0.1,0.1,0.6,0.1,0.5,-0.6931471805599453,0.5,0.49897231407898307,1,0,0.4444444444444444
82,3,01001.jpg,0,1,0,0,1,0,34,0.1,0.1,0.1,0.6,0.1,0.5,-0.6931471805599453,0.5,0.47901095160829044,1,0,0.43902439024390244
83,3,00010.jpg,0,0,0,1,0,0,34,0.1,0.1,0.1,0.6,0.1,0.5,-0.6931471805599453,0.5,0.4888986348041636,0,1,0.4457831325301205
84,3,00000.jpg,0,0,0,0,0,0,34,0.1,0.1,0.1,0.6,0.1,0.5,-0.6931471805599453,0.5,0.4818244661079309,0,1,0.4523809523809524
85,3,10111.jpg,1,0,1,1,1,1,34,0.1,0.1,0.1,0.6,0.1,0.5,-0.6931471805599453,0.5,0.5193863805397718,0,0,0.4470588235294118
86,3,11111.jpg,1,1,1,1,1,1,34,0.1,0.1,0.1,0.6,0.1,0.5,-0.6931471805599453,0.5,0.5208643959944622,1,1,0.45348837209302323
87,3,11100.jpg,1,1,1,0,0,1,34,0.1,0.1,0.1,0.6,0.1,0.5,-0.6931471805599453,0.5,0.5096813739077114,1,1,0.45977011494252873
88,3,01010.jpg,0,1,0,1,0,0,34,0.1,0.1,0.1,0.6,0.1,0.5,-0.6931471805599453,0.5,0.4889669605003907,1,0,0.45454545454545453
89,3,01000.jpg,0,1,0,0,0,0,34,0.1,0.1,0.1,0.6,0.1,0.5,-0.6931471805599453,0.5,0.4792694875230982,0,1,0.4606741573033708
90,3,10010.jpg,1,0,0,1,0,0,34,0.1,0.1,0.1,0.6,0.1,0.5,-0.6931471805599453,0.5,0.5051590241543849,0,1,0.4666666666666667
91,3,01111.jpg,0,1,1,1,1,0,34,0.1,0.1,0.1,0.6,0.1,0.5,-0.6931471805599453,0.5,0.504356306544219,0,1,0.4725274725274725
92,3,00101.jpg,0,0,1,0,1,0,34,0.1,0.1,0.1,0.6,0.1,0.5,-0.6931471805599453,0.5,0.4956128756734114,0,1,0.4782608695652174
93,3,11011.jpg,1,1,0,1,1,0,34,0.1,0.1,0.1,0.6,0.1,0.5,-0.6931471805599453,0.5,0.5037701157503722,1,0,0.4731182795698925
94,3,00110.jpg,0,0,1,1,0,0,34,0.1,0.1,0.1,0.6,0.1,0.5,-0.6931471805599453,0.5,0.5045741822761737,1,0,0.46808510638297873
95,3,10101.jpg,1,0,1,0,1,1,34,0.1,0.1,0.1,0.6,0.1,0.5,-0.6931471805599453,0.5,0.5125256612193151,0,0,0.4631578947368421
96,3,11101.jpg,1,1,1,0,1,1,34,0.1,0.1,0.1,0.6,0.1,0.5,-0.6931471805599453,0.5,0.5143331138647734,1,1,0.46875
1,1,11101.jpg,1,1,1,0,1,1,35,0.1,0.1,0.1,0.6,0.1,0.5,-0.6931471805599453,0.5,0.5,1,1,1
2,1,11111.jpg,1,1,1,1,1,1,35,0.1,0.1,0.1,0.6,0.1,0.5,-0.6931471805599453,0.5,0.5,0,0,0.5
3,1,00001.jpg,0,0,0,0,1,0,35,0.1,0.1,0.1,0.6,0.1,0.5,-0.6931471805599453,0.5,0.5,1,0,0.3333333333333333
4,1,00111.jpg,0,0,1,1,1,0,35,0.1,0.1,0.1,0.6,0.1,0.5,-0.6931471805599453,0.5,0.5277733985332558,0,1,0.5
5,1,00101.jpg,0,0,1,0,1,0,35,0.1,0.1,0.1,0.6,0.1,0.5,-0.6931471805599453,0.5,0.48211159428286987,0,1,0.6
6,1,00100.jpg,0,0,1,0,0,0,35,0.1,0.1,0.1,0.6,0.1,0.5,-0.6931471805599453,0.5,0.4674257634535166,1,0,0.5
7,1,01001.jpg,0,1,0,0,1,0,35,0.1,0.1,0.1,0.6,0.1,0.5,-0.6931471805599453,0.5,0.48189038592145345,1,0,0.42857142857142855
8,1,11110.jpg,1,1,1,1,0,1,35,0.1,0.1,0.1,0.6,0.1,0.5,-0.6931471805599453,0.5,0.5481276617244112,0,0,0.375
9,1,01101.jpg,0,1,1,0,1,0,35,0.1,0.1,0.1,0.6,0.1,0.5,-0.6931471805599453,0.5,0.4674604111928667,1,0,0.3333333333333333
10,1,00010.jpg,0,0,0,1,0,0,35,0.1,0.1,0.1,0.6,0.1,0.5,-0.6931471805599453,0.5,0.5157628427878903,1,0,0.3
11,1,10110.jpg,1,0,1,1,0,1,35,0.1,0.1,0.1,0.6,0.1,0.5,-0.6931471805599453,0.5,0.5377887345772548,0,0,0.2727272727272727
12,1,01000.jpg,0,1,0,0,0,0,35,0.1,0.1,0.1,0.6,0.1,0.5,-0.6931471805599453,0.5,0.45557563348301255,0,1,0.3333333333333333
13,1,10001.jpg,1,0,0,0,1,0,35,0.1,0.1,0.1,0.6,0.1,0.5,-0.6931471805599453,0.5,0.4631539827073985,1,0,0.3076923076923077
14,1,01011.jpg,0,1,0,1,1,0,35,0.1,0.1,0.1,0.6,0.1,0.5,-0.6931471805599453,0.5,0.5243459859700775,0,1,0.35714285714285715
15,1,11001.jpg,1,1,0,0,1,0,35,0.1,0.1,0.1,0.6,0.1,0.5,-0.6931471805599453,0.5,0.47237380710753635,1,0,0.3333333333333333
16,1,10010.jpg,1,0,0,1,0,0,35,0.1,0.1,0.1,0.6,0.1,0.5,-0.6931471805599453,0.5,0.5374077162193999,1,0,0.3125
17,1,01111.jpg,0,1,1,1,1,0,35,0.1,0.1,0.1,0.6,0.1,0.5,-0.6931471805599453,0.5,0.5314098879684389,1,0,0.29411764705882354
18,1,00110.jpg,0,0,1,1,0,0,35,0.1,0.1,0.1,0.6,0.1,0.5,-0.6931471805599453,0.5,0.5238004880724836,1,0,0.2777777777777778
19,1,10111.jpg,1,0,1,1,1,1,35,0.1,0.1,0.1,0.6,0.1,0.5,-0.6931471805599453,0.5,0.5341091951079324,0,0,0.2631578947368421
20,1,10011.jpg,1,0,0,1,1,0,35,0.1,0.1,0.1,0.6,0.1,0.5,-0.6931471805599453,0.5,0.5268878985856753,0,1,0.3
21,1,01010.jpg,0,1,0,1,0,0,35,0.1,0.1,0.1,0.6,0.1,0.5,-0.6931471805599453,0.5,0.5105761491601211,0,1,0.3333333333333333
22,1,01100.jpg,0,1,1,0,0,0,35,0.1,0.1,0.1,0.6,0.1,0.5,-0.6931471805599453,0.5,0.4773058600397514,1,0,0.3181818181818182
23,1,10100.jpg,1,0,1,0,0,1,35,0.1,0.1,0.1,0.6,0.1,0.5,-0.6931471805599453,0.5,0.48912497183707854,0,0,0.30434782608695654
24,1,11011.jpg,1,1,0,1,1,0,35,0.1,0.1,0.1,0.6,0.1,0.5,-0.6931471805599453,0.5,0.515852188230233,0,1,0.3333333333333333
25,1,01110.jpg,0,1,1,1,0,0,35,0.1,0.1,0.1,0.6,0.1,0.5,-0.6931471805599453,0.5,0.5120578259248774,1,0,0.32
26,1,00011.jpg,0,0,0,1,1,0,35,0.1,0.1,0.1,0.6,0.1,0.5,-0.6931471805599453,0.5,0.49313491576139623,0,1,0.34615384615384615
27,1,11000.jpg,1,1,0,0,0,0,35,0.1,0.1,0.1,0.6,0.1,0.5,-0.6931471805599453,0.5,0.49410802666644166,1,0,0.3333333333333333
28,1,10000.jpg,1,0,0,0,0,0,35,0.1,0.1,0.1,0.6,0.1,0.5,-0.6931471805599453,0.5,0.4915417385960078,1,0,0.32142857142857145
29,1,11010.jpg,1,1,0,1,0,0,35,0.1,0.1,0.1,0.6,0.1,0.5,-0.6931471805599453,0.5,0.513196999510383,1,0,0.3103448275862069
30,1,00000.jpg,0,0,0,0,0,0,35,0.1,0.1,0.1,0.6,0.1,0.5,-0.6931471805599453,0.5,0.4733321145183105,0,1,0.3333333333333333
31,1,11100.jpg,1,1,1,0,0,1,35,0.1,0.1,0.1,0.6,0.1,0.5,-0.6931471805599453,0.5,0.5038090562376231,0,0,0.3225806451612903
32,1,10101.jpg,1,0,1,0,1,1,35,0.1,0.1,0.1,0.6,0.1,0.5,-0.6931471805599453,0.5,0.5090909502425143,1,1,0.34375
33,2,01010.jpg,0,1,0,1,0,0,35,0.1,0.1,0.1,0.6,0.1,0.5,-0.6931471805599453,0.5,0.48326975593754523,0,1,0.36363636363636365
34,2,10011.jpg,1,0,0,1,1,0,35,0.1,0.1,0.1,0.6,0.1,0.5,-0.6931471805599453,0.5,0.4988807643219975,0,1,0.38235294117647056
35,2,01011.jpg,0,1,0,1,1,0,35,0.1,0.1,0.1,0.6,0.1,0.5,-0.6931471805599453,0.5,0.4802571721191178,1,0,0.37142857142857144
36,2,10101.jpg,1,0,1,0,1,1,35,0.1,0.1,0.1,0.6,0.1,0.5,-0.6931471805599453,0.5,0.5211279083093989,1,1,0.3888888888888889
37,2,11100.jpg,1,1,1,0,0,1,35,0.1,0.1,0.1,0.6,0.1,0.5,-0.6931471805599453,0.5,0.5237097528636457,0,0,0.3783783783783784
38,2,10010.jpg,1,0,0,1,0,0,35,0.1,0.1,0.1,0.6,0.1,0.5,-0.6931471805599453,0.5,0.4881269566046656,0,1,0.39473684210526316
39,2,10000.jpg,1,0,0,0,0,0,35,0.1,0.1,0.1,0.6,0.1,0.5,-0.6931471805599453,0.5,0.5116767012733994,1,0,0.38461538461538464
40,2,01100.jpg,0,1,1,0,0,0,35,0.1,0.1,0.1,0.6,0.1,0.5,-0.6931471805599453,0.5,0.5122806358812965,0,1,0.4
41,2,00011.jpg,0,0,0,1,1,0,35,0.1,0.1,0.1,0.6,0.1,0.5,-0.6931471805599453,0.5,0.47357568664340294,0,1,0.4146341463414634
42,2,01000.jpg,0,1,0,0,0,0,35,0.1,0.1,0.1,0.6,0.1,0.5,-0.6931471805599453,0.5,0.4939862189066683,0,1,0.42857142857142855
43,2,10100.jpg,1,0,1,0,0,1,35,0.1,0.1,0.1,0.6,0.1,0.5,-0.6931471805599453,0.5,0.5261877341965675,0,0,0.4186046511627907
44,2,00110.jpg,0,0,1,1,0,0,35,0.1,0.1,0.1,0.6,0.1,0.5,-0.6931471805599453,0.5,0.48873150932980514,1,0,0.4090909090909091
45,2,00000.jpg,0,0,0,0,0,0,35,0.1,0.1,0.1,0.6,0.1,0.5,-0.6931471805599453,0.5,0.4967968163187491,0,1,0.4222222222222222
46,2,10110.jpg,1,0,1,1,0,1,35,0.1,0.1,0.1,0.6,0.1,0.5,-0.6931471805599453,0.5,0.5046066647161049,0,0,0.41304347826086957
47,2,11101.jpg,1,1,1,0,1,1,35,0.1,0.1,0.1,0.6,0.1,0.5,-0.6931471805599453,0.5,0.5246423023787978,1,1,0.425531914893617
48,2,11011.jpg,1,1,0,1,1,0,35,0.1,0.1,0.1,0.6,0.1,0.5,-0.6931471805599453,0.5,0.4883940209858596,1,0,0.4166666666666667
49,2,01001.jpg,0,1,0,0,1,0,35,0.1,0.1,0.1,0.6,0.1,0.5,-0.6931471805599453,0.5,0.49447041481005066,0,1,0.42857142857142855
50,2,01111.jpg,0,1,1,1,1,0,35,0.1,0.1,0.1,0.6,0.1,0.5,-0.6931471805599453,0.5,0.48896185087340216,0,1,0.44
51,2,10001.jpg,1,0,0,0,1,0,35,0.1,0.1,0.1,0.6,0.1,0.5,-0.6931471805599453,0.5,0.511458674507203,1,0,0.43137254901960786
52,2,00010.jpg,0,0,0,1,0,0,35,0.1,0.1,0.1,0.6,0.1,0.5,-0.6931471805599453,0.5,0.4734513307535774,1,0,0.4230769230769231
53,2,11000.jpg,1,1,0,0,0,0,35,0.1,0.1,0.1,0.6,0.1,0.5,-0.6931471805599453,0.5,0.5104394838184414,1,0,0.41509433962264153
54,2,00100.jpg,0,0,1,0,0,0,35,0.1,0.1,0.1,0.6,0.1,0.5,-0.6931471805599453,0.5,0.511557731407857,1,0,0.4074074074074074
55,2,00001.jpg,0,0,0,0,1,0,35,0.1,0.1,0.1,0.6,0.1,0.5,-0.6931471805599453,0.5,0.49269086241451787,1,0,0.4
56,2,10111.jpg,1,0,1,1,1,1,35,0.1,0.1,0.1,0.6,0.1,0.5,-0.6931471805599453,0.5,0.5083524521551752,1,1,0.4107142857142857
57,2,11111.jpg,1,1,1,1,1,1,35,0.1,0.1,0.1,0.6,0.1,0.5,-0.6931471805599453,0.5,0.5112686253805064,0,0,0.40350877192982454
58,2,01101.jpg,0,1,1,0,1,0,35,0.1,0.1,0.1,0.6,0.1,0.5,-0.6931471805599453,0.5,0.5035612062767504,0,1,0.41379310344827586
59,2,00111.jpg,0,0,1,1,1,0,35,0.1,0.1,0.1,0.6,0.1,0.5,-0.6931471805599453,0.5,0.49942095987041685,1,0,0.4067796610169492
60,2,11010.jpg,1,1,0,1,0,0,35,0.1,0.1,0.1,0.6,0.1,0.5,-0.6931471805599453,0.5,0.49675799561089656,0,1,0.4166666666666667
61,2,00101.jpg,0,0,1,0,1,0,35,0.1,0.1,0.1,0.6,0.1,0.5,-0.6931471805599453,0.5,0.5041170274260892,0,1,0.4262295081967213
62,2,11001.jpg,1,1,0,0,1,0,35,0.1,0.1,0.1,0.6,0.1,0.5,-0.6931471805599453,0.5,0.5026846076917733,0,1,0.43548387096774194
63,2,01110.jpg,0,1,1,1,0,0,35,0.1,0.1,0.1,0.6,0.1,0.5,-0.6931471805599453,0.5,0.49774599209881876,1,0,0.42857142857142855
64,2,11110.jpg,1,1,1,1,0,1,35,0.1,0.1,0.1,0.6,0.1,0.5,-0.6931471805599453,0.5,0.5131199812714814,1,1,0.4375
65,3,01101.jpg,0,1,1,0,1,0,35,0.1,0.1,0.1,0.6,0.1,0.5,-0.6931471805599453,0.5,0.4997917100658266,1,0,0.4307692307692308
66,3,01100.jpg,0,1,1,0,0,0,35,0.1,0.1,0.1,0.6,0.1,0.5,-0.6931471805599453,0.5,0.4987427438004109,0,1,0.4393939393939394
67,3,11110.jpg,1,1,1,1,0,1,35,0.1,0.1,0.1,0.6,0.1,0.5,-0.6931471805599453,0.5,0.5177247021668905,1,1,0.44776119402985076
68,3,11000.jpg,1,1,0,0,0,0,35,0.1,0.1,0.1,0.6,0.1,0.5,-0.6931471805599453,0.5,0.49704137989976,0,1,0.45588235294117646
69,3,10100.jpg,1,0,1,0,0,1,35,0.1,0.1,0.1,0.6,0.1,0.5,-0.6931471805599453,0.5,0.512218671175368,0,0,0.4492753623188406
70,3,00011.jpg,0,0,0,1,1,0,35,0.1,0.1,0.1,0.6,0.1,0.5,-0.6931471805599453,0.5,0.4852946335391798,1,0,0.44285714285714284
71,3,10001.jpg,1,0,0,0,1,0,35,0.1,0.1,0.1,0.6,0.1,0.5,-0.6931471805599453,0.5,0.4983817126211109,1,0,0.43661971830985913
72,3,00111.jpg,0,0,1,1,1,0,35,0.1,0.1,0.1,0.6,0.1,0.5,-0.6931471805599453,0.5,0.5010403609212859,1,0,0.4305555555555556
73,3,10011.jpg,1,0,0,1,1,0,35,0.1,0.1,0.1,0.6,0.1,0.5,-0.6931471805599453,0.5,0.5002959680530861,0,1,0.4383561643835616
74,3,11001.jpg,1,1,0,0,1,0,35,0.1,0.1,0.1,0.6,0.1,0.5,-0.6931471805599453,0.5,0.4980775913537149,1,0,0.43243243243243246
75,3,01110.jpg,0,1,1,1,0,0,35,0.1,0.1,0.1,0.6,0.1,0.5,-0.6931471805599453,0.5,0.5026683925736777,1,0,0.4266666666666667
76,3,00100.jpg,0,0,1,0,0,0,35,0.1,0.1,0.1,0.6,0.1,0.5,-0.6931471805599453,0.5,0.5005073629041791,0,1,0.4342105263157895
77,3,10110.jpg,1,0,1,1,0,1,35,0.1,0.1,0.1,0.6,0.1,0.5,-0.6931471805599453,0.5,0.5182161081399722,0,0,0.42857142857142855
78,3,01011.jpg,0,1,0,1,1,0,35,0.1,0.1,0.1,0.6,0.1,0.5,-0.6931471805599453,0.5,0.48549075454380636,0,1,0.4358974358974359
79,3,00001.jpg,0,0,0,0,1,0,35,0.1,0.1,0.1,0.6,0.1,0.5,-0.6931471805599453,0.5,0.4804009799342536,0,1,0.4430379746835443
80,3,11010.jpg,1,1,0,1,0,0,35,0.1,0.1,0.1,0.6,0.1,0.5,-0.6931471805599453,0.5,0.5044563800608449,0,1,0.45
81,3,10000.jpg,1,0,0,0,0,0,35,0.1,0.1,0.1,0.6,0.1,0.5,-0.6931471805599453,0.5,0.49897231407898307,1,0,0.4444444444444444
82,3,01001.jpg,0,1,0,0,1,0,35,0.1,0.1,0.1,0.6,0.1,0.5,-0.6931471805599453,0.5,0.47901095160829044,1,0,0.43902439024390244
83,3,00010.jpg,0,0,0,1,0,0,35,0.1,0.1,0.1,0.6,0.1,0.5,-0.6931471805599453,0.5,0.4888986348041636,0,1,0.4457831325301205
84,3,00000.jpg,0,0,0,0,0,0,35,0.1,0.1,0.1,0.6,0.1,0.5,-0.6931471805599453,0.5,0.4818244661079309,0,1,0.4523809523809524
85,3,10111.jpg,1,0,1,1,1,1,35,0.1,0.1,0.1,0.6,0.1,0.5,-0.6931471805599453,0.5,0.5193863805397718,0,0,0.4470588235294118
86,3,11111.jpg,1,1,1,1,1,1,35,0.1,0.1,0.1,0.6,0.1,0.5,-0.6931471805599453,0.5,0.5208643959944622,1,1,0.45348837209302323
87,3,11100.jpg,1,1,1,0,0,1,35,0.1,0.1,0.1,0.6,0.1,0.5,-0.6931471805599453,0.5,0.5096813739077114,1,1,0.45977011494252873
88,3,01010.jpg,0,1,0,1,0,0,35,0.1,0.1,0.1,0.6,0.1,0.5,-0.6931471805599453,0.5,0.4889669605003907,1,0,0.45454545454545453
89,3,01000.jpg,0,1,0,0,0,0,35,0.1,0.1,0.1,0.6,0.1,0.5,-0.6931471805599453,0.5,0.4792694875230982,0,1,0.4606741573033708
90,3,10010.jpg,1,0,0,1,0,0,35,0.1,0.1,0.1,0.6,0.1,0.5,-0.6931471805599453,0.5,0.5051590241543849,0,1,0.4666666666666667
91,3,01111.jpg,0,1,1,1,1,0,35,0.1,0.1,0.1,0.6,0.1,0.5,-0.6931471805599453,0.5,0.504356306544219,0,1,0.4725274725274725
92,3,00101.jpg,0,0,1,0,1,0,35,0.1,0.1,0.1,0.6,0.1,0.5,-0.6931471805599453,0.5,0.4956128756734114,0,1,0.4782608695652174
93,3,11011.jpg,1,1,0,1,1,0,35,0.1,0.1,0.1,0.6,0.1,0.5,-0.6931471805599453,0.5,0.5037701157503722,1,0,0.4731182795698925
94,3,00110.jpg,0,0,1,1,0,0,35,0.1,0.1,0.1,0.6,0.1,0.5,-0.6931471805599453,0.5,0.5045741822761737,1,0,0.46808510638297873
95,3,10101.jpg,1,0,1,0,1,1,35,0.1,0.1,0.1,0.6,0.1,0.5,-0.6931471805599453,0.5,0.5125256612193151,0,0,0.4631578947368421
96,3,11101.jpg,1,1,1,0,1,1,35,0.1,0.1,0.1,0.6,0.1,0.5,-0.6931471805599453,0.5,0.5143331138647734,1,1,0.46875
1,1,11101.jpg,1,1,1,0,1,1,36,0.1,0.1,0.1,0.6,0.1,1,0,0.5,0.5,1,1,1
2,1,11111.jpg,1,1,1,1,1,1,36,0.1,0.1,0.1,0.6,0.1,1,0,0.5,0.5,0,0,0.5
3,1,00001.jpg,0,0,0,0,1,0,36,0.1,0.1,0.1,0.6,0.1,1,0,0.5,0.5,1,0,0.3333333333333333
4,1,00111.jpg,0,0,1,1,1,0,36,0.1,0.1,0.1,0.6,0.1,1,0,0.5,0.5607830848985649,0,1,0.5
5,1,00101.jpg,0,0,1,0,1,0,36,0.1,0.1,0.1,0.6,0.1,1,0,0.5,0.465905731926561,0,1,0.6
6,1,00100.jpg,0,0,1,0,0,0,36,0.1,0.1,0.1,0.6,0.1,1,0,0.5,0.4366858843930498,0,1,0.6666666666666666
7,1,01001.jpg,0,1,0,0,1,0,36,0.1,0.1,0.1,0.6,0.1,1,0,0.5,0.4653571221833809,1,0,0.5714285714285714
8,1,11110.jpg,1,1,1,1,0,1,36,0.1,0.1,0.1,0.6,0.1,1,0,0.5,0.5963782383698862,0,0,0.5
9,1,01101.jpg,0,1,1,0,1,0,36,0.1,0.1,0.1,0.6,0.1,1,0,0.5,0.4388803444200947,1,0,0.4444444444444444
10,1,00010.jpg,0,0,0,1,0,0,36,0.1,0.1,0.1,0.6,0.1,1,0,0.5,0.5330258884329735,1,0,0.4
11,1,10110.jpg,1,0,1,1,0,1,36,0.1,0.1,0.1,0.6,0.1,1,0,0.5,0.5738978197125608,0,0,0.36363636363636365
12,1,01000.jpg,0,1,0,0,0,0,36,0.1,0.1,0.1,0.6,0.1,1,0,0.5,0.4119201755793295,0,1,0.4166666666666667
13,1,10001.jpg,1,0,0,0,1,0,36,0.1,0.1,0.1,0.6,0.1,1,0,0.5,0.42859207140097283,1,0,0.38461538461538464
14,1,01011.jpg,0,1,0,1,1,0,36,0.1,0.1,0.1,0.6,0.1,1,0,0.5,0.5475472717525266,0,1,0.42857142857142855
15,1,11001.jpg,1,1,0,0,1,0,36,0.1,0.1,0.1,0.6,0.1,1,0,0.5,0.4468161886866632,1,0,0.4
16,1,10010.jpg,1,0,0,1,0,0,36,0.1,0.1,0.1,0.6,0.1,1,0,0.5,0.5739189464132128,1,0,0.375
17,1,01111.jpg,0,1,1,1,1,0,36,0.1,0.1,0.1,0.6,0.1,1,0,0.5,0.5604505701659129,1,0,0.35294117647058826
18,1,00110.jpg,0,0,1,1,0,0,36,0.1,0.1,0.1,0.6,0.1,1,0,0.5,0.5458741380965875,1,0,0.3333333333333333
19,1,10111.jpg,1,0,1,1,1,1,36,0.1,0.1,0.1,0.6,0.1,1,0,0.5,0.5653878860787228,0,0,0.3157894736842105
20,1,10011.jpg,1,0,0,1,1,0,36,0.1,0.1,0.1,0.6,0.1,1,0,0.5,0.5513835542155522,0,1,0.35
21,1,01010.jpg,0,1,0,1,0,0,36,0.1,0.1,0.1,0.6,0.1,1,0,0.5,0.5186437250258789,0,1,0.38095238095238093
22,1,01100.jpg,0,1,1,0,0,0,36,0.1,0.1,0.1,0.6,0.1,1,0,0.5,0.4532376118137287,1,0,0.36363636363636365
23,1,10100.jpg,1,0,1,0,0,1,36,0.1,0.1,0.1,0.6,0.1,1,0,0.5,0.4760186586652208,0,0,0.34782608695652173
24,1,11011.jpg,1,1,0,1,1,0,36,0.1,0.1,0.1,0.6,0.1,1,0,0.5,0.5307001789373628,0,1,0.375
25,1,01110.jpg,0,1,1,1,0,0,36,0.1,0.1,0.1,0.6,0.1,1,0,0.5,0.5230219580403555,1,0,0.36
26,1,00011.jpg,0,0,0,1,1,0,36,0.1,0.1,0.1,0.6,0.1,1,0,0.5,0.48553071696599465,0,1,0.38461538461538464
27,1,11000.jpg,1,1,0,0,0,0,36,0.1,0.1,0.1,0.6,0.1,1,0,0.5,0.487891205701895,1,0,0.37037037037037035
28,1,10000.jpg,1,0,0,0,0,0,36,0.1,0.1,0.1,0.6,0.1,1,0,0.5,0.483217744687729,1,0,0.35714285714285715
29,1,11010.jpg,1,1,0,1,0,0,36,0.1,0.1,0.1,0.6,0.1,1,0,0.5,0.5252971275888618,1,0,0.3448275862068966
30,1,00000.jpg,0,0,0,0,0,0,36,0.1,0.1,0.1,0.6,0.1,1,0,0.5,0.4470622160621781,0,1,0.36666666666666664
31,1,11100.jpg,1,1,1,0,0,1,36,0.1,0.1,0.1,0.6,0.1,1,0,0.5,0.5072235439503995,0,0,0.3548387096774194
32,1,10101.jpg,1,0,1,0,1,1,36,0.1,0.1,0.1,0.6,0.1,1,0,0.5,0.51744751110115,1,1,0.375
33,2,01010.jpg,0,1,0,1,0,0,36,0.1,0.1,0.1,0.6,0.1,1,0,0.5,0.4664364319835306,0,1,0.3939393939393939
34,2,10011.jpg,1,0,0,1,1,0,36,0.1,0.1,0.1,0.6,0.1,1,0,0.5,0.49755621829591884,0,1,0.4117647058823529
35,2,01011.jpg,0,1,0,1,1,0,36,0.1,0.1,0.1,0.6,0.1,1,0,0.5,0.46057812329557046,1,0,0.4
36,2,10101.jpg,1,0,1,0,1,1,36,0.1,0.1,0.1,0.6,0.1,1,0,0.5,0.5417700979643039,1,1,0.4166666666666667
37,2,11100.jpg,1,1,1,0,0,1,36,0.1,0.1,0.1,0.6,0.1,1,0,0.5,0.546422906265964,0,0,0.40540540540540543
38,2,10010.jpg,1,0,0,1,0,0,36,0.1,0.1,0.1,0.6,0.1,1,0,0.5,0.4762071521716194,0,1,0.42105263157894735
39,2,10000.jpg,1,0,0,0,0,0,36,0.1,0.1,0.1,0.6,0.1,1,0,0.5,0.522422059265608,1,0,0.41025641025641024
40,2,01100.jpg,0,1,1,0,0,0,36,0.1,0.1,0.1,0.6,0.1,1,0,0.5,0.5234921372165293,0,1,0.425
41,2,00011.jpg,0,0,0,1,1,0,36,0.1,0.1,0.1,0.6,0.1,1,0,0.5,0.44720546924445603,0,1,0.43902439024390244
42,2,01000.jpg,0,1,0,0,0,0,36,0.1,0.1,0.1,0.6,0.1,1,0,0.5,0.4872944428781505,0,1,0.4523809523809524
43,2,10100.jpg,1,0,1,0,0,1,36,0.1,0.1,0.1,0.6,0.1,1,0,0.5,0.5511383923967595,1,1,0.46511627906976744
44,2,00110.jpg,0,0,1,1,0,0,36,0.1,0.1,0.1,0.6,0.1,1,0,0.5,0.47736980205950497,1,0,0.45454545454545453
45,2,00000.jpg,0,0,0,0,0,0,36,0.1,0.1,0.1,0.6,0.1,1,0,0.5,0.49287294447628127,0,1,0.4666666666666667
46,2,10110.jpg,1,0,1,1,0,1,36,0.1,0.1,0.1,0.6,0.1,1,0,0.5,0.5090032710623007,0,0,0.45652173913043476
47,2,11101.jpg,1,1,1,0,1,1,36,0.1,0.1,0.1,0.6,0.1,1,0,0.5,0.5487233179572207,1,1,0.46808510638297873
48,2,11011.jpg,1,1,0,1,1,0,36,0.1,0.1,0.1,0.6,0.1,1,0,0.5,0.4760795672799271,1,0,0.4583333333333333
49,2,01001.jpg,0,1,0,0,1,0,36,0.1,0.1,0.1,0.6,0.1,1,0,0.5,0.48859555624910034,0,1,0.46938775510204084
50,2,01111.jpg,0,1,1,1,1,0,36,0.1,0.1,0.1,0.6,0.1,1,0,0.5,0.4774951186663632,0,1,0.48
51,2,10001.jpg,1,0,0,0,1,0,36,0.1,0.1,0.1,0.6,0.1,1,0,0.5,0.5221471201441314,1,0,0.47058823529411764
52,2,00010.jpg,0,0,0,1,0,0,36,0.1,0.1,0.1,0.6,0.1,1,0,0.5,0.44774727455491126,1,0,0.46153846153846156
53,2,11000.jpg,1,1,0,0,0,0,36,0.1,0.1,0.1,0.6,0.1,1,0,0.5,0.5196896122304226,1,0,0.4528301886792453
54,2,00100.jpg,0,0,1,0,0,0,36,0.1,0.1,0.1,0.6,0.1,1,0,0.5,0.521777109137356,1,0,0.4444444444444444
55,2,00001.jpg,0,0,0,0,1,0,36,0.1,0.1,0.1,0.6,0.1,1,0,0.5,0.48492154453441394,1,0,0.43636363636363634
56,2,10111.jpg,1,0,1,1,1,1,36,0.1,0.1,0.1,0.6,0.1,1,0,0.5,0.5164504280474357,1,1,0.44642857142857145
57,2,11111.jpg,1,1,1,1,1,1,36,0.1,0.1,0.1,0.6,0.1,1,0,0.5,0.5220021181414954,0,0,0.43859649122807015
58,2,01101.jpg,0,1,1,0,1,0,36,0.1,0.1,0.1,0.6,0.1,1,0,0.5,0.5067910304567271,0,1,0.4482758620689655
59,2,00111.jpg,0,0,1,1,1,0,36,0.1,0.1,0.1,0.6,0.1,1,0,0.5,0.49873598261224716,1,0,0.4406779661016949
60,2,11010.jpg,1,1,0,1,0,0,36,0.1,0.1,0.1,0.6,0.1,1,0,0.5,0.49318790877515284,0,1,0.45
61,2,00101.jpg,0,0,1,0,1,0,36,0.1,0.1,0.1,0.6,0.1,1,0,0.5,0.5075258920172451,0,1,0.45901639344262296
62,2,11001.jpg,1,1,0,0,1,0,36,0.1,0.1,0.1,0.6,0.1,1,0,0.5,0.5051244659309782,0,1,0.46774193548387094
63,2,01110.jpg,0,1,1,1,0,0,36,0.1,0.1,0.1,0.6,0.1,1,0,0.5,0.4950465402175906,1,0,0.4603174603174603
64,2,11110.jpg,1,1,1,1,0,1,36,0.1,0.1,0.1,0.6,0.1,1,0,0.5,0.5258746756735672,1,1,0.46875
65,3,01101.jpg,0,1,1,0,1,0,36,0.1,0.1,0.1,0.6,0.1,1,0,0.5,0.49916736087939584,1,0,0.46153846153846156
66,3,01100.jpg,0,1,1,0,0,0,36,0.1,0.1,0.1,0.6,0.1,1,0,0.5,0.49703960846599493,0,1,0.4696969696969697
67,3,11110.jpg,1,1,1,1,0,1,36,0.1,0.1,0.1,0.6,0.1,1,0,0.5,0.5353258620957461,1,1,0.47761194029850745
68,3,11000.jpg,1,1,0,0,0,0,36,0.1,0.1,0.1,0.6,0.1,1,0,0.5,0.4937127867474855,0,1,0.4852941176470588
69,3,10100.jpg,1,0,1,0,0,1,36,0.1,0.1,0.1,0.6,0.1,1,0,0.5,0.5244903817574629,0,0,0.4782608695652174
70,3,00011.jpg,0,0,0,1,1,0,36,0.1,0.1,0.1,0.6,0.1,1,0,0.5,0.4700001404413629,1,0,0.4714285714285714
71,3,10001.jpg,1,0,0,0,1,0,36,0.1,0.1,0.1,0.6,0.1,1,0,0.5,0.4968421123095469,1,0,0.4647887323943662
72,3,00111.jpg,0,0,1,1,1,0,36,0.1,0.1,0.1,0.6,0.1,1,0,0.5,0.5012707257555667,1,0,0.4583333333333333
73,3,10011.jpg,1,0,0,1,1,0,36,0.1,0.1,0.1,0.6,0.1,1,0,0.5,0.4997983524969996,1,0,0.4520547945205479
74,3,11001.jpg,1,1,0,0,1,0,36,0.1,0.1,0.1,0.6,0.1,1,0,0.5,0.49556038897215837,1,0,0.44594594594594594
75,3,01110.jpg,0,1,1,1,0,0,36,0.1,0.1,0.1,0.6,0.1,1,0,0.5,0.5052289208051097,1,0,0.44
76,3,00100.jpg,0,0,1,0,0,0,36,0.1,0.1,0.1,0.6,0.1,1,0,0.5,0.501076450201074,0,1,0.4473684210526316
77,3,10110.jpg,1,0,1,1,0,1,36,0.1,0.1,0.1,0.6,0.1,1,0,0.5,0.5360660375511533,0,0,0.44155844155844154
78,3,01011.jpg,0,1,0,1,1,0,36,0.1,0.1,0.1,0.6,0.1,1,0,0.5,0.4707432463636421,0,1,0.44871794871794873
79,3,00001.jpg,0,0,0,0,1,0,36,0.1,0.1,0.1,0.6,0.1,1,0,0.5,0.46128185468056837,0,1,0.45569620253164556
80,3,11010.jpg,1,1,0,1,0,0,36,0.1,0.1,0.1,0.6,0.1,1,0,0.5,0.5087097185304601,0,1,0.4625
81,3,10000.jpg,1,0,0,0,0,0,36,0.1,0.1,0.1,0.6,0.1,1,0,0.5,0.49769104360037636,1,0,0.4567901234567901
82,3,01001.jpg,0,1,0,0,1,0,36,0.1,0.1,0.1,0.6,0.1,1,0,0.5,0.4582420155414524,1,0,0.45121951219512196
83,3,00010.jpg,0,0,0,1,0,0,36,0.1,0.1,0.1,0.6,0.1,1,0,0.5,0.47749089204500184,0,1,0.4578313253012048
84,3,00000.jpg,0,0,0,0,0,0,36,0.1,0.1,0.1,0.6,0.1,1,0,0.5,0.46388329115761273,0,1,0.4642857142857143
85,3,10111.jpg,1,0,1,1,1,1,36,0.1,0.1,0.1,0.6,0.1,1,0,0.5,0.5382411458231504,0,0,0.4588235294117647
86,3,11111.jpg,1,1,1,1,1,1,36,0.1,0.1,0.1,0.6,0.1,1,0,0.5,0.5413361758772751,1,1,0.46511627906976744
87,3,11100.jpg,1,1,1,0,0,1,36,0.1,0.1,0.1,0.6,0.1,1,0,0.5,0.519264901190379,1,1,0.47126436781609193
88,3,01010.jpg,0,1,0,1,0,0,36,0.1,0.1,0.1,0.6,0.1,1,0,0.5,0.47739940522528274,1,0,0.4659090909090909
89,3,01000.jpg,0,1,0,0,0,0,36,0.1,0.1,0.1,0.6,0.1,1,0,0.5,0.45892491997246765,0,1,0.47191011235955055
90,3,10010.jpg,1,0,0,1,0,0,36,0.1,0.1,0.1,0.6,0.1,1,0,0.5,0.509578159945988,0,1,0.4777777777777778
91,3,01111.jpg,0,1,1,1,1,0,36,0.1,0.1,0.1,0.6,0.1,1,0,0.5,0.5083003599930159,0,1,0.4835164835164835
92,3,00101.jpg,0,0,1,0,1,0,36,0.1,0.1,0.1,0.6,0.1,1,0,0.5,0.49089063978495795,0,1,0.4891304347826087
93,3,11011.jpg,1,1,0,1,1,0,36,0.1,0.1,0.1,0.6,0.1,1,0,0.5,0.5071373792306869,1,0,0.4838709677419355
94,3,00110.jpg,0,0,1,1,0,0,36,0.1,0.1,0.1,0.6,0.1,1,0,0.5,0.5084920068953949,1,0,0.4787234042553192
95,3,10101.jpg,1,0,1,0,1,1,36,0.1,0.1,0.1,0.6,0.1,1,0,0.5,0.5248176977431829,1,1,0.4842105263157895
96,3,11101.jpg,1,1,1,0,1,1,36,0.1,0.1,0.1,0.6,0.1,1,0,0.5,0.5283813510168748,1,1,0.4895833333333333
1,1,11101.jpg,1,1,1,0,1,1,37,0.1,0.1,0.1,0.6,0.1,1,0,0.5,0.5,1,1,1
2,1,11111.jpg,1,1,1,1,1,1,37,0.1,0.1,0.1,0.6,0.1,1,0,0.5,0.5,0,0,0.5
3,1,00001.jpg,0,0,0,0,1,0,37,0.1,0.1,0.1,0.6,0.1,1,0,0.5,0.5,1,0,0.3333333333333333
4,1,00111.jpg,0,0,1,1,1,0,37,0.1,0.1,0.1,0.6,0.1,1,0,0.5,0.5607830848985649,0,1,0.5
5,1,00101.jpg,0,0,1,0,1,0,37,0.1,0.1,0.1,0.6,0.1,1,0,0.5,0.465905731926561,0,1,0.6
6,1,00100.jpg,0,0,1,0,0,0,37,0.1,0.1,0.1,0.6,0.1,1,0,0.5,0.4366858843930498,0,1,0.6666666666666666
7,1,01001.jpg,0,1,0,0,1,0,37,0.1,0.1,0.1,0.6,0.1,1,0,0.5,0.4653571221833809,1,0,0.5714285714285714
8,1,11110.jpg,1,1,1,1,0,1,37,0.1,0.1,0.1,0.6,0.1,1,0,0.5,0.5963782383698862,0,0,0.5
9,1,01101.jpg,0,1,1,0,1,0,37,0.1,0.1,0.1,0.6,0.1,1,0,0.5,0.4388803444200947,1,0,0.4444444444444444
10,1,00010.jpg,0,0,0,1,0,0,37,0.1,0.1,0.1,0.6,0.1,1,0,0.5,0.5330258884329735,1,0,0.4
11,1,10110.jpg,1,0,1,1,0,1,37,0.1,0.1,0.1,0.6,0.1,1,0,0.5,0.5738978197125608,0,0,0.36363636363636365
12,1,01000.jpg,0,1,0,0,0,0,37,0.1,0.1,0.1,0.6,0.1,1,0,0.5,0.4119201755793295,0,1,0.4166666666666667
13,1,10001.jpg,1,0,0,0,1,0,37,0.1,0.1,0.1,0.6,0.1,1,0,0.5,0.42859207140097283,1,0,0.38461538461538464
14,1,01011.jpg,0,1,0,1,1,0,37,0.1,0.1,0.1,0.6,0.1,1,0,0.5,0.5475472717525266,0,1,0.42857142857142855
15,1,11001.jpg,1,1,0,0,1,0,37,0.1,0.1,0.1,0.6,0.1,1,0,0.5,0.4468161886866632,1,0,0.4
16,1,10010.jpg,1,0,0,1,0,0,37,0.1,0.1,0.1,0.6,0.1,1,0,0.5,0.5739189464132128,1,0,0.375
17,1,01111.jpg,0,1,1,1,1,0,37,0.1,0.1,0.1,0.6,0.1,1,0,0.5,0.5604505701659129,1,0,0.35294117647058826
18,1,00110.jpg,0,0,1,1,0,0,37,0.1,0.1,0.1,0.6,0.1,1,0,0.5,0.5458741380965875,1,0,0.3333333333333333
19,1,10111.jpg,1,0,1,1,1,1,37,0.1,0.1,0.1,0.6,0.1,1,0,0.5,0.5653878860787228,0,0,0.3157894736842105
20,1,10011.jpg,1,0,0,1,1,0,37,0.1,0.1,0.1,0.6,0.1,1,0,0.5,0.5513835542155522,0,1,0.35
21,1,01010.jpg,0,1,0,1,0,0,37,0.1,0.1,0.1,0.6,0.1,1,0,0.5,0.5186437250258789,0,1,0.38095238095238093
22,1,01100.jpg,0,1,1,0,0,0,37,0.1,0.1,0.1,0.6,0.1,1,0,0.5,0.4532376118137287,1,0,0.36363636363636365
23,1,10100.jpg,1,0,1,0,0,1,37,0.1,0.1,0.1,0.6,0.1,1,0,0.5,0.4760186586652208,0,0,0.34782608695652173
24,1,11011.jpg,1,1,0,1,1,0,37,0.1,0.1,0.1,0.6,0.1,1,0,0.5,0.5307001789373628,0,1,0.375
25,1,01110.jpg,0,1,1,1,0,0,37,0.1,0.1,0.1,0.6,0.1,1,0,0.5,0.5230219580403555,1,0,0.36
26,1,00011.jpg,0,0,0,1,1,0,37,0.1,0.1,0.1,0.6,0.1,1,0,0.5,0.48553071696599465,0,1,0.38461538461538464
27,1,11000.jpg,1,1,0,0,0,0,37,0.1,0.1,0.1,0.6,0.1,1,0,0.5,0.487891205701895,1,0,0.37037037037037035
28,1,10000.jpg,1,0,0,0,0,0,37,0.1,0.1,0.1,0.6,0.1,1,0,0.5,0.483217744687729,1,0,0.35714285714285715
29,1,11010.jpg,1,1,0,1,0,0,37,0.1,0.1,0.1,0.6,0.1,1,0,0.5,0.5252971275888618,1,0,0.3448275862068966
30,1,00000.jpg,0,0,0,0,0,0,37,0.1,0.1,0.1,0.6,0.1,1,0,0.5,0.4470622160621781,0,1,0.36666666666666664
31,1,11100.jpg,1,1,1,0,0,1,37,0.1,0.1,0.1,0.6,0.1,1,0,0.5,0.5072235439503995,0,0,0.3548387096774194
32,1,10101.jpg,1,0,1,0,1,1,37,0.1,0.1,0.1,0.6,0.1,1,0,0.5,0.51744751110115,1,1,0.375
33,2,01010.jpg,0,1,0,1,0,0,37,0.1,0.1,0.1,0.6,0.1,1,0,0.5,0.4664364319835306,0,1,0.3939393939393939
34,2,10011.jpg,1,0,0,1,1,0,37,0.1,0.1,0.1,0.6,0.1,1,0,0.5,0.49755621829591884,0,1,0.4117647058823529
35,2,01011.jpg,0,1,0,1,1,0,37,0.1,0.1,0.1,0.6,0.1,1,0,0.5,0.46057812329557046,1,0,0.4
36,2,10101.jpg,1,0,1,0,1,1,37,0.1,0.1,0.1,0.6,0.1,1,0,0.5,0.5417700979643039,1,1,0.4166666666666667
37,2,11100.jpg,1,1,1,0,0,1,37,0.1,0.1,0.1,0.6,0.1,1,0,0.5,0.546422906265964,0,0,0.40540540540540543
38,2,10010.jpg,1,0,0,1,0,0,37,0.1,0.1,0.1,0.6,0.1,1,0,0.5,0.4762071521716194,0,1,0.42105263157894735
39,2,10000.jpg,1,0,0,0,0,0,37,0.1,0.1,0.1,0.6,0.1,1,0,0.5,0.522422059265608,1,0,0.41025641025641024
40,2,01100.jpg,0,1,1,0,0,0,37,0.1,0.1,0.1,0.6,0.1,1,0,0.5,0.5234921372165293,0,1,0.425
41,2,00011.jpg,0,0,0,1,1,0,37,0.1,0.1,0.1,0.6,0.1,1,0,0.5,0.44720546924445603,0,1,0.43902439024390244
42,2,01000.jpg,0,1,0,0,0,0,37,0.1,0.1,0.1,0.6,0.1,1,0,0.5,0.4872944428781505,0,1,0.4523809523809524
43,2,10100.jpg,1,0,1,0,0,1,37,0.1,0.1,0.1,0.6,0.1,1,0,0.5,0.5511383923967595,1,1,0.46511627906976744
44,2,00110.jpg,0,0,1,1,0,0,37,0.1,0.1,0.1,0.6,0.1,1,0,0.5,0.47736980205950497,1,0,0.45454545454545453
45,2,00000.jpg,0,0,0,0,0,0,37,0.1,0.1,0.1,0.6,0.1,1,0,0.5,0.49287294447628127,0,1,0.4666666666666667
46,2,10110.jpg,1,0,1,1,0,1,37,0.1,0.1,0.1,0.6,0.1,1,0,0.5,0.5090032710623007,0,0,0.45652173913043476
47,2,11101.jpg,1,1,1,0,1,1,37,0.1,0.1,0.1,0.6,0.1,1,0,0.5,0.5487233179572207,1,1,0.46808510638297873
48,2,11011.jpg,1,1,0,1,1,0,37,0.1,0.1,0.1,0.6,0.1,1,0,0.5,0.4760795672799271,1,0,0.4583333333333333
49,2,01001.jpg,0,1,0,0,1,0,37,0.1,0.1,0.1,0.6,0.1,1,0,0.5,0.48859555624910034,0,1,0.46938775510204084
50,2,01111.jpg,0,1,1,1,1,0,37,0.1,0.1,0.1,0.6,0.1,1,0,0.5,0.4774951186663632,0,1,0.48
51,2,10001.jpg,1,0,0,0,1,0,37,0.1,0.1,0.1,0.6,0.1,1,0,0.5,0.5221471201441314,1,0,0.47058823529411764
52,2,00010.jpg,0,0,0,1,0,0,37,0.1,0.1,0.1,0.6,0.1,1,0,0.5,0.44774727455491126,1,0,0.46153846153846156
53,2,11000.jpg,1,1,0,0,0,0,37,0.1,0.1,0.1,0.6,0.1,1,0,0.5,0.5196896122304226,1,0,0.4528301886792453
54,2,00100.jpg,0,0,1,0,0,0,37,0.1,0.1,0.1,0.6,0.1,1,0,0.5,0.521777109137356,1,0,0.4444444444444444
55,2,00001.jpg,0,0,0,0,1,0,37,0.1,0.1,0.1,0.6,0.1,1,0,0.5,0.48492154453441394,1,0,0.43636363636363634
56,2,10111.jpg,1,0,1,1,1,1,37,0.1,0.1,0.1,0.6,0.1,1,0,0.5,0.5164504280474357,1,1,0.44642857142857145
57,2,11111.jpg,1,1,1,1,1,1,37,0.1,0.1,0.1,0.6,0.1,1,0,0.5,0.5220021181414954,0,0,0.43859649122807015
58,2,01101.jpg,0,1,1,0,1,0,37,0.1,0.1,0.1,0.6,0.1,1,0,0.5,0.5067910304567271,0,1,0.4482758620689655
59,2,00111.jpg,0,0,1,1,1,0,37,0.1,0.1,0.1,0.6,0.1,1,0,0.5,0.49873598261224716,1,0,0.4406779661016949
60,2,11010.jpg,1,1,0,1,0,0,37,0.1,0.1,0.1,0.6,0.1,1,0,0.5,0.49318790877515284,0,1,0.45
61,2,00101.jpg,0,0,1,0,1,0,37,0.1,0.1,0.1,0.6,0.1,1,0,0.5,0.5075258920172451,0,1,0.45901639344262296
62,2,11001.jpg,1,1,0,0,1,0,37,0.1,0.1,0.1,0.6,0.1,1,0,0.5,0.5051244659309782,0,1,0.46774193548387094
63,2,01110.jpg,0,1,1,1,0,0,37,0.1,0.1,0.1,0.6,0.1,1,0,0.5,0.4950465402175906,1,0,0.4603174603174603
64,2,11110.jpg,1,1,1,1,0,1,37,0.1,0.1,0.1,0.6,0.1,1,0,0.5,0.5258746756735672,1,1,0.46875
65,3,01101.jpg,0,1,1,0,1,0,37,0.1,0.1,0.1,0.6,0.1,1,0,0.5,0.49916736087939584,1,0,0.46153846153846156
66,3,01100.jpg,0,1,1,0,0,0,37,0.1,0.1,0.1,0.6,0.1,1,0,0.5,0.49703960846599493,0,1,0.4696969696969697
67,3,11110.jpg,1,1,1,1,0,1,37,0.1,0.1,0.1,0.6,0.1,1,0,0.5,0.5353258620957461,1,1,0.47761194029850745
68,3,11000.jpg,1,1,0,0,0,0,37,0.1,0.1,0.1,0.6,0.1,1,0,0.5,0.4937127867474855,0,1,0.4852941176470588
69,3,10100.jpg,1,0,1,0,0,1,37,0.1,0.1,0.1,0.6,0.1,1,0,0.5,0.5244903817574629,0,0,0.4782608695652174
70,3,00011.jpg,0,0,0,1,1,0,37,0.1,0.1,0.1,0.6,0.1,1,0,0.5,0.4700001404413629,1,0,0.4714285714285714
71,3,10001.jpg,1,0,0,0,1,0,37,0.1,0.1,0.1,0.6,0.1,1,0,0.5,0.4968421123095469,1,0,0.4647887323943662
72,3,00111.jpg,0,0,1,1,1,0,37,0.1,0.1,0.1,0.6,0.1,1,0,0.5,0.5012707257555667,1,0,0.4583333333333333
73,3,10011.jpg,1,0,0,1,1,0,37,0.1,0.1,0.1,0.6,0.1,1,0,0.5,0.4997983524969996,1,0,0.4520547945205479
74,3,11001.jpg,1,1,0,0,1,0,37,0.1,0.1,0.1,0.6,0.1,1,0,0.5,0.49556038897215837,1,0,0.44594594594594594
75,3,01110.jpg,0,1,1,1,0,0,37,0.1,0.1,0.1,0.6,0.1,1,0,0.5,0.5052289208051097,1,0,0.44
76,3,00100.jpg,0,0,1,0,0,0,37,0.1,0.1,0.1,0.6,0.1,1,0,0.5,0.501076450201074,0,1,0.4473684210526316
77,3,10110.jpg,1,0,1,1,0,1,37,0.1,0.1,0.1,0.6,0.1,1,0,0.5,0.5360660375511533,0,0,0.44155844155844154
78,3,01011.jpg,0,1,0,1,1,0,37,0.1,0.1,0.1,0.6,0.1,1,0,0.5,0.4707432463636421,0,1,0.44871794871794873
79,3,00001.jpg,0,0,0,0,1,0,37,0.1,0.1,0.1,0.6,0.1,1,0,0.5,0.46128185468056837,0,1,0.45569620253164556
80,3,11010.jpg,1,1,0,1,0,0,37,0.1,0.1,0.1,0.6,0.1,1,0,0.5,0.5087097185304601,0,1,0.4625
81,3,10000.jpg,1,0,0,0,0,0,37,0.1,0.1,0.1,0.6,0.1,1,0,0.5,0.49769104360037636,1,0,0.4567901234567901
82,3,01001.jpg,0,1,0,0,1,0,37,0.1,0.1,0.1,0.6,0.1,1,0,0.5,0.4582420155414524,1,0,0.45121951219512196
83,3,00010.jpg,0,0,0,1,0,0,37,0.1,0.1,0.1,0.6,0.1,1,0,0.5,0.47749089204500184,0,1,0.4578313253012048
84,3,00000.jpg,0,0,0,0,0,0,37,0.1,0.1,0.1,0.6,0.1,1,0,0.5,0.46388329115761273,0,1,0.4642857142857143
85,3,10111.jpg,1,0,1,1,1,1,37,0.1,0.1,0.1,0.6,0.1,1,0,0.5,0.5382411458231504,0,0,0.4588235294117647
86,3,11111.jpg,1,1,1,1,1,1,37,0.1,0.1,0.1,0.6,0.1,1,0,0.5,0.5413361758772751,1,1,0.46511627906976744
87,3,11100.jpg,1,1,1,0,0,1,37,0.1,0.1,0.1,0.6,0.1,1,0,0.5,0.519264901190379,1,1,0.47126436781609193
88,3,01010.jpg,0,1,0,1,0,0,37,0.1,0.1,0.1,0.6,0.1,1,0,0.5,0.47739940522528274,1,0,0.4659090909090909
89,3,01000.jpg,0,1,0,0,0,0,37,0.1,0.1,0.1,0.6,0.1,1,0,0.5,0.45892491997246765,0,1,0.47191011235955055
90,3,10010.jpg,1,0,0,1,0,0,37,0.1,0.1,0.1,0.6,0.1,1,0,0.5,0.509578159945988,0,1,0.4777777777777778
91,3,01111.jpg,0,1,1,1,1,0,37,0.1,0.1,0.1,0.6,0.1,1,0,0.5,0.5083003599930159,0,1,0.4835164835164835
92,3,00101.jpg,0,0,1,0,1,0,37,0.1,0.1,0.1,0.6,0.1,1,0,0.5,0.49089063978495795,0,1,0.4891304347826087
93,3,11011.jpg,1,1,0,1,1,0,37,0.1,0.1,0.1,0.6,0.1,1,0,0.5,0.5071373792306869,1,0,0.4838709677419355
94,3,00110.jpg,0,0,1,1,0,0,37,0.1,0.1,0.1,0.6,0.1,1,0,0.5,0.5084920068953949,1,0,0.4787234042553192
95,3,10101.jpg,1,0,1,0,1,1,37,0.1,0.1,0.1,0.6,0.1,1,0,0.5,0.5248176977431829,1,1,0.4842105263157895
96,3,11101.jpg,1,1,1,0,1,1,37,0.1,0.1,0.1,0.6,0.1,1,0,0.5,0.5283813510168748,1,1,0.4895833333333333
1,1,11101.jpg,1,1,1,0,1,1,38,0.1,0.1,0.1,0.6,0.1,1,0,0.5,0.5,1,1,1
2,1,11111.jpg,1,1,1,1,1,1,38,0.1,0.1,0.1,0.6,0.1,1,0,0.5,0.5,0,0,0.5
3,1,00001.jpg,0,0,0,0,1,0,38,0.1,0.1,0.1,0.6,0.1,1,0,0.5,0.5,1,0,0.3333333333333333
4,1,00111.jpg,0,0,1,1,1,0,38,0.1,0.1,0.1,0.6,0.1,1,0,0.5,0.5607830848985649,0,1,0.5
5,1,00101.jpg,0,0,1,0,1,0,38,0.1,0.1,0.1,0.6,0.1,1,0,0.5,0.465905731926561,0,1,0.6
6,1,00100.jpg,0,0,1,0,0,0,38,0.1,0.1,0.1,0.6,0.1,1,0,0.5,0.4366858843930498,0,1,0.6666666666666666
7,1,01001.jpg,0,1,0,0,1,0,38,0.1,0.1,0.1,0.6,0.1,1,0,0.5,0.4653571221833809,1,0,0.5714285714285714
8,1,11110.jpg,1,1,1,1,0,1,38,0.1,0.1,0.1,0.6,0.1,1,0,0.5,0.5963782383698862,0,0,0.5
9,1,01101.jpg,0,1,1,0,1,0,38,0.1,0.1,0.1,0.6,0.1,1,0,0.5,0.4388803444200947,1,0,0.4444444444444444
10,1,00010.jpg,0,0,0,1,0,0,38,0.1,0.1,0.1,0.6,0.1,1,0,0.5,0.5330258884329735,1,0,0.4
11,1,10110.jpg,1,0,1,1,0,1,38,0.1,0.1,0.1,0.6,0.1,1,0,0.5,0.5738978197125608,0,0,0.36363636363636365
12,1,01000.jpg,0,1,0,0,0,0,38,0.1,0.1,0.1,0.6,0.1,1,0,0.5,0.4119201755793295,0,1,0.4166666666666667
13,1,10001.jpg,1,0,0,0,1,0,38,0.1,0.1,0.1,0.6,0.1,1,0,0.5,0.42859207140097283,1,0,0.38461538461538464
14,1,01011.jpg,0,1,0,1,1,0,38,0.1,0.1,0.1,0.6,0.1,1,0,0.5,0.5475472717525266,0,1,0.42857142857142855
15,1,11001.jpg,1,1,0,0,1,0,38,0.1,0.1,0.1,0.6,0.1,1,0,0.5,0.4468161886866632,1,0,0.4
16,1,10010.jpg,1,0,0,1,0,0,38,0.1,0.1,0.1,0.6,0.1,1,0,0.5,0.5739189464132128,1,0,0.375
17,1,01111.jpg,0,1,1,1,1,0,38,0.1,0.1,0.1,0.6,0.1,1,0,0.5,0.5604505701659129,1,0,0.35294117647058826
18,1,00110.jpg,0,0,1,1,0,0,38,0.1,0.1,0.1,0.6,0.1,1,0,0.5,0.5458741380965875,1,0,0.3333333333333333
19,1,10111.jpg,1,0,1,1,1,1,38,0.1,0.1,0.1,0.6,0.1,1,0,0.5,0.5653878860787228,0,0,0.3157894736842105
20,1,10011.jpg,1,0,0,1,1,0,38,0.1,0.1,0.1,0.6,0.1,1,0,0.5,0.5513835542155522,0,1,0.35
21,1,01010.jpg,0,1,0,1,0,0,38,0.1,0.1,0.1,0.6,0.1,1,0,0.5,0.5186437250258789,0,1,0.38095238095238093
22,1,01100.jpg,0,1,1,0,0,0,38,0.1,0.1,0.1,0.6,0.1,1,0,0.5,0.4532376118137287,1,0,0.36363636363636365
23,1,10100.jpg,1,0,1,0,0,1,38,0.1,0.1,0.1,0.6,0.1,1,0,0.5,0.4760186586652208,0,0,0.34782608695652173
24,1,11011.jpg,1,1,0,1,1,0,38,0.1,0.1,0.1,0.6,0.1,1,0,0.5,0.5307001789373628,0,1,0.375
25,1,01110.jpg,0,1,1,1,0,0,38,0.1,0.1,0.1,0.6,0.1,1,0,0.5,0.5230219580403555,1,0,0.36
26,1,00011.jpg,0,0,0,1,1,0,38,0.1,0.1,0.1,0.6,0.1,1,0,0.5,0.48553071696599465,0,1,0.38461538461538464
27,1,11000.jpg,1,1,0,0,0,0,38,0.1,0.1,0.1,0.6,0.1,1,0,0.5,0.487891205701895,1,0,0.37037037037037035
28,1,10000.jpg,1,0,0,0,0,0,38,0.1,0.1,0.1,0.6,0.1,1,0,0.5,0.483217744687729,1,0,0.35714285714285715
29,1,11010.jpg,1,1,0,1,0,0,38,0.1,0.1,0.1,0.6,0.1,1,0,0.5,0.5252971275888618,1,0,0.3448275862068966
30,1,00000.jpg,0,0,0,0,0,0,38,0.1,0.1,0.1,0.6,0.1,1,0,0.5,0.4470622160621781,0,1,0.36666666666666664
31,1,11100.jpg,1,1,1,0,0,1,38,0.1,0.1,0.1,0.6,0.1,1,0,0.5,0.5072235439503995,0,0,0.3548387096774194
32,1,10101.jpg,1,0,1,0,1,1,38,0.1,0.1,0.1,0.6,0.1,1,0,0.5,0.51744751110115,1,1,0.375
33,2,01010.jpg,0,1,0,1,0,0,38,0.1,0.1,0.1,0.6,0.1,1,0,0.5,0.4664364319835306,0,1,0.3939393939393939
34,2,10011.jpg,1,0,0,1,1,0,38,0.1,0.1,0.1,0.6,0.1,1,0,0.5,0.49755621829591884,0,1,0.4117647058823529
35,2,01011.jpg,0,1,0,1,1,0,38,0.1,0.1,0.1,0.6,0.1,1,0,0.5,0.46057812329557046,1,0,0.4
36,2,10101.jpg,1,0,1,0,1,1,38,0.1,0.1,0.1,0.6,0.1,1,0,0.5,0.5417700979643039,1,1,0.4166666666666667
37,2,11100.jpg,1,1,1,0,0,1,38,0.1,0.1,0.1,0.6,0.1,1,0,0.5,0.546422906265964,0,0,0.40540540540540543
38,2,10010.jpg,1,0,0,1,0,0,38,0.1,0.1,0.1,0.6,0.1,1,0,0.5,0.4762071521716194,0,1,0.42105263157894735
39,2,10000.jpg,1,0,0,0,0,0,38,0.1,0.1,0.1,0.6,0.1,1,0,0.5,0.522422059265608,1,0,0.41025641025641024
40,2,01100.jpg,0,1,1,0,0,0,38,0.1,0.1,0.1,0.6,0.1,1,0,0.5,0.5234921372165293,0,1,0.425
41,2,00011.jpg,0,0,0,1,1,0,38,0.1,0.1,0.1,0.6,0.1,1,0,0.5,0.44720546924445603,0,1,0.43902439024390244
42,2,01000.jpg,0,1,0,0,0,0,38,0.1,0.1,0.1,0.6,0.1,1,0,0.5,0.4872944428781505,0,1,0.4523809523809524
43,2,10100.jpg,1,0,1,0,0,1,38,0.1,0.1,0.1,0.6,0.1,1,0,0.5,0.5511383923967595,1,1,0.46511627906976744
44,2,00110.jpg,0,0,1,1,0,0,38,0.1,0.1,0.1,0.6,0.1,1,0,0.5,0.47736980205950497,1,0,0.45454545454545453
45,2,00000.jpg,0,0,0,0,0,0,38,0.1,0.1,0.1,0.6,0.1,1,0,0.5,0.49287294447628127,0,1,0.4666666666666667
46,2,10110.jpg,1,0,1,1,0,1,38,0.1,0.1,0.1,0.6,0.1,1,0,0.5,0.5090032710623007,0,0,0.45652173913043476
47,2,11101.jpg,1,1,1,0,1,1,38,0.1,0.1,0.1,0.6,0.1,1,0,0.5,0.5487233179572207,1,1,0.46808510638297873
48,2,11011.jpg,1,1,0,1,1,0,38,0.1,0.1,0.1,0.6,0.1,1,0,0.5,0.4760795672799271,1,0,0.4583333333333333
49,2,01001.jpg,0,1,0,0,1,0,38,0.1,0.1,0.1,0.6,0.1,1,0,0.5,0.48859555624910034,0,1,0.46938775510204084
50,2,01111.jpg,0,1,1,1,1,0,38,0.1,0.1,0.1,0.6,0.1,1,0,0.5,0.4774951186663632,0,1,0.48
51,2,10001.jpg,1,0,0,0,1,0,38,0.1,0.1,0.1,0.6,0.1,1,0,0.5,0.5221471201441314,1,0,0.47058823529411764
52,2,00010.jpg,0,0,0,1,0,0,38,0.1,0.1,0.1,0.6,0.1,1,0,0.5,0.44774727455491126,1,0,0.46153846153846156
53,2,11000.jpg,1,1,0,0,0,0,38,0.1,0.1,0.1,0.6,0.1,1,0,0.5,0.5196896122304226,1,0,0.4528301886792453
54,2,00100.jpg,0,0,1,0,0,0,38,0.1,0.1,0.1,0.6,0.1,1,0,0.5,0.521777109137356,1,0,0.4444444444444444
55,2,00001.jpg,0,0,0,0,1,0,38,0.1,0.1,0.1,0.6,0.1,1,0,0.5,0.48492154453441394,1,0,0.43636363636363634
56,2,10111.jpg,1,0,1,1,1,1,38,0.1,0.1,0.1,0.6,0.1,1,0,0.5,0.5164504280474357,1,1,0.44642857142857145
57,2,11111.jpg,1,1,1,1,1,1,38,0.1,0.1,0.1,0.6,0.1,1,0,0.5,0.5220021181414954,0,0,0.43859649122807015
58,2,01101.jpg,0,1,1,0,1,0,38,0.1,0.1,0.1,0.6,0.1,1,0,0.5,0.5067910304567271,0,1,0.4482758620689655
59,2,00111.jpg,0,0,1,1,1,0,38,0.1,0.1,0.1,0.6,0.1,1,0,0.5,0.49873598261224716,1,0,0.4406779661016949
60,2,11010.jpg,1,1,0,1,0,0,38,0.1,0.1,0.1,0.6,0.1,1,0,0.5,0.49318790877515284,0,1,0.45
61,2,00101.jpg,0,0,1,0,1,0,38,0.1,0.1,0.1,0.6,0.1,1,0,0.5,0.5075258920172451,0,1,0.45901639344262296
62,2,11001.jpg,1,1,0,0,1,0,38,0.1,0.1,0.1,0.6,0.1,1,0,0.5,0.5051244659309782,0,1,0.46774193548387094
63,2,01110.jpg,0,1,1,1,0,0,38,0.1,0.1,0.1,0.6,0.1,1,0,0.5,0.4950465402175906,1,0,0.4603174603174603
64,2,11110.jpg,1,1,1,1,0,1,38,0.1,0.1,0.1,0.6,0.1,1,0,0.5,0.5258746756735672,1,1,0.46875
65,3,01101.jpg,0,1,1,0,1,0,38,0.1,0.1,0.1,0.6,0.1,1,0,0.5,0.49916736087939584,1,0,0.46153846153846156
66,3,01100.jpg,0,1,1,0,0,0,38,0.1,0.1,0.1,0.6,0.1,1,0,0.5,0.49703960846599493,0,1,0.4696969696969697
67,3,11110.jpg,1,1,1,1,0,1,38,0.1,0.1,0.1,0.6,0.1,1,0,0.5,0.5353258620957461,1,1,0.47761194029850745
68,3,11000.jpg,1,1,0,0,0,0,38,0.1,0.1,0.1,0.6,0.1,1,0,0.5,0.4937127867474855,0,1,0.4852941176470588
69,3,10100.jpg,1,0,1,0,0,1,38,0.1,0.1,0.1,0.6,0.1,1,0,0.5,0.5244903817574629,0,0,0.4782608695652174
70,3,00011.jpg,0,0,0,1,1,0,38,0.1,0.1,0.1,0.6,0.1,1,0,0.5,0.4700001404413629,1,0,0.4714285714285714
71,3,10001.jpg,1,0,0,0,1,0,38,0.1,0.1,0.1,0.6,0.1,1,0,0.5,0.4968421123095469,1,0,0.4647887323943662
72,3,00111.jpg,0,0,1,1,1,0,38,0.1,0.1,0.1,0.6,0.1,1,0,0.5,0.5012707257555667,1,0,0.4583333333333333
73,3,10011.jpg,1,0,0,1,1,0,38,0.1,0.1,0.1,0.6,0.1,1,0,0.5,0.4997983524969996,1,0,0.4520547945205479
74,3,11001.jpg,1,1,0,0,1,0,38,0.1,0.1,0.1,0.6,0.1,1,0,0.5,0.49556038897215837,1,0,0.44594594594594594
75,3,01110.jpg,0,1,1,1,0,0,38,0.1,0.1,0.1,0.6,0.1,1,0,0.5,0.5052289208051097,1,0,0.44
76,3,00100.jpg,0,0,1,0,0,0,38,0.1,0.1,0.1,0.6,0.1,1,0,0.5,0.501076450201074,0,1,0.4473684210526316
77,3,10110.jpg,1,0,1,1,0,1,38,0.1,0.1,0.1,0.6,0.1,1,0,0.5,0.5360660375511533,0,0,0.44155844155844154
78,3,01011.jpg,0,1,0,1,1,0,38,0.1,0.1,0.1,0.6,0.1,1,0,0.5,0.4707432463636421,0,1,0.44871794871794873
79,3,00001.jpg,0,0,0,0,1,0,38,0.1,0.1,0.1,0.6,0.1,1,0,0.5,0.46128185468056837,0,1,0.45569620253164556
80,3,11010.jpg,1,1,0,1,0,0,38,0.1,0.1,0.1,0.6,0.1,1,0,0.5,0.5087097185304601,0,1,0.4625
81,3,10000.jpg,1,0,0,0,0,0,38,0.1,0.1,0.1,0.6,0.1,1,0,0.5,0.49769104360037636,1,0,0.4567901234567901
82,3,01001.jpg,0,1,0,0,1,0,38,0.1,0.1,0.1,0.6,0.1,1,0,0.5,0.4582420155414524,1,0,0.45121951219512196
83,3,00010.jpg,0,0,0,1,0,0,38,0.1,0.1,0.1,0.6,0.1,1,0,0.5,0.47749089204500184,0,1,0.4578313253012048
84,3,00000.jpg,0,0,0,0,0,0,38,0.1,0.1,0.1,0.6,0.1,1,0,0.5,0.46388329115761273,0,1,0.4642857142857143
85,3,10111.jpg,1,0,1,1,1,1,38,0.1,0.1,0.1,0.6,0.1,1,0,0.5,0.5382411458231504,0,0,0.4588235294117647
86,3,11111.jpg,1,1,1,1,1,1,38,0.1,0.1,0.1,0.6,0.1,1,0,0.5,0.5413361758772751,1,1,0.46511627906976744
87,3,11100.jpg,1,1,1,0,0,1,38,0.1,0.1,0.1,0.6,0.1,1,0,0.5,0.519264901190379,1,1,0.47126436781609193
88,3,01010.jpg,0,1,0,1,0,0,38,0.1,0.1,0.1,0.6,0.1,1,0,0.5,0.47739940522528274,1,0,0.4659090909090909
89,3,01000.jpg,0,1,0,0,0,0,38,0.1,0.1,0.1,0.6,0.1,1,0,0.5,0.45892491997246765,0,1,0.47191011235955055
90,3,10010.jpg,1,0,0,1,0,0,38,0.1,0.1,0.1,0.6,0.1,1,0,0.5,0.509578159945988,0,1,0.4777777777777778
91,3,01111.jpg,0,1,1,1,1,0,38,0.1,0.1,0.1,0.6,0.1,1,0,0.5,0.5083003599930159,0,1,0.4835164835164835
92,3,00101.jpg,0,0,1,0,1,0,38,0.1,0.1,0.1,0.6,0.1,1,0,0.5,0.49089063978495795,0,1,0.4891304347826087
93,3,11011.jpg,1,1,0,1,1,0,38,0.1,0.1,0.1,0.6,0.1,1,0,0.5,0.5071373792306869,1,0,0.4838709677419355
94,3,00110.jpg,0,0,1,1,0,0,38,0.1,0.1,0.1,0.6,0.1,1,0,0.5,0.5084920068953949,1,0,0.4787234042553192
95,3,10101.jpg,1,0,1,0,1,1,38,0.1,0.1,0.1,0.6,0.1,1,0,0.5,0.5248176977431829,1,1,0.4842105263157895
96,3,11101.jpg,1,1,1,0,1,1,38,0.1,0.1,0.1,0.6,0.1,1,0,0.5,0.5283813510168748,1,1,0.4895833333333333
1,1,11101.jpg,1,1,1,0,1,1,39,0.1,0.1,0.1,0.6,0.1,1,0,0.5,0.5,1,1,1
2,1,11111.jpg,1,1,1,1,1,1,39,0.1,0.1,0.1,0.6,0.1,1,0,0.5,0.5,0,0,0.5
3,1,00001.jpg,0,0,0,0,1,0,39,0.1,0.1,0.1,0.6,0.1,1,0,0.5,0.5,1,0,0.3333333333333333
4,1,00111.jpg,0,0,1,1,1,0,39,0.1,0.1,0.1,0.6,0.1,1,0,0.5,0.5607830848985649,0,1,0.5
5,1,00101.jpg,0,0,1,0,1,0,39,0.1,0.1,0.1,0.6,0.1,1,0,0.5,0.465905731926561,0,1,0.6
6,1,00100.jpg,0,0,1,0,0,0,39,0.1,0.1,0.1,0.6,0.1,1,0,0.5,0.4366858843930498,0,1,0.6666666666666666
7,1,01001.jpg,0,1,0,0,1,0,39,0.1,0.1,0.1,0.6,0.1,1,0,0.5,0.4653571221833809,1,0,0.5714285714285714
8,1,11110.jpg,1,1,1,1,0,1,39,0.1,0.1,0.1,0.6,0.1,1,0,0.5,0.5963782383698862,0,0,0.5
9,1,01101.jpg,0,1,1,0,1,0,39,0.1,0.1,0.1,0.6,0.1,1,0,0.5,0.4388803444200947,1,0,0.4444444444444444
10,1,00010.jpg,0,0,0,1,0,0,39,0.1,0.1,0.1,0.6,0.1,1,0,0.5,0.5330258884329735,1,0,0.4
11,1,10110.jpg,1,0,1,1,0,1,39,0.1,0.1,0.1,0.6,0.1,1,0,0.5,0.5738978197125608,0,0,0.36363636363636365
12,1,01000.jpg,0,1,0,0,0,0,39,0.1,0.1,0.1,0.6,0.1,1,0,0.5,0.4119201755793295,0,1,0.4166666666666667
13,1,10001.jpg,1,0,0,0,1,0,39,0.1,0.1,0.1,0.6,0.1,1,0,0.5,0.42859207140097283,1,0,0.38461538461538464
14,1,01011.jpg,0,1,0,1,1,0,39,0.1,0.1,0.1,0.6,0.1,1,0,0.5,0.5475472717525266,0,1,0.42857142857142855
15,1,11001.jpg,1,1,0,0,1,0,39,0.1,0.1,0.1,0.6,0.1,1,0,0.5,0.4468161886866632,1,0,0.4
16,1,10010.jpg,1,0,0,1,0,0,39,0.1,0.1,0.1,0.6,0.1,1,0,0.5,0.5739189464132128,1,0,0.375
17,1,01111.jpg,0,1,1,1,1,0,39,0.1,0.1,0.1,0.6,0.1,1,0,0.5,0.5604505701659129,1,0,0.35294117647058826
18,1,00110.jpg,0,0,1,1,0,0,39,0.1,0.1,0.1,0.6,0.1,1,0,0.5,0.5458741380965875,1,0,0.3333333333333333
19,1,10111.jpg,1,0,1,1,1,1,39,0.1,0.1,0.1,0.6,0.1,1,0,0.5,0.5653878860787228,0,0,0.3157894736842105
20,1,10011.jpg,1,0,0,1,1,0,39,0.1,0.1,0.1,0.6,0.1,1,0,0.5,0.5513835542155522,0,1,0.35
21,1,01010.jpg,0,1,0,1,0,0,39,0.1,0.1,0.1,0.6,0.1,1,0,0.5,0.5186437250258789,0,1,0.38095238095238093
22,1,01100.jpg,0,1,1,0,0,0,39,0.1,0.1,0.1,0.6,0.1,1,0,0.5,0.4532376118137287,1,0,0.36363636363636365
23,1,10100.jpg,1,0,1,0,0,1,39,0.1,0.1,0.1,0.6,0.1,1,0,0.5,0.4760186586652208,0,0,0.34782608695652173
24,1,11011.jpg,1,1,0,1,1,0,39,0.1,0.1,0.1,0.6,0.1,1,0,0.5,0.5307001789373628,0,1,0.375
25,1,01110.jpg,0,1,1,1,0,0,39,0.1,0.1,0.1,0.6,0.1,1,0,0.5,0.5230219580403555,1,0,0.36
26,1,00011.jpg,0,0,0,1,1,0,39,0.1,0.1,0.1,0.6,0.1,1,0,0.5,0.48553071696599465,0,1,0.38461538461538464
27,1,11000.jpg,1,1,0,0,0,0,39,0.1,0.1,0.1,0.6,0.1,1,0,0.5,0.487891205701895,1,0,0.37037037037037035
28,1,10000.jpg,1,0,0,0,0,0,39,0.1,0.1,0.1,0.6,0.1,1,0,0.5,0.483217744687729,1,0,0.35714285714285715
29,1,11010.jpg,1,1,0,1,0,0,39,0.1,0.1,0.1,0.6,0.1,1,0,0.5,0.5252971275888618,1,0,0.3448275862068966
30,1,00000.jpg,0,0,0,0,0,0,39,0.1,0.1,0.1,0.6,0.1,1,0,0.5,0.4470622160621781,0,1,0.36666666666666664
31,1,11100.jpg,1,1,1,0,0,1,39,0.1,0.1,0.1,0.6,0.1,1,0,0.5,0.5072235439503995,0,0,0.3548387096774194
32,1,10101.jpg,1,0,1,0,1,1,39,0.1,0.1,0.1,0.6,0.1,1,0,0.5,0.51744751110115,1,1,0.375
33,2,01010.jpg,0,1,0,1,0,0,39,0.1,0.1,0.1,0.6,0.1,1,0,0.5,0.4664364319835306,0,1,0.3939393939393939
34,2,10011.jpg,1,0,0,1,1,0,39,0.1,0.1,0.1,0.6,0.1,1,0,0.5,0.49755621829591884,0,1,0.4117647058823529
35,2,01011.jpg,0,1,0,1,1,0,39,0.1,0.1,0.1,0.6,0.1,1,0,0.5,0.46057812329557046,1,0,0.4
36,2,10101.jpg,1,0,1,0,1,1,39,0.1,0.1,0.1,0.6,0.1,1,0,0.5,0.5417700979643039,1,1,0.4166666666666667
37,2,11100.jpg,1,1,1,0,0,1,39,0.1,0.1,0.1,0.6,0.1,1,0,0.5,0.546422906265964,0,0,0.40540540540540543
38,2,10010.jpg,1,0,0,1,0,0,39,0.1,0.1,0.1,0.6,0.1,1,0,0.5,0.4762071521716194,0,1,0.42105263157894735
39,2,10000.jpg,1,0,0,0,0,0,39,0.1,0.1,0.1,0.6,0.1,1,0,0.5,0.522422059265608,1,0,0.41025641025641024
40,2,01100.jpg,0,1,1,0,0,0,39,0.1,0.1,0.1,0.6,0.1,1,0,0.5,0.5234921372165293,0,1,0.425
41,2,00011.jpg,0,0,0,1,1,0,39,0.1,0.1,0.1,0.6,0.1,1,0,0.5,0.44720546924445603,0,1,0.43902439024390244
42,2,01000.jpg,0,1,0,0,0,0,39,0.1,0.1,0.1,0.6,0.1,1,0,0.5,0.4872944428781505,0,1,0.4523809523809524
43,2,10100.jpg,1,0,1,0,0,1,39,0.1,0.1,0.1,0.6,0.1,1,0,0.5,0.5511383923967595,1,1,0.46511627906976744
44,2,00110.jpg,0,0,1,1,0,0,39,0.1,0.1,0.1,0.6,0.1,1,0,0.5,0.47736980205950497,1,0,0.45454545454545453
45,2,00000.jpg,0,0,0,0,0,0,39,0.1,0.1,0.1,0.6,0.1,1,0,0.5,0.49287294447628127,0,1,0.4666666666666667
46,2,10110.jpg,1,0,1,1,0,1,39,0.1,0.1,0.1,0.6,0.1,1,0,0.5,0.5090032710623007,0,0,0.45652173913043476
47,2,11101.jpg,1,1,1,0,1,1,39,0.1,0.1,0.1,0.6,0.1,1,0,0.5,0.5487233179572207,1,1,0.46808510638297873
48,2,11011.jpg,1,1,0,1,1,0,39,0.1,0.1,0.1,0.6,0.1,1,0,0.5,0.4760795672799271,1,0,0.4583333333333333
49,2,01001.jpg,0,1,0,0,1,0,39,0.1,0.1,0.1,0.6,0.1,1,0,0.5,0.48859555624910034,0,1,0.46938775510204084
50,2,01111.jpg,0,1,1,1,1,0,39,0.1,0.1,0.1,0.6,0.1,1,0,0.5,0.4774951186663632,0,1,0.48
51,2,10001.jpg,1,0,0,0,1,0,39,0.1,0.1,0.1,0.6,0.1,1,0,0.5,0.5221471201441314,1,0,0.47058823529411764
52,2,00010.jpg,0,0,0,1,0,0,39,0.1,0.1,0.1,0.6,0.1,1,0,0.5,0.44774727455491126,1,0,0.46153846153846156
53,2,11000.jpg,1,1,0,0,0,0,39,0.1,0.1,0.1,0.6,0.1,1,0,0.5,0.5196896122304226,1,0,0.4528301886792453
54,2,00100.jpg,0,0,1,0,0,0,39,0.1,0.1,0.1,0.6,0.1,1,0,0.5,0.521777109137356,1,0,0.4444444444444444
55,2,00001.jpg,0,0,0,0,1,0,39,0.1,0.1,0.1,0.6,0.1,1,0,0.5,0.48492154453441394,1,0,0.43636363636363634
56,2,10111.jpg,1,0,1,1,1,1,39,0.1,0.1,0.1,0.6,0.1,1,0,0.5,0.5164504280474357,1,1,0.44642857142857145
57,2,11111.jpg,1,1,1,1,1,1,39,0.1,0.1,0.1,0.6,0.1,1,0,0.5,0.5220021181414954,0,0,0.43859649122807015
58,2,01101.jpg,0,1,1,0,1,0,39,0.1,0.1,0.1,0.6,0.1,1,0,0.5,0.5067910304567271,0,1,0.4482758620689655
59,2,00111.jpg,0,0,1,1,1,0,39,0.1,0.1,0.1,0.6,0.1,1,0,0.5,0.49873598261224716,1,0,0.4406779661016949
60,2,11010.jpg,1,1,0,1,0,0,39,0.1,0.1,0.1,0.6,0.1,1,0,0.5,0.49318790877515284,0,1,0.45
61,2,00101.jpg,0,0,1,0,1,0,39,0.1,0.1,0.1,0.6,0.1,1,0,0.5,0.5075258920172451,0,1,0.45901639344262296
62,2,11001.jpg,1,1,0,0,1,0,39,0.1,0.1,0.1,0.6,0.1,1,0,0.5,0.5051244659309782,0,1,0.46774193548387094
63,2,01110.jpg,0,1,1,1,0,0,39,0.1,0.1,0.1,0.6,0.1,1,0,0.5,0.4950465402175906,1,0,0.4603174603174603
64,2,11110.jpg,1,1,1,1,0,1,39,0.1,0.1,0.1,0.6,0.1,1,0,0.5,0.5258746756735672,1,1,0.46875
65,3,01101.jpg,0,1,1,0,1,0,39,0.1,0.1,0.1,0.6,0.1,1,0,0.5,0.49916736087939584,1,0,0.46153846153846156
66,3,01100.jpg,0,1,1,0,0,0,39,0.1,0.1,0.1,0.6,0.1,1,0,0.5,0.49703960846599493,0,1,0.4696969696969697
67,3,11110.jpg,1,1,1,1,0,1,39,0.1,0.1,0.1,0.6,0.1,1,0,0.5,0.5353258620957461,1,1,0.47761194029850745
68,3,11000.jpg,1,1,0,0,0,0,39,0.1,0.1,0.1,0.6,0.1,1,0,0.5,0.4937127867474855,0,1,0.4852941176470588
69,3,10100.jpg,1,0,1,0,0,1,39,0.1,0.1,0.1,0.6,0.1,1,0,0.5,0.5244903817574629,0,0,0.4782608695652174
70,3,00011.jpg,0,0,0,1,1,0,39,0.1,0.1,0.1,0.6,0.1,1,0,0.5,0.4700001404413629,1,0,0.4714285714285714
71,3,10001.jpg,1,0,0,0,1,0,39,0.1,0.1,0.1,0.6,0.1,1,0,0.5,0.4968421123095469,1,0,0.4647887323943662
72,3,00111.jpg,0,0,1,1,1,0,39,0.1,0.1,0.1,0.6,0.1,1,0,0.5,0.5012707257555667,1,0,0.4583333333333333
73,3,10011.jpg,1,0,0,1,1,0,39,0.1,0.1,0.1,0.6,0.1,1,0,0.5,0.4997983524969996,1,0,0.4520547945205479
74,3,11001.jpg,1,1,0,0,1,0,39,0.1,0.1,0.1,0.6,0.1,1,0,0.5,0.49556038897215837,1,0,0.44594594594594594
75,3,01110.jpg,0,1,1,1,0,0,39,0.1,0.1,0.1,0.6,0.1,1,0,0.5,0.5052289208051097,1,0,0.44
76,3,00100.jpg,0,0,1,0,0,0,39,0.1,0.1,0.1,0.6,0.1,1,0,0.5,0.501076450201074,0,1,0.4473684210526316
77,3,10110.jpg,1,0,1,1,0,1,39,0.1,0.1,0.1,0.6,0.1,1,0,0.5,0.5360660375511533,0,0,0.44155844155844154
78,3,01011.jpg,0,1,0,1,1,0,39,0.1,0.1,0.1,0.6,0.1,1,0,0.5,0.4707432463636421,0,1,0.44871794871794873
79,3,00001.jpg,0,0,0,0,1,0,39,0.1,0.1,0.1,0.6,0.1,1,0,0.5,0.46128185468056837,0,1,0.45569620253164556
80,3,11010.jpg,1,1,0,1,0,0,39,0.1,0.1,0.1,0.6,0.1,1,0,0.5,0.5087097185304601,0,1,0.4625
81,3,10000.jpg,1,0,0,0,0,0,39,0.1,0.1,0.1,0.6,0.1,1,0,0.5,0.49769104360037636,1,0,0.4567901234567901
82,3,01001.jpg,0,1,0,0,1,0,39,0.1,0.1,0.1,0.6,0.1,1,0,0.5,0.4582420155414524,1,0,0.45121951219512196
83,3,00010.jpg,0,0,0,1,0,0,39,0.1,0.1,0.1,0.6,0.1,1,0,0.5,0.47749089204500184,0,1,0.4578313253012048
84,3,00000.jpg,0,0,0,0,0,0,39,0.1,0.1,0.1,0.6,0.1,1,0,0.5,0.46388329115761273,0,1,0.4642857142857143
85,3,10111.jpg,1,0,1,1,1,1,39,0.1,0.1,0.1,0.6,0.1,1,0,0.5,0.5382411458231504,0,0,0.4588235294117647
86,3,11111.jpg,1,1,1,1,1,1,39,0.1,0.1,0.1,0.6,0.1,1,0,0.5,0.5413361758772751,1,1,0.46511627906976744
87,3,11100.jpg,1,1,1,0,0,1,39,0.1,0.1,0.1,0.6,0.1,1,0,0.5,0.519264901190379,1,1,0.47126436781609193
88,3,01010.jpg,0,1,0,1,0,0,39,0.1,0.1,0.1,0.6,0.1,1,0,0.5,0.47739940522528274,1,0,0.4659090909090909
89,3,01000.jpg,0,1,0,0,0,0,39,0.1,0.1,0.1,0.6,0.1,1,0,0.5,0.45892491997246765,0,1,0.47191011235955055
90,3,10010.jpg,1,0,0,1,0,0,39,0.1,0.1,0.1,0.6,0.1,1,0,0.5,0.509578159945988,0,1,0.4777777777777778
91,3,01111.jpg,0,1,1,1,1,0,39,0.1,0.1,0.1,0.6,0.1,1,0,0.5,0.5083003599930159,0,1,0.4835164835164835
92,3,00101.jpg,0,0,1,0,1,0,39,0.1,0.1,0.1,0.6,0.1,1,0,0.5,0.49089063978495795,0,1,0.4891304347826087
93,3,11011.jpg,1,1,0,1,1,0,39,0.1,0.1,0.1,0.6,0.1,1,0,0.5,0.5071373792306869,1,0,0.4838709677419355
94,3,00110.jpg,0,0,1,1,0,0,39,0.1,0.1,0.1,0.6,0.1,1,0,0.5,0.5084920068953949,1,0,0.4787234042553192
95,3,10101.jpg,1,0,1,0,1,1,39,0.1,0.1,0.1,0.6,0.1,1,0,0.5,0.5248176977431829,1,1,0.4842105263157895
96,3,11101.jpg,1,1,1,0,1,1,39,0.1,0.1,0.1,0.6,0.1,1,0,0.5,0.5283813510168748,1,1,0.4895833333333333
1,1,11101.jpg,1,1,1,0,1,1,40,0.1,0.1,0.1,0.6,0.1,1,0,0.5,0.5,1,1,1
2,1,11111.jpg,1,1,1,1,1,1,40,0.1,0.1,0.1,0.6,0.1,1,0,0.5,0.5,0,0,0.5
3,1,00001.jpg,0,0,0,0,1,0,40,0.1,0.1,0.1,0.6,0.1,1,0,0.5,0.5,1,0,0.3333333333333333
4,1,00111.jpg,0,0,1,1,1,0,40,0.1,0.1,0.1,0.6,0.1,1,0,0.5,0.5607830848985649,0,1,0.5
5,1,00101.jpg,0,0,1,0,1,0,40,0.1,0.1,0.1,0.6,0.1,1,0,0.5,0.465905731926561,0,1,0.6
6,1,00100.jpg,0,0,1,0,0,0,40,0.1,0.1,0.1,0.6,0.1,1,0,0.5,0.4366858843930498,0,1,0.6666666666666666
7,1,01001.jpg,0,1,0,0,1,0,40,0.1,0.1,0.1,0.6,0.1,1,0,0.5,0.4653571221833809,1,0,0.5714285714285714
8,1,11110.jpg,1,1,1,1,0,1,40,0.1,0.1,0.1,0.6,0.1,1,0,0.5,0.5963782383698862,0,0,0.5
9,1,01101.jpg,0,1,1,0,1,0,40,0.1,0.1,0.1,0.6,0.1,1,0,0.5,0.4388803444200947,1,0,0.4444444444444444
10,1,00010.jpg,0,0,0,1,0,0,40,0.1,0.1,0.1,0.6,0.1,1,0,0.5,0.5330258884329735,1,0,0.4
11,1,10110.jpg,1,0,1,1,0,1,40,0.1,0.1,0.1,0.6,0.1,1,0,0.5,0.5738978197125608,0,0,0.36363636363636365
12,1,01000.jpg,0,1,0,0,0,0,40,0.1,0.1,0.1,0.6,0.1,1,0,0.5,0.4119201755793295,0,1,0.4166666666666667
13,1,10001.jpg,1,0,0,0,1,0,40,0.1,0.1,0.1,0.6,0.1,1,0,0.5,0.42859207140097283,1,0,0.38461538461538464
14,1,01011.jpg,0,1,0,1,1,0,40,0.1,0.1,0.1,0.6,0.1,1,0,0.5,0.5475472717525266,0,1,0.42857142857142855
15,1,11001.jpg,1,1,0,0,1,0,40,0.1,0.1,0.1,0.6,0.1,1,0,0.5,0.4468161886866632,1,0,0.4
16,1,10010.jpg,1,0,0,1,0,0,40,0.1,0.1,0.1,0.6,0.1,1,0,0.5,0.5739189464132128,1,0,0.375
17,1,01111.jpg,0,1,1,1,1,0,40,0.1,0.1,0.1,0.6,0.1,1,0,0.5,0.5604505701659129,1,0,0.35294117647058826
18,1,00110.jpg,0,0,1,1,0,0,40,0.1,0.1,0.1,0.6,0.1,1,0,0.5,0.5458741380965875,1,0,0.3333333333333333
19,1,10111.jpg,1,0,1,1,1,1,40,0.1,0.1,0.1,0.6,0.1,1,0,0.5,0.5653878860787228,0,0,0.3157894736842105
20,1,10011.jpg,1,0,0,1,1,0,40,0.1,0.1,0.1,0.6,0.1,1,0,0.5,0.5513835542155522,0,1,0.35
21,1,01010.jpg,0,1,0,1,0,0,40,0.1,0.1,0.1,0.6,0.1,1,0,0.5,0.5186437250258789,0,1,0.38095238095238093
22,1,01100.jpg,0,1,1,0,0,0,40,0.1,0.1,0.1,0.6,0.1,1,0,0.5,0.4532376118137287,1,0,0.36363636363636365
23,1,10100.jpg,1,0,1,0,0,1,40,0.1,0.1,0.1,0.6,0.1,1,0,0.5,0.4760186586652208,0,0,0.34782608695652173
24,1,11011.jpg,1,1,0,1,1,0,40,0.1,0.1,0.1,0.6,0.1,1,0,0.5,0.5307001789373628,0,1,0.375
25,1,01110.jpg,0,1,1,1,0,0,40,0.1,0.1,0.1,0.6,0.1,1,0,0.5,0.5230219580403555,1,0,0.36
26,1,00011.jpg,0,0,0,1,1,0,40,0.1,0.1,0.1,0.6,0.1,1,0,0.5,0.48553071696599465,0,1,0.38461538461538464
27,1,11000.jpg,1,1,0,0,0,0,40,0.1,0.1,0.1,0.6,0.1,1,0,0.5,0.487891205701895,1,0,0.37037037037037035
28,1,10000.jpg,1,0,0,0,0,0,40,0.1,0.1,0.1,0.6,0.1,1,0,0.5,0.483217744687729,1,0,0.35714285714285715
29,1,11010.jpg,1,1,0,1,0,0,40,0.1,0.1,0.1,0.6,0.1,1,0,0.5,0.5252971275888618,1,0,0.3448275862068966
30,1,00000.jpg,0,0,0,0,0,0,40,0.1,0.1,0.1,0.6,0.1,1,0,0.5,0.4470622160621781,0,1,0.36666666666666664
31,1,11100.jpg,1,1,1,0,0,1,40,0.1,0.1,0.1,0.6,0.1,1,0,0.5,0.5072235439503995,0,0,0.3548387096774194
32,1,10101.jpg,1,0,1,0,1,1,40,0.1,0.1,0.1,0.6,0.1,1,0,0.5,0.51744751110115,1,1,0.375
33,2,01010.jpg,0,1,0,1,0,0,40,0.1,0.1,0.1,0.6,0.1,1,0,0.5,0.4664364319835306,0,1,0.3939393939393939
34,2,10011.jpg,1,0,0,1,1,0,40,0.1,0.1,0.1,0.6,0.1,1,0,0.5,0.49755621829591884,0,1,0.4117647058823529
35,2,01011.jpg,0,1,0,1,1,0,40,0.1,0.1,0.1,0.6,0.1,1,0,0.5,0.46057812329557046,1,0,0.4
36,2,10101.jpg,1,0,1,0,1,1,40,0.1,0.1,0.1,0.6,0.1,1,0,0.5,0.5417700979643039,1,1,0.4166666666666667
37,2,11100.jpg,1,1,1,0,0,1,40,0.1,0.1,0.1,0.6,0.1,1,0,0.5,0.546422906265964,0,0,0.40540540540540543
38,2,10010.jpg,1,0,0,1,0,0,40,0.1,0.1,0.1,0.6,0.1,1,0,0.5,0.4762071521716194,0,1,0.42105263157894735
39,2,10000.jpg,1,0,0,0,0,0,40,0.1,0.1,0.1,0.6,0.1,1,0,0.5,0.522422059265608,1,0,0.41025641025641024
40,2,01100.jpg,0,1,1,0,0,0,40,0.1,0.1,0.1,0.6,0.1,1,0,0.5,0.5234921372165293,0,1,0.425
41,2,00011.jpg,0,0,0,1,1,0,40,0.1,0.1,0.1,0.6,0.1,1,0,0.5,0.44720546924445603,0,1,0.43902439024390244
42,2,01000.jpg,0,1,0,0,0,0,40,0.1,0.1,0.1,0.6,0.1,1,0,0.5,0.4872944428781505,0,1,0.4523809523809524
43,2,10100.jpg,1,0,1,0,0,1,40,0.1,0.1,0.1,0.6,0.1,1,0,0.5,0.5511383923967595,1,1,0.46511627906976744
44,2,00110.jpg,0,0,1,1,0,0,40,0.1,0.1,0.1,0.6,0.1,1,0,0.5,0.47736980205950497,1,0,0.45454545454545453
45,2,00000.jpg,0,0,0,0,0,0,40,0.1,0.1,0.1,0.6,0.1,1,0,0.5,0.49287294447628127,0,1,0.4666666666666667
46,2,10110.jpg,1,0,1,1,0,1,40,0.1,0.1,0.1,0.6,0.1,1,0,0.5,0.5090032710623007,0,0,0.45652173913043476
47,2,11101.jpg,1,1,1,0,1,1,40,0.1,0.1,0.1,0.6,0.1,1,0,0.5,0.5487233179572207,1,1,0.46808510638297873
48,2,11011.jpg,1,1,0,1,1,0,40,0.1,0.1,0.1,0.6,0.1,1,0,0.5,0.4760795672799271,1,0,0.4583333333333333
49,2,01001.jpg,0,1,0,0,1,0,40,0.1,0.1,0.1,0.6,0.1,1,0,0.5,0.48859555624910034,0,1,0.46938775510204084
50,2,01111.jpg,0,1,1,1,1,0,40,0.1,0.1,0.1,0.6,0.1,1,0,0.5,0.4774951186663632,0,1,0.48
51,2,10001.jpg,1,0,0,0,1,0,40,0.1,0.1,0.1,0.6,0.1,1,0,0.5,0.5221471201441314,1,0,0.47058823529411764
52,2,00010.jpg,0,0,0,1,0,0,40,0.1,0.1,0.1,0.6,0.1,1,0,0.5,0.44774727455491126,1,0,0.46153846153846156
53,2,11000.jpg,1,1,0,0,0,0,40,0.1,0.1,0.1,0.6,0.1,1,0,0.5,0.5196896122304226,1,0,0.4528301886792453
54,2,00100.jpg,0,0,1,0,0,0,40,0.1,0.1,0.1,0.6,0.1,1,0,0.5,0.521777109137356,1,0,0.4444444444444444
55,2,00001.jpg,0,0,0,0,1,0,40,0.1,0.1,0.1,0.6,0.1,1,0,0.5,0.48492154453441394,1,0,0.43636363636363634
56,2,10111.jpg,1,0,1,1,1,1,40,0.1,0.1,0.1,0.6,0.1,1,0,0.5,0.5164504280474357,1,1,0.44642857142857145
57,2,11111.jpg,1,1,1,1,1,1,40,0.1,0.1,0.1,0.6,0.1,1,0,0.5,0.5220021181414954,0,0,0.43859649122807015
58,2,01101.jpg,0,1,1,0,1,0,40,0.1,0.1,0.1,0.6,0.1,1,0,0.5,0.5067910304567271,0,1,0.4482758620689655
59,2,00111.jpg,0,0,1,1,1,0,40,0.1,0.1,0.1,0.6,0.1,1,0,0.5,0.49873598261224716,1,0,0.4406779661016949
60,2,11010.jpg,1,1,0,1,0,0,40,0.1,0.1,0.1,0.6,0.1,1,0,0.5,0.49318790877515284,0,1,0.45
61,2,00101.jpg,0,0,1,0,1,0,40,0.1,0.1,0.1,0.6,0.1,1,0,0.5,0.5075258920172451,0,1,0.45901639344262296
62,2,11001.jpg,1,1,0,0,1,0,40,0.1,0.1,0.1,0.6,0.1,1,0,0.5,0.5051244659309782,0,1,0.46774193548387094
63,2,01110.jpg,0,1,1,1,0,0,40,0.1,0.1,0.1,0.6,0.1,1,0,0.5,0.4950465402175906,1,0,0.4603174603174603
64,2,11110.jpg,1,1,1,1,0,1,40,0.1,0.1,0.1,0.6,0.1,1,0,0.5,0.5258746756735672,1,1,0.46875
65,3,01101.jpg,0,1,1,0,1,0,40,0.1,0.1,0.1,0.6,0.1,1,0,0.5,0.49916736087939584,1,0,0.46153846153846156
66,3,01100.jpg,0,1,1,0,0,0,40,0.1,0.1,0.1,0.6,0.1,1,0,0.5,0.49703960846599493,0,1,0.4696969696969697
67,3,11110.jpg,1,1,1,1,0,1,40,0.1,0.1,0.1,0.6,0.1,1,0,0.5,0.5353258620957461,1,1,0.47761194029850745
68,3,11000.jpg,1,1,0,0,0,0,40,0.1,0.1,0.1,0.6,0.1,1,0,0.5,0.4937127867474855,0,1,0.4852941176470588
69,3,10100.jpg,1,0,1,0,0,1,40,0.1,0.1,0.1,0.6,0.1,1,0,0.5,0.5244903817574629,0,0,0.4782608695652174
70,3,00011.jpg,0,0,0,1,1,0,40,0.1,0.1,0.1,0.6,0.1,1,0,0.5,0.4700001404413629,1,0,0.4714285714285714
71,3,10001.jpg,1,0,0,0,1,0,40,0.1,0.1,0.1,0.6,0.1,1,0,0.5,0.4968421123095469,1,0,0.4647887323943662
72,3,00111.jpg,0,0,1,1,1,0,40,0.1,0.1,0.1,0.6,0.1,1,0,0.5,0.5012707257555667,1,0,0.4583333333333333
73,3,10011.jpg,1,0,0,1,1,0,40,0.1,0.1,0.1,0.6,0.1,1,0,0.5,0.4997983524969996,1,0,0.4520547945205479
74,3,11001.jpg,1,1,0,0,1,0,40,0.1,0.1,0.1,0.6,0.1,1,0,0.5,0.49556038897215837,1,0,0.44594594594594594
75,3,01110.jpg,0,1,1,1,0,0,40,0.1,0.1,0.1,0.6,0.1,1,0,0.5,0.5052289208051097,1,0,0.44
76,3,00100.jpg,0,0,1,0,0,0,40,0.1,0.1,0.1,0.6,0.1,1,0,0.5,0.501076450201074,0,1,0.4473684210526316
77,3,10110.jpg,1,0,1,1,0,1,40,0.1,0.1,0.1,0.6,0.1,1,0,0.5,0.5360660375511533,0,0,0.44155844155844154
78,3,01011.jpg,0,1,0,1,1,0,40,0.1,0.1,0.1,0.6,0.1,1,0,0.5,0.4707432463636421,0,1,0.44871794871794873
79,3,00001.jpg,0,0,0,0,1,0,40,0.1,0.1,0.1,0.6,0.1,1,0,0.5,0.46128185468056837,0,1,0.45569620253164556
80,3,11010.jpg,1,1,0,1,0,0,40,0.1,0.1,0.1,0.6,0.1,1,0,0.5,0.5087097185304601,0,1,0.4625
81,3,10000.jpg,1,0,0,0,0,0,40,0.1,0.1,0.1,0.6,0.1,1,0,0.5,0.49769104360037636,1,0,0.4567901234567901
82,3,01001.jpg,0,1,0,0,1,0,40,0.1,0.1,0.1,0.6,0.1,1,0,0.5,0.4582420155414524,1,0,0.45121951219512196
83,3,00010.jpg,0,0,0,1,0,0,40,0.1,0.1,0.1,0.6,0.1,1,0,0.5,0.47749089204500184,0,1,0.4578313253012048
84,3,00000.jpg,0,0,0,0,0,0,40,0.1,0.1,0.1,0.6,0.1,1,0,0.5,0.46388329115761273,0,1,0.4642857142857143
85,3,10111.jpg,1,0,1,1,1,1,40,0.1,0.1,0.1,0.6,0.1,1,0,0.5,0.5382411458231504,0,0,0.4588235294117647
86,3,11111.jpg,1,1,1,1,1,1,40,0.1,0.1,0.1,0.6,0.1,1,0,0.5,0.5413361758772751,1,1,0.46511627906976744
87,3,11100.jpg,1,1,1,0,0,1,40,0.1,0.1,0.1,0.6,0.1,1,0,0.5,0.519264901190379,1,1,0.47126436781609193
88,3,01010.jpg,0,1,0,1,0,0,40,0.1,0.1,0.1,0.6,0.1,1,0,0.5,0.47739940522528274,1,0,0.4659090909090909
89,3,01000.jpg,0,1,0,0,0,0,40,0.1,0.1,0.1,0.6,0.1,1,0,0.5,0.45892491997246765,0,1,0.47191011235955055
90,3,10010.jpg,1,0,0,1,0,0,40,0.1,0.1,0.1,0.6,0.1,1,0,0.5,0.509578159945988,0,1,0.4777777777777778
91,3,01111.jpg,0,1,1,1,1,0,40,0.1,0.1,0.1,0.6,0.1,1,0,0.5,0.5083003599930159,0,1,0.4835164835164835
92,3,00101.jpg,0,0,1,0,1,0,40,0.1,0.1,0.1,0.6,0.1,1,0,0.5,0.49089063978495795,0,1,0.4891304347826087
93,3,11011.jpg,1,1,0,1,1,0,40,0.1,0.1,0.1,0.6,0.1,1,0,0.5,0.5071373792306869,1,0,0.4838709677419355
94,3,00110.jpg,0,0,1,1,0,0,40,0.1,0.1,0.1,0.6,0.1,1,0,0.5,0.5084920068953949,1,0,0.4787234042553192
95,3,10101.jpg,1,0,1,0,1,1,40,0.1,0.1,0.1,0.6,0.1,1,0,0.5,0.5248176977431829,1,1,0.4842105263157895
96,3,11101.jpg,1,1,1,0,1,1,40,0.1,0.1,0.1,0.6,0.1,1,0,0.5,0.5283813510168748,1,1,0.4895833333333333
1,1,11101.jpg,1,1,1,0,1,1,41,0.1,0.1,0.1,0.6,0.1,2,0.6931471805599453,0.5,0.5,1,1,1
2,1,11111.jpg,1,1,1,1,1,1,41,0.1,0.1,0.1,0.6,0.1,2,0.6931471805599453,0.5,0.5,0,0,0.5
3,1,00001.jpg,0,0,0,0,1,0,41,0.1,0.1,0.1,0.6,0.1,2,0.6931471805599453,0.5,0.5,1,0,0.3333333333333333
4,1,00111.jpg,0,0,1,1,1,0,41,0.1,0.1,0.1,0.6,0.1,2,0.6931471805599453,0.5,0.6387943912807911,0,1,0.5
5,1,00101.jpg,0,0,1,0,1,0,41,0.1,0.1,0.1,0.6,0.1,2,0.6931471805599453,0.5,0.4378286137426979,0,1,0.6
6,1,00100.jpg,0,0,1,0,0,0,41,0.1,0.1,0.1,0.6,0.1,2,0.6931471805599453,0.5,0.38163054566032795,0,1,0.6666666666666666
7,1,01001.jpg,0,1,0,0,1,0,41,0.1,0.1,0.1,0.6,0.1,2,0.6931471805599453,0.5,0.43783861131204455,0,1,0.7142857142857143
8,1,11110.jpg,1,1,1,1,0,1,41,0.1,0.1,0.1,0.6,0.1,2,0.6931471805599453,0.5,0.6864294850972052,0,0,0.625
9,1,01101.jpg,0,1,1,0,1,0,41,0.1,0.1,0.1,0.6,0.1,2,0.6931471805599453,0.5,0.39575486265129894,1,0,0.5555555555555556
10,1,00010.jpg,0,0,0,1,0,0,41,0.1,0.1,0.1,0.6,0.1,2,0.6931471805599453,0.5,0.5668006206584558,1,0,0.5
11,1,10110.jpg,1,0,1,1,0,1,41,0.1,0.1,0.1,0.6,0.1,2,0.6931471805599453,0.5,0.6363153790010438,1,1,0.5454545454545454
12,1,01000.jpg,0,1,0,0,0,0,41,0.1,0.1,0.1,0.6,0.1,2,0.6931471805599453,0.5,0.3329914982175718,0,1,0.5833333333333334
13,1,10001.jpg,1,0,0,0,1,0,41,0.1,0.1,0.1,0.6,0.1,2,0.6931471805599453,0.5,0.3706141254210242,1,0,0.5384615384615384
14,1,01011.jpg,0,1,0,1,1,0,41,0.1,0.1,0.1,0.6,0.1,2,0.6931471805599453,0.5,0.5878322989465943,0,1,0.5714285714285714
15,1,11001.jpg,1,1,0,0,1,0,41,0.1,0.1,0.1,0.6,0.1,2,0.6931471805599453,0.5,0.4067327035409958,0,1,0.6
16,1,10010.jpg,1,0,0,1,0,0,41,0.1,0.1,0.1,0.6,0.1,2,0.6931471805599453,0.5,0.6380820586543775,1,0,0.5625
17,1,01111.jpg,0,1,1,1,1,0,41,0.1,0.1,0.1,0.6,0.1,2,0.6931471805599453,0.5,0.6088507384817472,1,0,0.5294117647058824
18,1,00110.jpg,0,0,1,1,0,0,41,0.1,0.1,0.1,0.6,0.1,2,0.6931471805599453,0.5,0.5818238611995025,1,0,0.5
19,1,10111.jpg,1,0,1,1,1,1,41,0.1,0.1,0.1,0.6,0.1,2,0.6931471805599453,0.5,0.6178928724115502,0,0,0.47368421052631576
20,1,10011.jpg,1,0,0,1,1,0,41,0.1,0.1,0.1,0.6,0.1,2,0.6931471805599453,0.5,0.5917538189719779,0,1,0.5
21,1,01010.jpg,0,1,0,1,0,0,41,0.1,0.1,0.1,0.6,0.1,2,0.6931471805599453,0.5,0.5263515323577186,0,1,0.5238095238095238
22,1,01100.jpg,0,1,1,0,0,0,41,0.1,0.1,0.1,0.6,0.1,2,0.6931471805599453,0.5,0.4048681864251907,1,0,0.5
23,1,10100.jpg,1,0,1,0,0,1,41,0.1,0.1,0.1,0.6,0.1,2,0.6931471805599453,0.5,0.44598312770033305,0,0,0.4782608695652174
24,1,11011.jpg,1,1,0,1,1,0,41,0.1,0.1,0.1,0.6,0.1,2,0.6931471805599453,0.5,0.555932628625382,0,1,0.5
25,1,01110.jpg,0,1,1,1,0,0,41,0.1,0.1,0.1,0.6,0.1,2,0.6931471805599453,0.5,0.5408763043671939,1,0,0.48
26,1,00011.jpg,0,0,0,1,1,0,41,0.1,0.1,0.1,0.6,0.1,2,0.6931471805599453,0.5,0.467522748190811,0,1,0.5
27,1,11000.jpg,1,1,0,0,0,0,41,0.1,0.1,0.1,0.6,0.1,2,0.6931471805599453,0.5,0.47567822525969106,1,0,0.48148148148148145
28,1,10000.jpg,1,0,0,0,0,0,41,0.1,0.1,0.1,0.6,0.1,2,0.6931471805599453,0.5,0.4691079580592182,1,0,0.4642857142857143
29,1,11010.jpg,1,1,0,1,0,0,41,0.1,0.1,0.1,0.6,0.1,2,0.6931471805599453,0.5,0.5453938297532944,1,0,0.4482758620689655
30,1,00000.jpg,0,0,0,0,0,0,41,0.1,0.1,0.1,0.6,0.1,2,0.6931471805599453,0.5,0.39828393668846196,0,1,0.4666666666666667
31,1,11100.jpg,1,1,1,0,0,1,41,0.1,0.1,0.1,0.6,0.1,2,0.6931471805599453,0.5,0.5147094264244494,0,0,0.45161290322580644
32,1,10101.jpg,1,0,1,0,1,1,41,0.1,0.1,0.1,0.6,0.1,2,0.6931471805599453,0.5,0.5328154298335533,1,1,0.46875
33,2,01010.jpg,0,1,0,1,0,0,41,0.1,0.1,0.1,0.6,0.1,2,0.6931471805599453,0.5,0.43261138769303775,0,1,0.48484848484848486
34,2,10011.jpg,1,0,0,1,1,0,41,0.1,0.1,0.1,0.6,0.1,2,0.6931471805599453,0.5,0.4943936065187778,0,1,0.5
35,2,01011.jpg,0,1,0,1,1,0,41,0.1,0.1,0.1,0.6,0.1,2,0.6931471805599453,0.5,0.42203695432062743,1,0,0.4857142857142857
36,2,10101.jpg,1,0,1,0,1,1,41,0.1,0.1,0.1,0.6,0.1,2,0.6931471805599453,0.5,0.5809025696539504,1,1,0.5
37,2,11100.jpg,1,1,1,0,0,1,41,0.1,0.1,0.1,0.6,0.1,2,0.6931471805599453,0.5,0.5877921162228291,0,0,0.4864864864864865
38,2,10010.jpg,1,0,0,1,0,0,41,0.1,0.1,0.1,0.6,0.1,2,0.6931471805599453,0.5,0.45405366659718266,0,1,0.5
39,2,10000.jpg,1,0,0,0,0,0,41,0.1,0.1,0.1,0.6,0.1,2,0.6931471805599453,0.5,0.5394596429973032,1,0,0.48717948717948717
40,2,01100.jpg,0,1,1,0,0,0,41,0.1,0.1,0.1,0.6,0.1,2,0.6931471805599453,0.5,0.5414970729355855,0,1,0.5
41,2,00011.jpg,0,0,0,1,1,0,41,0.1,0.1,0.1,0.6,0.1,2,0.6931471805599453,0.5,0.39677222763607695,0,1,0.5121951219512195
42,2,01000.jpg,0,1,0,0,0,0,41,0.1,0.1,0.1,0.6,0.1,2,0.6931471805599453,0.5,0.4707457223666332,0,1,0.5238095238095238
43,2,10100.jpg,1,0,1,0,0,1,41,0.1,0.1,0.1,0.6,0.1,2,0.6931471805599453,0.5,0.5960522734711547,1,1,0.5348837209302325
44,2,00110.jpg,0,0,1,1,0,0,41,0.1,0.1,0.1,0.6,0.1,2,0.6931471805599453,0.5,0.4562525048365787,1,0,0.5227272727272727
45,2,00000.jpg,0,0,0,0,0,0,41,0.1,0.1,0.1,0.6,0.1,2,0.6931471805599453,0.5,0.4812017071044499,0,1,0.5333333333333333
46,2,10110.jpg,1,0,1,1,0,1,41,0.1,0.1,0.1,0.6,0.1,2,0.6931471805599453,0.5,0.5190301498848102,0,0,0.5217391304347826
47,2,11101.jpg,1,1,1,0,1,1,41,0.1,0.1,0.1,0.6,0.1,2,0.6931471805599453,0.5,0.5936403683260899,1,1,0.5319148936170213
48,2,11011.jpg,1,1,0,1,1,0,41,0.1,0.1,0.1,0.6,0.1,2,0.6931471805599453,0.5,0.4512849760098147,1,0,0.5208333333333334
49,2,01001.jpg,0,1,0,0,1,0,41,0.1,0.1,0.1,0.6,0.1,2,0.6931471805599453,0.5,0.4742400261119166,0,1,0.5306122448979592
50,2,01111.jpg,0,1,1,1,1,0,41,0.1,0.1,0.1,0.6,0.1,2,0.6931471805599453,0.5,0.45511883689036126,0,1,0.54
51,2,10001.jpg,1,0,0,0,1,0,41,0.1,0.1,0.1,0.6,0.1,2,0.6931471805599453,0.5,0.5398375075449217,1,0,0.5294117647058824
52,2,00010.jpg,0,0,0,1,0,0,41,0.1,0.1,0.1,0.6,0.1,2,0.6931471805599453,0.5,0.4006784871668021,1,0,0.5192307692307693
53,2,11000.jpg,1,1,0,0,0,0,41,0.1,0.1,0.1,0.6,0.1,2,0.6931471805599453,0.5,0.5335686556774922,1,0,0.5094339622641509
54,2,00100.jpg,0,0,1,0,0,0,41,0.1,0.1,0.1,0.6,0.1,2,0.6931471805599453,0.5,0.5374114960526205,1,0,0.5
55,2,00001.jpg,0,0,0,0,1,0,41,0.1,0.1,0.1,0.6,0.1,2,0.6931471805599453,0.5,0.46692537860333794,1,0,0.4909090909090909
56,2,10111.jpg,1,0,1,1,1,1,41,0.1,0.1,0.1,0.6,0.1,2,0.6931471805599453,0.5,0.5333222240508196,1,1,0.5
57,2,11111.jpg,1,1,1,1,1,1,41,0.1,0.1,0.1,0.6,0.1,2,0.6931471805599453,0.5,0.5427491440755958,0,0,0.49122807017543857
58,2,01101.jpg,0,1,1,0,1,0,41,0.1,0.1,0.1,0.6,0.1,2,0.6931471805599453,0.5,0.511881277801536,0,1,0.5
59,2,00111.jpg,0,0,1,1,1,0,41,0.1,0.1,0.1,0.6,0.1,2,0.6931471805599453,0.5,0.4972022090320669,1,0,0.4915254237288136
60,2,11010.jpg,1,1,0,1,0,0,41,0.1,0.1,0.1,0.6,0.1,2,0.6931471805599453,0.5,0.4853627218285283,0,1,0.5
61,2,00101.jpg,0,0,1,0,1,0,41,0.1,0.1,0.1,0.6,0.1,2,0.6931471805599453,0.5,0.5120522778998089,0,1,0.5081967213114754
62,2,11001.jpg,1,1,0,0,1,0,41,0.1,0.1,0.1,0.6,0.1,2,0.6931471805599453,0.5,0.5088856332803693,0,1,0.5161290322580645
63,2,01110.jpg,0,1,1,1,0,0,41,0.1,0.1,0.1,0.6,0.1,2,0.6931471805599453,0.5,0.48862762922882846,1,0,0.5079365079365079
64,2,11110.jpg,1,1,1,1,0,1,41,0.1,0.1,0.1,0.6,0.1,2,0.6931471805599453,0.5,0.5506690902498786,1,1,0.515625
65,3,01101.jpg,0,1,1,0,1,0,41,0.1,0.1,0.1,0.6,0.1,2,0.6931471805599453,0.5,0.4966777629034623,1,0,0.5076923076923077
66,3,01100.jpg,0,1,1,0,0,0,41,0.1,0.1,0.1,0.6,0.1,2,0.6931471805599453,0.5,0.4924581360764057,0,1,0.5151515151515151
67,3,11110.jpg,1,1,1,1,0,1,41,0.1,0.1,0.1,0.6,0.1,2,0.6931471805599453,0.5,0.5697478282373999,1,1,0.5223880597014925
68,3,11000.jpg,1,1,0,0,0,0,41,0.1,0.1,0.1,0.6,0.1,2,0.6931471805599453,0.5,0.48649327441181606,0,1,0.5294117647058824
69,3,10100.jpg,1,0,1,0,0,1,41,0.1,0.1,0.1,0.6,0.1,2,0.6931471805599453,0.5,0.5497631829513091,0,0,0.5217391304347826
70,3,00011.jpg,0,0,0,1,1,0,41,0.1,0.1,0.1,0.6,0.1,2,0.6931471805599453,0.5,0.43774261048378643,0,1,0.5285714285714286
71,3,10001.jpg,1,0,0,0,1,0,41,0.1,0.1,0.1,0.6,0.1,2,0.6931471805599453,0.5,0.49385257563496404,1,0,0.5211267605633803
72,3,00111.jpg,0,0,1,1,1,0,41,0.1,0.1,0.1,0.6,0.1,2,0.6931471805599453,0.5,0.49925608197596194,0,1,0.5277777777777778
73,3,10011.jpg,1,0,0,1,1,0,41,0.1,0.1,0.1,0.6,0.1,2,0.6931471805599453,0.5,0.49656683281485914,1,0,0.5205479452054794
74,3,11001.jpg,1,1,0,0,1,0,41,0.1,0.1,0.1,0.6,0.1,2,0.6931471805599453,0.5,0.48904193868001034,1,0,0.5135135135135135
75,3,01110.jpg,0,1,1,1,0,0,41,0.1,0.1,0.1,0.6,0.1,2,0.6931471805599453,0.5,0.5097137363238128,1,0,0.5066666666666667
76,3,00100.jpg,0,0,1,0,0,0,41,0.1,0.1,0.1,0.6,0.1,2,0.6931471805599453,0.5,0.5022346844284862,0,1,0.5131578947368421
77,3,10110.jpg,1,0,1,1,0,1,41,0.1,0.1,0.1,0.6,0.1,2,0.6931471805599453,0.5,0.5704004627404387,1,1,0.5194805194805194
78,3,01011.jpg,0,1,0,1,1,0,41,0.1,0.1,0.1,0.6,0.1,2,0.6931471805599453,0.5,0.44022481874836183,0,1,0.5256410256410257
79,3,00001.jpg,0,0,0,0,1,0,41,0.1,0.1,0.1,0.6,0.1,2,0.6931471805599453,0.5,0.4247673548512189,0,1,0.5316455696202531
80,3,11010.jpg,1,1,0,1,0,0,41,0.1,0.1,0.1,0.6,0.1,2,0.6931471805599453,0.5,0.5160176713769995,0,1,0.5375
81,3,10000.jpg,1,0,0,0,0,0,41,0.1,0.1,0.1,0.6,0.1,2,0.6931471805599453,0.5,0.49473482237842326,1,0,0.5308641975308642
82,3,01001.jpg,0,1,0,0,1,0,41,0.1,0.1,0.1,0.6,0.1,2,0.6931471805599453,0.5,0.4180017712771871,0,1,0.5365853658536586
83,3,00010.jpg,0,0,0,1,0,0,41,0.1,0.1,0.1,0.6,0.1,2,0.6931471805599453,0.5,0.45334946928480024,0,1,0.54216867469879515
84,3,00000.jpg,0,0,0,0,0,0,41,0.1,0.1,0.1,0.6,0.1,2,0.6931471805599453,0.5,0.4292053912450297,0,1,0.5476190476190477
85,3,10111.jpg,1,0,1,1,1,1,41,0.1,0.1,0.1,0.6,0.1,2,0.6931471805599453,0.5,0.573781733813744,0,0,0.5411764705882353
86,3,11111.jpg,1,1,1,1,1,1,41,0.1,0.1,0.1,0.6,0.1,2,0.6931471805599453,0.5,0.5801653005653544,1,1,0.5465116279069767
87,3,11100.jpg,1,1,1,0,0,1,41,0.1,0.1,0.1,0.6,0.1,2,0.6931471805599453,0.5,0.539211469464314,1,1,0.5517241379310345
88,3,01010.jpg,0,1,0,1,0,0,41,0.1,0.1,0.1,0.6,0.1,2,0.6931471805599453,0.5,0.4521596045282769,1,0,0.5454545454545454
89,3,01000.jpg,0,1,0,0,0,0,41,0.1,0.1,0.1,0.6,0.1,2,0.6931471805599453,0.5,0.4201806243312164,0,1,0.550561797752809
90,3,10010.jpg,1,0,0,1,0,0,41,0.1,0.1,0.1,0.6,0.1,2,0.6931471805599453,0.5,0.5157087064177365,0,1,0.5555555555555556
91,3,01111.jpg,0,1,1,1,1,0,41,0.1,0.1,0.1,0.6,0.1,2,0.6931471805599453,0.5,0.5142810708434266,0,1,0.5604395604395604
92,3,00101.jpg,0,0,1,0,1,0,41,0.1,0.1,0.1,0.6,0.1,2,0.6931471805599453,0.5,0.48107692243173356,0,1,0.5652173913043478
93,3,11011.jpg,1,1,0,1,1,0,41,0.1,0.1,0.1,0.6,0.1,2,0.6931471805599453,0.5,0.5120838371351173,1,0,0.5591397849462365
94,3,00110.jpg,0,0,1,1,0,0,41,0.1,0.1,0.1,0.6,0.1,2,0.6931471805599453,0.5,0.5139946947020937,1,0,0.5531914893617021
95,3,10101.jpg,1,0,1,0,1,1,41,0.1,0.1,0.1,0.6,0.1,2,0.6931471805599453,0.5,0.5492203109884555,1,1,0.5578947368421052
96,3,11101.jpg,1,1,1,0,1,1,41,0.1,0.1,0.1,0.6,0.1,2,0.6931471805599453,0.5,0.5558350764520584,1,1,0.5625
1,1,11101.jpg,1,1,1,0,1,1,42,0.1,0.1,0.1,0.6,0.1,2,0.6931471805599453,0.5,0.5,1,1,1
2,1,11111.jpg,1,1,1,1,1,1,42,0.1,0.1,0.1,0.6,0.1,2,0.6931471805599453,0.5,0.5,0,0,0.5
3,1,00001.jpg,0,0,0,0,1,0,42,0.1,0.1,0.1,0.6,0.1,2,0.6931471805599453,0.5,0.5,1,0,0.3333333333333333
4,1,00111.jpg,0,0,1,1,1,0,42,0.1,0.1,0.1,0.6,0.1,2,0.6931471805599453,0.5,0.6387943912807911,0,1,0.5
5,1,00101.jpg,0,0,1,0,1,0,42,0.1,0.1,0.1,0.6,0.1,2,0.6931471805599453,0.5,0.4378286137426979,0,1,0.6
6,1,00100.jpg,0,0,1,0,0,0,42,0.1,0.1,0.1,0.6,0.1,2,0.6931471805599453,0.5,0.38163054566032795,0,1,0.6666666666666666
7,1,01001.jpg,0,1,0,0,1,0,42,0.1,0.1,0.1,0.6,0.1,2,0.6931471805599453,0.5,0.43783861131204455,0,1,0.7142857142857143
8,1,11110.jpg,1,1,1,1,0,1,42,0.1,0.1,0.1,0.6,0.1,2,0.6931471805599453,0.5,0.6864294850972052,0,0,0.625
9,1,01101.jpg,0,1,1,0,1,0,42,0.1,0.1,0.1,0.6,0.1,2,0.6931471805599453,0.5,0.39575486265129894,1,0,0.5555555555555556
10,1,00010.jpg,0,0,0,1,0,0,42,0.1,0.1,0.1,0.6,0.1,2,0.6931471805599453,0.5,0.5668006206584558,1,0,0.5
11,1,10110.jpg,1,0,1,1,0,1,42,0.1,0.1,0.1,0.6,0.1,2,0.6931471805599453,0.5,0.6363153790010438,1,1,0.5454545454545454
12,1,01000.jpg,0,1,0,0,0,0,42,0.1,0.1,0.1,0.6,0.1,2,0.6931471805599453,0.5,0.3329914982175718,0,1,0.5833333333333334
13,1,10001.jpg,1,0,0,0,1,0,42,0.1,0.1,0.1,0.6,0.1,2,0.6931471805599453,0.5,0.3706141254210242,1,0,0.5384615384615384
14,1,01011.jpg,0,1,0,1,1,0,42,0.1,0.1,0.1,0.6,0.1,2,0.6931471805599453,0.5,0.5878322989465943,0,1,0.5714285714285714
15,1,11001.jpg,1,1,0,0,1,0,42,0.1,0.1,0.1,0.6,0.1,2,0.6931471805599453,0.5,0.4067327035409958,0,1,0.6
16,1,10010.jpg,1,0,0,1,0,0,42,0.1,0.1,0.1,0.6,0.1,2,0.6931471805599453,0.5,0.6380820586543775,1,0,0.5625
17,1,01111.jpg,0,1,1,1,1,0,42,0.1,0.1,0.1,0.6,0.1,2,0.6931471805599453,0.5,0.6088507384817472,1,0,0.5294117647058824
18,1,00110.jpg,0,0,1,1,0,0,42,0.1,0.1,0.1,0.6,0.1,2,0.6931471805599453,0.5,0.5818238611995025,1,0,0.5
19,1,10111.jpg,1,0,1,1,1,1,42,0.1,0.1,0.1,0.6,0.1,2,0.6931471805599453,0.5,0.6178928724115502,0,0,0.47368421052631576
20,1,10011.jpg,1,0,0,1,1,0,42,0.1,0.1,0.1,0.6,0.1,2,0.6931471805599453,0.5,0.5917538189719779,0,1,0.5
21,1,01010.jpg,0,1,0,1,0,0,42,0.1,0.1,0.1,0.6,0.1,2,0.6931471805599453,0.5,0.5263515323577186,0,1,0.5238095238095238
22,1,01100.jpg,0,1,1,0,0,0,42,0.1,0.1,0.1,0.6,0.1,2,0.6931471805599453,0.5,0.4048681864251907,1,0,0.5
23,1,10100.jpg,1,0,1,0,0,1,42,0.1,0.1,0.1,0.6,0.1,2,0.6931471805599453,0.5,0.44598312770033305,0,0,0.4782608695652174
24,1,11011.jpg,1,1,0,1,1,0,42,0.1,0.1,0.1,0.6,0.1,2,0.6931471805599453,0.5,0.555932628625382,0,1,0.5
25,1,01110.jpg,0,1,1,1,0,0,42,0.1,0.1,0.1,0.6,0.1,2,0.6931471805599453,0.5,0.5408763043671939,1,0,0.48
26,1,00011.jpg,0,0,0,1,1,0,42,0.1,0.1,0.1,0.6,0.1,2,0.6931471805599453,0.5,0.467522748190811,0,1,0.5
27,1,11000.jpg,1,1,0,0,0,0,42,0.1,0.1,0.1,0.6,0.1,2,0.6931471805599453,0.5,0.47567822525969106,1,0,0.48148148148148145
28,1,10000.jpg,1,0,0,0,0,0,42,0.1,0.1,0.1,0.6,0.1,2,0.6931471805599453,0.5,0.4691079580592182,1,0,0.4642857142857143
29,1,11010.jpg,1,1,0,1,0,0,42,0.1,0.1,0.1,0.6,0.1,2,0.6931471805599453,0.5,0.5453938297532944,1,0,0.4482758620689655
30,1,00000.jpg,0,0,0,0,0,0,42,0.1,0.1,0.1,0.6,0.1,2,0.6931471805599453,0.5,0.39828393668846196,0,1,0.4666666666666667
31,1,11100.jpg,1,1,1,0,0,1,42,0.1,0.1,0.1,0.6,0.1,2,0.6931471805599453,0.5,0.5147094264244494,0,0,0.45161290322580644
32,1,10101.jpg,1,0,1,0,1,1,42,0.1,0.1,0.1,0.6,0.1,2,0.6931471805599453,0.5,0.5328154298335533,1,1,0.46875
33,2,01010.jpg,0,1,0,1,0,0,42,0.1,0.1,0.1,0.6,0.1,2,0.6931471805599453,0.5,0.43261138769303775,0,1,0.48484848484848486
34,2,10011.jpg,1,0,0,1,1,0,42,0.1,0.1,0.1,0.6,0.1,2,0.6931471805599453,0.5,0.4943936065187778,0,1,0.5
35,2,01011.jpg,0,1,0,1,1,0,42,0.1,0.1,0.1,0.6,0.1,2,0.6931471805599453,0.5,0.42203695432062743,1,0,0.4857142857142857
36,2,10101.jpg,1,0,1,0,1,1,42,0.1,0.1,0.1,0.6,0.1,2,0.6931471805599453,0.5,0.5809025696539504,1,1,0.5
37,2,11100.jpg,1,1,1,0,0,1,42,0.1,0.1,0.1,0.6,0.1,2,0.6931471805599453,0.5,0.5877921162228291,0,0,0.4864864864864865
38,2,10010.jpg,1,0,0,1,0,0,42,0.1,0.1,0.1,0.6,0.1,2,0.6931471805599453,0.5,0.45405366659718266,0,1,0.5
39,2,10000.jpg,1,0,0,0,0,0,42,0.1,0.1,0.1,0.6,0.1,2,0.6931471805599453,0.5,0.5394596429973032,1,0,0.48717948717948717
40,2,01100.jpg,0,1,1,0,0,0,42,0.1,0.1,0.1,0.6,0.1,2,0.6931471805599453,0.5,0.5414970729355855,0,1,0.5
41,2,00011.jpg,0,0,0,1,1,0,42,0.1,0.1,0.1,0.6,0.1,2,0.6931471805599453,0.5,0.39677222763607695,0,1,0.5121951219512195
42,2,01000.jpg,0,1,0,0,0,0,42,0.1,0.1,0.1,0.6,0.1,2,0.6931471805599453,0.5,0.4707457223666332,0,1,0.5238095238095238
43,2,10100.jpg,1,0,1,0,0,1,42,0.1,0.1,0.1,0.6,0.1,2,0.6931471805599453,0.5,0.5960522734711547,1,1,0.5348837209302325
44,2,00110.jpg,0,0,1,1,0,0,42,0.1,0.1,0.1,0.6,0.1,2,0.6931471805599453,0.5,0.4562525048365787,1,0,0.5227272727272727
45,2,00000.jpg,0,0,0,0,0,0,42,0.1,0.1,0.1,0.6,0.1,2,0.6931471805599453,0.5,0.4812017071044499,0,1,0.5333333333333333
46,2,10110.jpg,1,0,1,1,0,1,42,0.1,0.1,0.1,0.6,0.1,2,0.6931471805599453,0.5,0.5190301498848102,0,0,0.5217391304347826
47,2,11101.jpg,1,1,1,0,1,1,42,0.1,0.1,0.1,0.6,0.1,2,0.6931471805599453,0.5,0.5936403683260899,1,1,0.5319148936170213
48,2,11011.jpg,1,1,0,1,1,0,42,0.1,0.1,0.1,0.6,0.1,2,0.6931471805599453,0.5,0.4512849760098147,1,0,0.5208333333333334
49,2,01001.jpg,0,1,0,0,1,0,42,0.1,0.1,0.1,0.6,0.1,2,0.6931471805599453,0.5,0.4742400261119166,0,1,0.5306122448979592
50,2,01111.jpg,0,1,1,1,1,0,42,0.1,0.1,0.1,0.6,0.1,2,0.6931471805599453,0.5,0.45511883689036126,0,1,0.54
51,2,10001.jpg,1,0,0,0,1,0,42,0.1,0.1,0.1,0.6,0.1,2,0.6931471805599453,0.5,0.5398375075449217,1,0,0.5294117647058824
52,2,00010.jpg,0,0,0,1,0,0,42,0.1,0.1,0.1,0.6,0.1,2,0.6931471805599453,0.5,0.4006784871668021,1,0,0.5192307692307693
53,2,11000.jpg,1,1,0,0,0,0,42,0.1,0.1,0.1,0.6,0.1,2,0.6931471805599453,0.5,0.5335686556774922,1,0,0.5094339622641509
54,2,00100.jpg,0,0,1,0,0,0,42,0.1,0.1,0.1,0.6,0.1,2,0.6931471805599453,0.5,0.5374114960526205,1,0,0.5
55,2,00001.jpg,0,0,0,0,1,0,42,0.1,0.1,0.1,0.6,0.1,2,0.6931471805599453,0.5,0.46692537860333794,1,0,0.4909090909090909
56,2,10111.jpg,1,0,1,1,1,1,42,0.1,0.1,0.1,0.6,0.1,2,0.6931471805599453,0.5,0.5333222240508196,1,1,0.5
57,2,11111.jpg,1,1,1,1,1,1,42,0.1,0.1,0.1,0.6,0.1,2,0.6931471805599453,0.5,0.5427491440755958,0,0,0.49122807017543857
58,2,01101.jpg,0,1,1,0,1,0,42,0.1,0.1,0.1,0.6,0.1,2,0.6931471805599453,0.5,0.511881277801536,0,1,0.5
59,2,00111.jpg,0,0,1,1,1,0,42,0.1,0.1,0.1,0.6,0.1,2,0.6931471805599453,0.5,0.4972022090320669,1,0,0.4915254237288136
60,2,11010.jpg,1,1,0,1,0,0,42,0.1,0.1,0.1,0.6,0.1,2,0.6931471805599453,0.5,0.4853627218285283,0,1,0.5
61,2,00101.jpg,0,0,1,0,1,0,42,0.1,0.1,0.1,0.6,0.1,2,0.6931471805599453,0.5,0.5120522778998089,0,1,0.5081967213114754
62,2,11001.jpg,1,1,0,0,1,0,42,0.1,0.1,0.1,0.6,0.1,2,0.6931471805599453,0.5,0.5088856332803693,0,1,0.5161290322580645
63,2,01110.jpg,0,1,1,1,0,0,42,0.1,0.1,0.1,0.6,0.1,2,0.6931471805599453,0.5,0.48862762922882846,1,0,0.5079365079365079
64,2,11110.jpg,1,1,1,1,0,1,42,0.1,0.1,0.1,0.6,0.1,2,0.6931471805599453,0.5,0.5506690902498786,1,1,0.515625
65,3,01101.jpg,0,1,1,0,1,0,42,0.1,0.1,0.1,0.6,0.1,2,0.6931471805599453,0.5,0.4966777629034623,1,0,0.5076923076923077
66,3,01100.jpg,0,1,1,0,0,0,42,0.1,0.1,0.1,0.6,0.1,2,0.6931471805599453,0.5,0.4924581360764057,0,1,0.5151515151515151
67,3,11110.jpg,1,1,1,1,0,1,42,0.1,0.1,0.1,0.6,0.1,2,0.6931471805599453,0.5,0.5697478282373999,1,1,0.5223880597014925
68,3,11000.jpg,1,1,0,0,0,0,42,0.1,0.1,0.1,0.6,0.1,2,0.6931471805599453,0.5,0.48649327441181606,0,1,0.5294117647058824
69,3,10100.jpg,1,0,1,0,0,1,42,0.1,0.1,0.1,0.6,0.1,2,0.6931471805599453,0.5,0.5497631829513091,0,0,0.5217391304347826
70,3,00011.jpg,0,0,0,1,1,0,42,0.1,0.1,0.1,0.6,0.1,2,0.6931471805599453,0.5,0.43774261048378643,0,1,0.5285714285714286
71,3,10001.jpg,1,0,0,0,1,0,42,0.1,0.1,0.1,0.6,0.1,2,0.6931471805599453,0.5,0.49385257563496404,1,0,0.5211267605633803
72,3,00111.jpg,0,0,1,1,1,0,42,0.1,0.1,0.1,0.6,0.1,2,0.6931471805599453,0.5,0.49925608197596194,0,1,0.5277777777777778
73,3,10011.jpg,1,0,0,1,1,0,42,0.1,0.1,0.1,0.6,0.1,2,0.6931471805599453,0.5,0.49656683281485914,1,0,0.5205479452054794
74,3,11001.jpg,1,1,0,0,1,0,42,0.1,0.1,0.1,0.6,0.1,2,0.6931471805599453,0.5,0.48904193868001034,1,0,0.5135135135135135
75,3,01110.jpg,0,1,1,1,0,0,42,0.1,0.1,0.1,0.6,0.1,2,0.6931471805599453,0.5,0.5097137363238128,1,0,0.5066666666666667
76,3,00100.jpg,0,0,1,0,0,0,42,0.1,0.1,0.1,0.6,0.1,2,0.6931471805599453,0.5,0.5022346844284862,0,1,0.5131578947368421
77,3,10110.jpg,1,0,1,1,0,1,42,0.1,0.1,0.1,0.6,0.1,2,0.6931471805599453,0.5,0.5704004627404387,1,1,0.5194805194805194
78,3,01011.jpg,0,1,0,1,1,0,42,0.1,0.1,0.1,0.6,0.1,2,0.6931471805599453,0.5,0.44022481874836183,0,1,0.5256410256410257
79,3,00001.jpg,0,0,0,0,1,0,42,0.1,0.1,0.1,0.6,0.1,2,0.6931471805599453,0.5,0.4247673548512189,0,1,0.5316455696202531
80,3,11010.jpg,1,1,0,1,0,0,42,0.1,0.1,0.1,0.6,0.1,2,0.6931471805599453,0.5,0.5160176713769995,0,1,0.5375
81,3,10000.jpg,1,0,0,0,0,0,42,0.1,0.1,0.1,0.6,0.1,2,0.6931471805599453,0.5,0.49473482237842326,1,0,0.5308641975308642
82,3,01001.jpg,0,1,0,0,1,0,42,0.1,0.1,0.1,0.6,0.1,2,0.6931471805599453,0.5,0.4180017712771871,0,1,0.5365853658536586
83,3,00010.jpg,0,0,0,1,0,0,42,0.1,0.1,0.1,0.6,0.1,2,0.6931471805599453,0.5,0.45334946928480024,0,1,0.54216867469879515
84,3,00000.jpg,0,0,0,0,0,0,42,0.1,0.1,0.1,0.6,0.1,2,0.6931471805599453,0.5,0.4292053912450297,0,1,0.5476190476190477
85,3,10111.jpg,1,0,1,1,1,1,42,0.1,0.1,0.1,0.6,0.1,2,0.6931471805599453,0.5,0.573781733813744,0,0,0.5411764705882353
86,3,11111.jpg,1,1,1,1,1,1,42,0.1,0.1,0.1,0.6,0.1,2,0.6931471805599453,0.5,0.5801653005653544,1,1,0.5465116279069767
87,3,11100.jpg,1,1,1,0,0,1,42,0.1,0.1,0.1,0.6,0.1,2,0.6931471805599453,0.5,0.539211469464314,1,1,0.5517241379310345
88,3,01010.jpg,0,1,0,1,0,0,42,0.1,0.1,0.1,0.6,0.1,2,0.6931471805599453,0.5,0.4521596045282769,1,0,0.5454545454545454
89,3,01000.jpg,0,1,0,0,0,0,42,0.1,0.1,0.1,0.6,0.1,2,0.6931471805599453,0.5,0.4201806243312164,0,1,0.550561797752809
90,3,10010.jpg,1,0,0,1,0,0,42,0.1,0.1,0.1,0.6,0.1,2,0.6931471805599453,0.5,0.5157087064177365,0,1,0.5555555555555556
91,3,01111.jpg,0,1,1,1,1,0,42,0.1,0.1,0.1,0.6,0.1,2,0.6931471805599453,0.5,0.5142810708434266,0,1,0.5604395604395604
92,3,00101.jpg,0,0,1,0,1,0,42,0.1,0.1,0.1,0.6,0.1,2,0.6931471805599453,0.5,0.48107692243173356,0,1,0.5652173913043478
93,3,11011.jpg,1,1,0,1,1,0,42,0.1,0.1,0.1,0.6,0.1,2,0.6931471805599453,0.5,0.5120838371351173,1,0,0.5591397849462365
94,3,00110.jpg,0,0,1,1,0,0,42,0.1,0.1,0.1,0.6,0.1,2,0.6931471805599453,0.5,0.5139946947020937,1,0,0.5531914893617021
95,3,10101.jpg,1,0,1,0,1,1,42,0.1,0.1,0.1,0.6,0.1,2,0.6931471805599453,0.5,0.5492203109884555,1,1,0.5578947368421052
96,3,11101.jpg,1,1,1,0,1,1,42,0.1,0.1,0.1,0.6,0.1,2,0.6931471805599453,0.5,0.5558350764520584,1,1,0.5625
1,1,11101.jpg,1,1,1,0,1,1,43,0.1,0.1,0.1,0.6,0.1,2,0.6931471805599453,0.5,0.5,1,1,1
2,1,11111.jpg,1,1,1,1,1,1,43,0.1,0.1,0.1,0.6,0.1,2,0.6931471805599453,0.5,0.5,0,0,0.5
3,1,00001.jpg,0,0,0,0,1,0,43,0.1,0.1,0.1,0.6,0.1,2,0.6931471805599453,0.5,0.5,1,0,0.3333333333333333
4,1,00111.jpg,0,0,1,1,1,0,43,0.1,0.1,0.1,0.6,0.1,2,0.6931471805599453,0.5,0.6387943912807911,0,1,0.5
5,1,00101.jpg,0,0,1,0,1,0,43,0.1,0.1,0.1,0.6,0.1,2,0.6931471805599453,0.5,0.4378286137426979,0,1,0.6
6,1,00100.jpg,0,0,1,0,0,0,43,0.1,0.1,0.1,0.6,0.1,2,0.6931471805599453,0.5,0.38163054566032795,0,1,0.6666666666666666
7,1,01001.jpg,0,1,0,0,1,0,43,0.1,0.1,0.1,0.6,0.1,2,0.6931471805599453,0.5,0.43783861131204455,0,1,0.7142857142857143
8,1,11110.jpg,1,1,1,1,0,1,43,0.1,0.1,0.1,0.6,0.1,2,0.6931471805599453,0.5,0.6864294850972052,0,0,0.625
9,1,01101.jpg,0,1,1,0,1,0,43,0.1,0.1,0.1,0.6,0.1,2,0.6931471805599453,0.5,0.39575486265129894,1,0,0.5555555555555556
10,1,00010.jpg,0,0,0,1,0,0,43,0.1,0.1,0.1,0.6,0.1,2,0.6931471805599453,0.5,0.5668006206584558,1,0,0.5
11,1,10110.jpg,1,0,1,1,0,1,43,0.1,0.1,0.1,0.6,0.1,2,0.6931471805599453,0.5,0.6363153790010438,1,1,0.5454545454545454
12,1,01000.jpg,0,1,0,0,0,0,43,0.1,0.1,0.1,0.6,0.1,2,0.6931471805599453,0.5,0.3329914982175718,0,1,0.5833333333333334
13,1,10001.jpg,1,0,0,0,1,0,43,0.1,0.1,0.1,0.6,0.1,2,0.6931471805599453,0.5,0.3706141254210242,1,0,0.5384615384615384
14,1,01011.jpg,0,1,0,1,1,0,43,0.1,0.1,0.1,0.6,0.1,2,0.6931471805599453,0.5,0.5878322989465943,0,1,0.5714285714285714
15,1,11001.jpg,1,1,0,0,1,0,43,0.1,0.1,0.1,0.6,0.1,2,0.6931471805599453,0.5,0.4067327035409958,0,1,0.6
16,1,10010.jpg,1,0,0,1,0,0,43,0.1,0.1,0.1,0.6,0.1,2,0.6931471805599453,0.5,0.6380820586543775,1,0,0.5625
17,1,01111.jpg,0,1,1,1,1,0,43,0.1,0.1,0.1,0.6,0.1,2,0.6931471805599453,0.5,0.6088507384817472,1,0,0.5294117647058824
18,1,00110.jpg,0,0,1,1,0,0,43,0.1,0.1,0.1,0.6,0.1,2,0.6931471805599453,0.5,0.5818238611995025,1,0,0.5
19,1,10111.jpg,1,0,1,1,1,1,43,0.1,0.1,0.1,0.6,0.1,2,0.6931471805599453,0.5,0.6178928724115502,0,0,0.47368421052631576
20,1,10011.jpg,1,0,0,1,1,0,43,0.1,0.1,0.1,0.6,0.1,2,0.6931471805599453,0.5,0.5917538189719779,0,1,0.5
21,1,01010.jpg,0,1,0,1,0,0,43,0.1,0.1,0.1,0.6,0.1,2,0.6931471805599453,0.5,0.5263515323577186,0,1,0.5238095238095238
22,1,01100.jpg,0,1,1,0,0,0,43,0.1,0.1,0.1,0.6,0.1,2,0.6931471805599453,0.5,0.4048681864251907,1,0,0.5
23,1,10100.jpg,1,0,1,0,0,1,43,0.1,0.1,0.1,0.6,0.1,2,0.6931471805599453,0.5,0.44598312770033305,0,0,0.4782608695652174
24,1,11011.jpg,1,1,0,1,1,0,43,0.1,0.1,0.1,0.6,0.1,2,0.6931471805599453,0.5,0.555932628625382,0,1,0.5
25,1,01110.jpg,0,1,1,1,0,0,43,0.1,0.1,0.1,0.6,0.1,2,0.6931471805599453,0.5,0.5408763043671939,1,0,0.48
26,1,00011.jpg,0,0,0,1,1,0,43,0.1,0.1,0.1,0.6,0.1,2,0.6931471805599453,0.5,0.467522748190811,0,1,0.5
27,1,11000.jpg,1,1,0,0,0,0,43,0.1,0.1,0.1,0.6,0.1,2,0.6931471805599453,0.5,0.47567822525969106,1,0,0.48148148148148145
28,1,10000.jpg,1,0,0,0,0,0,43,0.1,0.1,0.1,0.6,0.1,2,0.6931471805599453,0.5,0.4691079580592182,1,0,0.4642857142857143
29,1,11010.jpg,1,1,0,1,0,0,43,0.1,0.1,0.1,0.6,0.1,2,0.6931471805599453,0.5,0.5453938297532944,1,0,0.4482758620689655
30,1,00000.jpg,0,0,0,0,0,0,43,0.1,0.1,0.1,0.6,0.1,2,0.6931471805599453,0.5,0.39828393668846196,0,1,0.4666666666666667
31,1,11100.jpg,1,1,1,0,0,1,43,0.1,0.1,0.1,0.6,0.1,2,0.6931471805599453,0.5,0.5147094264244494,0,0,0.45161290322580644
32,1,10101.jpg,1,0,1,0,1,1,43,0.1,0.1,0.1,0.6,0.1,2,0.6931471805599453,0.5,0.5328154298335533,1,1,0.46875
33,2,01010.jpg,0,1,0,1,0,0,43,0.1,0.1,0.1,0.6,0.1,2,0.6931471805599453,0.5,0.43261138769303775,0,1,0.48484848484848486
34,2,10011.jpg,1,0,0,1,1,0,43,0.1,0.1,0.1,0.6,0.1,2,0.6931471805599453,0.5,0.4943936065187778,0,1,0.5
35,2,01011.jpg,0,1,0,1,1,0,43,0.1,0.1,0.1,0.6,0.1,2,0.6931471805599453,0.5,0.42203695432062743,1,0,0.4857142857142857
36,2,10101.jpg,1,0,1,0,1,1,43,0.1,0.1,0.1,0.6,0.1,2,0.6931471805599453,0.5,0.5809025696539504,1,1,0.5
37,2,11100.jpg,1,1,1,0,0,1,43,0.1,0.1,0.1,0.6,0.1,2,0.6931471805599453,0.5,0.5877921162228291,0,0,0.4864864864864865
38,2,10010.jpg,1,0,0,1,0,0,43,0.1,0.1,0.1,0.6,0.1,2,0.6931471805599453,0.5,0.45405366659718266,0,1,0.5
39,2,10000.jpg,1,0,0,0,0,0,43,0.1,0.1,0.1,0.6,0.1,2,0.6931471805599453,0.5,0.5394596429973032,1,0,0.48717948717948717
40,2,01100.jpg,0,1,1,0,0,0,43,0.1,0.1,0.1,0.6,0.1,2,0.6931471805599453,0.5,0.5414970729355855,0,1,0.5
41,2,00011.jpg,0,0,0,1,1,0,43,0.1,0.1,0.1,0.6,0.1,2,0.6931471805599453,0.5,0.39677222763607695,0,1,0.5121951219512195
42,2,01000.jpg,0,1,0,0,0,0,43,0.1,0.1,0.1,0.6,0.1,2,0.6931471805599453,0.5,0.4707457223666332,0,1,0.5238095238095238
43,2,10100.jpg,1,0,1,0,0,1,43,0.1,0.1,0.1,0.6,0.1,2,0.6931471805599453,0.5,0.5960522734711547,1,1,0.5348837209302325
44,2,00110.jpg,0,0,1,1,0,0,43,0.1,0.1,0.1,0.6,0.1,2,0.6931471805599453,0.5,0.4562525048365787,1,0,0.5227272727272727
45,2,00000.jpg,0,0,0,0,0,0,43,0.1,0.1,0.1,0.6,0.1,2,0.6931471805599453,0.5,0.4812017071044499,0,1,0.5333333333333333
46,2,10110.jpg,1,0,1,1,0,1,43,0.1,0.1,0.1,0.6,0.1,2,0.6931471805599453,0.5,0.5190301498848102,0,0,0.5217391304347826
47,2,11101.jpg,1,1,1,0,1,1,43,0.1,0.1,0.1,0.6,0.1,2,0.6931471805599453,0.5,0.5936403683260899,1,1,0.5319148936170213
48,2,11011.jpg,1,1,0,1,1,0,43,0.1,0.1,0.1,0.6,0.1,2,0.6931471805599453,0.5,0.4512849760098147,1,0,0.5208333333333334
49,2,01001.jpg,0,1,0,0,1,0,43,0.1,0.1,0.1,0.6,0.1,2,0.6931471805599453,0.5,0.4742400261119166,0,1,0.5306122448979592
50,2,01111.jpg,0,1,1,1,1,0,43,0.1,0.1,0.1,0.6,0.1,2,0.6931471805599453,0.5,0.45511883689036126,0,1,0.54
51,2,10001.jpg,1,0,0,0,1,0,43,0.1,0.1,0.1,0.6,0.1,2,0.6931471805599453,0.5,0.5398375075449217,1,0,0.5294117647058824
52,2,00010.jpg,0,0,0,1,0,0,43,0.1,0.1,0.1,0.6,0.1,2,0.6931471805599453,0.5,0.4006784871668021,1,0,0.5192307692307693
53,2,11000.jpg,1,1,0,0,0,0,43,0.1,0.1,0.1,0.6,0.1,2,0.6931471805599453,0.5,0.5335686556774922,1,0,0.5094339622641509
54,2,00100.jpg,0,0,1,0,0,0,43,0.1,0.1,0.1,0.6,0.1,2,0.6931471805599453,0.5,0.5374114960526205,1,0,0.5
55,2,00001.jpg,0,0,0,0,1,0,43,0.1,0.1,0.1,0.6,0.1,2,0.6931471805599453,0.5,0.46692537860333794,1,0,0.4909090909090909
56,2,10111.jpg,1,0,1,1,1,1,43,0.1,0.1,0.1,0.6,0.1,2,0.6931471805599453,0.5,0.5333222240508196,1,1,0.5
57,2,11111.jpg,1,1,1,1,1,1,43,0.1,0.1,0.1,0.6,0.1,2,0.6931471805599453,0.5,0.5427491440755958,0,0,0.49122807017543857
58,2,01101.jpg,0,1,1,0,1,0,43,0.1,0.1,0.1,0.6,0.1,2,0.6931471805599453,0.5,0.511881277801536,0,1,0.5
59,2,00111.jpg,0,0,1,1,1,0,43,0.1,0.1,0.1,0.6,0.1,2,0.6931471805599453,0.5,0.4972022090320669,1,0,0.4915254237288136
60,2,11010.jpg,1,1,0,1,0,0,43,0.1,0.1,0.1,0.6,0.1,2,0.6931471805599453,0.5,0.4853627218285283,0,1,0.5
61,2,00101.jpg,0,0,1,0,1,0,43,0.1,0.1,0.1,0.6,0.1,2,0.6931471805599453,0.5,0.5120522778998089,0,1,0.5081967213114754
62,2,11001.jpg,1,1,0,0,1,0,43,0.1,0.1,0.1,0.6,0.1,2,0.6931471805599453,0.5,0.5088856332803693,0,1,0.5161290322580645
63,2,01110.jpg,0,1,1,1,0,0,43,0.1,0.1,0.1,0.6,0.1,2,0.6931471805599453,0.5,0.48862762922882846,1,0,0.5079365079365079
64,2,11110.jpg,1,1,1,1,0,1,43,0.1,0.1,0.1,0.6,0.1,2,0.6931471805599453,0.5,0.5506690902498786,1,1,0.515625
65,3,01101.jpg,0,1,1,0,1,0,43,0.1,0.1,0.1,0.6,0.1,2,0.6931471805599453,0.5,0.4966777629034623,1,0,0.5076923076923077
66,3,01100.jpg,0,1,1,0,0,0,43,0.1,0.1,0.1,0.6,0.1,2,0.6931471805599453,0.5,0.4924581360764057,0,1,0.5151515151515151
67,3,11110.jpg,1,1,1,1,0,1,43,0.1,0.1,0.1,0.6,0.1,2,0.6931471805599453,0.5,0.5697478282373999,1,1,0.5223880597014925
68,3,11000.jpg,1,1,0,0,0,0,43,0.1,0.1,0.1,0.6,0.1,2,0.6931471805599453,0.5,0.48649327441181606,0,1,0.5294117647058824
69,3,10100.jpg,1,0,1,0,0,1,43,0.1,0.1,0.1,0.6,0.1,2,0.6931471805599453,0.5,0.5497631829513091,0,0,0.5217391304347826
70,3,00011.jpg,0,0,0,1,1,0,43,0.1,0.1,0.1,0.6,0.1,2,0.6931471805599453,0.5,0.43774261048378643,0,1,0.5285714285714286
71,3,10001.jpg,1,0,0,0,1,0,43,0.1,0.1,0.1,0.6,0.1,2,0.6931471805599453,0.5,0.49385257563496404,1,0,0.5211267605633803
72,3,00111.jpg,0,0,1,1,1,0,43,0.1,0.1,0.1,0.6,0.1,2,0.6931471805599453,0.5,0.49925608197596194,0,1,0.5277777777777778
73,3,10011.jpg,1,0,0,1,1,0,43,0.1,0.1,0.1,0.6,0.1,2,0.6931471805599453,0.5,0.49656683281485914,1,0,0.5205479452054794
74,3,11001.jpg,1,1,0,0,1,0,43,0.1,0.1,0.1,0.6,0.1,2,0.6931471805599453,0.5,0.48904193868001034,1,0,0.5135135135135135
75,3,01110.jpg,0,1,1,1,0,0,43,0.1,0.1,0.1,0.6,0.1,2,0.6931471805599453,0.5,0.5097137363238128,1,0,0.5066666666666667
76,3,00100.jpg,0,0,1,0,0,0,43,0.1,0.1,0.1,0.6,0.1,2,0.6931471805599453,0.5,0.5022346844284862,0,1,0.5131578947368421
77,3,10110.jpg,1,0,1,1,0,1,43,0.1,0.1,0.1,0.6,0.1,2,0.6931471805599453,0.5,0.5704004627404387,1,1,0.5194805194805194
78,3,01011.jpg,0,1,0,1,1,0,43,0.1,0.1,0.1,0.6,0.1,2,0.6931471805599453,0.5,0.44022481874836183,0,1,0.5256410256410257
79,3,00001.jpg,0,0,0,0,1,0,43,0.1,0.1,0.1,0.6,0.1,2,0.6931471805599453,0.5,0.4247673548512189,0,1,0.5316455696202531
80,3,11010.jpg,1,1,0,1,0,0,43,0.1,0.1,0.1,0.6,0.1,2,0.6931471805599453,0.5,0.5160176713769995,0,1,0.5375
81,3,10000.jpg,1,0,0,0,0,0,43,0.1,0.1,0.1,0.6,0.1,2,0.6931471805599453,0.5,0.49473482237842326,1,0,0.5308641975308642
82,3,01001.jpg,0,1,0,0,1,0,43,0.1,0.1,0.1,0.6,0.1,2,0.6931471805599453,0.5,0.4180017712771871,0,1,0.5365853658536586
83,3,00010.jpg,0,0,0,1,0,0,43,0.1,0.1,0.1,0.6,0.1,2,0.6931471805599453,0.5,0.45334946928480024,0,1,0.54216867469879515
84,3,00000.jpg,0,0,0,0,0,0,43,0.1,0.1,0.1,0.6,0.1,2,0.6931471805599453,0.5,0.4292053912450297,0,1,0.5476190476190477
85,3,10111.jpg,1,0,1,1,1,1,43,0.1,0.1,0.1,0.6,0.1,2,0.6931471805599453,0.5,0.573781733813744,0,0,0.5411764705882353
86,3,11111.jpg,1,1,1,1,1,1,43,0.1,0.1,0.1,0.6,0.1,2,0.6931471805599453,0.5,0.5801653005653544,1,1,0.5465116279069767
87,3,11100.jpg,1,1,1,0,0,1,43,0.1,0.1,0.1,0.6,0.1,2,0.6931471805599453,0.5,0.539211469464314,1,1,0.5517241379310345
88,3,01010.jpg,0,1,0,1,0,0,43,0.1,0.1,0.1,0.6,0.1,2,0.6931471805599453,0.5,0.4521596045282769,1,0,0.5454545454545454
89,3,01000.jpg,0,1,0,0,0,0,43,0.1,0.1,0.1,0.6,0.1,2,0.6931471805599453,0.5,0.4201806243312164,0,1,0.550561797752809
90,3,10010.jpg,1,0,0,1,0,0,43,0.1,0.1,0.1,0.6,0.1,2,0.6931471805599453,0.5,0.5157087064177365,0,1,0.5555555555555556
91,3,01111.jpg,0,1,1,1,1,0,43,0.1,0.1,0.1,0.6,0.1,2,0.6931471805599453,0.5,0.5142810708434266,0,1,0.5604395604395604
92,3,00101.jpg,0,0,1,0,1,0,43,0.1,0.1,0.1,0.6,0.1,2,0.6931471805599453,0.5,0.48107692243173356,0,1,0.5652173913043478
93,3,11011.jpg,1,1,0,1,1,0,43,0.1,0.1,0.1,0.6,0.1,2,0.6931471805599453,0.5,0.5120838371351173,1,0,0.5591397849462365
94,3,00110.jpg,0,0,1,1,0,0,43,0.1,0.1,0.1,0.6,0.1,2,0.6931471805599453,0.5,0.5139946947020937,1,0,0.5531914893617021
95,3,10101.jpg,1,0,1,0,1,1,43,0.1,0.1,0.1,0.6,0.1,2,0.6931471805599453,0.5,0.5492203109884555,1,1,0.5578947368421052
96,3,11101.jpg,1,1,1,0,1,1,43,0.1,0.1,0.1,0.6,0.1,2,0.6931471805599453,0.5,0.5558350764520584,1,1,0.5625
1,1,11101.jpg,1,1,1,0,1,1,44,0.1,0.1,0.1,0.6,0.1,2,0.6931471805599453,0.5,0.5,1,1,1
2,1,11111.jpg,1,1,1,1,1,1,44,0.1,0.1,0.1,0.6,0.1,2,0.6931471805599453,0.5,0.5,0,0,0.5
3,1,00001.jpg,0,0,0,0,1,0,44,0.1,0.1,0.1,0.6,0.1,2,0.6931471805599453,0.5,0.5,1,0,0.3333333333333333
4,1,00111.jpg,0,0,1,1,1,0,44,0.1,0.1,0.1,0.6,0.1,2,0.6931471805599453,0.5,0.6387943912807911,0,1,0.5
5,1,00101.jpg,0,0,1,0,1,0,44,0.1,0.1,0.1,0.6,0.1,2,0.6931471805599453,0.5,0.4378286137426979,0,1,0.6
6,1,00100.jpg,0,0,1,0,0,0,44,0.1,0.1,0.1,0.6,0.1,2,0.6931471805599453,0.5,0.38163054566032795,0,1,0.6666666666666666
7,1,01001.jpg,0,1,0,0,1,0,44,0.1,0.1,0.1,0.6,0.1,2,0.6931471805599453,0.5,0.43783861131204455,0,1,0.7142857142857143
8,1,11110.jpg,1,1,1,1,0,1,44,0.1,0.1,0.1,0.6,0.1,2,0.6931471805599453,0.5,0.6864294850972052,0,0,0.625
9,1,01101.jpg,0,1,1,0,1,0,44,0.1,0.1,0.1,0.6,0.1,2,0.6931471805599453,0.5,0.39575486265129894,1,0,0.5555555555555556
10,1,00010.jpg,0,0,0,1,0,0,44,0.1,0.1,0.1,0.6,0.1,2,0.6931471805599453,0.5,0.5668006206584558,1,0,0.5
11,1,10110.jpg,1,0,1,1,0,1,44,0.1,0.1,0.1,0.6,0.1,2,0.6931471805599453,0.5,0.6363153790010438,1,1,0.5454545454545454
12,1,01000.jpg,0,1,0,0,0,0,44,0.1,0.1,0.1,0.6,0.1,2,0.6931471805599453,0.5,0.3329914982175718,0,1,0.5833333333333334
13,1,10001.jpg,1,0,0,0,1,0,44,0.1,0.1,0.1,0.6,0.1,2,0.6931471805599453,0.5,0.3706141254210242,1,0,0.5384615384615384
14,1,01011.jpg,0,1,0,1,1,0,44,0.1,0.1,0.1,0.6,0.1,2,0.6931471805599453,0.5,0.5878322989465943,0,1,0.5714285714285714
15,1,11001.jpg,1,1,0,0,1,0,44,0.1,0.1,0.1,0.6,0.1,2,0.6931471805599453,0.5,0.4067327035409958,0,1,0.6
16,1,10010.jpg,1,0,0,1,0,0,44,0.1,0.1,0.1,0.6,0.1,2,0.6931471805599453,0.5,0.6380820586543775,1,0,0.5625
17,1,01111.jpg,0,1,1,1,1,0,44,0.1,0.1,0.1,0.6,0.1,2,0.6931471805599453,0.5,0.6088507384817472,1,0,0.5294117647058824
18,1,00110.jpg,0,0,1,1,0,0,44,0.1,0.1,0.1,0.6,0.1,2,0.6931471805599453,0.5,0.5818238611995025,1,0,0.5
19,1,10111.jpg,1,0,1,1,1,1,44,0.1,0.1,0.1,0.6,0.1,2,0.6931471805599453,0.5,0.6178928724115502,0,0,0.47368421052631576
20,1,10011.jpg,1,0,0,1,1,0,44,0.1,0.1,0.1,0.6,0.1,2,0.6931471805599453,0.5,0.5917538189719779,0,1,0.5
21,1,01010.jpg,0,1,0,1,0,0,44,0.1,0.1,0.1,0.6,0.1,2,0.6931471805599453,0.5,0.5263515323577186,0,1,0.5238095238095238
22,1,01100.jpg,0,1,1,0,0,0,44,0.1,0.1,0.1,0.6,0.1,2,0.6931471805599453,0.5,0.4048681864251907,1,0,0.5
23,1,10100.jpg,1,0,1,0,0,1,44,0.1,0.1,0.1,0.6,0.1,2,0.6931471805599453,0.5,0.44598312770033305,0,0,0.4782608695652174
24,1,11011.jpg,1,1,0,1,1,0,44,0.1,0.1,0.1,0.6,0.1,2,0.6931471805599453,0.5,0.555932628625382,0,1,0.5
25,1,01110.jpg,0,1,1,1,0,0,44,0.1,0.1,0.1,0.6,0.1,2,0.6931471805599453,0.5,0.5408763043671939,1,0,0.48
26,1,00011.jpg,0,0,0,1,1,0,44,0.1,0.1,0.1,0.6,0.1,2,0.6931471805599453,0.5,0.467522748190811,0,1,0.5
27,1,11000.jpg,1,1,0,0,0,0,44,0.1,0.1,0.1,0.6,0.1,2,0.6931471805599453,0.5,0.47567822525969106,1,0,0.48148148148148145
28,1,10000.jpg,1,0,0,0,0,0,44,0.1,0.1,0.1,0.6,0.1,2,0.6931471805599453,0.5,0.4691079580592182,1,0,0.4642857142857143
29,1,11010.jpg,1,1,0,1,0,0,44,0.1,0.1,0.1,0.6,0.1,2,0.6931471805599453,0.5,0.5453938297532944,1,0,0.4482758620689655
30,1,00000.jpg,0,0,0,0,0,0,44,0.1,0.1,0.1,0.6,0.1,2,0.6931471805599453,0.5,0.39828393668846196,0,1,0.4666666666666667
31,1,11100.jpg,1,1,1,0,0,1,44,0.1,0.1,0.1,0.6,0.1,2,0.6931471805599453,0.5,0.5147094264244494,0,0,0.45161290322580644
32,1,10101.jpg,1,0,1,0,1,1,44,0.1,0.1,0.1,0.6,0.1,2,0.6931471805599453,0.5,0.5328154298335533,1,1,0.46875
33,2,01010.jpg,0,1,0,1,0,0,44,0.1,0.1,0.1,0.6,0.1,2,0.6931471805599453,0.5,0.43261138769303775,0,1,0.48484848484848486
34,2,10011.jpg,1,0,0,1,1,0,44,0.1,0.1,0.1,0.6,0.1,2,0.6931471805599453,0.5,0.4943936065187778,0,1,0.5
35,2,01011.jpg,0,1,0,1,1,0,44,0.1,0.1,0.1,0.6,0.1,2,0.6931471805599453,0.5,0.42203695432062743,1,0,0.4857142857142857
36,2,10101.jpg,1,0,1,0,1,1,44,0.1,0.1,0.1,0.6,0.1,2,0.6931471805599453,0.5,0.5809025696539504,1,1,0.5
37,2,11100.jpg,1,1,1,0,0,1,44,0.1,0.1,0.1,0.6,0.1,2,0.6931471805599453,0.5,0.5877921162228291,0,0,0.4864864864864865
38,2,10010.jpg,1,0,0,1,0,0,44,0.1,0.1,0.1,0.6,0.1,2,0.6931471805599453,0.5,0.45405366659718266,0,1,0.5
39,2,10000.jpg,1,0,0,0,0,0,44,0.1,0.1,0.1,0.6,0.1,2,0.6931471805599453,0.5,0.5394596429973032,1,0,0.48717948717948717
40,2,01100.jpg,0,1,1,0,0,0,44,0.1,0.1,0.1,0.6,0.1,2,0.6931471805599453,0.5,0.5414970729355855,0,1,0.5
41,2,00011.jpg,0,0,0,1,1,0,44,0.1,0.1,0.1,0.6,0.1,2,0.6931471805599453,0.5,0.39677222763607695,0,1,0.5121951219512195
42,2,01000.jpg,0,1,0,0,0,0,44,0.1,0.1,0.1,0.6,0.1,2,0.6931471805599453,0.5,0.4707457223666332,0,1,0.5238095238095238
43,2,10100.jpg,1,0,1,0,0,1,44,0.1,0.1,0.1,0.6,0.1,2,0.6931471805599453,0.5,0.5960522734711547,1,1,0.5348837209302325
44,2,00110.jpg,0,0,1,1,0,0,44,0.1,0.1,0.1,0.6,0.1,2,0.6931471805599453,0.5,0.4562525048365787,1,0,0.5227272727272727
45,2,00000.jpg,0,0,0,0,0,0,44,0.1,0.1,0.1,0.6,0.1,2,0.6931471805599453,0.5,0.4812017071044499,0,1,0.5333333333333333
46,2,10110.jpg,1,0,1,1,0,1,44,0.1,0.1,0.1,0.6,0.1,2,0.6931471805599453,0.5,0.5190301498848102,0,0,0.5217391304347826
47,2,11101.jpg,1,1,1,0,1,1,44,0.1,0.1,0.1,0.6,0.1,2,0.6931471805599453,0.5,0.5936403683260899,1,1,0.5319148936170213
48,2,11011.jpg,1,1,0,1,1,0,44,0.1,0.1,0.1,0.6,0.1,2,0.6931471805599453,0.5,0.4512849760098147,1,0,0.5208333333333334
49,2,01001.jpg,0,1,0,0,1,0,44,0.1,0.1,0.1,0.6,0.1,2,0.6931471805599453,0.5,0.4742400261119166,0,1,0.5306122448979592
50,2,01111.jpg,0,1,1,1,1,0,44,0.1,0.1,0.1,0.6,0.1,2,0.6931471805599453,0.5,0.45511883689036126,0,1,0.54
51,2,10001.jpg,1,0,0,0,1,0,44,0.1,0.1,0.1,0.6,0.1,2,0.6931471805599453,0.5,0.5398375075449217,1,0,0.5294117647058824
52,2,00010.jpg,0,0,0,1,0,0,44,0.1,0.1,0.1,0.6,0.1,2,0.6931471805599453,0.5,0.4006784871668021,1,0,0.5192307692307693
53,2,11000.jpg,1,1,0,0,0,0,44,0.1,0.1,0.1,0.6,0.1,2,0.6931471805599453,0.5,0.5335686556774922,1,0,0.5094339622641509
54,2,00100.jpg,0,0,1,0,0,0,44,0.1,0.1,0.1,0.6,0.1,2,0.6931471805599453,0.5,0.5374114960526205,1,0,0.5
55,2,00001.jpg,0,0,0,0,1,0,44,0.1,0.1,0.1,0.6,0.1,2,0.6931471805599453,0.5,0.46692537860333794,1,0,0.4909090909090909
56,2,10111.jpg,1,0,1,1,1,1,44,0.1,0.1,0.1,0.6,0.1,2,0.6931471805599453,0.5,0.5333222240508196,1,1,0.5
57,2,11111.jpg,1,1,1,1,1,1,44,0.1,0.1,0.1,0.6,0.1,2,0.6931471805599453,0.5,0.5427491440755958,0,0,0.49122807017543857
58,2,01101.jpg,0,1,1,0,1,0,44,0.1,0.1,0.1,0.6,0.1,2,0.6931471805599453,0.5,0.511881277801536,0,1,0.5
59,2,00111.jpg,0,0,1,1,1,0,44,0.1,0.1,0.1,0.6,0.1,2,0.6931471805599453,0.5,0.4972022090320669,1,0,0.4915254237288136
60,2,11010.jpg,1,1,0,1,0,0,44,0.1,0.1,0.1,0.6,0.1,2,0.6931471805599453,0.5,0.4853627218285283,0,1,0.5
61,2,00101.jpg,0,0,1,0,1,0,44,0.1,0.1,0.1,0.6,0.1,2,0.6931471805599453,0.5,0.5120522778998089,0,1,0.5081967213114754
62,2,11001.jpg,1,1,0,0,1,0,44,0.1,0.1,0.1,0.6,0.1,2,0.6931471805599453,0.5,0.5088856332803693,0,1,0.5161290322580645
63,2,01110.jpg,0,1,1,1,0,0,44,0.1,0.1,0.1,0.6,0.1,2,0.6931471805599453,0.5,0.48862762922882846,1,0,0.5079365079365079
64,2,11110.jpg,1,1,1,1,0,1,44,0.1,0.1,0.1,0.6,0.1,2,0.6931471805599453,0.5,0.5506690902498786,1,1,0.515625
65,3,01101.jpg,0,1,1,0,1,0,44,0.1,0.1,0.1,0.6,0.1,2,0.6931471805599453,0.5,0.4966777629034623,1,0,0.5076923076923077
66,3,01100.jpg,0,1,1,0,0,0,44,0.1,0.1,0.1,0.6,0.1,2,0.6931471805599453,0.5,0.4924581360764057,0,1,0.5151515151515151
67,3,11110.jpg,1,1,1,1,0,1,44,0.1,0.1,0.1,0.6,0.1,2,0.6931471805599453,0.5,0.5697478282373999,1,1,0.5223880597014925
68,3,11000.jpg,1,1,0,0,0,0,44,0.1,0.1,0.1,0.6,0.1,2,0.6931471805599453,0.5,0.48649327441181606,0,1,0.5294117647058824
69,3,10100.jpg,1,0,1,0,0,1,44,0.1,0.1,0.1,0.6,0.1,2,0.6931471805599453,0.5,0.5497631829513091,0,0,0.5217391304347826
70,3,00011.jpg,0,0,0,1,1,0,44,0.1,0.1,0.1,0.6,0.1,2,0.6931471805599453,0.5,0.43774261048378643,0,1,0.5285714285714286
71,3,10001.jpg,1,0,0,0,1,0,44,0.1,0.1,0.1,0.6,0.1,2,0.6931471805599453,0.5,0.49385257563496404,1,0,0.5211267605633803
72,3,00111.jpg,0,0,1,1,1,0,44,0.1,0.1,0.1,0.6,0.1,2,0.6931471805599453,0.5,0.49925608197596194,0,1,0.5277777777777778
73,3,10011.jpg,1,0,0,1,1,0,44,0.1,0.1,0.1,0.6,0.1,2,0.6931471805599453,0.5,0.49656683281485914,1,0,0.5205479452054794
74,3,11001.jpg,1,1,0,0,1,0,44,0.1,0.1,0.1,0.6,0.1,2,0.6931471805599453,0.5,0.48904193868001034,1,0,0.5135135135135135
75,3,01110.jpg,0,1,1,1,0,0,44,0.1,0.1,0.1,0.6,0.1,2,0.6931471805599453,0.5,0.5097137363238128,1,0,0.5066666666666667
76,3,00100.jpg,0,0,1,0,0,0,44,0.1,0.1,0.1,0.6,0.1,2,0.6931471805599453,0.5,0.5022346844284862,0,1,0.5131578947368421
77,3,10110.jpg,1,0,1,1,0,1,44,0.1,0.1,0.1,0.6,0.1,2,0.6931471805599453,0.5,0.5704004627404387,1,1,0.5194805194805194
78,3,01011.jpg,0,1,0,1,1,0,44,0.1,0.1,0.1,0.6,0.1,2,0.6931471805599453,0.5,0.44022481874836183,0,1,0.5256410256410257
79,3,00001.jpg,0,0,0,0,1,0,44,0.1,0.1,0.1,0.6,0.1,2,0.6931471805599453,0.5,0.4247673548512189,0,1,0.5316455696202531
80,3,11010.jpg,1,1,0,1,0,0,44,0.1,0.1,0.1,0.6,0.1,2,0.6931471805599453,0.5,0.5160176713769995,0,1,0.5375
81,3,10000.jpg,1,0,0,0,0,0,44,0.1,0.1,0.1,0.6,0.1,2,0.6931471805599453,0.5,0.49473482237842326,1,0,0.5308641975308642
82,3,01001.jpg,0,1,0,0,1,0,44,0.1,0.1,0.1,0.6,0.1,2,0.6931471805599453,0.5,0.4180017712771871,0,1,0.5365853658536586
83,3,00010.jpg,0,0,0,1,0,0,44,0.1,0.1,0.1,0.6,0.1,2,0.6931471805599453,0.5,0.45334946928480024,0,1,0.54216867469879515
84,3,00000.jpg,0,0,0,0,0,0,44,0.1,0.1,0.1,0.6,0.1,2,0.6931471805599453,0.5,0.4292053912450297,0,1,0.5476190476190477
85,3,10111.jpg,1,0,1,1,1,1,44,0.1,0.1,0.1,0.6,0.1,2,0.6931471805599453,0.5,0.573781733813744,0,0,0.5411764705882353
86,3,11111.jpg,1,1,1,1,1,1,44,0.1,0.1,0.1,0.6,0.1,2,0.6931471805599453,0.5,0.5801653005653544,1,1,0.5465116279069767
87,3,11100.jpg,1,1,1,0,0,1,44,0.1,0.1,0.1,0.6,0.1,2,0.6931471805599453,0.5,0.539211469464314,1,1,0.5517241379310345
88,3,01010.jpg,0,1,0,1,0,0,44,0.1,0.1,0.1,0.6,0.1,2,0.6931471805599453,0.5,0.4521596045282769,1,0,0.5454545454545454
89,3,01000.jpg,0,1,0,0,0,0,44,0.1,0.1,0.1,0.6,0.1,2,0.6931471805599453,0.5,0.4201806243312164,0,1,0.550561797752809
90,3,10010.jpg,1,0,0,1,0,0,44,0.1,0.1,0.1,0.6,0.1,2,0.6931471805599453,0.5,0.5157087064177365,0,1,0.5555555555555556
91,3,01111.jpg,0,1,1,1,1,0,44,0.1,0.1,0.1,0.6,0.1,2,0.6931471805599453,0.5,0.5142810708434266,0,1,0.5604395604395604
92,3,00101.jpg,0,0,1,0,1,0,44,0.1,0.1,0.1,0.6,0.1,2,0.6931471805599453,0.5,0.48107692243173356,0,1,0.5652173913043478
93,3,11011.jpg,1,1,0,1,1,0,44,0.1,0.1,0.1,0.6,0.1,2,0.6931471805599453,0.5,0.5120838371351173,1,0,0.5591397849462365
94,3,00110.jpg,0,0,1,1,0,0,44,0.1,0.1,0.1,0.6,0.1,2,0.6931471805599453,0.5,0.5139946947020937,1,0,0.5531914893617021
95,3,10101.jpg,1,0,1,0,1,1,44,0.1,0.1,0.1,0.6,0.1,2,0.6931471805599453,0.5,0.5492203109884555,1,1,0.5578947368421052
96,3,11101.jpg,1,1,1,0,1,1,44,0.1,0.1,0.1,0.6,0.1,2,0.6931471805599453,0.5,0.5558350764520584,1,1,0.5625
1,1,11101.jpg,1,1,1,0,1,1,45,0.1,0.1,0.1,0.6,0.1,2,0.6931471805599453,0.5,0.5,1,1,1
2,1,11111.jpg,1,1,1,1,1,1,45,0.1,0.1,0.1,0.6,0.1,2,0.6931471805599453,0.5,0.5,0,0,0.5
3,1,00001.jpg,0,0,0,0,1,0,45,0.1,0.1,0.1,0.6,0.1,2,0.6931471805599453,0.5,0.5,1,0,0.3333333333333333
4,1,00111.jpg,0,0,1,1,1,0,45,0.1,0.1,0.1,0.6,0.1,2,0.6931471805599453,0.5,0.6387943912807911,0,1,0.5
5,1,00101.jpg,0,0,1,0,1,0,45,0.1,0.1,0.1,0.6,0.1,2,0.6931471805599453,0.5,0.4378286137426979,0,1,0.6
6,1,00100.jpg,0,0,1,0,0,0,45,0.1,0.1,0.1,0.6,0.1,2,0.6931471805599453,0.5,0.38163054566032795,0,1,0.6666666666666666
7,1,01001.jpg,0,1,0,0,1,0,45,0.1,0.1,0.1,0.6,0.1,2,0.6931471805599453,0.5,0.43783861131204455,0,1,0.7142857142857143
8,1,11110.jpg,1,1,1,1,0,1,45,0.1,0.1,0.1,0.6,0.1,2,0.6931471805599453,0.5,0.6864294850972052,0,0,0.625
9,1,01101.jpg,0,1,1,0,1,0,45,0.1,0.1,0.1,0.6,0.1,2,0.6931471805599453,0.5,0.39575486265129894,1,0,0.5555555555555556
10,1,00010.jpg,0,0,0,1,0,0,45,0.1,0.1,0.1,0.6,0.1,2,0.6931471805599453,0.5,0.5668006206584558,1,0,0.5
11,1,10110.jpg,1,0,1,1,0,1,45,0.1,0.1,0.1,0.6,0.1,2,0.6931471805599453,0.5,0.6363153790010438,1,1,0.5454545454545454
12,1,01000.jpg,0,1,0,0,0,0,45,0.1,0.1,0.1,0.6,0.1,2,0.6931471805599453,0.5,0.3329914982175718,0,1,0.5833333333333334
13,1,10001.jpg,1,0,0,0,1,0,45,0.1,0.1,0.1,0.6,0.1,2,0.6931471805599453,0.5,0.3706141254210242,1,0,0.5384615384615384
14,1,01011.jpg,0,1,0,1,1,0,45,0.1,0.1,0.1,0.6,0.1,2,0.6931471805599453,0.5,0.5878322989465943,0,1,0.5714285714285714
15,1,11001.jpg,1,1,0,0,1,0,45,0.1,0.1,0.1,0.6,0.1,2,0.6931471805599453,0.5,0.4067327035409958,0,1,0.6
16,1,10010.jpg,1,0,0,1,0,0,45,0.1,0.1,0.1,0.6,0.1,2,0.6931471805599453,0.5,0.6380820586543775,1,0,0.5625
17,1,01111.jpg,0,1,1,1,1,0,45,0.1,0.1,0.1,0.6,0.1,2,0.6931471805599453,0.5,0.6088507384817472,1,0,0.5294117647058824
18,1,00110.jpg,0,0,1,1,0,0,45,0.1,0.1,0.1,0.6,0.1,2,0.6931471805599453,0.5,0.5818238611995025,1,0,0.5
19,1,10111.jpg,1,0,1,1,1,1,45,0.1,0.1,0.1,0.6,0.1,2,0.6931471805599453,0.5,0.6178928724115502,0,0,0.47368421052631576
20,1,10011.jpg,1,0,0,1,1,0,45,0.1,0.1,0.1,0.6,0.1,2,0.6931471805599453,0.5,0.5917538189719779,0,1,0.5
21,1,01010.jpg,0,1,0,1,0,0,45,0.1,0.1,0.1,0.6,0.1,2,0.6931471805599453,0.5,0.5263515323577186,0,1,0.5238095238095238
22,1,01100.jpg,0,1,1,0,0,0,45,0.1,0.1,0.1,0.6,0.1,2,0.6931471805599453,0.5,0.4048681864251907,1,0,0.5
23,1,10100.jpg,1,0,1,0,0,1,45,0.1,0.1,0.1,0.6,0.1,2,0.6931471805599453,0.5,0.44598312770033305,0,0,0.4782608695652174
24,1,11011.jpg,1,1,0,1,1,0,45,0.1,0.1,0.1,0.6,0.1,2,0.6931471805599453,0.5,0.555932628625382,0,1,0.5
25,1,01110.jpg,0,1,1,1,0,0,45,0.1,0.1,0.1,0.6,0.1,2,0.6931471805599453,0.5,0.5408763043671939,1,0,0.48
26,1,00011.jpg,0,0,0,1,1,0,45,0.1,0.1,0.1,0.6,0.1,2,0.6931471805599453,0.5,0.467522748190811,0,1,0.5
27,1,11000.jpg,1,1,0,0,0,0,45,0.1,0.1,0.1,0.6,0.1,2,0.6931471805599453,0.5,0.47567822525969106,1,0,0.48148148148148145
28,1,10000.jpg,1,0,0,0,0,0,45,0.1,0.1,0.1,0.6,0.1,2,0.6931471805599453,0.5,0.4691079580592182,1,0,0.4642857142857143
29,1,11010.jpg,1,1,0,1,0,0,45,0.1,0.1,0.1,0.6,0.1,2,0.6931471805599453,0.5,0.5453938297532944,1,0,0.4482758620689655
30,1,00000.jpg,0,0,0,0,0,0,45,0.1,0.1,0.1,0.6,0.1,2,0.6931471805599453,0.5,0.39828393668846196,0,1,0.4666666666666667
31,1,11100.jpg,1,1,1,0,0,1,45,0.1,0.1,0.1,0.6,0.1,2,0.6931471805599453,0.5,0.5147094264244494,0,0,0.45161290322580644
32,1,10101.jpg,1,0,1,0,1,1,45,0.1,0.1,0.1,0.6,0.1,2,0.6931471805599453,0.5,0.5328154298335533,1,1,0.46875
33,2,01010.jpg,0,1,0,1,0,0,45,0.1,0.1,0.1,0.6,0.1,2,0.6931471805599453,0.5,0.43261138769303775,0,1,0.48484848484848486
34,2,10011.jpg,1,0,0,1,1,0,45,0.1,0.1,0.1,0.6,0.1,2,0.6931471805599453,0.5,0.4943936065187778,0,1,0.5
35,2,01011.jpg,0,1,0,1,1,0,45,0.1,0.1,0.1,0.6,0.1,2,0.6931471805599453,0.5,0.42203695432062743,1,0,0.4857142857142857
36,2,10101.jpg,1,0,1,0,1,1,45,0.1,0.1,0.1,0.6,0.1,2,0.6931471805599453,0.5,0.5809025696539504,1,1,0.5
37,2,11100.jpg,1,1,1,0,0,1,45,0.1,0.1,0.1,0.6,0.1,2,0.6931471805599453,0.5,0.5877921162228291,0,0,0.4864864864864865
38,2,10010.jpg,1,0,0,1,0,0,45,0.1,0.1,0.1,0.6,0.1,2,0.6931471805599453,0.5,0.45405366659718266,0,1,0.5
39,2,10000.jpg,1,0,0,0,0,0,45,0.1,0.1,0.1,0.6,0.1,2,0.6931471805599453,0.5,0.5394596429973032,1,0,0.48717948717948717
40,2,01100.jpg,0,1,1,0,0,0,45,0.1,0.1,0.1,0.6,0.1,2,0.6931471805599453,0.5,0.5414970729355855,0,1,0.5
41,2,00011.jpg,0,0,0,1,1,0,45,0.1,0.1,0.1,0.6,0.1,2,0.6931471805599453,0.5,0.39677222763607695,0,1,0.5121951219512195
42,2,01000.jpg,0,1,0,0,0,0,45,0.1,0.1,0.1,0.6,0.1,2,0.6931471805599453,0.5,0.4707457223666332,0,1,0.5238095238095238
43,2,10100.jpg,1,0,1,0,0,1,45,0.1,0.1,0.1,0.6,0.1,2,0.6931471805599453,0.5,0.5960522734711547,1,1,0.5348837209302325
44,2,00110.jpg,0,0,1,1,0,0,45,0.1,0.1,0.1,0.6,0.1,2,0.6931471805599453,0.5,0.4562525048365787,1,0,0.5227272727272727
45,2,00000.jpg,0,0,0,0,0,0,45,0.1,0.1,0.1,0.6,0.1,2,0.6931471805599453,0.5,0.4812017071044499,0,1,0.5333333333333333
46,2,10110.jpg,1,0,1,1,0,1,45,0.1,0.1,0.1,0.6,0.1,2,0.6931471805599453,0.5,0.5190301498848102,0,0,0.5217391304347826
47,2,11101.jpg,1,1,1,0,1,1,45,0.1,0.1,0.1,0.6,0.1,2,0.6931471805599453,0.5,0.5936403683260899,1,1,0.5319148936170213
48,2,11011.jpg,1,1,0,1,1,0,45,0.1,0.1,0.1,0.6,0.1,2,0.6931471805599453,0.5,0.4512849760098147,1,0,0.5208333333333334
49,2,01001.jpg,0,1,0,0,1,0,45,0.1,0.1,0.1,0.6,0.1,2,0.6931471805599453,0.5,0.4742400261119166,0,1,0.5306122448979592
50,2,01111.jpg,0,1,1,1,1,0,45,0.1,0.1,0.1,0.6,0.1,2,0.6931471805599453,0.5,0.45511883689036126,0,1,0.54
51,2,10001.jpg,1,0,0,0,1,0,45,0.1,0.1,0.1,0.6,0.1,2,0.6931471805599453,0.5,0.5398375075449217,1,0,0.5294117647058824
52,2,00010.jpg,0,0,0,1,0,0,45,0.1,0.1,0.1,0.6,0.1,2,0.6931471805599453,0.5,0.4006784871668021,1,0,0.5192307692307693
53,2,11000.jpg,1,1,0,0,0,0,45,0.1,0.1,0.1,0.6,0.1,2,0.6931471805599453,0.5,0.5335686556774922,1,0,0.5094339622641509
54,2,00100.jpg,0,0,1,0,0,0,45,0.1,0.1,0.1,0.6,0.1,2,0.6931471805599453,0.5,0.5374114960526205,1,0,0.5
55,2,00001.jpg,0,0,0,0,1,0,45,0.1,0.1,0.1,0.6,0.1,2,0.6931471805599453,0.5,0.46692537860333794,1,0,0.4909090909090909
56,2,10111.jpg,1,0,1,1,1,1,45,0.1,0.1,0.1,0.6,0.1,2,0.6931471805599453,0.5,0.5333222240508196,1,1,0.5
57,2,11111.jpg,1,1,1,1,1,1,45,0.1,0.1,0.1,0.6,0.1,2,0.6931471805599453,0.5,0.5427491440755958,0,0,0.49122807017543857
58,2,01101.jpg,0,1,1,0,1,0,45,0.1,0.1,0.1,0.6,0.1,2,0.6931471805599453,0.5,0.511881277801536,0,1,0.5
59,2,00111.jpg,0,0,1,1,1,0,45,0.1,0.1,0.1,0.6,0.1,2,0.6931471805599453,0.5,0.4972022090320669,1,0,0.4915254237288136
60,2,11010.jpg,1,1,0,1,0,0,45,0.1,0.1,0.1,0.6,0.1,2,0.6931471805599453,0.5,0.4853627218285283,0,1,0.5
61,2,00101.jpg,0,0,1,0,1,0,45,0.1,0.1,0.1,0.6,0.1,2,0.6931471805599453,0.5,0.5120522778998089,0,1,0.5081967213114754
62,2,11001.jpg,1,1,0,0,1,0,45,0.1,0.1,0.1,0.6,0.1,2,0.6931471805599453,0.5,0.5088856332803693,0,1,0.5161290322580645
63,2,01110.jpg,0,1,1,1,0,0,45,0.1,0.1,0.1,0.6,0.1,2,0.6931471805599453,0.5,0.48862762922882846,1,0,0.5079365079365079
64,2,11110.jpg,1,1,1,1,0,1,45,0.1,0.1,0.1,0.6,0.1,2,0.6931471805599453,0.5,0.5506690902498786,1,1,0.515625
65,3,01101.jpg,0,1,1,0,1,0,45,0.1,0.1,0.1,0.6,0.1,2,0.6931471805599453,0.5,0.4966777629034623,1,0,0.5076923076923077
66,3,01100.jpg,0,1,1,0,0,0,45,0.1,0.1,0.1,0.6,0.1,2,0.6931471805599453,0.5,0.4924581360764057,0,1,0.5151515151515151
67,3,11110.jpg,1,1,1,1,0,1,45,0.1,0.1,0.1,0.6,0.1,2,0.6931471805599453,0.5,0.5697478282373999,1,1,0.5223880597014925
68,3,11000.jpg,1,1,0,0,0,0,45,0.1,0.1,0.1,0.6,0.1,2,0.6931471805599453,0.5,0.48649327441181606,0,1,0.5294117647058824
69,3,10100.jpg,1,0,1,0,0,1,45,0.1,0.1,0.1,0.6,0.1,2,0.6931471805599453,0.5,0.5497631829513091,0,0,0.5217391304347826
70,3,00011.jpg,0,0,0,1,1,0,45,0.1,0.1,0.1,0.6,0.1,2,0.6931471805599453,0.5,0.43774261048378643,0,1,0.5285714285714286
71,3,10001.jpg,1,0,0,0,1,0,45,0.1,0.1,0.1,0.6,0.1,2,0.6931471805599453,0.5,0.49385257563496404,1,0,0.5211267605633803
72,3,00111.jpg,0,0,1,1,1,0,45,0.1,0.1,0.1,0.6,0.1,2,0.6931471805599453,0.5,0.49925608197596194,0,1,0.5277777777777778
73,3,10011.jpg,1,0,0,1,1,0,45,0.1,0.1,0.1,0.6,0.1,2,0.6931471805599453,0.5,0.49656683281485914,1,0,0.5205479452054794
74,3,11001.jpg,1,1,0,0,1,0,45,0.1,0.1,0.1,0.6,0.1,2,0.6931471805599453,0.5,0.48904193868001034,1,0,0.5135135135135135
75,3,01110.jpg,0,1,1,1,0,0,45,0.1,0.1,0.1,0.6,0.1,2,0.6931471805599453,0.5,0.5097137363238128,1,0,0.5066666666666667
76,3,00100.jpg,0,0,1,0,0,0,45,0.1,0.1,0.1,0.6,0.1,2,0.6931471805599453,0.5,0.5022346844284862,0,1,0.5131578947368421
77,3,10110.jpg,1,0,1,1,0,1,45,0.1,0.1,0.1,0.6,0.1,2,0.6931471805599453,0.5,0.5704004627404387,1,1,0.5194805194805194
78,3,01011.jpg,0,1,0,1,1,0,45,0.1,0.1,0.1,0.6,0.1,2,0.6931471805599453,0.5,0.44022481874836183,0,1,0.5256410256410257
79,3,00001.jpg,0,0,0,0,1,0,45,0.1,0.1,0.1,0.6,0.1,2,0.6931471805599453,0.5,0.4247673548512189,0,1,0.5316455696202531
80,3,11010.jpg,1,1,0,1,0,0,45,0.1,0.1,0.1,0.6,0.1,2,0.6931471805599453,0.5,0.5160176713769995,0,1,0.5375
81,3,10000.jpg,1,0,0,0,0,0,45,0.1,0.1,0.1,0.6,0.1,2,0.6931471805599453,0.5,0.49473482237842326,1,0,0.5308641975308642
82,3,01001.jpg,0,1,0,0,1,0,45,0.1,0.1,0.1,0.6,0.1,2,0.6931471805599453,0.5,0.4180017712771871,0,1,0.5365853658536586
83,3,00010.jpg,0,0,0,1,0,0,45,0.1,0.1,0.1,0.6,0.1,2,0.6931471805599453,0.5,0.45334946928480024,0,1,0.54216867469879515
84,3,00000.jpg,0,0,0,0,0,0,45,0.1,0.1,0.1,0.6,0.1,2,0.6931471805599453,0.5,0.4292053912450297,0,1,0.5476190476190477
85,3,10111.jpg,1,0,1,1,1,1,45,0.1,0.1,0.1,0.6,0.1,2,0.6931471805599453,0.5,0.573781733813744,0,0,0.5411764705882353
86,3,11111.jpg,1,1,1,1,1,1,45,0.1,0.1,0.1,0.6,0.1,2,0.6931471805599453,0.5,0.5801653005653544,1,1,0.5465116279069767
87,3,11100.jpg,1,1,1,0,0,1,45,0.1,0.1,0.1,0.6,0.1,2,0.6931471805599453,0.5,0.539211469464314,1,1,0.5517241379310345
88,3,01010.jpg,0,1,0,1,0,0,45,0.1,0.1,0.1,0.6,0.1,2,0.6931471805599453,0.5,0.4521596045282769,1,0,0.5454545454545454
89,3,01000.jpg,0,1,0,0,0,0,45,0.1,0.1,0.1,0.6,0.1,2,0.6931471805599453,0.5,0.4201806243312164,0,1,0.550561797752809
90,3,10010.jpg,1,0,0,1,0,0,45,0.1,0.1,0.1,0.6,0.1,2,0.6931471805599453,0.5,0.5157087064177365,0,1,0.5555555555555556
91,3,01111.jpg,0,1,1,1,1,0,45,0.1,0.1,0.1,0.6,0.1,2,0.6931471805599453,0.5,0.5142810708434266,0,1,0.5604395604395604
92,3,00101.jpg,0,0,1,0,1,0,45,0.1,0.1,0.1,0.6,0.1,2,0.6931471805599453,0.5,0.48107692243173356,0,1,0.5652173913043478
93,3,11011.jpg,1,1,0,1,1,0,45,0.1,0.1,0.1,0.6,0.1,2,0.6931471805599453,0.5,0.5120838371351173,1,0,0.5591397849462365
94,3,00110.jpg,0,0,1,1,0,0,45,0.1,0.1,0.1,0.6,0.1,2,0.6931471805599453,0.5,0.5139946947020937,1,0,0.5531914893617021
95,3,10101.jpg,1,0,1,0,1,1,45,0.1,0.1,0.1,0.6,0.1,2,0.6931471805599453,0.5,0.5492203109884555,1,1,0.5578947368421052
96,3,11101.jpg,1,1,1,0,1,1,45,0.1,0.1,0.1,0.6,0.1,2,0.6931471805599453,0.5,0.5558350764520584,1,1,0.5625
1,1,11101.jpg,1,1,1,0,1,1,46,0.1,0.1,0.1,0.6,0.1,4,1.3862943611198906,0.5,0.5,1,1,1
2,1,11111.jpg,1,1,1,1,1,1,46,0.1,0.1,0.1,0.6,0.1,4,1.3862943611198906,0.5,0.5,0,0,0.5
3,1,00001.jpg,0,0,0,0,1,0,46,0.1,0.1,0.1,0.6,0.1,4,1.3862943611198906,0.5,0.5,1,0,0.3333333333333333
4,1,00111.jpg,0,0,1,1,1,0,46,0.1,0.1,0.1,0.6,0.1,4,1.3862943611198906,0.5,0.8011805134654598,0,1,0.5
5,1,00101.jpg,0,0,1,0,1,0,46,0.1,0.1,0.1,0.6,0.1,4,1.3862943611198906,0.5,0.3917190813367196,0,1,0.6
6,1,00100.jpg,0,0,1,0,0,0,46,0.1,0.1,0.1,0.6,0.1,4,1.3862943611198906,0.5,0.29450532327951806,0,1,0.6666666666666666
7,1,01001.jpg,0,1,0,0,1,0,46,0.1,0.1,0.1,0.6,0.1,4,1.3862943611198906,0.5,0.40141995604653236,0,1,0.7142857142857143
8,1,11110.jpg,1,1,1,1,0,1,46,0.1,0.1,0.1,0.6,0.1,4,1.3862943611198906,0.5,0.8149947756076743,0,0,0.625
9,1,01101.jpg,0,1,1,0,1,0,46,0.1,0.1,0.1,0.6,0.1,4,1.3862943611198906,0.5,0.35869315901212157,1,0,0.5555555555555556
10,1,00010.jpg,0,0,0,1,0,0,46,0.1,0.1,0.1,0.6,0.1,4,1.3862943611198906,0.5,0.6053678797884227,1,0,0.5
11,1,10110.jpg,1,0,1,1,0,1,46,0.1,0.1,0.1,0.6,0.1,4,1.3862943611198906,0.5,0.7161479689115613,1,1,0.5454545454545454
12,1,01000.jpg,0,1,0,0,0,0,46,0.1,0.1,0.1,0.6,0.1,4,1.3862943611198906,0.5,0.22376716493808352,0,1,0.5833333333333334
13,1,10001.jpg,1,0,0,0,1,0,46,0.1,0.1,0.1,0.6,0.1,4,1.3862943611198906,0.5,0.3041473039280049,1,0,0.5384615384615384
14,1,01011.jpg,0,1,0,1,1,0,46,0.1,0.1,0.1,0.6,0.1,4,1.3862943611198906,0.5,0.6356927452927974,0,1,0.5714285714285714
15,1,11001.jpg,1,1,0,0,1,0,46,0.1,0.1,0.1,0.6,0.1,4,1.3862943611198906,0.5,0.3766180958035014,0,1,0.6
16,1,10010.jpg,1,0,0,1,0,0,46,0.1,0.1,0.1,0.6,0.1,4,1.3862943611198906,0.5,0.717303063376335,1,0,0.5625
17,1,01111.jpg,0,1,1,1,1,0,46,0.1,0.1,0.1,0.6,0.1,4,1.3862943611198906,0.5,0.6642793728055569,1,0,0.5294117647058824
18,1,00110.jpg,0,0,1,1,0,0,46,0.1,0.1,0.1,0.6,0.1,4,1.3862943611198906,0.5,0.6197865118855702,1,0,0.5
19,1,10111.jpg,1,0,1,1,1,1,46,0.1,0.1,0.1,0.6,0.1,4,1.3862943611198906,0.5,0.6870200458589755,0,0,0.47368421052631576
20,1,10011.jpg,1,0,0,1,1,0,46,0.1,0.1,0.1,0.6,0.1,4,1.3862943611198906,0.5,0.6410115188723541,1,0,0.45
21,1,01010.jpg,0,1,0,1,0,0,46,0.1,0.1,0.1,0.6,0.1,4,1.3862943611198906,0.5,0.5121665947608943,0,1,0.47619047619047616
22,1,01100.jpg,0,1,1,0,0,0,46,0.1,0.1,0.1,0.6,0.1,4,1.3862943611198906,0.5,0.32766798696363836,1,0,0.45454545454545453
23,1,10100.jpg,1,0,1,0,0,1,46,0.1,0.1,0.1,0.6,0.1,4,1.3862943611198906,0.5,0.38959490263555496,0,0,0.43478260869565216
24,1,11011.jpg,1,1,0,1,1,0,46,0.1,0.1,0.1,0.6,0.1,4,1.3862943611198906,0.5,0.5872064810699674,0,1,0.4583333333333333
25,1,01110.jpg,0,1,1,1,0,0,46,0.1,0.1,0.1,0.6,0.1,4,1.3862943611198906,0.5,0.560512508826382,1,0,0.44
26,1,00011.jpg,0,0,0,1,1,0,46,0.1,0.1,0.1,0.6,0.1,4,1.3862943611198906,0.5,0.42121308498662585,0,1,0.46153846153846156
27,1,11000.jpg,1,1,0,0,0,0,46,0.1,0.1,0.1,0.6,0.1,4,1.3862943611198906,0.5,0.4564911756645134,1,0,0.4444444444444444
28,1,10000.jpg,1,0,0,0,0,0,46,0.1,0.1,0.1,0.6,0.1,4,1.3862943611198906,0.5,0.458396215264689,1,0,0.42857142857142855
29,1,11010.jpg,1,1,0,1,0,0,46,0.1,0.1,0.1,0.6,0.1,4,1.3862943611198906,0.5,0.5695044636478358,1,0,0.41379310344827586
30,1,00000.jpg,0,0,0,0,0,0,46,0.1,0.1,0.1,0.6,0.1,4,1.3862943611198906,0.5,0.3238319032378171,0,1,0.43333333333333335
31,1,11100.jpg,1,1,1,0,0,1,46,0.1,0.1,0.1,0.6,0.1,4,1.3862943611198906,0.5,0.539247359675638,0,0,0.41935483870967744
32,1,10101.jpg,1,0,1,0,1,1,46,0.1,0.1,0.1,0.6,0.1,4,1.3862943611198906,0.5,0.5625535291688081,1,1,0.4375
33,2,01010.jpg,0,1,0,1,0,0,46,0.1,0.1,0.1,0.6,0.1,4,1.3862943611198906,0.5,0.36544407934014683,0,1,0.45454545454545453
34,2,10011.jpg,1,0,0,1,1,0,46,0.1,0.1,0.1,0.6,0.1,4,1.3862943611198906,0.5,0.48564048557990735,0,1,0.47058823529411764
35,2,01011.jpg,0,1,0,1,1,0,46,0.1,0.1,0.1,0.6,0.1,4,1.3862943611198906,0.5,0.35028939714223667,1,0,0.45714285714285713
36,2,10101.jpg,1,0,1,0,1,1,46,0.1,0.1,0.1,0.6,0.1,4,1.3862943611198906,0.5,0.6490447029103505,1,1,0.4722222222222222
37,2,11100.jpg,1,1,1,0,0,1,46,0.1,0.1,0.1,0.6,0.1,4,1.3862943611198906,0.5,0.6540233188828705,0,0,0.4594594594594595
38,2,10010.jpg,1,0,0,1,0,0,46,0.1,0.1,0.1,0.6,0.1,4,1.3862943611198906,0.5,0.42119033825847746,0,1,0.47368421052631576
39,2,10000.jpg,1,0,0,0,0,0,46,0.1,0.1,0.1,0.6,0.1,4,1.3862943611198906,0.5,0.5522873584802974,1,0,0.46153846153846156
40,2,01100.jpg,0,1,1,0,0,0,46,0.1,0.1,0.1,0.6,0.1,4,1.3862943611198906,0.5,0.5586715769381402,0,1,0.475
41,2,00011.jpg,0,0,0,1,1,0,46,0.1,0.1,0.1,0.6,0.1,4,1.3862943611198906,0.5,0.3121407199942529,0,1,0.4878048780487805
42,2,01000.jpg,0,1,0,0,0,0,46,0.1,0.1,0.1,0.6,0.1,4,1.3862943611198906,0.5,0.4239445036969532,0,1,0.5
43,2,10100.jpg,1,0,1,0,0,1,46,0.1,0.1,0.1,0.6,0.1,4,1.3862943611198906,0.5,0.6657667109762507,1,1,0.5116279069767442
44,2,00110.jpg,0,0,1,1,0,0,46,0.1,0.1,0.1,0.6,0.1,4,1.3862943611198906,0.5,0.42630369866199247,1,0,0.5
45,2,00000.jpg,0,0,0,0,0,0,46,0.1,0.1,0.1,0.6,0.1,4,1.3862943611198906,0.5,0.43997156529575165,0,1,0.5111111111111111
46,2,10110.jpg,1,0,1,1,0,1,46,0.1,0.1,0.1,0.6,0.1,4,1.3862943611198906,0.5,0.5506552859277761,0,0,0.5
47,2,11101.jpg,1,1,1,0,1,1,46,0.1,0.1,0.1,0.6,0.1,4,1.3862943611198906,0.5,0.6670891257220948,1,1,0.5106382978723404
48,2,11011.jpg,1,1,0,1,1,0,46,0.1,0.1,0.1,0.6,0.1,4,1.3862943611198906,0.5,0.4092915198897041,1,0,0.5
49,2,01001.jpg,0,1,0,0,1,0,46,0.1,0.1,0.1,0.6,0.1,4,1.3862943611198906,0.5,0.43150812545328404,0,1,0.5102040816326531
50,2,01111.jpg,0,1,1,1,1,0,46,0.1,0.1,0.1,0.6,0.1,4,1.3862943611198906,0.5,0.419298511896175,0,1,0.52
51,2,10001.jpg,1,0,0,0,1,0,46,0.1,0.1,0.1,0.6,0.1,4,1.3862943611198906,0.5,0.557688163689307,1,0,0.5098039215686274
52,2,00010.jpg,0,0,0,1,0,0,46,0.1,0.1,0.1,0.6,0.1,4,1.3862943611198906,0.5,0.3264996976632313,1,0,0.5
53,2,11000.jpg,1,1,0,0,0,0,46,0.1,0.1,0.1,0.6,0.1,4,1.3862943611198906,0.5,0.5430062822406955,1,0,0.49056603773584906
54,2,00100.jpg,0,0,1,0,0,0,46,0.1,0.1,0.1,0.6,0.1,4,1.3862943611198906,0.5,0.5503912661203816,1,0,0.48148148148148145
55,2,00001.jpg,0,0,0,0,1,0,46,0.1,0.1,0.1,0.6,0.1,4,1.3862943611198906,0.5,0.4194314884594218,1,0,0.4727272727272727
56,2,10111.jpg,1,0,1,1,1,1,46,0.1,0.1,0.1,0.6,0.1,4,1.3862943611198906,0.5,0.5748158756237605,1,1,0.48214285714285715
57,2,11111.jpg,1,1,1,1,1,1,46,0.1,0.1,0.1,0.6,0.1,4,1.3862943611198906,0.5,0.5853654374561409,0,0,0.47368421052631576
58,2,01101.jpg,0,1,1,0,1,0,46,0.1,0.1,0.1,0.6,0.1,4,1.3862943611198906,0.5,0.515428584161511,0,1,0.4827586206896552
59,2,00111.jpg,0,0,1,1,1,0,46,0.1,0.1,0.1,0.6,0.1,4,1.3862943611198906,0.5,0.4931792311553274,1,0,0.4745762711864407
60,2,11010.jpg,1,1,0,1,0,0,46,0.1,0.1,0.1,0.6,0.1,4,1.3862943611198906,0.5,0.46791966354768094,0,1,0.48333333333333334
61,2,00101.jpg,0,0,1,0,1,0,46,0.1,0.1,0.1,0.6,0.1,4,1.3862943611198906,0.5,0.5126180953389957,0,1,0.4918032786885246
62,2,11001.jpg,1,1,0,0,1,0,46,0.1,0.1,0.1,0.6,0.1,4,1.3862943611198906,0.5,0.5105692556982074,0,1,0.5
63,2,01110.jpg,0,1,1,1,0,0,46,0.1,0.1,0.1,0.6,0.1,4,1.3862943611198906,0.5,0.47303563124832965,1,0,0.49206349206349204
64,2,11110.jpg,1,1,1,1,0,1,46,0.1,0.1,0.1,0.6,0.1,4,1.3862943611198906,0.5,0.5990378072023443,1,1,0.5
65,3,01101.jpg,0,1,1,0,1,0,46,0.1,0.1,0.1,0.6,0.1,4,1.3862943611198906,0.5,0.4868434814158423,1,0,0.49230769230769234
66,3,01100.jpg,0,1,1,0,0,0,46,0.1,0.1,0.1,0.6,0.1,4,1.3862943611198906,0.5,0.479343050917981,0,1,0.5
67,3,11110.jpg,1,1,1,1,0,1,46,0.1,0.1,0.1,0.6,0.1,4,1.3862943611198906,0.5,0.6336611118817302,1,1,0.5074626865671642
68,3,11000.jpg,1,1,0,0,0,0,46,0.1,0.1,0.1,0.6,0.1,4,1.3862943611198906,0.5,0.47148256153943086,0,1,0.5147058823529411
69,3,10100.jpg,1,0,1,0,0,1,46,0.1,0.1,0.1,0.6,0.1,4,1.3862943611198906,0.5,0.6039308481247608,1,1,0.5217391304347826
70,3,00011.jpg,0,0,0,1,1,0,46,0.1,0.1,0.1,0.6,0.1,4,1.3862943611198906,0.5,0.3693155777768953,0,1,0.5285714285714286
71,3,10001.jpg,1,0,0,0,1,0,46,0.1,0.1,0.1,0.6,0.1,4,1.3862943611198906,0.5,0.48613138106006337,1,0,0.5211267605633803
72,3,00111.jpg,0,0,1,1,1,0,46,0.1,0.1,0.1,0.6,0.1,4,1.3862943611198906,0.5,0.48668739366847596,0,1,0.5277777777777778
73,3,10011.jpg,1,0,0,1,1,0,46,0.1,0.1,0.1,0.6,0.1,4,1.3862943611198906,0.5,0.4830239693759997,1,0,0.5205479452054794
74,3,11001.jpg,1,1,0,0,1,0,46,0.1,0.1,0.1,0.6,0.1,4,1.3862943611198906,0.5,0.4718829547203321,0,1,0.527027027027027
75,3,01110.jpg,0,1,1,1,0,0,46,0.1,0.1,0.1,0.6,0.1,4,1.3862943611198906,0.5,0.5140316705882145,1,0,0.52
76,3,00100.jpg,0,0,1,0,0,0,46,0.1,0.1,0.1,0.6,0.1,4,1.3862943611198906,0.5,0.5025934964891354,0,1,0.5263157894736842
77,3,10110.jpg,1,0,1,1,0,1,46,0.1,0.1,0.1,0.6,0.1,4,1.3862943611198906,0.5,0.6331963380535038,1,1,0.5324675324675324
78,3,01011.jpg,0,1,0,1,1,0,46,0.1,0.1,0.1,0.6,0.1,4,1.3862943611198906,0.5,0.3754397747676453,0,1,0.5384615384615384
79,3,00001.jpg,0,0,0,0,1,0,46,0.1,0.1,0.1,0.6,0.1,4,1.3862943611198906,0.5,0.35790966158829285,0,1,0.5443037974683544
80,3,11010.jpg,1,1,0,1,0,0,46,0.1,0.1,0.1,0.6,0.1,4,1.3862943611198906,0.5,0.5234233010714658,0,1,0.55
81,3,10000.jpg,1,0,0,0,0,0,46,0.1,0.1,0.1,0.6,0.1,4,1.3862943611198906,0.5,0.4880844789081047,1,0,0.5432098765432098
82,3,01001.jpg,0,1,0,0,1,0,46,0.1,0.1,0.1,0.6,0.1,4,1.3862943611198906,0.5,0.3444413685560166,0,1,0.5487804878048781
83,3,00010.jpg,0,0,0,1,0,0,46,0.1,0.1,0.1,0.6,0.1,4,1.3862943611198906,0.5,0.3996510388244714,0,1,0.5542168674698795
84,3,00000.jpg,0,0,0,0,0,0,46,0.1,0.1,0.1,0.6,0.1,4,1.3862943611198906,0.5,0.36556304454483646,0,1,0.5595238095238095
85,3,10111.jpg,1,0,1,1,1,1,46,0.1,0.1,0.1,0.6,0.1,4,1.3862943611198906,0.5,0.6354318698409142,0,0,0.5529411764705883
86,3,11111.jpg,1,1,1,1,1,1,46,0.1,0.1,0.1,0.6,0.1,4,1.3862943611198906,0.5,0.6471525667539978,1,1,0.5581395348837209
87,3,11100.jpg,1,1,1,0,0,1,46,0.1,0.1,0.1,0.6,0.1,4,1.3862943611198906,0.5,0.585074050967098,1,1,0.5632183908045977
88,3,01010.jpg,0,1,0,1,0,0,46,0.1,0.1,0.1,0.6,0.1,4,1.3862943611198906,0.5,0.393748492363303,1,0,0.5568181818181818
89,3,01000.jpg,0,1,0,0,0,0,46,0.1,0.1,0.1,0.6,0.1,4,1.3862943611198906,0.5,0.35167832560434337,0,1,0.5617977528089888
90,3,10010.jpg,1,0,0,1,0,0,46,0.1,0.1,0.1,0.6,0.1,4,1.3862943611198906,0.5,0.5169196250587389,0,1,0.5666666666666667
91,3,01111.jpg,0,1,1,1,1,0,46,0.1,0.1,0.1,0.6,0.1,4,1.3862943611198906,0.5,0.516803573231101,0,1,0.5714285714285714
92,3,00101.jpg,0,0,1,0,1,0,46,0.1,0.1,0.1,0.6,0.1,4,1.3862943611198906,0.5,0.4619775650649862,0,1,0.5760869565217391
93,3,11011.jpg,1,1,0,1,1,0,46,0.1,0.1,0.1,0.6,0.1,4,1.3862943611198906,0.5,0.5133939770512871,1,0,0.5698924731182796
94,3,00110.jpg,0,0,1,1,0,0,46,0.1,0.1,0.1,0.6,0.1,4,1.3862943611198906,0.5,0.5155597997766658,1,0,0.5638297872340425
95,3,10101.jpg,1,0,1,0,1,1,46,0.1,0.1,0.1,0.6,0.1,4,1.3862943611198906,0.5,0.5990126233528404,1,1,0.5684210526315789
96,3,11101.jpg,1,1,1,0,1,1,46,0.1,0.1,0.1,0.6,0.1,4,1.3862943611198906,0.5,0.6089636674145105,1,1,0.5729166666666666
1,1,11101.jpg,1,1,1,0,1,1,47,0.1,0.1,0.1,0.6,0.1,4,1.3862943611198906,0.5,0.5,1,1,1
2,1,11111.jpg,1,1,1,1,1,1,47,0.1,0.1,0.1,0.6,0.1,4,1.3862943611198906,0.5,0.5,0,0,0.5
3,1,00001.jpg,0,0,0,0,1,0,47,0.1,0.1,0.1,0.6,0.1,4,1.3862943611198906,0.5,0.5,1,0,0.3333333333333333
4,1,00111.jpg,0,0,1,1,1,0,47,0.1,0.1,0.1,0.6,0.1,4,1.3862943611198906,0.5,0.8011805134654598,0,1,0.5
5,1,00101.jpg,0,0,1,0,1,0,47,0.1,0.1,0.1,0.6,0.1,4,1.3862943611198906,0.5,0.3917190813367196,0,1,0.6
6,1,00100.jpg,0,0,1,0,0,0,47,0.1,0.1,0.1,0.6,0.1,4,1.3862943611198906,0.5,0.29450532327951806,0,1,0.6666666666666666
7,1,01001.jpg,0,1,0,0,1,0,47,0.1,0.1,0.1,0.6,0.1,4,1.3862943611198906,0.5,0.40141995604653236,0,1,0.7142857142857143
8,1,11110.jpg,1,1,1,1,0,1,47,0.1,0.1,0.1,0.6,0.1,4,1.3862943611198906,0.5,0.8149947756076743,0,0,0.625
9,1,01101.jpg,0,1,1,0,1,0,47,0.1,0.1,0.1,0.6,0.1,4,1.3862943611198906,0.5,0.35869315901212157,1,0,0.5555555555555556
10,1,00010.jpg,0,0,0,1,0,0,47,0.1,0.1,0.1,0.6,0.1,4,1.3862943611198906,0.5,0.6053678797884227,1,0,0.5
11,1,10110.jpg,1,0,1,1,0,1,47,0.1,0.1,0.1,0.6,0.1,4,1.3862943611198906,0.5,0.7161479689115613,1,1,0.5454545454545454
12,1,01000.jpg,0,1,0,0,0,0,47,0.1,0.1,0.1,0.6,0.1,4,1.3862943611198906,0.5,0.22376716493808352,0,1,0.5833333333333334
13,1,10001.jpg,1,0,0,0,1,0,47,0.1,0.1,0.1,0.6,0.1,4,1.3862943611198906,0.5,0.3041473039280049,1,0,0.5384615384615384
14,1,01011.jpg,0,1,0,1,1,0,47,0.1,0.1,0.1,0.6,0.1,4,1.3862943611198906,0.5,0.6356927452927974,0,1,0.5714285714285714
15,1,11001.jpg,1,1,0,0,1,0,47,0.1,0.1,0.1,0.6,0.1,4,1.3862943611198906,0.5,0.3766180958035014,0,1,0.6
16,1,10010.jpg,1,0,0,1,0,0,47,0.1,0.1,0.1,0.6,0.1,4,1.3862943611198906,0.5,0.717303063376335,1,0,0.5625
17,1,01111.jpg,0,1,1,1,1,0,47,0.1,0.1,0.1,0.6,0.1,4,1.3862943611198906,0.5,0.6642793728055569,1,0,0.5294117647058824
18,1,00110.jpg,0,0,1,1,0,0,47,0.1,0.1,0.1,0.6,0.1,4,1.3862943611198906,0.5,0.6197865118855702,1,0,0.5
19,1,10111.jpg,1,0,1,1,1,1,47,0.1,0.1,0.1,0.6,0.1,4,1.3862943611198906,0.5,0.6870200458589755,0,0,0.47368421052631576
20,1,10011.jpg,1,0,0,1,1,0,47,0.1,0.1,0.1,0.6,0.1,4,1.3862943611198906,0.5,0.6410115188723541,1,0,0.45
21,1,01010.jpg,0,1,0,1,0,0,47,0.1,0.1,0.1,0.6,0.1,4,1.3862943611198906,0.5,0.5121665947608943,0,1,0.47619047619047616
22,1,01100.jpg,0,1,1,0,0,0,47,0.1,0.1,0.1,0.6,0.1,4,1.3862943611198906,0.5,0.32766798696363836,1,0,0.45454545454545453
23,1,10100.jpg,1,0,1,0,0,1,47,0.1,0.1,0.1,0.6,0.1,4,1.3862943611198906,0.5,0.38959490263555496,0,0,0.43478260869565216
24,1,11011.jpg,1,1,0,1,1,0,47,0.1,0.1,0.1,0.6,0.1,4,1.3862943611198906,0.5,0.5872064810699674,0,1,0.4583333333333333
25,1,01110.jpg,0,1,1,1,0,0,47,0.1,0.1,0.1,0.6,0.1,4,1.3862943611198906,0.5,0.560512508826382,1,0,0.44
26,1,00011.jpg,0,0,0,1,1,0,47,0.1,0.1,0.1,0.6,0.1,4,1.3862943611198906,0.5,0.42121308498662585,0,1,0.46153846153846156
27,1,11000.jpg,1,1,0,0,0,0,47,0.1,0.1,0.1,0.6,0.1,4,1.3862943611198906,0.5,0.4564911756645134,1,0,0.4444444444444444
28,1,10000.jpg,1,0,0,0,0,0,47,0.1,0.1,0.1,0.6,0.1,4,1.3862943611198906,0.5,0.458396215264689,1,0,0.42857142857142855
29,1,11010.jpg,1,1,0,1,0,0,47,0.1,0.1,0.1,0.6,0.1,4,1.3862943611198906,0.5,0.5695044636478358,1,0,0.41379310344827586
30,1,00000.jpg,0,0,0,0,0,0,47,0.1,0.1,0.1,0.6,0.1,4,1.3862943611198906,0.5,0.3238319032378171,0,1,0.43333333333333335
31,1,11100.jpg,1,1,1,0,0,1,47,0.1,0.1,0.1,0.6,0.1,4,1.3862943611198906,0.5,0.539247359675638,0,0,0.41935483870967744
32,1,10101.jpg,1,0,1,0,1,1,47,0.1,0.1,0.1,0.6,0.1,4,1.3862943611198906,0.5,0.5625535291688081,1,1,0.4375
33,2,01010.jpg,0,1,0,1,0,0,47,0.1,0.1,0.1,0.6,0.1,4,1.3862943611198906,0.5,0.36544407934014683,0,1,0.45454545454545453
34,2,10011.jpg,1,0,0,1,1,0,47,0.1,0.1,0.1,0.6,0.1,4,1.3862943611198906,0.5,0.48564048557990735,0,1,0.47058823529411764
35,2,01011.jpg,0,1,0,1,1,0,47,0.1,0.1,0.1,0.6,0.1,4,1.3862943611198906,0.5,0.35028939714223667,1,0,0.45714285714285713
36,2,10101.jpg,1,0,1,0,1,1,47,0.1,0.1,0.1,0.6,0.1,4,1.3862943611198906,0.5,0.6490447029103505,1,1,0.4722222222222222
37,2,11100.jpg,1,1,1,0,0,1,47,0.1,0.1,0.1,0.6,0.1,4,1.3862943611198906,0.5,0.6540233188828705,0,0,0.4594594594594595
38,2,10010.jpg,1,0,0,1,0,0,47,0.1,0.1,0.1,0.6,0.1,4,1.3862943611198906,0.5,0.42119033825847746,0,1,0.47368421052631576
39,2,10000.jpg,1,0,0,0,0,0,47,0.1,0.1,0.1,0.6,0.1,4,1.3862943611198906,0.5,0.5522873584802974,1,0,0.46153846153846156
40,2,01100.jpg,0,1,1,0,0,0,47,0.1,0.1,0.1,0.6,0.1,4,1.3862943611198906,0.5,0.5586715769381402,0,1,0.475
41,2,00011.jpg,0,0,0,1,1,0,47,0.1,0.1,0.1,0.6,0.1,4,1.3862943611198906,0.5,0.3121407199942529,0,1,0.4878048780487805
42,2,01000.jpg,0,1,0,0,0,0,47,0.1,0.1,0.1,0.6,0.1,4,1.3862943611198906,0.5,0.4239445036969532,0,1,0.5
43,2,10100.jpg,1,0,1,0,0,1,47,0.1,0.1,0.1,0.6,0.1,4,1.3862943611198906,0.5,0.6657667109762507,1,1,0.5116279069767442
44,2,00110.jpg,0,0,1,1,0,0,47,0.1,0.1,0.1,0.6,0.1,4,1.3862943611198906,0.5,0.42630369866199247,1,0,0.5
45,2,00000.jpg,0,0,0,0,0,0,47,0.1,0.1,0.1,0.6,0.1,4,1.3862943611198906,0.5,0.43997156529575165,0,1,0.5111111111111111
46,2,10110.jpg,1,0,1,1,0,1,47,0.1,0.1,0.1,0.6,0.1,4,1.3862943611198906,0.5,0.5506552859277761,0,0,0.5
47,2,11101.jpg,1,1,1,0,1,1,47,0.1,0.1,0.1,0.6,0.1,4,1.3862943611198906,0.5,0.6670891257220948,1,1,0.5106382978723404
48,2,11011.jpg,1,1,0,1,1,0,47,0.1,0.1,0.1,0.6,0.1,4,1.3862943611198906,0.5,0.4092915198897041,1,0,0.5
49,2,01001.jpg,0,1,0,0,1,0,47,0.1,0.1,0.1,0.6,0.1,4,1.3862943611198906,0.5,0.43150812545328404,0,1,0.5102040816326531
50,2,01111.jpg,0,1,1,1,1,0,47,0.1,0.1,0.1,0.6,0.1,4,1.3862943611198906,0.5,0.419298511896175,0,1,0.52
51,2,10001.jpg,1,0,0,0,1,0,47,0.1,0.1,0.1,0.6,0.1,4,1.3862943611198906,0.5,0.557688163689307,1,0,0.5098039215686274
52,2,00010.jpg,0,0,0,1,0,0,47,0.1,0.1,0.1,0.6,0.1,4,1.3862943611198906,0.5,0.3264996976632313,1,0,0.5
53,2,11000.jpg,1,1,0,0,0,0,47,0.1,0.1,0.1,0.6,0.1,4,1.3862943611198906,0.5,0.5430062822406955,1,0,0.49056603773584906
54,2,00100.jpg,0,0,1,0,0,0,47,0.1,0.1,0.1,0.6,0.1,4,1.3862943611198906,0.5,0.5503912661203816,1,0,0.48148148148148145
55,2,00001.jpg,0,0,0,0,1,0,47,0.1,0.1,0.1,0.6,0.1,4,1.3862943611198906,0.5,0.4194314884594218,1,0,0.4727272727272727
56,2,10111.jpg,1,0,1,1,1,1,47,0.1,0.1,0.1,0.6,0.1,4,1.3862943611198906,0.5,0.5748158756237605,1,1,0.48214285714285715
57,2,11111.jpg,1,1,1,1,1,1,47,0.1,0.1,0.1,0.6,0.1,4,1.3862943611198906,0.5,0.5853654374561409,0,0,0.47368421052631576
58,2,01101.jpg,0,1,1,0,1,0,47,0.1,0.1,0.1,0.6,0.1,4,1.3862943611198906,0.5,0.515428584161511,0,1,0.4827586206896552
59,2,00111.jpg,0,0,1,1,1,0,47,0.1,0.1,0.1,0.6,0.1,4,1.3862943611198906,0.5,0.4931792311553274,1,0,0.4745762711864407
60,2,11010.jpg,1,1,0,1,0,0,47,0.1,0.1,0.1,0.6,0.1,4,1.3862943611198906,0.5,0.46791966354768094,0,1,0.48333333333333334
61,2,00101.jpg,0,0,1,0,1,0,47,0.1,0.1,0.1,0.6,0.1,4,1.3862943611198906,0.5,0.5126180953389957,0,1,0.4918032786885246
62,2,11001.jpg,1,1,0,0,1,0,47,0.1,0.1,0.1,0.6,0.1,4,1.3862943611198906,0.5,0.5105692556982074,0,1,0.5
63,2,01110.jpg,0,1,1,1,0,0,47,0.1,0.1,0.1,0.6,0.1,4,1.3862943611198906,0.5,0.47303563124832965,1,0,0.49206349206349204
64,2,11110.jpg,1,1,1,1,0,1,47,0.1,0.1,0.1,0.6,0.1,4,1.3862943611198906,0.5,0.5990378072023443,1,1,0.5
65,3,01101.jpg,0,1,1,0,1,0,47,0.1,0.1,0.1,0.6,0.1,4,1.3862943611198906,0.5,0.4868434814158423,1,0,0.49230769230769234
66,3,01100.jpg,0,1,1,0,0,0,47,0.1,0.1,0.1,0.6,0.1,4,1.3862943611198906,0.5,0.479343050917981,0,1,0.5
67,3,11110.jpg,1,1,1,1,0,1,47,0.1,0.1,0.1,0.6,0.1,4,1.3862943611198906,0.5,0.6336611118817302,1,1,0.5074626865671642
68,3,11000.jpg,1,1,0,0,0,0,47,0.1,0.1,0.1,0.6,0.1,4,1.3862943611198906,0.5,0.47148256153943086,0,1,0.5147058823529411
69,3,10100.jpg,1,0,1,0,0,1,47,0.1,0.1,0.1,0.6,0.1,4,1.3862943611198906,0.5,0.6039308481247608,1,1,0.5217391304347826
70,3,00011.jpg,0,0,0,1,1,0,47,0.1,0.1,0.1,0.6,0.1,4,1.3862943611198906,0.5,0.3693155777768953,0,1,0.5285714285714286
71,3,10001.jpg,1,0,0,0,1,0,47,0.1,0.1,0.1,0.6,0.1,4,1.3862943611198906,0.5,0.48613138106006337,1,0,0.5211267605633803
72,3,00111.jpg,0,0,1,1,1,0,47,0.1,0.1,0.1,0.6,0.1,4,1.3862943611198906,0.5,0.48668739366847596,0,1,0.5277777777777778
73,3,10011.jpg,1,0,0,1,1,0,47,0.1,0.1,0.1,0.6,0.1,4,1.3862943611198906,0.5,0.4830239693759997,1,0,0.5205479452054794
74,3,11001.jpg,1,1,0,0,1,0,47,0.1,0.1,0.1,0.6,0.1,4,1.3862943611198906,0.5,0.4718829547203321,0,1,0.527027027027027
75,3,01110.jpg,0,1,1,1,0,0,47,0.1,0.1,0.1,0.6,0.1,4,1.3862943611198906,0.5,0.5140316705882145,1,0,0.52
76,3,00100.jpg,0,0,1,0,0,0,47,0.1,0.1,0.1,0.6,0.1,4,1.3862943611198906,0.5,0.5025934964891354,0,1,0.5263157894736842
77,3,10110.jpg,1,0,1,1,0,1,47,0.1,0.1,0.1,0.6,0.1,4,1.3862943611198906,0.5,0.6331963380535038,1,1,0.5324675324675324
78,3,01011.jpg,0,1,0,1,1,0,47,0.1,0.1,0.1,0.6,0.1,4,1.3862943611198906,0.5,0.3754397747676453,0,1,0.5384615384615384
79,3,00001.jpg,0,0,0,0,1,0,47,0.1,0.1,0.1,0.6,0.1,4,1.3862943611198906,0.5,0.35790966158829285,0,1,0.5443037974683544
80,3,11010.jpg,1,1,0,1,0,0,47,0.1,0.1,0.1,0.6,0.1,4,1.3862943611198906,0.5,0.5234233010714658,0,1,0.55
81,3,10000.jpg,1,0,0,0,0,0,47,0.1,0.1,0.1,0.6,0.1,4,1.3862943611198906,0.5,0.4880844789081047,1,0,0.5432098765432098
82,3,01001.jpg,0,1,0,0,1,0,47,0.1,0.1,0.1,0.6,0.1,4,1.3862943611198906,0.5,0.3444413685560166,0,1,0.5487804878048781
83,3,00010.jpg,0,0,0,1,0,0,47,0.1,0.1,0.1,0.6,0.1,4,1.3862943611198906,0.5,0.3996510388244714,0,1,0.5542168674698795
84,3,00000.jpg,0,0,0,0,0,0,47,0.1,0.1,0.1,0.6,0.1,4,1.3862943611198906,0.5,0.36556304454483646,0,1,0.5595238095238095
85,3,10111.jpg,1,0,1,1,1,1,47,0.1,0.1,0.1,0.6,0.1,4,1.3862943611198906,0.5,0.6354318698409142,0,0,0.5529411764705883
86,3,11111.jpg,1,1,1,1,1,1,47,0.1,0.1,0.1,0.6,0.1,4,1.3862943611198906,0.5,0.6471525667539978,1,1,0.5581395348837209
87,3,11100.jpg,1,1,1,0,0,1,47,0.1,0.1,0.1,0.6,0.1,4,1.3862943611198906,0.5,0.585074050967098,1,1,0.5632183908045977
88,3,01010.jpg,0,1,0,1,0,0,47,0.1,0.1,0.1,0.6,0.1,4,1.3862943611198906,0.5,0.393748492363303,1,0,0.5568181818181818
89,3,01000.jpg,0,1,0,0,0,0,47,0.1,0.1,0.1,0.6,0.1,4,1.3862943611198906,0.5,0.35167832560434337,0,1,0.5617977528089888
90,3,10010.jpg,1,0,0,1,0,0,47,0.1,0.1,0.1,0.6,0.1,4,1.3862943611198906,0.5,0.5169196250587389,0,1,0.5666666666666667
91,3,01111.jpg,0,1,1,1,1,0,47,0.1,0.1,0.1,0.6,0.1,4,1.3862943611198906,0.5,0.516803573231101,0,1,0.5714285714285714
92,3,00101.jpg,0,0,1,0,1,0,47,0.1,0.1,0.1,0.6,0.1,4,1.3862943611198906,0.5,0.4619775650649862,0,1,0.5760869565217391
93,3,11011.jpg,1,1,0,1,1,0,47,0.1,0.1,0.1,0.6,0.1,4,1.3862943611198906,0.5,0.5133939770512871,1,0,0.5698924731182796
94,3,00110.jpg,0,0,1,1,0,0,47,0.1,0.1,0.1,0.6,0.1,4,1.3862943611198906,0.5,0.5155597997766658,1,0,0.5638297872340425
95,3,10101.jpg,1,0,1,0,1,1,47,0.1,0.1,0.1,0.6,0.1,4,1.3862943611198906,0.5,0.5990126233528404,1,1,0.5684210526315789
96,3,11101.jpg,1,1,1,0,1,1,47,0.1,0.1,0.1,0.6,0.1,4,1.3862943611198906,0.5,0.6089636674145105,1,1,0.5729166666666666
1,1,11101.jpg,1,1,1,0,1,1,48,0.1,0.1,0.1,0.6,0.1,4,1.3862943611198906,0.5,0.5,1,1,1
2,1,11111.jpg,1,1,1,1,1,1,48,0.1,0.1,0.1,0.6,0.1,4,1.3862943611198906,0.5,0.5,0,0,0.5
3,1,00001.jpg,0,0,0,0,1,0,48,0.1,0.1,0.1,0.6,0.1,4,1.3862943611198906,0.5,0.5,1,0,0.3333333333333333
4,1,00111.jpg,0,0,1,1,1,0,48,0.1,0.1,0.1,0.6,0.1,4,1.3862943611198906,0.5,0.8011805134654598,0,1,0.5
5,1,00101.jpg,0,0,1,0,1,0,48,0.1,0.1,0.1,0.6,0.1,4,1.3862943611198906,0.5,0.3917190813367196,0,1,0.6
6,1,00100.jpg,0,0,1,0,0,0,48,0.1,0.1,0.1,0.6,0.1,4,1.3862943611198906,0.5,0.29450532327951806,0,1,0.6666666666666666
7,1,01001.jpg,0,1,0,0,1,0,48,0.1,0.1,0.1,0.6,0.1,4,1.3862943611198906,0.5,0.40141995604653236,0,1,0.7142857142857143
8,1,11110.jpg,1,1,1,1,0,1,48,0.1,0.1,0.1,0.6,0.1,4,1.3862943611198906,0.5,0.8149947756076743,0,0,0.625
9,1,01101.jpg,0,1,1,0,1,0,48,0.1,0.1,0.1,0.6,0.1,4,1.3862943611198906,0.5,0.35869315901212157,1,0,0.5555555555555556
10,1,00010.jpg,0,0,0,1,0,0,48,0.1,0.1,0.1,0.6,0.1,4,1.3862943611198906,0.5,0.6053678797884227,1,0,0.5
11,1,10110.jpg,1,0,1,1,0,1,48,0.1,0.1,0.1,0.6,0.1,4,1.3862943611198906,0.5,0.7161479689115613,1,1,0.5454545454545454
12,1,01000.jpg,0,1,0,0,0,0,48,0.1,0.1,0.1,0.6,0.1,4,1.3862943611198906,0.5,0.22376716493808352,0,1,0.5833333333333334
13,1,10001.jpg,1,0,0,0,1,0,48,0.1,0.1,0.1,0.6,0.1,4,1.3862943611198906,0.5,0.3041473039280049,1,0,0.5384615384615384
14,1,01011.jpg,0,1,0,1,1,0,48,0.1,0.1,0.1,0.6,0.1,4,1.3862943611198906,0.5,0.6356927452927974,0,1,0.5714285714285714
15,1,11001.jpg,1,1,0,0,1,0,48,0.1,0.1,0.1,0.6,0.1,4,1.3862943611198906,0.5,0.3766180958035014,0,1,0.6
16,1,10010.jpg,1,0,0,1,0,0,48,0.1,0.1,0.1,0.6,0.1,4,1.3862943611198906,0.5,0.717303063376335,1,0,0.5625
17,1,01111.jpg,0,1,1,1,1,0,48,0.1,0.1,0.1,0.6,0.1,4,1.3862943611198906,0.5,0.6642793728055569,1,0,0.5294117647058824
18,1,00110.jpg,0,0,1,1,0,0,48,0.1,0.1,0.1,0.6,0.1,4,1.3862943611198906,0.5,0.6197865118855702,1,0,0.5
19,1,10111.jpg,1,0,1,1,1,1,48,0.1,0.1,0.1,0.6,0.1,4,1.3862943611198906,0.5,0.6870200458589755,0,0,0.47368421052631576
20,1,10011.jpg,1,0,0,1,1,0,48,0.1,0.1,0.1,0.6,0.1,4,1.3862943611198906,0.5,0.6410115188723541,1,0,0.45
21,1,01010.jpg,0,1,0,1,0,0,48,0.1,0.1,0.1,0.6,0.1,4,1.3862943611198906,0.5,0.5121665947608943,0,1,0.47619047619047616
22,1,01100.jpg,0,1,1,0,0,0,48,0.1,0.1,0.1,0.6,0.1,4,1.3862943611198906,0.5,0.32766798696363836,1,0,0.45454545454545453
23,1,10100.jpg,1,0,1,0,0,1,48,0.1,0.1,0.1,0.6,0.1,4,1.3862943611198906,0.5,0.38959490263555496,0,0,0.43478260869565216
24,1,11011.jpg,1,1,0,1,1,0,48,0.1,0.1,0.1,0.6,0.1,4,1.3862943611198906,0.5,0.5872064810699674,0,1,0.4583333333333333
25,1,01110.jpg,0,1,1,1,0,0,48,0.1,0.1,0.1,0.6,0.1,4,1.3862943611198906,0.5,0.560512508826382,1,0,0.44
26,1,00011.jpg,0,0,0,1,1,0,48,0.1,0.1,0.1,0.6,0.1,4,1.3862943611198906,0.5,0.42121308498662585,0,1,0.46153846153846156
27,1,11000.jpg,1,1,0,0,0,0,48,0.1,0.1,0.1,0.6,0.1,4,1.3862943611198906,0.5,0.4564911756645134,1,0,0.4444444444444444
28,1,10000.jpg,1,0,0,0,0,0,48,0.1,0.1,0.1,0.6,0.1,4,1.3862943611198906,0.5,0.458396215264689,1,0,0.42857142857142855
29,1,11010.jpg,1,1,0,1,0,0,48,0.1,0.1,0.1,0.6,0.1,4,1.3862943611198906,0.5,0.5695044636478358,1,0,0.41379310344827586
30,1,00000.jpg,0,0,0,0,0,0,48,0.1,0.1,0.1,0.6,0.1,4,1.3862943611198906,0.5,0.3238319032378171,0,1,0.43333333333333335
31,1,11100.jpg,1,1,1,0,0,1,48,0.1,0.1,0.1,0.6,0.1,4,1.3862943611198906,0.5,0.539247359675638,0,0,0.41935483870967744
32,1,10101.jpg,1,0,1,0,1,1,48,0.1,0.1,0.1,0.6,0.1,4,1.3862943611198906,0.5,0.5625535291688081,1,1,0.4375
33,2,01010.jpg,0,1,0,1,0,0,48,0.1,0.1,0.1,0.6,0.1,4,1.3862943611198906,0.5,0.36544407934014683,0,1,0.45454545454545453
34,2,10011.jpg,1,0,0,1,1,0,48,0.1,0.1,0.1,0.6,0.1,4,1.3862943611198906,0.5,0.48564048557990735,0,1,0.47058823529411764
35,2,01011.jpg,0,1,0,1,1,0,48,0.1,0.1,0.1,0.6,0.1,4,1.3862943611198906,0.5,0.35028939714223667,1,0,0.45714285714285713
36,2,10101.jpg,1,0,1,0,1,1,48,0.1,0.1,0.1,0.6,0.1,4,1.3862943611198906,0.5,0.6490447029103505,1,1,0.4722222222222222
37,2,11100.jpg,1,1,1,0,0,1,48,0.1,0.1,0.1,0.6,0.1,4,1.3862943611198906,0.5,0.6540233188828705,0,0,0.4594594594594595
38,2,10010.jpg,1,0,0,1,0,0,48,0.1,0.1,0.1,0.6,0.1,4,1.3862943611198906,0.5,0.42119033825847746,0,1,0.47368421052631576
39,2,10000.jpg,1,0,0,0,0,0,48,0.1,0.1,0.1,0.6,0.1,4,1.3862943611198906,0.5,0.5522873584802974,1,0,0.46153846153846156
40,2,01100.jpg,0,1,1,0,0,0,48,0.1,0.1,0.1,0.6,0.1,4,1.3862943611198906,0.5,0.5586715769381402,0,1,0.475
41,2,00011.jpg,0,0,0,1,1,0,48,0.1,0.1,0.1,0.6,0.1,4,1.3862943611198906,0.5,0.3121407199942529,0,1,0.4878048780487805
42,2,01000.jpg,0,1,0,0,0,0,48,0.1,0.1,0.1,0.6,0.1,4,1.3862943611198906,0.5,0.4239445036969532,0,1,0.5
43,2,10100.jpg,1,0,1,0,0,1,48,0.1,0.1,0.1,0.6,0.1,4,1.3862943611198906,0.5,0.6657667109762507,1,1,0.5116279069767442
44,2,00110.jpg,0,0,1,1,0,0,48,0.1,0.1,0.1,0.6,0.1,4,1.3862943611198906,0.5,0.42630369866199247,1,0,0.5
45,2,00000.jpg,0,0,0,0,0,0,48,0.1,0.1,0.1,0.6,0.1,4,1.3862943611198906,0.5,0.43997156529575165,0,1,0.5111111111111111
46,2,10110.jpg,1,0,1,1,0,1,48,0.1,0.1,0.1,0.6,0.1,4,1.3862943611198906,0.5,0.5506552859277761,0,0,0.5
47,2,11101.jpg,1,1,1,0,1,1,48,0.1,0.1,0.1,0.6,0.1,4,1.3862943611198906,0.5,0.6670891257220948,1,1,0.5106382978723404
48,2,11011.jpg,1,1,0,1,1,0,48,0.1,0.1,0.1,0.6,0.1,4,1.3862943611198906,0.5,0.4092915198897041,1,0,0.5
49,2,01001.jpg,0,1,0,0,1,0,48,0.1,0.1,0.1,0.6,0.1,4,1.3862943611198906,0.5,0.43150812545328404,0,1,0.5102040816326531
50,2,01111.jpg,0,1,1,1,1,0,48,0.1,0.1,0.1,0.6,0.1,4,1.3862943611198906,0.5,0.419298511896175,0,1,0.52
51,2,10001.jpg,1,0,0,0,1,0,48,0.1,0.1,0.1,0.6,0.1,4,1.3862943611198906,0.5,0.557688163689307,1,0,0.5098039215686274
52,2,00010.jpg,0,0,0,1,0,0,48,0.1,0.1,0.1,0.6,0.1,4,1.3862943611198906,0.5,0.3264996976632313,1,0,0.5
53,2,11000.jpg,1,1,0,0,0,0,48,0.1,0.1,0.1,0.6,0.1,4,1.3862943611198906,0.5,0.5430062822406955,1,0,0.49056603773584906
54,2,00100.jpg,0,0,1,0,0,0,48,0.1,0.1,0.1,0.6,0.1,4,1.3862943611198906,0.5,0.5503912661203816,1,0,0.48148148148148145
55,2,00001.jpg,0,0,0,0,1,0,48,0.1,0.1,0.1,0.6,0.1,4,1.3862943611198906,0.5,0.4194314884594218,1,0,0.4727272727272727
56,2,10111.jpg,1,0,1,1,1,1,48,0.1,0.1,0.1,0.6,0.1,4,1.3862943611198906,0.5,0.5748158756237605,1,1,0.48214285714285715
57,2,11111.jpg,1,1,1,1,1,1,48,0.1,0.1,0.1,0.6,0.1,4,1.3862943611198906,0.5,0.5853654374561409,0,0,0.47368421052631576
58,2,01101.jpg,0,1,1,0,1,0,48,0.1,0.1,0.1,0.6,0.1,4,1.3862943611198906,0.5,0.515428584161511,0,1,0.4827586206896552
59,2,00111.jpg,0,0,1,1,1,0,48,0.1,0.1,0.1,0.6,0.1,4,1.3862943611198906,0.5,0.4931792311553274,1,0,0.4745762711864407
60,2,11010.jpg,1,1,0,1,0,0,48,0.1,0.1,0.1,0.6,0.1,4,1.3862943611198906,0.5,0.46791966354768094,0,1,0.48333333333333334
61,2,00101.jpg,0,0,1,0,1,0,48,0.1,0.1,0.1,0.6,0.1,4,1.3862943611198906,0.5,0.5126180953389957,0,1,0.4918032786885246
62,2,11001.jpg,1,1,0,0,1,0,48,0.1,0.1,0.1,0.6,0.1,4,1.3862943611198906,0.5,0.5105692556982074,0,1,0.5
63,2,01110.jpg,0,1,1,1,0,0,48,0.1,0.1,0.1,0.6,0.1,4,1.3862943611198906,0.5,0.47303563124832965,1,0,0.49206349206349204
64,2,11110.jpg,1,1,1,1,0,1,48,0.1,0.1,0.1,0.6,0.1,4,1.3862943611198906,0.5,0.5990378072023443,1,1,0.5
65,3,01101.jpg,0,1,1,0,1,0,48,0.1,0.1,0.1,0.6,0.1,4,1.3862943611198906,0.5,0.4868434814158423,1,0,0.49230769230769234
66,3,01100.jpg,0,1,1,0,0,0,48,0.1,0.1,0.1,0.6,0.1,4,1.3862943611198906,0.5,0.479343050917981,0,1,0.5
67,3,11110.jpg,1,1,1,1,0,1,48,0.1,0.1,0.1,0.6,0.1,4,1.3862943611198906,0.5,0.6336611118817302,1,1,0.5074626865671642
68,3,11000.jpg,1,1,0,0,0,0,48,0.1,0.1,0.1,0.6,0.1,4,1.3862943611198906,0.5,0.47148256153943086,0,1,0.5147058823529411
69,3,10100.jpg,1,0,1,0,0,1,48,0.1,0.1,0.1,0.6,0.1,4,1.3862943611198906,0.5,0.6039308481247608,1,1,0.5217391304347826
70,3,00011.jpg,0,0,0,1,1,0,48,0.1,0.1,0.1,0.6,0.1,4,1.3862943611198906,0.5,0.3693155777768953,0,1,0.5285714285714286
71,3,10001.jpg,1,0,0,0,1,0,48,0.1,0.1,0.1,0.6,0.1,4,1.3862943611198906,0.5,0.48613138106006337,1,0,0.5211267605633803
72,3,00111.jpg,0,0,1,1,1,0,48,0.1,0.1,0.1,0.6,0.1,4,1.3862943611198906,0.5,0.48668739366847596,0,1,0.5277777777777778
73,3,10011.jpg,1,0,0,1,1,0,48,0.1,0.1,0.1,0.6,0.1,4,1.3862943611198906,0.5,0.4830239693759997,1,0,0.5205479452054794
74,3,11001.jpg,1,1,0,0,1,0,48,0.1,0.1,0.1,0.6,0.1,4,1.3862943611198906,0.5,0.4718829547203321,0,1,0.527027027027027
75,3,01110.jpg,0,1,1,1,0,0,48,0.1,0.1,0.1,0.6,0.1,4,1.3862943611198906,0.5,0.5140316705882145,1,0,0.52
76,3,00100.jpg,0,0,1,0,0,0,48,0.1,0.1,0.1,0.6,0.1,4,1.3862943611198906,0.5,0.5025934964891354,0,1,0.5263157894736842
77,3,10110.jpg,1,0,1,1,0,1,48,0.1,0.1,0.1,0.6,0.1,4,1.3862943611198906,0.5,0.6331963380535038,1,1,0.5324675324675324
78,3,01011.jpg,0,1,0,1,1,0,48,0.1,0.1,0.1,0.6,0.1,4,1.3862943611198906,0.5,0.3754397747676453,0,1,0.5384615384615384
79,3,00001.jpg,0,0,0,0,1,0,48,0.1,0.1,0.1,0.6,0.1,4,1.3862943611198906,0.5,0.35790966158829285,0,1,0.5443037974683544
80,3,11010.jpg,1,1,0,1,0,0,48,0.1,0.1,0.1,0.6,0.1,4,1.3862943611198906,0.5,0.5234233010714658,0,1,0.55
81,3,10000.jpg,1,0,0,0,0,0,48,0.1,0.1,0.1,0.6,0.1,4,1.3862943611198906,0.5,0.4880844789081047,1,0,0.5432098765432098
82,3,01001.jpg,0,1,0,0,1,0,48,0.1,0.1,0.1,0.6,0.1,4,1.3862943611198906,0.5,0.3444413685560166,0,1,0.5487804878048781
83,3,00010.jpg,0,0,0,1,0,0,48,0.1,0.1,0.1,0.6,0.1,4,1.3862943611198906,0.5,0.3996510388244714,0,1,0.5542168674698795
84,3,00000.jpg,0,0,0,0,0,0,48,0.1,0.1,0.1,0.6,0.1,4,1.3862943611198906,0.5,0.36556304454483646,0,1,0.5595238095238095
85,3,10111.jpg,1,0,1,1,1,1,48,0.1,0.1,0.1,0.6,0.1,4,1.3862943611198906,0.5,0.6354318698409142,0,0,0.5529411764705883
86,3,11111.jpg,1,1,1,1,1,1,48,0.1,0.1,0.1,0.6,0.1,4,1.3862943611198906,0.5,0.6471525667539978,1,1,0.5581395348837209
87,3,11100.jpg,1,1,1,0,0,1,48,0.1,0.1,0.1,0.6,0.1,4,1.3862943611198906,0.5,0.585074050967098,1,1,0.5632183908045977
88,3,01010.jpg,0,1,0,1,0,0,48,0.1,0.1,0.1,0.6,0.1,4,1.3862943611198906,0.5,0.393748492363303,1,0,0.5568181818181818
89,3,01000.jpg,0,1,0,0,0,0,48,0.1,0.1,0.1,0.6,0.1,4,1.3862943611198906,0.5,0.35167832560434337,0,1,0.5617977528089888
90,3,10010.jpg,1,0,0,1,0,0,48,0.1,0.1,0.1,0.6,0.1,4,1.3862943611198906,0.5,0.5169196250587389,0,1,0.5666666666666667
91,3,01111.jpg,0,1,1,1,1,0,48,0.1,0.1,0.1,0.6,0.1,4,1.3862943611198906,0.5,0.516803573231101,0,1,0.5714285714285714
92,3,00101.jpg,0,0,1,0,1,0,48,0.1,0.1,0.1,0.6,0.1,4,1.3862943611198906,0.5,0.4619775650649862,0,1,0.5760869565217391
93,3,11011.jpg,1,1,0,1,1,0,48,0.1,0.1,0.1,0.6,0.1,4,1.3862943611198906,0.5,0.5133939770512871,1,0,0.5698924731182796
94,3,00110.jpg,0,0,1,1,0,0,48,0.1,0.1,0.1,0.6,0.1,4,1.3862943611198906,0.5,0.5155597997766658,1,0,0.5638297872340425
95,3,10101.jpg,1,0,1,0,1,1,48,0.1,0.1,0.1,0.6,0.1,4,1.3862943611198906,0.5,0.5990126233528404,1,1,0.5684210526315789
96,3,11101.jpg,1,1,1,0,1,1,48,0.1,0.1,0.1,0.6,0.1,4,1.3862943611198906,0.5,0.6089636674145105,1,1,0.5729166666666666
1,1,11101.jpg,1,1,1,0,1,1,49,0.1,0.1,0.1,0.6,0.1,4,1.3862943611198906,0.5,0.5,1,1,1
2,1,11111.jpg,1,1,1,1,1,1,49,0.1,0.1,0.1,0.6,0.1,4,1.3862943611198906,0.5,0.5,0,0,0.5
3,1,00001.jpg,0,0,0,0,1,0,49,0.1,0.1,0.1,0.6,0.1,4,1.3862943611198906,0.5,0.5,1,0,0.3333333333333333
4,1,00111.jpg,0,0,1,1,1,0,49,0.1,0.1,0.1,0.6,0.1,4,1.3862943611198906,0.5,0.8011805134654598,0,1,0.5
5,1,00101.jpg,0,0,1,0,1,0,49,0.1,0.1,0.1,0.6,0.1,4,1.3862943611198906,0.5,0.3917190813367196,0,1,0.6
6,1,00100.jpg,0,0,1,0,0,0,49,0.1,0.1,0.1,0.6,0.1,4,1.3862943611198906,0.5,0.29450532327951806,0,1,0.6666666666666666
7,1,01001.jpg,0,1,0,0,1,0,49,0.1,0.1,0.1,0.6,0.1,4,1.3862943611198906,0.5,0.40141995604653236,0,1,0.7142857142857143
8,1,11110.jpg,1,1,1,1,0,1,49,0.1,0.1,0.1,0.6,0.1,4,1.3862943611198906,0.5,0.8149947756076743,0,0,0.625
9,1,01101.jpg,0,1,1,0,1,0,49,0.1,0.1,0.1,0.6,0.1,4,1.3862943611198906,0.5,0.35869315901212157,1,0,0.5555555555555556
10,1,00010.jpg,0,0,0,1,0,0,49,0.1,0.1,0.1,0.6,0.1,4,1.3862943611198906,0.5,0.6053678797884227,1,0,0.5
11,1,10110.jpg,1,0,1,1,0,1,49,0.1,0.1,0.1,0.6,0.1,4,1.3862943611198906,0.5,0.7161479689115613,1,1,0.5454545454545454
12,1,01000.jpg,0,1,0,0,0,0,49,0.1,0.1,0.1,0.6,0.1,4,1.3862943611198906,0.5,0.22376716493808352,0,1,0.5833333333333334
13,1,10001.jpg,1,0,0,0,1,0,49,0.1,0.1,0.1,0.6,0.1,4,1.3862943611198906,0.5,0.3041473039280049,1,0,0.5384615384615384
14,1,01011.jpg,0,1,0,1,1,0,49,0.1,0.1,0.1,0.6,0.1,4,1.3862943611198906,0.5,0.6356927452927974,0,1,0.5714285714285714
15,1,11001.jpg,1,1,0,0,1,0,49,0.1,0.1,0.1,0.6,0.1,4,1.3862943611198906,0.5,0.3766180958035014,0,1,0.6
16,1,10010.jpg,1,0,0,1,0,0,49,0.1,0.1,0.1,0.6,0.1,4,1.3862943611198906,0.5,0.717303063376335,1,0,0.5625
17,1,01111.jpg,0,1,1,1,1,0,49,0.1,0.1,0.1,0.6,0.1,4,1.3862943611198906,0.5,0.6642793728055569,1,0,0.5294117647058824
18,1,00110.jpg,0,0,1,1,0,0,49,0.1,0.1,0.1,0.6,0.1,4,1.3862943611198906,0.5,0.6197865118855702,1,0,0.5
19,1,10111.jpg,1,0,1,1,1,1,49,0.1,0.1,0.1,0.6,0.1,4,1.3862943611198906,0.5,0.6870200458589755,0,0,0.47368421052631576
20,1,10011.jpg,1,0,0,1,1,0,49,0.1,0.1,0.1,0.6,0.1,4,1.3862943611198906,0.5,0.6410115188723541,1,0,0.45
21,1,01010.jpg,0,1,0,1,0,0,49,0.1,0.1,0.1,0.6,0.1,4,1.3862943611198906,0.5,0.5121665947608943,0,1,0.47619047619047616
22,1,01100.jpg,0,1,1,0,0,0,49,0.1,0.1,0.1,0.6,0.1,4,1.3862943611198906,0.5,0.32766798696363836,1,0,0.45454545454545453
23,1,10100.jpg,1,0,1,0,0,1,49,0.1,0.1,0.1,0.6,0.1,4,1.3862943611198906,0.5,0.38959490263555496,0,0,0.43478260869565216
24,1,11011.jpg,1,1,0,1,1,0,49,0.1,0.1,0.1,0.6,0.1,4,1.3862943611198906,0.5,0.5872064810699674,0,1,0.4583333333333333
25,1,01110.jpg,0,1,1,1,0,0,49,0.1,0.1,0.1,0.6,0.1,4,1.3862943611198906,0.5,0.560512508826382,1,0,0.44
26,1,00011.jpg,0,0,0,1,1,0,49,0.1,0.1,0.1,0.6,0.1,4,1.3862943611198906,0.5,0.42121308498662585,0,1,0.46153846153846156
27,1,11000.jpg,1,1,0,0,0,0,49,0.1,0.1,0.1,0.6,0.1,4,1.3862943611198906,0.5,0.4564911756645134,1,0,0.4444444444444444
28,1,10000.jpg,1,0,0,0,0,0,49,0.1,0.1,0.1,0.6,0.1,4,1.3862943611198906,0.5,0.458396215264689,1,0,0.42857142857142855
29,1,11010.jpg,1,1,0,1,0,0,49,0.1,0.1,0.1,0.6,0.1,4,1.3862943611198906,0.5,0.5695044636478358,1,0,0.41379310344827586
30,1,00000.jpg,0,0,0,0,0,0,49,0.1,0.1,0.1,0.6,0.1,4,1.3862943611198906,0.5,0.3238319032378171,0,1,0.43333333333333335
31,1,11100.jpg,1,1,1,0,0,1,49,0.1,0.1,0.1,0.6,0.1,4,1.3862943611198906,0.5,0.539247359675638,0,0,0.41935483870967744
32,1,10101.jpg,1,0,1,0,1,1,49,0.1,0.1,0.1,0.6,0.1,4,1.3862943611198906,0.5,0.5625535291688081,1,1,0.4375
33,2,01010.jpg,0,1,0,1,0,0,49,0.1,0.1,0.1,0.6,0.1,4,1.3862943611198906,0.5,0.36544407934014683,0,1,0.45454545454545453
34,2,10011.jpg,1,0,0,1,1,0,49,0.1,0.1,0.1,0.6,0.1,4,1.3862943611198906,0.5,0.48564048557990735,0,1,0.47058823529411764
35,2,01011.jpg,0,1,0,1,1,0,49,0.1,0.1,0.1,0.6,0.1,4,1.3862943611198906,0.5,0.35028939714223667,1,0,0.45714285714285713
36,2,10101.jpg,1,0,1,0,1,1,49,0.1,0.1,0.1,0.6,0.1,4,1.3862943611198906,0.5,0.6490447029103505,1,1,0.4722222222222222
37,2,11100.jpg,1,1,1,0,0,1,49,0.1,0.1,0.1,0.6,0.1,4,1.3862943611198906,0.5,0.6540233188828705,0,0,0.4594594594594595
38,2,10010.jpg,1,0,0,1,0,0,49,0.1,0.1,0.1,0.6,0.1,4,1.3862943611198906,0.5,0.42119033825847746,0,1,0.47368421052631576
39,2,10000.jpg,1,0,0,0,0,0,49,0.1,0.1,0.1,0.6,0.1,4,1.3862943611198906,0.5,0.5522873584802974,1,0,0.46153846153846156
40,2,01100.jpg,0,1,1,0,0,0,49,0.1,0.1,0.1,0.6,0.1,4,1.3862943611198906,0.5,0.5586715769381402,0,1,0.475
41,2,00011.jpg,0,0,0,1,1,0,49,0.1,0.1,0.1,0.6,0.1,4,1.3862943611198906,0.5,0.3121407199942529,0,1,0.4878048780487805
42,2,01000.jpg,0,1,0,0,0,0,49,0.1,0.1,0.1,0.6,0.1,4,1.3862943611198906,0.5,0.4239445036969532,0,1,0.5
43,2,10100.jpg,1,0,1,0,0,1,49,0.1,0.1,0.1,0.6,0.1,4,1.3862943611198906,0.5,0.6657667109762507,1,1,0.5116279069767442
44,2,00110.jpg,0,0,1,1,0,0,49,0.1,0.1,0.1,0.6,0.1,4,1.3862943611198906,0.5,0.42630369866199247,1,0,0.5
45,2,00000.jpg,0,0,0,0,0,0,49,0.1,0.1,0.1,0.6,0.1,4,1.3862943611198906,0.5,0.43997156529575165,0,1,0.5111111111111111
46,2,10110.jpg,1,0,1,1,0,1,49,0.1,0.1,0.1,0.6,0.1,4,1.3862943611198906,0.5,0.5506552859277761,0,0,0.5
47,2,11101.jpg,1,1,1,0,1,1,49,0.1,0.1,0.1,0.6,0.1,4,1.3862943611198906,0.5,0.6670891257220948,1,1,0.5106382978723404
48,2,11011.jpg,1,1,0,1,1,0,49,0.1,0.1,0.1,0.6,0.1,4,1.3862943611198906,0.5,0.4092915198897041,1,0,0.5
49,2,01001.jpg,0,1,0,0,1,0,49,0.1,0.1,0.1,0.6,0.1,4,1.3862943611198906,0.5,0.43150812545328404,0,1,0.5102040816326531
50,2,01111.jpg,0,1,1,1,1,0,49,0.1,0.1,0.1,0.6,0.1,4,1.3862943611198906,0.5,0.419298511896175,0,1,0.52
51,2,10001.jpg,1,0,0,0,1,0,49,0.1,0.1,0.1,0.6,0.1,4,1.3862943611198906,0.5,0.557688163689307,1,0,0.5098039215686274
52,2,00010.jpg,0,0,0,1,0,0,49,0.1,0.1,0.1,0.6,0.1,4,1.3862943611198906,0.5,0.3264996976632313,1,0,0.5
53,2,11000.jpg,1,1,0,0,0,0,49,0.1,0.1,0.1,0.6,0.1,4,1.3862943611198906,0.5,0.5430062822406955,1,0,0.49056603773584906
54,2,00100.jpg,0,0,1,0,0,0,49,0.1,0.1,0.1,0.6,0.1,4,1.3862943611198906,0.5,0.5503912661203816,1,0,0.48148148148148145
55,2,00001.jpg,0,0,0,0,1,0,49,0.1,0.1,0.1,0.6,0.1,4,1.3862943611198906,0.5,0.4194314884594218,1,0,0.4727272727272727
56,2,10111.jpg,1,0,1,1,1,1,49,0.1,0.1,0.1,0.6,0.1,4,1.3862943611198906,0.5,0.5748158756237605,1,1,0.48214285714285715
57,2,11111.jpg,1,1,1,1,1,1,49,0.1,0.1,0.1,0.6,0.1,4,1.3862943611198906,0.5,0.5853654374561409,0,0,0.47368421052631576
58,2,01101.jpg,0,1,1,0,1,0,49,0.1,0.1,0.1,0.6,0.1,4,1.3862943611198906,0.5,0.515428584161511,0,1,0.4827586206896552
59,2,00111.jpg,0,0,1,1,1,0,49,0.1,0.1,0.1,0.6,0.1,4,1.3862943611198906,0.5,0.4931792311553274,1,0,0.4745762711864407
60,2,11010.jpg,1,1,0,1,0,0,49,0.1,0.1,0.1,0.6,0.1,4,1.3862943611198906,0.5,0.46791966354768094,0,1,0.48333333333333334
61,2,00101.jpg,0,0,1,0,1,0,49,0.1,0.1,0.1,0.6,0.1,4,1.3862943611198906,0.5,0.5126180953389957,0,1,0.4918032786885246
62,2,11001.jpg,1,1,0,0,1,0,49,0.1,0.1,0.1,0.6,0.1,4,1.3862943611198906,0.5,0.5105692556982074,0,1,0.5
63,2,01110.jpg,0,1,1,1,0,0,49,0.1,0.1,0.1,0.6,0.1,4,1.3862943611198906,0.5,0.47303563124832965,1,0,0.49206349206349204
64,2,11110.jpg,1,1,1,1,0,1,49,0.1,0.1,0.1,0.6,0.1,4,1.3862943611198906,0.5,0.5990378072023443,1,1,0.5
65,3,01101.jpg,0,1,1,0,1,0,49,0.1,0.1,0.1,0.6,0.1,4,1.3862943611198906,0.5,0.4868434814158423,1,0,0.49230769230769234
66,3,01100.jpg,0,1,1,0,0,0,49,0.1,0.1,0.1,0.6,0.1,4,1.3862943611198906,0.5,0.479343050917981,0,1,0.5
67,3,11110.jpg,1,1,1,1,0,1,49,0.1,0.1,0.1,0.6,0.1,4,1.3862943611198906,0.5,0.6336611118817302,1,1,0.5074626865671642
68,3,11000.jpg,1,1,0,0,0,0,49,0.1,0.1,0.1,0.6,0.1,4,1.3862943611198906,0.5,0.47148256153943086,0,1,0.5147058823529411
69,3,10100.jpg,1,0,1,0,0,1,49,0.1,0.1,0.1,0.6,0.1,4,1.3862943611198906,0.5,0.6039308481247608,1,1,0.5217391304347826
70,3,00011.jpg,0,0,0,1,1,0,49,0.1,0.1,0.1,0.6,0.1,4,1.3862943611198906,0.5,0.3693155777768953,0,1,0.5285714285714286
71,3,10001.jpg,1,0,0,0,1,0,49,0.1,0.1,0.1,0.6,0.1,4,1.3862943611198906,0.5,0.48613138106006337,1,0,0.5211267605633803
72,3,00111.jpg,0,0,1,1,1,0,49,0.1,0.1,0.1,0.6,0.1,4,1.3862943611198906,0.5,0.48668739366847596,0,1,0.5277777777777778
73,3,10011.jpg,1,0,0,1,1,0,49,0.1,0.1,0.1,0.6,0.1,4,1.3862943611198906,0.5,0.4830239693759997,1,0,0.5205479452054794
74,3,11001.jpg,1,1,0,0,1,0,49,0.1,0.1,0.1,0.6,0.1,4,1.3862943611198906,0.5,0.4718829547203321,0,1,0.527027027027027
75,3,01110.jpg,0,1,1,1,0,0,49,0.1,0.1,0.1,0.6,0.1,4,1.3862943611198906,0.5,0.5140316705882145,1,0,0.52
76,3,00100.jpg,0,0,1,0,0,0,49,0.1,0.1,0.1,0.6,0.1,4,1.3862943611198906,0.5,0.5025934964891354,0,1,0.5263157894736842
77,3,10110.jpg,1,0,1,1,0,1,49,0.1,0.1,0.1,0.6,0.1,4,1.3862943611198906,0.5,0.6331963380535038,1,1,0.5324675324675324
78,3,01011.jpg,0,1,0,1,1,0,49,0.1,0.1,0.1,0.6,0.1,4,1.3862943611198906,0.5,0.3754397747676453,0,1,0.5384615384615384
79,3,00001.jpg,0,0,0,0,1,0,49,0.1,0.1,0.1,0.6,0.1,4,1.3862943611198906,0.5,0.35790966158829285,0,1,0.5443037974683544
80,3,11010.jpg,1,1,0,1,0,0,49,0.1,0.1,0.1,0.6,0.1,4,1.3862943611198906,0.5,0.5234233010714658,0,1,0.55
81,3,10000.jpg,1,0,0,0,0,0,49,0.1,0.1,0.1,0.6,0.1,4,1.3862943611198906,0.5,0.4880844789081047,1,0,0.5432098765432098
82,3,01001.jpg,0,1,0,0,1,0,49,0.1,0.1,0.1,0.6,0.1,4,1.3862943611198906,0.5,0.3444413685560166,0,1,0.5487804878048781
83,3,00010.jpg,0,0,0,1,0,0,49,0.1,0.1,0.1,0.6,0.1,4,1.3862943611198906,0.5,0.3996510388244714,0,1,0.5542168674698795
84,3,00000.jpg,0,0,0,0,0,0,49,0.1,0.1,0.1,0.6,0.1,4,1.3862943611198906,0.5,0.36556304454483646,0,1,0.5595238095238095
85,3,10111.jpg,1,0,1,1,1,1,49,0.1,0.1,0.1,0.6,0.1,4,1.3862943611198906,0.5,0.6354318698409142,0,0,0.5529411764705883
86,3,11111.jpg,1,1,1,1,1,1,49,0.1,0.1,0.1,0.6,0.1,4,1.3862943611198906,0.5,0.6471525667539978,1,1,0.5581395348837209
87,3,11100.jpg,1,1,1,0,0,1,49,0.1,0.1,0.1,0.6,0.1,4,1.3862943611198906,0.5,0.585074050967098,1,1,0.5632183908045977
88,3,01010.jpg,0,1,0,1,0,0,49,0.1,0.1,0.1,0.6,0.1,4,1.3862943611198906,0.5,0.393748492363303,1,0,0.5568181818181818
89,3,01000.jpg,0,1,0,0,0,0,49,0.1,0.1,0.1,0.6,0.1,4,1.3862943611198906,0.5,0.35167832560434337,0,1,0.5617977528089888
90,3,10010.jpg,1,0,0,1,0,0,49,0.1,0.1,0.1,0.6,0.1,4,1.3862943611198906,0.5,0.5169196250587389,0,1,0.5666666666666667
91,3,01111.jpg,0,1,1,1,1,0,49,0.1,0.1,0.1,0.6,0.1,4,1.3862943611198906,0.5,0.516803573231101,0,1,0.5714285714285714
92,3,00101.jpg,0,0,1,0,1,0,49,0.1,0.1,0.1,0.6,0.1,4,1.3862943611198906,0.5,0.4619775650649862,0,1,0.5760869565217391
93,3,11011.jpg,1,1,0,1,1,0,49,0.1,0.1,0.1,0.6,0.1,4,1.3862943611198906,0.5,0.5133939770512871,1,0,0.5698924731182796
94,3,00110.jpg,0,0,1,1,0,0,49,0.1,0.1,0.1,0.6,0.1,4,1.3862943611198906,0.5,0.5155597997766658,1,0,0.5638297872340425
95,3,10101.jpg,1,0,1,0,1,1,49,0.1,0.1,0.1,0.6,0.1,4,1.3862943611198906,0.5,0.5990126233528404,1,1,0.5684210526315789
96,3,11101.jpg,1,1,1,0,1,1,49,0.1,0.1,0.1,0.6,0.1,4,1.3862943611198906,0.5,0.6089636674145105,1,1,0.5729166666666666
1,1,11101.jpg,1,1,1,0,1,1,50,0.1,0.1,0.1,0.6,0.1,4,1.3862943611198906,0.5,0.5,1,1,1
2,1,11111.jpg,1,1,1,1,1,1,50,0.1,0.1,0.1,0.6,0.1,4,1.3862943611198906,0.5,0.5,0,0,0.5
3,1,00001.jpg,0,0,0,0,1,0,50,0.1,0.1,0.1,0.6,0.1,4,1.3862943611198906,0.5,0.5,1,0,0.3333333333333333
4,1,00111.jpg,0,0,1,1,1,0,50,0.1,0.1,0.1,0.6,0.1,4,1.3862943611198906,0.5,0.8011805134654598,0,1,0.5
5,1,00101.jpg,0,0,1,0,1,0,50,0.1,0.1,0.1,0.6,0.1,4,1.3862943611198906,0.5,0.3917190813367196,0,1,0.6
6,1,00100.jpg,0,0,1,0,0,0,50,0.1,0.1,0.1,0.6,0.1,4,1.3862943611198906,0.5,0.29450532327951806,0,1,0.6666666666666666
7,1,01001.jpg,0,1,0,0,1,0,50,0.1,0.1,0.1,0.6,0.1,4,1.3862943611198906,0.5,0.40141995604653236,0,1,0.7142857142857143
8,1,11110.jpg,1,1,1,1,0,1,50,0.1,0.1,0.1,0.6,0.1,4,1.3862943611198906,0.5,0.8149947756076743,0,0,0.625
9,1,01101.jpg,0,1,1,0,1,0,50,0.1,0.1,0.1,0.6,0.1,4,1.3862943611198906,0.5,0.35869315901212157,1,0,0.5555555555555556
10,1,00010.jpg,0,0,0,1,0,0,50,0.1,0.1,0.1,0.6,0.1,4,1.3862943611198906,0.5,0.6053678797884227,1,0,0.5
11,1,10110.jpg,1,0,1,1,0,1,50,0.1,0.1,0.1,0.6,0.1,4,1.3862943611198906,0.5,0.7161479689115613,1,1,0.5454545454545454
12,1,01000.jpg,0,1,0,0,0,0,50,0.1,0.1,0.1,0.6,0.1,4,1.3862943611198906,0.5,0.22376716493808352,0,1,0.5833333333333334
13,1,10001.jpg,1,0,0,0,1,0,50,0.1,0.1,0.1,0.6,0.1,4,1.3862943611198906,0.5,0.3041473039280049,1,0,0.5384615384615384
14,1,01011.jpg,0,1,0,1,1,0,50,0.1,0.1,0.1,0.6,0.1,4,1.3862943611198906,0.5,0.6356927452927974,0,1,0.5714285714285714
15,1,11001.jpg,1,1,0,0,1,0,50,0.1,0.1,0.1,0.6,0.1,4,1.3862943611198906,0.5,0.3766180958035014,0,1,0.6
16,1,10010.jpg,1,0,0,1,0,0,50,0.1,0.1,0.1,0.6,0.1,4,1.3862943611198906,0.5,0.717303063376335,1,0,0.5625
17,1,01111.jpg,0,1,1,1,1,0,50,0.1,0.1,0.1,0.6,0.1,4,1.3862943611198906,0.5,0.6642793728055569,1,0,0.5294117647058824
18,1,00110.jpg,0,0,1,1,0,0,50,0.1,0.1,0.1,0.6,0.1,4,1.3862943611198906,0.5,0.6197865118855702,1,0,0.5
19,1,10111.jpg,1,0,1,1,1,1,50,0.1,0.1,0.1,0.6,0.1,4,1.3862943611198906,0.5,0.6870200458589755,0,0,0.47368421052631576
20,1,10011.jpg,1,0,0,1,1,0,50,0.1,0.1,0.1,0.6,0.1,4,1.3862943611198906,0.5,0.6410115188723541,1,0,0.45
21,1,01010.jpg,0,1,0,1,0,0,50,0.1,0.1,0.1,0.6,0.1,4,1.3862943611198906,0.5,0.5121665947608943,0,1,0.47619047619047616
22,1,01100.jpg,0,1,1,0,0,0,50,0.1,0.1,0.1,0.6,0.1,4,1.3862943611198906,0.5,0.32766798696363836,1,0,0.45454545454545453
23,1,10100.jpg,1,0,1,0,0,1,50,0.1,0.1,0.1,0.6,0.1,4,1.3862943611198906,0.5,0.38959490263555496,0,0,0.43478260869565216
24,1,11011.jpg,1,1,0,1,1,0,50,0.1,0.1,0.1,0.6,0.1,4,1.3862943611198906,0.5,0.5872064810699674,0,1,0.4583333333333333
25,1,01110.jpg,0,1,1,1,0,0,50,0.1,0.1,0.1,0.6,0.1,4,1.3862943611198906,0.5,0.560512508826382,1,0,0.44
26,1,00011.jpg,0,0,0,1,1,0,50,0.1,0.1,0.1,0.6,0.1,4,1.3862943611198906,0.5,0.42121308498662585,0,1,0.46153846153846156
27,1,11000.jpg,1,1,0,0,0,0,50,0.1,0.1,0.1,0.6,0.1,4,1.3862943611198906,0.5,0.4564911756645134,1,0,0.4444444444444444
28,1,10000.jpg,1,0,0,0,0,0,50,0.1,0.1,0.1,0.6,0.1,4,1.3862943611198906,0.5,0.458396215264689,1,0,0.42857142857142855
29,1,11010.jpg,1,1,0,1,0,0,50,0.1,0.1,0.1,0.6,0.1,4,1.3862943611198906,0.5,0.5695044636478358,1,0,0.41379310344827586
30,1,00000.jpg,0,0,0,0,0,0,50,0.1,0.1,0.1,0.6,0.1,4,1.3862943611198906,0.5,0.3238319032378171,0,1,0.43333333333333335
31,1,11100.jpg,1,1,1,0,0,1,50,0.1,0.1,0.1,0.6,0.1,4,1.3862943611198906,0.5,0.539247359675638,0,0,0.41935483870967744
32,1,10101.jpg,1,0,1,0,1,1,50,0.1,0.1,0.1,0.6,0.1,4,1.3862943611198906,0.5,0.5625535291688081,1,1,0.4375
33,2,01010.jpg,0,1,0,1,0,0,50,0.1,0.1,0.1,0.6,0.1,4,1.3862943611198906,0.5,0.36544407934014683,0,1,0.45454545454545453
34,2,10011.jpg,1,0,0,1,1,0,50,0.1,0.1,0.1,0.6,0.1,4,1.3862943611198906,0.5,0.48564048557990735,0,1,0.47058823529411764
35,2,01011.jpg,0,1,0,1,1,0,50,0.1,0.1,0.1,0.6,0.1,4,1.3862943611198906,0.5,0.35028939714223667,1,0,0.45714285714285713
36,2,10101.jpg,1,0,1,0,1,1,50,0.1,0.1,0.1,0.6,0.1,4,1.3862943611198906,0.5,0.6490447029103505,1,1,0.4722222222222222
37,2,11100.jpg,1,1,1,0,0,1,50,0.1,0.1,0.1,0.6,0.1,4,1.3862943611198906,0.5,0.6540233188828705,0,0,0.4594594594594595
38,2,10010.jpg,1,0,0,1,0,0,50,0.1,0.1,0.1,0.6,0.1,4,1.3862943611198906,0.5,0.42119033825847746,0,1,0.47368421052631576
39,2,10000.jpg,1,0,0,0,0,0,50,0.1,0.1,0.1,0.6,0.1,4,1.3862943611198906,0.5,0.5522873584802974,1,0,0.46153846153846156
40,2,01100.jpg,0,1,1,0,0,0,50,0.1,0.1,0.1,0.6,0.1,4,1.3862943611198906,0.5,0.5586715769381402,0,1,0.475
41,2,00011.jpg,0,0,0,1,1,0,50,0.1,0.1,0.1,0.6,0.1,4,1.3862943611198906,0.5,0.3121407199942529,0,1,0.4878048780487805
42,2,01000.jpg,0,1,0,0,0,0,50,0.1,0.1,0.1,0.6,0.1,4,1.3862943611198906,0.5,0.4239445036969532,0,1,0.5
43,2,10100.jpg,1,0,1,0,0,1,50,0.1,0.1,0.1,0.6,0.1,4,1.3862943611198906,0.5,0.6657667109762507,1,1,0.5116279069767442
44,2,00110.jpg,0,0,1,1,0,0,50,0.1,0.1,0.1,0.6,0.1,4,1.3862943611198906,0.5,0.42630369866199247,1,0,0.5
45,2,00000.jpg,0,0,0,0,0,0,50,0.1,0.1,0.1,0.6,0.1,4,1.3862943611198906,0.5,0.43997156529575165,0,1,0.5111111111111111
46,2,10110.jpg,1,0,1,1,0,1,50,0.1,0.1,0.1,0.6,0.1,4,1.3862943611198906,0.5,0.5506552859277761,0,0,0.5
47,2,11101.jpg,1,1,1,0,1,1,50,0.1,0.1,0.1,0.6,0.1,4,1.3862943611198906,0.5,0.6670891257220948,1,1,0.5106382978723404
48,2,11011.jpg,1,1,0,1,1,0,50,0.1,0.1,0.1,0.6,0.1,4,1.3862943611198906,0.5,0.4092915198897041,1,0,0.5
49,2,01001.jpg,0,1,0,0,1,0,50,0.1,0.1,0.1,0.6,0.1,4,1.3862943611198906,0.5,0.43150812545328404,0,1,0.5102040816326531
50,2,01111.jpg,0,1,1,1,1,0,50,0.1,0.1,0.1,0.6,0.1,4,1.3862943611198906,0.5,0.419298511896175,0,1,0.52
51,2,10001.jpg,1,0,0,0,1,0,50,0.1,0.1,0.1,0.6,0.1,4,1.3862943611198906,0.5,0.557688163689307,1,0,0.5098039215686274
52,2,00010.jpg,0,0,0,1,0,0,50,0.1,0.1,0.1,0.6,0.1,4,1.3862943611198906,0.5,0.3264996976632313,1,0,0.5
53,2,11000.jpg,1,1,0,0,0,0,50,0.1,0.1,0.1,0.6,0.1,4,1.3862943611198906,0.5,0.5430062822406955,1,0,0.49056603773584906
54,2,00100.jpg,0,0,1,0,0,0,50,0.1,0.1,0.1,0.6,0.1,4,1.3862943611198906,0.5,0.5503912661203816,1,0,0.48148148148148145
55,2,00001.jpg,0,0,0,0,1,0,50,0.1,0.1,0.1,0.6,0.1,4,1.3862943611198906,0.5,0.4194314884594218,1,0,0.4727272727272727
56,2,10111.jpg,1,0,1,1,1,1,50,0.1,0.1,0.1,0.6,0.1,4,1.3862943611198906,0.5,0.5748158756237605,1,1,0.48214285714285715
57,2,11111.jpg,1,1,1,1,1,1,50,0.1,0.1,0.1,0.6,0.1,4,1.3862943611198906,0.5,0.5853654374561409,0,0,0.47368421052631576
58,2,01101.jpg,0,1,1,0,1,0,50,0.1,0.1,0.1,0.6,0.1,4,1.3862943611198906,0.5,0.515428584161511,0,1,0.4827586206896552
59,2,00111.jpg,0,0,1,1,1,0,50,0.1,0.1,0.1,0.6,0.1,4,1.3862943611198906,0.5,0.4931792311553274,1,0,0.4745762711864407
60,2,11010.jpg,1,1,0,1,0,0,50,0.1,0.1,0.1,0.6,0.1,4,1.3862943611198906,0.5,0.46791966354768094,0,1,0.48333333333333334
61,2,00101.jpg,0,0,1,0,1,0,50,0.1,0.1,0.1,0.6,0.1,4,1.3862943611198906,0.5,0.5126180953389957,0,1,0.4918032786885246
62,2,11001.jpg,1,1,0,0,1,0,50,0.1,0.1,0.1,0.6,0.1,4,1.3862943611198906,0.5,0.5105692556982074,0,1,0.5
63,2,01110.jpg,0,1,1,1,0,0,50,0.1,0.1,0.1,0.6,0.1,4,1.3862943611198906,0.5,0.47303563124832965,1,0,0.49206349206349204
64,2,11110.jpg,1,1,1,1,0,1,50,0.1,0.1,0.1,0.6,0.1,4,1.3862943611198906,0.5,0.5990378072023443,1,1,0.5
65,3,01101.jpg,0,1,1,0,1,0,50,0.1,0.1,0.1,0.6,0.1,4,1.3862943611198906,0.5,0.4868434814158423,1,0,0.49230769230769234
66,3,01100.jpg,0,1,1,0,0,0,50,0.1,0.1,0.1,0.6,0.1,4,1.3862943611198906,0.5,0.479343050917981,0,1,0.5
67,3,11110.jpg,1,1,1,1,0,1,50,0.1,0.1,0.1,0.6,0.1,4,1.3862943611198906,0.5,0.6336611118817302,1,1,0.5074626865671642
68,3,11000.jpg,1,1,0,0,0,0,50,0.1,0.1,0.1,0.6,0.1,4,1.3862943611198906,0.5,0.47148256153943086,0,1,0.5147058823529411
69,3,10100.jpg,1,0,1,0,0,1,50,0.1,0.1,0.1,0.6,0.1,4,1.3862943611198906,0.5,0.6039308481247608,1,1,0.5217391304347826
70,3,00011.jpg,0,0,0,1,1,0,50,0.1,0.1,0.1,0.6,0.1,4,1.3862943611198906,0.5,0.3693155777768953,0,1,0.5285714285714286
71,3,10001.jpg,1,0,0,0,1,0,50,0.1,0.1,0.1,0.6,0.1,4,1.3862943611198906,0.5,0.48613138106006337,1,0,0.5211267605633803
72,3,00111.jpg,0,0,1,1,1,0,50,0.1,0.1,0.1,0.6,0.1,4,1.3862943611198906,0.5,0.48668739366847596,0,1,0.5277777777777778
73,3,10011.jpg,1,0,0,1,1,0,50,0.1,0.1,0.1,0.6,0.1,4,1.3862943611198906,0.5,0.4830239693759997,1,0,0.5205479452054794
74,3,11001.jpg,1,1,0,0,1,0,50,0.1,0.1,0.1,0.6,0.1,4,1.3862943611198906,0.5,0.4718829547203321,0,1,0.527027027027027
75,3,01110.jpg,0,1,1,1,0,0,50,0.1,0.1,0.1,0.6,0.1,4,1.3862943611198906,0.5,0.5140316705882145,1,0,0.52
76,3,00100.jpg,0,0,1,0,0,0,50,0.1,0.1,0.1,0.6,0.1,4,1.3862943611198906,0.5,0.5025934964891354,0,1,0.5263157894736842
77,3,10110.jpg,1,0,1,1,0,1,50,0.1,0.1,0.1,0.6,0.1,4,1.3862943611198906,0.5,0.6331963380535038,1,1,0.5324675324675324
78,3,01011.jpg,0,1,0,1,1,0,50,0.1,0.1,0.1,0.6,0.1,4,1.3862943611198906,0.5,0.3754397747676453,0,1,0.5384615384615384
79,3,00001.jpg,0,0,0,0,1,0,50,0.1,0.1,0.1,0.6,0.1,4,1.3862943611198906,0.5,0.35790966158829285,0,1,0.5443037974683544
80,3,11010.jpg,1,1,0,1,0,0,50,0.1,0.1,0.1,0.6,0.1,4,1.3862943611198906,0.5,0.5234233010714658,0,1,0.55
81,3,10000.jpg,1,0,0,0,0,0,50,0.1,0.1,0.1,0.6,0.1,4,1.3862943611198906,0.5,0.4880844789081047,1,0,0.5432098765432098
82,3,01001.jpg,0,1,0,0,1,0,50,0.1,0.1,0.1,0.6,0.1,4,1.3862943611198906,0.5,0.3444413685560166,0,1,0.5487804878048781
83,3,00010.jpg,0,0,0,1,0,0,50,0.1,0.1,0.1,0.6,0.1,4,1.3862943611198906,0.5,0.3996510388244714,0,1,0.5542168674698795
84,3,00000.jpg,0,0,0,0,0,0,50,0.1,0.1,0.1,0.6,0.1,4,1.3862943611198906,0.5,0.36556304454483646,0,1,0.5595238095238095
85,3,10111.jpg,1,0,1,1,1,1,50,0.1,0.1,0.1,0.6,0.1,4,1.3862943611198906,0.5,0.6354318698409142,0,0,0.5529411764705883
86,3,11111.jpg,1,1,1,1,1,1,50,0.1,0.1,0.1,0.6,0.1,4,1.3862943611198906,0.5,0.6471525667539978,1,1,0.5581395348837209
87,3,11100.jpg,1,1,1,0,0,1,50,0.1,0.1,0.1,0.6,0.1,4,1.3862943611198906,0.5,0.585074050967098,1,1,0.5632183908045977
88,3,01010.jpg,0,1,0,1,0,0,50,0.1,0.1,0.1,0.6,0.1,4,1.3862943611198906,0.5,0.393748492363303,1,0,0.5568181818181818
89,3,01000.jpg,0,1,0,0,0,0,50,0.1,0.1,0.1,0.6,0.1,4,1.3862943611198906,0.5,0.35167832560434337,0,1,0.5617977528089888
90,3,10010.jpg,1,0,0,1,0,0,50,0.1,0.1,0.1,0.6,0.1,4,1.3862943611198906,0.5,0.5169196250587389,0,1,0.5666666666666667
91,3,01111.jpg,0,1,1,1,1,0,50,0.1,0.1,0.1,0.6,0.1,4,1.3862943611198906,0.5,0.516803573231101,0,1,0.5714285714285714
92,3,00101.jpg,0,0,1,0,1,0,50,0.1,0.1,0.1,0.6,0.1,4,1.3862943611198906,0.5,0.4619775650649862,0,1,0.5760869565217391
93,3,11011.jpg,1,1,0,1,1,0,50,0.1,0.1,0.1,0.6,0.1,4,1.3862943611198906,0.5,0.5133939770512871,1,0,0.5698924731182796
94,3,00110.jpg,0,0,1,1,0,0,50,0.1,0.1,0.1,0.6,0.1,4,1.3862943611198906,0.5,0.5155597997766658,1,0,0.5638297872340425
95,3,10101.jpg,1,0,1,0,1,1,50,0.1,0.1,0.1,0.6,0.1,4,1.3862943611198906,0.5,0.5990126233528404,1,1,0.5684210526315789
96,3,11101.jpg,1,1,1,0,1,1,50,0.1,0.1,0.1,0.6,0.1,4,1.3862943611198906,0.5,0.6089636674145105,1,1,0.5729166666666666
1,1,11101.jpg,1,1,1,0,1,1,51,0.1,0.1,0.1,0.6,0.1,5,1.6094379124341003,0.5,0.5,1,1,1
2,1,11111.jpg,1,1,1,1,1,1,51,0.1,0.1,0.1,0.6,0.1,5,1.6094379124341003,0.5,0.5,0,0,0.5
3,1,00001.jpg,0,0,0,0,1,0,51,0.1,0.1,0.1,0.6,0.1,5,1.6094379124341003,0.5,0.5,1,0,0.3333333333333333
4,1,00111.jpg,0,0,1,1,1,0,51,0.1,0.1,0.1,0.6,0.1,5,1.6094379124341003,0.5,0.8647645770202438,0,1,0.5
5,1,00101.jpg,0,0,1,0,1,0,51,0.1,0.1,0.1,0.6,0.1,5,1.6094379124341003,0.5,0.370446364825922,0,1,0.6
6,1,00100.jpg,0,0,1,0,0,0,51,0.1,0.1,0.1,0.6,0.1,5,1.6094379124341003,0.5,0.2591205665890113,0,1,0.6666666666666666
7,1,01001.jpg,0,1,0,0,1,0,51,0.1,0.1,0.1,0.6,0.1,5,1.6094379124341003,0.5,0.3884781545118189,0,1,0.7142857142857143
8,1,11110.jpg,1,1,1,1,0,1,51,0.1,0.1,0.1,0.6,0.1,5,1.6094379124341003,0.5,0.8547961728858517,0,0,0.625
9,1,01101.jpg,0,1,1,0,1,0,51,0.1,0.1,0.1,0.6,0.1,5,1.6094379124341003,0.5,0.35552779018453623,1,0,0.5555555555555556
10,1,00010.jpg,0,0,0,1,0,0,51,0.1,0.1,0.1,0.6,0.1,5,1.6094379124341003,0.5,0.6054326155454083,1,0,0.5
11,1,10110.jpg,1,0,1,1,0,1,51,0.1,0.1,0.1,0.6,0.1,5,1.6094379124341003,0.5,0.740148585173694,1,1,0.5454545454545454
12,1,01000.jpg,0,1,0,0,0,0,51,0.1,0.1,0.1,0.6,0.1,5,1.6094379124341003,0.5,0.1894123095122174,0,1,0.5833333333333334
13,1,10001.jpg,1,0,0,0,1,0,51,0.1,0.1,0.1,0.6,0.1,5,1.6094379124341003,0.5,0.28866983378782957,1,0,0.5384615384615384
14,1,01011.jpg,0,1,0,1,1,0,51,0.1,0.1,0.1,0.6,0.1,5,1.6094379124341003,0.5,0.6445752966004363,0,1,0.5714285714285714
15,1,11001.jpg,1,1,0,0,1,0,51,0.1,0.1,0.1,0.6,0.1,5,1.6094379124341003,0.5,0.3791022176019356,0,1,0.6
16,1,10010.jpg,1,0,0,1,0,0,51,0.1,0.1,0.1,0.6,0.1,5,1.6094379124341003,0.5,0.73714595731436,1,0,0.5625
17,1,01111.jpg,0,1,1,1,1,0,51,0.1,0.1,0.1,0.6,0.1,5,1.6094379124341003,0.5,0.6759065583259114,1,0,0.5294117647058824
18,1,00110.jpg,0,0,1,1,0,0,51,0.1,0.1,0.1,0.6,0.1,5,1.6094379124341003,0.5,0.6270981558503845,1,0,0.5
19,1,10111.jpg,1,0,1,1,1,1,51,0.1,0.1,0.1,0.6,0.1,5,1.6094379124341003,0.5,0.7095812693014145,0,0,0.47368421052631576
20,1,10011.jpg,1,0,0,1,1,0,51,0.1,0.1,0.1,0.6,0.1,5,1.6094379124341003,0.5,0.6549166121468515,1,0,0.45
21,1,01010.jpg,0,1,0,1,0,0,51,0.1,0.1,0.1,0.6,0.1,5,1.6094379124341003,0.5,0.49513134745922105,1,0,0.42857142857142855
22,1,01100.jpg,0,1,1,0,0,0,51,0.1,0.1,0.1,0.6,0.1,5,1.6094379124341003,0.5,0.3018046655833683,1,0,0.4090909090909091
23,1,10100.jpg,1,0,1,0,0,1,51,0.1,0.1,0.1,0.6,0.1,5,1.6094379124341003,0.5,0.36929540897686314,0,0,0.391304347826087
24,1,11011.jpg,1,1,0,1,1,0,51,0.1,0.1,0.1,0.6,0.1,5,1.6094379124341003,0.5,0.5954908081828315,1,0,0.375
25,1,01110.jpg,0,1,1,1,0,0,51,0.1,0.1,0.1,0.6,0.1,5,1.6094379124341003,0.5,0.564304780700318,1,0,0.36
26,1,00011.jpg,0,0,0,1,1,0,51,0.1,0.1,0.1,0.6,0.1,5,1.6094379124341003,0.5,0.39497543205735053,0,1,0.38461538461538464
27,1,11000.jpg,1,1,0,0,0,0,51,0.1,0.1,0.1,0.6,0.1,5,1.6094379124341003,0.5,0.4492334320453746,1,0,0.37037037037037035
28,1,10000.jpg,1,0,0,0,0,0,51,0.1,0.1,0.1,0.6,0.1,5,1.6094379124341003,0.5,0.4610837797913035,1,0,0.35714285714285715
29,1,11010.jpg,1,1,0,1,0,0,51,0.1,0.1,0.1,0.6,0.1,5,1.6094379124341003,0.5,0.575595190056146,1,0,0.3448275862068966
30,1,00000.jpg,0,0,0,0,0,0,51,0.1,0.1,0.1,0.6,0.1,5,1.6094379124341003,0.5,0.2969453182555192,0,1,0.36666666666666664
31,1,11100.jpg,1,1,1,0,0,1,51,0.1,0.1,0.1,0.6,0.1,5,1.6094379124341003,0.5,0.5561040354259501,0,0,0.3548387096774194
32,1,10101.jpg,1,0,1,0,1,1,51,0.1,0.1,0.1,0.6,0.1,5,1.6094379124341003,0.5,0.5777508242662764,1,1,0.375
33,2,01010.jpg,0,1,0,1,0,0,51,0.1,0.1,0.1,0.6,0.1,5,1.6094379124341003,0.5,0.33275196500343074,0,1,0.3939393939393939
34,2,10011.jpg,1,0,0,1,1,0,51,0.1,0.1,0.1,0.6,0.1,5,1.6094379124341003,0.5,0.4795865741595956,0,1,0.4117647058823529
35,2,01011.jpg,0,1,0,1,1,0,51,0.1,0.1,0.1,0.6,0.1,5,1.6094379124341003,0.5,0.3172801010994141,1,0,0.4
36,2,10101.jpg,1,0,1,0,1,1,51,0.1,0.1,0.1,0.6,0.1,5,1.6094379124341003,0.5,0.6785729621051984,1,1,0.4166666666666667
37,2,11100.jpg,1,1,1,0,0,1,51,0.1,0.1,0.1,0.6,0.1,5,1.6094379124341003,0.5,0.6810259987334635,0,0,0.40540540540540543
38,2,10010.jpg,1,0,0,1,0,0,51,0.1,0.1,0.1,0.6,0.1,5,1.6094379124341003,0.5,0.4092707859903592,0,1,0.42105263157894735
39,2,10000.jpg,1,0,0,0,0,0,51,0.1,0.1,0.1,0.6,0.1,5,1.6094379124341003,0.5,0.5496091941888935,1,0,0.41025641025641024
40,2,01100.jpg,0,1,1,0,0,0,51,0.1,0.1,0.1,0.6,0.1,5,1.6094379124341003,0.5,0.5598214851493551,0,1,0.425
41,2,00011.jpg,0,0,0,1,1,0,51,0.1,0.1,0.1,0.6,0.1,5,1.6094379124341003,0.5,0.27766817037105657,0,1,0.43902439024390244
42,2,01000.jpg,0,1,0,0,0,0,51,0.1,0.1,0.1,0.6,0.1,5,1.6094379124341003,0.5,0.39579619517097475,0,1,0.4523809523809524
43,2,10100.jpg,1,0,1,0,0,1,51,0.1,0.1,0.1,0.6,0.1,5,1.6094379124341003,0.5,0.6930797030186058,1,1,0.46511627906976744
44,2,00110.jpg,0,0,1,1,0,0,51,0.1,0.1,0.1,0.6,0.1,5,1.6094379124341003,0.5,0.41662660025214804,1,0,0.45454545454545453
45,2,00000.jpg,0,0,0,0,0,0,51,0.1,0.1,0.1,0.6,0.1,5,1.6094379124341003,0.5,0.4125911366093172,0,1,0.4666666666666667
46,2,10110.jpg,1,0,1,1,0,1,51,0.1,0.1,0.1,0.6,0.1,5,1.6094379124341003,0.5,0.5718956629294034,0,0,0.45652173913043476
47,2,11101.jpg,1,1,1,0,1,1,51,0.1,0.1,0.1,0.6,0.1,5,1.6094379124341003,0.5,0.6967234214168843,1,1,0.46808510638297873
48,2,11011.jpg,1,1,0,1,1,0,51,0.1,0.1,0.1,0.6,0.1,5,1.6094379124341003,0.5,0.3928225047770379,1,0,0.4583333333333333
49,2,01001.jpg,0,1,0,0,1,0,51,0.1,0.1,0.1,0.6,0.1,5,1.6094379124341003,0.5,0.4044449767299542,0,1,0.46938775510204084
50,2,01111.jpg,0,1,1,1,1,0,51,0.1,0.1,0.1,0.6,0.1,5,1.6094379124341003,0.5,0.4058559445903086,0,1,0.48
51,2,10001.jpg,1,0,0,0,1,0,51,0.1,0.1,0.1,0.6,0.1,5,1.6094379124341003,0.5,0.5591242741262027,1,0,0.47058823529411764
52,2,00010.jpg,0,0,0,1,0,0,51,0.1,0.1,0.1,0.6,0.1,5,1.6094379124341003,0.5,0.2969872095046551,1,0,0.46153846153846156
53,2,11000.jpg,1,1,0,0,0,0,51,0.1,0.1,0.1,0.6,0.1,5,1.6094379124341003,0.5,0.5410268515141917,1,0,0.4528301886792453
54,2,00100.jpg,0,0,1,0,0,0,51,0.1,0.1,0.1,0.6,0.1,5,1.6094379124341003,0.5,0.5501246482374073,1,0,0.4444444444444444
55,2,00001.jpg,0,0,0,0,1,0,51,0.1,0.1,0.1,0.6,0.1,5,1.6094379124341003,0.5,0.3914291474355294,1,0,0.43636363636363634
56,2,10111.jpg,1,0,1,1,1,1,51,0.1,0.1,0.1,0.6,0.1,5,1.6094379124341003,0.5,0.5990809738092127,1,1,0.44642857142857145
57,2,11111.jpg,1,1,1,1,1,1,51,0.1,0.1,0.1,0.6,0.1,5,1.6094379124341003,0.5,0.6076545304194798,0,0,0.43859649122807015
58,2,01101.jpg,0,1,1,0,1,0,51,0.1,0.1,0.1,0.6,0.1,5,1.6094379124341003,0.5,0.5139948213206381,0,1,0.4482758620689655
59,2,00111.jpg,0,0,1,1,1,0,51,0.1,0.1,0.1,0.6,0.1,5,1.6094379124341003,0.5,0.490157587757675,1,0,0.4406779661016949
60,2,11010.jpg,1,1,0,1,0,0,51,0.1,0.1,0.1,0.6,0.1,5,1.6094379124341003,0.5,0.45825412420725287,0,1,0.45
61,2,00101.jpg,0,0,1,0,1,0,51,0.1,0.1,0.1,0.6,0.1,5,1.6094379124341003,0.5,0.5095719198959759,0,1,0.45901639344262296
62,2,11001.jpg,1,1,0,0,1,0,51,0.1,0.1,0.1,0.6,0.1,5,1.6094379124341003,0.5,0.5085006837208801,0,1,0.46774193548387094
63,2,01110.jpg,0,1,1,1,0,0,51,0.1,0.1,0.1,0.6,0.1,5,1.6094379124341003,0.5,0.464049986808505,1,0,0.4603174603174603
64,2,11110.jpg,1,1,1,1,0,1,51,0.1,0.1,0.1,0.6,0.1,5,1.6094379124341003,0.5,0.622724306551768,1,1,0.46875
65,3,01101.jpg,0,1,1,0,1,0,51,0.1,0.1,0.1,0.6,0.1,5,1.6094379124341003,0.5,0.47959699039684256,1,0,0.46153846153846156
66,3,01100.jpg,0,1,1,0,0,0,51,0.1,0.1,0.1,0.6,0.1,5,1.6094379124341003,0.5,0.47098776649192975,0,1,0.4696969696969697
67,3,11110.jpg,1,1,1,1,0,1,51,0.1,0.1,0.1,0.6,0.1,5,1.6094379124341003,0.5,0.6627933576361078,1,1,0.47761194029850745
68,3,11000.jpg,1,1,0,0,0,0,51,0.1,0.1,0.1,0.6,0.1,5,1.6094379124341003,0.5,0.4635443605659837,0,1,0.4852941176470588
69,3,10100.jpg,1,0,1,0,0,1,51,0.1,0.1,0.1,0.6,0.1,5,1.6094379124341003,0.5,0.6318247024404164,1,1,0.4927536231884058
70,3,00011.jpg,0,0,0,1,1,0,51,0.1,0.1,0.1,0.6,0.1,5,1.6094379124341003,0.5,0.3350551343548608,0,1,0.5
71,3,10001.jpg,1,0,0,0,1,0,51,0.1,0.1,0.1,0.6,0.1,5,1.6094379124341003,0.5,0.4803628835131081,1,0,0.49295774647887325
72,3,00111.jpg,0,0,1,1,1,0,51,0.1,0.1,0.1,0.6,0.1,5,1.6094379124341003,0.5,0.477243550227159,0,1,0.5
73,3,10011.jpg,1,0,0,1,1,0,51,0.1,0.1,0.1,0.6,0.1,5,1.6094379124341003,0.5,0.47370733672902765,1,0,0.4931506849315068
74,3,11001.jpg,1,1,0,0,1,0,51,0.1,0.1,0.1,0.6,0.1,5,1.6094379124341003,0.5,0.4618243916590595,0,1,0.5
75,3,01110.jpg,0,1,1,1,0,0,51,0.1,0.1,0.1,0.6,0.1,5,1.6094379124341003,0.5,0.513237059578567,1,0,0.49333333333333335
76,3,00100.jpg,0,0,1,0,0,0,51,0.1,0.1,0.1,0.6,0.1,5,1.6094379124341003,0.5,0.5008430607887243,0,1,0.5
77,3,10110.jpg,1,0,1,1,0,1,51,0.1,0.1,0.1,0.6,0.1,5,1.6094379124341003,0.5,0.6618601637977832,1,1,0.5064935064935064
78,3,01011.jpg,0,1,0,1,1,0,51,0.1,0.1,0.1,0.6,0.1,5,1.6094379124341003,0.5,0.3423927882486931,0,1,0.5128205128205128
79,3,00001.jpg,0,0,0,0,1,0,51,0.1,0.1,0.1,0.6,0.1,5,1.6094379124341003,0.5,0.32669476497764643,0,1,0.5189873417721519
80,3,11010.jpg,1,1,0,1,0,0,51,0.1,0.1,0.1,0.6,0.1,5,1.6094379124341003,0.5,0.5232891468560887,0,1,0.525
81,3,10000.jpg,1,0,0,0,0,0,51,0.1,0.1,0.1,0.6,0.1,5,1.6094379124341003,0.5,0.48410246490677106,1,0,0.5185185185185185
82,3,01001.jpg,0,1,0,0,1,0,51,0.1,0.1,0.1,0.6,0.1,5,1.6094379124341003,0.5,0.3110544326550513,0,1,0.524390243902439
83,3,00010.jpg,0,0,0,1,0,0,51,0.1,0.1,0.1,0.6,0.1,5,1.6094379124341003,0.5,0.37112482335194225,0,1,0.5301204819277109
84,3,00000.jpg,0,0,0,0,0,0,51,0.1,0.1,0.1,0.6,0.1,5,1.6094379124341003,0.5,0.3361885502400536,0,1,0.5357142857142857
85,3,10111.jpg,1,0,1,1,1,1,51,0.1,0.1,0.1,0.6,0.1,5,1.6094379124341003,0.5,0.6622654958790071,0,0,0.5294117647058824
86,3,11111.jpg,1,1,1,1,1,1,51,0.1,0.1,0.1,0.6,0.1,5,1.6094379124341003,0.5,0.6758714799224088,1,1,0.5348837209302325
87,3,11100.jpg,1,1,1,0,0,1,51,0.1,0.1,0.1,0.6,0.1,5,1.6094379124341003,0.5,0.6102013827311497,1,1,0.5402298850574713
88,3,01010.jpg,0,1,0,1,0,0,51,0.1,0.1,0.1,0.6,0.1,5,1.6094379124341003,0.5,0.36232479282743635,1,0,0.5340909090909091
89,3,01000.jpg,0,1,0,0,0,0,51,0.1,0.1,0.1,0.6,0.1,5,1.6094379124341003,0.5,0.3211127112560471,0,1,0.5393258426966292
90,3,10010.jpg,1,0,0,1,0,0,51,0.1,0.1,0.1,0.6,0.1,5,1.6094379124341003,0.5,0.5130327652649849,0,1,0.5444444444444444
91,3,01111.jpg,0,1,1,1,1,0,51,0.1,0.1,0.1,0.6,0.1,5,1.6094379124341003,0.5,0.5137172965194972,0,1,0.5494505494505495
92,3,00101.jpg,0,0,1,0,1,0,51,0.1,0.1,0.1,0.6,0.1,5,1.6094379124341003,0.5,0.4525615933776825,0,1,0.5543478260869565
93,3,11011.jpg,1,1,0,1,1,0,51,0.1,0.1,0.1,0.6,0.1,5,1.6094379124341003,0.5,0.5101647450402951,1,0,0.5483870967741935
94,3,00110.jpg,0,0,1,1,0,0,51,0.1,0.1,0.1,0.6,0.1,5,1.6094379124341003,0.5,0.5124269444564644,1,0,0.5425531914893617
95,3,10101.jpg,1,0,1,0,1,1,51,0.1,0.1,0.1,0.6,0.1,5,1.6094379124341003,0.5,0.6241962916535381,1,1,0.5473684210526316
96,3,11101.jpg,1,1,1,0,1,1,51,0.1,0.1,0.1,0.6,0.1,5,1.6094379124341003,0.5,0.6345700427512523,1,1,0.5520833333333334
1,1,11101.jpg,1,1,1,0,1,1,52,0.1,0.1,0.1,0.6,0.1,5,1.6094379124341003,0.5,0.5,1,1,1
2,1,11111.jpg,1,1,1,1,1,1,52,0.1,0.1,0.1,0.6,0.1,5,1.6094379124341003,0.5,0.5,0,0,0.5
3,1,00001.jpg,0,0,0,0,1,0,52,0.1,0.1,0.1,0.6,0.1,5,1.6094379124341003,0.5,0.5,1,0,0.3333333333333333
4,1,00111.jpg,0,0,1,1,1,0,52,0.1,0.1,0.1,0.6,0.1,5,1.6094379124341003,0.5,0.8647645770202438,0,1,0.5
5,1,00101.jpg,0,0,1,0,1,0,52,0.1,0.1,0.1,0.6,0.1,5,1.6094379124341003,0.5,0.370446364825922,0,1,0.6
6,1,00100.jpg,0,0,1,0,0,0,52,0.1,0.1,0.1,0.6,0.1,5,1.6094379124341003,0.5,0.2591205665890113,0,1,0.6666666666666666
7,1,01001.jpg,0,1,0,0,1,0,52,0.1,0.1,0.1,0.6,0.1,5,1.6094379124341003,0.5,0.3884781545118189,0,1,0.7142857142857143
8,1,11110.jpg,1,1,1,1,0,1,52,0.1,0.1,0.1,0.6,0.1,5,1.6094379124341003,0.5,0.8547961728858517,0,0,0.625
9,1,01101.jpg,0,1,1,0,1,0,52,0.1,0.1,0.1,0.6,0.1,5,1.6094379124341003,0.5,0.35552779018453623,1,0,0.5555555555555556
10,1,00010.jpg,0,0,0,1,0,0,52,0.1,0.1,0.1,0.6,0.1,5,1.6094379124341003,0.5,0.6054326155454083,1,0,0.5
11,1,10110.jpg,1,0,1,1,0,1,52,0.1,0.1,0.1,0.6,0.1,5,1.6094379124341003,0.5,0.740148585173694,1,1,0.5454545454545454
12,1,01000.jpg,0,1,0,0,0,0,52,0.1,0.1,0.1,0.6,0.1,5,1.6094379124341003,0.5,0.1894123095122174,0,1,0.5833333333333334
13,1,10001.jpg,1,0,0,0,1,0,52,0.1,0.1,0.1,0.6,0.1,5,1.6094379124341003,0.5,0.28866983378782957,1,0,0.5384615384615384
14,1,01011.jpg,0,1,0,1,1,0,52,0.1,0.1,0.1,0.6,0.1,5,1.6094379124341003,0.5,0.6445752966004363,0,1,0.5714285714285714
15,1,11001.jpg,1,1,0,0,1,0,52,0.1,0.1,0.1,0.6,0.1,5,1.6094379124341003,0.5,0.3791022176019356,0,1,0.6
16,1,10010.jpg,1,0,0,1,0,0,52,0.1,0.1,0.1,0.6,0.1,5,1.6094379124341003,0.5,0.73714595731436,1,0,0.5625
17,1,01111.jpg,0,1,1,1,1,0,52,0.1,0.1,0.1,0.6,0.1,5,1.6094379124341003,0.5,0.6759065583259114,1,0,0.5294117647058824
18,1,00110.jpg,0,0,1,1,0,0,52,0.1,0.1,0.1,0.6,0.1,5,1.6094379124341003,0.5,0.6270981558503845,1,0,0.5
19,1,10111.jpg,1,0,1,1,1,1,52,0.1,0.1,0.1,0.6,0.1,5,1.6094379124341003,0.5,0.7095812693014145,0,0,0.47368421052631576
20,1,10011.jpg,1,0,0,1,1,0,52,0.1,0.1,0.1,0.6,0.1,5,1.6094379124341003,0.5,0.6549166121468515,1,0,0.45
21,1,01010.jpg,0,1,0,1,0,0,52,0.1,0.1,0.1,0.6,0.1,5,1.6094379124341003,0.5,0.49513134745922105,1,0,0.42857142857142855
22,1,01100.jpg,0,1,1,0,0,0,52,0.1,0.1,0.1,0.6,0.1,5,1.6094379124341003,0.5,0.3018046655833683,1,0,0.4090909090909091
23,1,10100.jpg,1,0,1,0,0,1,52,0.1,0.1,0.1,0.6,0.1,5,1.6094379124341003,0.5,0.36929540897686314,0,0,0.391304347826087
24,1,11011.jpg,1,1,0,1,1,0,52,0.1,0.1,0.1,0.6,0.1,5,1.6094379124341003,0.5,0.5954908081828315,1,0,0.375
25,1,01110.jpg,0,1,1,1,0,0,52,0.1,0.1,0.1,0.6,0.1,5,1.6094379124341003,0.5,0.564304780700318,1,0,0.36
26,1,00011.jpg,0,0,0,1,1,0,52,0.1,0.1,0.1,0.6,0.1,5,1.6094379124341003,0.5,0.39497543205735053,0,1,0.38461538461538464
27,1,11000.jpg,1,1,0,0,0,0,52,0.1,0.1,0.1,0.6,0.1,5,1.6094379124341003,0.5,0.4492334320453746,1,0,0.37037037037037035
28,1,10000.jpg,1,0,0,0,0,0,52,0.1,0.1,0.1,0.6,0.1,5,1.6094379124341003,0.5,0.4610837797913035,1,0,0.35714285714285715
29,1,11010.jpg,1,1,0,1,0,0,52,0.1,0.1,0.1,0.6,0.1,5,1.6094379124341003,0.5,0.575595190056146,1,0,0.3448275862068966
30,1,00000.jpg,0,0,0,0,0,0,52,0.1,0.1,0.1,0.6,0.1,5,1.6094379124341003,0.5,0.2969453182555192,0,1,0.36666666666666664
31,1,11100.jpg,1,1,1,0,0,1,52,0.1,0.1,0.1,0.6,0.1,5,1.6094379124341003,0.5,0.5561040354259501,0,0,0.3548387096774194
32,1,10101.jpg,1,0,1,0,1,1,52,0.1,0.1,0.1,0.6,0.1,5,1.6094379124341003,0.5,0.5777508242662764,1,1,0.375
33,2,01010.jpg,0,1,0,1,0,0,52,0.1,0.1,0.1,0.6,0.1,5,1.6094379124341003,0.5,0.33275196500343074,0,1,0.3939393939393939
34,2,10011.jpg,1,0,0,1,1,0,52,0.1,0.1,0.1,0.6,0.1,5,1.6094379124341003,0.5,0.4795865741595956,0,1,0.4117647058823529
35,2,01011.jpg,0,1,0,1,1,0,52,0.1,0.1,0.1,0.6,0.1,5,1.6094379124341003,0.5,0.3172801010994141,1,0,0.4
36,2,10101.jpg,1,0,1,0,1,1,52,0.1,0.1,0.1,0.6,0.1,5,1.6094379124341003,0.5,0.6785729621051984,1,1,0.4166666666666667
37,2,11100.jpg,1,1,1,0,0,1,52,0.1,0.1,0.1,0.6,0.1,5,1.6094379124341003,0.5,0.6810259987334635,0,0,0.40540540540540543
38,2,10010.jpg,1,0,0,1,0,0,52,0.1,0.1,0.1,0.6,0.1,5,1.6094379124341003,0.5,0.4092707859903592,0,1,0.42105263157894735
39,2,10000.jpg,1,0,0,0,0,0,52,0.1,0.1,0.1,0.6,0.1,5,1.6094379124341003,0.5,0.5496091941888935,1,0,0.41025641025641024
40,2,01100.jpg,0,1,1,0,0,0,52,0.1,0.1,0.1,0.6,0.1,5,1.6094379124341003,0.5,0.5598214851493551,0,1,0.425
41,2,00011.jpg,0,0,0,1,1,0,52,0.1,0.1,0.1,0.6,0.1,5,1.6094379124341003,0.5,0.27766817037105657,0,1,0.43902439024390244
42,2,01000.jpg,0,1,0,0,0,0,52,0.1,0.1,0.1,0.6,0.1,5,1.6094379124341003,0.5,0.39579619517097475,0,1,0.4523809523809524
43,2,10100.jpg,1,0,1,0,0,1,52,0.1,0.1,0.1,0.6,0.1,5,1.6094379124341003,0.5,0.6930797030186058,1,1,0.46511627906976744
44,2,00110.jpg,0,0,1,1,0,0,52,0.1,0.1,0.1,0.6,0.1,5,1.6094379124341003,0.5,0.41662660025214804,1,0,0.45454545454545453
45,2,00000.jpg,0,0,0,0,0,0,52,0.1,0.1,0.1,0.6,0.1,5,1.6094379124341003,0.5,0.4125911366093172,0,1,0.4666666666666667
46,2,10110.jpg,1,0,1,1,0,1,52,0.1,0.1,0.1,0.6,0.1,5,1.6094379124341003,0.5,0.5718956629294034,0,0,0.45652173913043476
47,2,11101.jpg,1,1,1,0,1,1,52,0.1,0.1,0.1,0.6,0.1,5,1.6094379124341003,0.5,0.6967234214168843,1,1,0.46808510638297873
48,2,11011.jpg,1,1,0,1,1,0,52,0.1,0.1,0.1,0.6,0.1,5,1.6094379124341003,0.5,0.3928225047770379,1,0,0.4583333333333333
49,2,01001.jpg,0,1,0,0,1,0,52,0.1,0.1,0.1,0.6,0.1,5,1.6094379124341003,0.5,0.4044449767299542,0,1,0.46938775510204084
50,2,01111.jpg,0,1,1,1,1,0,52,0.1,0.1,0.1,0.6,0.1,5,1.6094379124341003,0.5,0.4058559445903086,0,1,0.48
51,2,10001.jpg,1,0,0,0,1,0,52,0.1,0.1,0.1,0.6,0.1,5,1.6094379124341003,0.5,0.5591242741262027,1,0,0.47058823529411764
52,2,00010.jpg,0,0,0,1,0,0,52,0.1,0.1,0.1,0.6,0.1,5,1.6094379124341003,0.5,0.2969872095046551,1,0,0.46153846153846156
53,2,11000.jpg,1,1,0,0,0,0,52,0.1,0.1,0.1,0.6,0.1,5,1.6094379124341003,0.5,0.5410268515141917,1,0,0.4528301886792453
54,2,00100.jpg,0,0,1,0,0,0,52,0.1,0.1,0.1,0.6,0.1,5,1.6094379124341003,0.5,0.5501246482374073,1,0,0.4444444444444444
55,2,00001.jpg,0,0,0,0,1,0,52,0.1,0.1,0.1,0.6,0.1,5,1.6094379124341003,0.5,0.3914291474355294,1,0,0.43636363636363634
56,2,10111.jpg,1,0,1,1,1,1,52,0.1,0.1,0.1,0.6,0.1,5,1.6094379124341003,0.5,0.5990809738092127,1,1,0.44642857142857145
57,2,11111.jpg,1,1,1,1,1,1,52,0.1,0.1,0.1,0.6,0.1,5,1.6094379124341003,0.5,0.6076545304194798,0,0,0.43859649122807015
58,2,01101.jpg,0,1,1,0,1,0,52,0.1,0.1,0.1,0.6,0.1,5,1.6094379124341003,0.5,0.5139948213206381,0,1,0.4482758620689655
59,2,00111.jpg,0,0,1,1,1,0,52,0.1,0.1,0.1,0.6,0.1,5,1.6094379124341003,0.5,0.490157587757675,1,0,0.4406779661016949
60,2,11010.jpg,1,1,0,1,0,0,52,0.1,0.1,0.1,0.6,0.1,5,1.6094379124341003,0.5,0.45825412420725287,0,1,0.45
61,2,00101.jpg,0,0,1,0,1,0,52,0.1,0.1,0.1,0.6,0.1,5,1.6094379124341003,0.5,0.5095719198959759,0,1,0.45901639344262296
62,2,11001.jpg,1,1,0,0,1,0,52,0.1,0.1,0.1,0.6,0.1,5,1.6094379124341003,0.5,0.5085006837208801,0,1,0.46774193548387094
63,2,01110.jpg,0,1,1,1,0,0,52,0.1,0.1,0.1,0.6,0.1,5,1.6094379124341003,0.5,0.464049986808505,1,0,0.4603174603174603
64,2,11110.jpg,1,1,1,1,0,1,52,0.1,0.1,0.1,0.6,0.1,5,1.6094379124341003,0.5,0.622724306551768,1,1,0.46875
65,3,01101.jpg,0,1,1,0,1,0,52,0.1,0.1,0.1,0.6,0.1,5,1.6094379124341003,0.5,0.47959699039684256,1,0,0.46153846153846156
66,3,01100.jpg,0,1,1,0,0,0,52,0.1,0.1,0.1,0.6,0.1,5,1.6094379124341003,0.5,0.47098776649192975,0,1,0.4696969696969697
67,3,11110.jpg,1,1,1,1,0,1,52,0.1,0.1,0.1,0.6,0.1,5,1.6094379124341003,0.5,0.6627933576361078,1,1,0.47761194029850745
68,3,11000.jpg,1,1,0,0,0,0,52,0.1,0.1,0.1,0.6,0.1,5,1.6094379124341003,0.5,0.4635443605659837,0,1,0.4852941176470588
69,3,10100.jpg,1,0,1,0,0,1,52,0.1,0.1,0.1,0.6,0.1,5,1.6094379124341003,0.5,0.6318247024404164,1,1,0.4927536231884058
70,3,00011.jpg,0,0,0,1,1,0,52,0.1,0.1,0.1,0.6,0.1,5,1.6094379124341003,0.5,0.3350551343548608,0,1,0.5
71,3,10001.jpg,1,0,0,0,1,0,52,0.1,0.1,0.1,0.6,0.1,5,1.6094379124341003,0.5,0.4803628835131081,1,0,0.49295774647887325
72,3,00111.jpg,0,0,1,1,1,0,52,0.1,0.1,0.1,0.6,0.1,5,1.6094379124341003,0.5,0.477243550227159,0,1,0.5
73,3,10011.jpg,1,0,0,1,1,0,52,0.1,0.1,0.1,0.6,0.1,5,1.6094379124341003,0.5,0.47370733672902765,1,0,0.4931506849315068
74,3,11001.jpg,1,1,0,0,1,0,52,0.1,0.1,0.1,0.6,0.1,5,1.6094379124341003,0.5,0.4618243916590595,0,1,0.5
75,3,01110.jpg,0,1,1,1,0,0,52,0.1,0.1,0.1,0.6,0.1,5,1.6094379124341003,0.5,0.513237059578567,1,0,0.49333333333333335
76,3,00100.jpg,0,0,1,0,0,0,52,0.1,0.1,0.1,0.6,0.1,5,1.6094379124341003,0.5,0.5008430607887243,0,1,0.5
77,3,10110.jpg,1,0,1,1,0,1,52,0.1,0.1,0.1,0.6,0.1,5,1.6094379124341003,0.5,0.6618601637977832,1,1,0.5064935064935064
78,3,01011.jpg,0,1,0,1,1,0,52,0.1,0.1,0.1,0.6,0.1,5,1.6094379124341003,0.5,0.3423927882486931,0,1,0.5128205128205128
79,3,00001.jpg,0,0,0,0,1,0,52,0.1,0.1,0.1,0.6,0.1,5,1.6094379124341003,0.5,0.32669476497764643,0,1,0.5189873417721519
80,3,11010.jpg,1,1,0,1,0,0,52,0.1,0.1,0.1,0.6,0.1,5,1.6094379124341003,0.5,0.5232891468560887,0,1,0.525
81,3,10000.jpg,1,0,0,0,0,0,52,0.1,0.1,0.1,0.6,0.1,5,1.6094379124341003,0.5,0.48410246490677106,1,0,0.5185185185185185
82,3,01001.jpg,0,1,0,0,1,0,52,0.1,0.1,0.1,0.6,0.1,5,1.6094379124341003,0.5,0.3110544326550513,0,1,0.524390243902439
83,3,00010.jpg,0,0,0,1,0,0,52,0.1,0.1,0.1,0.6,0.1,5,1.6094379124341003,0.5,0.37112482335194225,0,1,0.5301204819277109
84,3,00000.jpg,0,0,0,0,0,0,52,0.1,0.1,0.1,0.6,0.1,5,1.6094379124341003,0.5,0.3361885502400536,0,1,0.5357142857142857
85,3,10111.jpg,1,0,1,1,1,1,52,0.1,0.1,0.1,0.6,0.1,5,1.6094379124341003,0.5,0.6622654958790071,0,0,0.5294117647058824
86,3,11111.jpg,1,1,1,1,1,1,52,0.1,0.1,0.1,0.6,0.1,5,1.6094379124341003,0.5,0.6758714799224088,1,1,0.5348837209302325
87,3,11100.jpg,1,1,1,0,0,1,52,0.1,0.1,0.1,0.6,0.1,5,1.6094379124341003,0.5,0.6102013827311497,1,1,0.5402298850574713
88,3,01010.jpg,0,1,0,1,0,0,52,0.1,0.1,0.1,0.6,0.1,5,1.6094379124341003,0.5,0.36232479282743635,1,0,0.5340909090909091
89,3,01000.jpg,0,1,0,0,0,0,52,0.1,0.1,0.1,0.6,0.1,5,1.6094379124341003,0.5,0.3211127112560471,0,1,0.5393258426966292
90,3,10010.jpg,1,0,0,1,0,0,52,0.1,0.1,0.1,0.6,0.1,5,1.6094379124341003,0.5,0.5130327652649849,0,1,0.5444444444444444
91,3,01111.jpg,0,1,1,1,1,0,52,0.1,0.1,0.1,0.6,0.1,5,1.6094379124341003,0.5,0.5137172965194972,0,1,0.5494505494505495
92,3,00101.jpg,0,0,1,0,1,0,52,0.1,0.1,0.1,0.6,0.1,5,1.6094379124341003,0.5,0.4525615933776825,0,1,0.5543478260869565
93,3,11011.jpg,1,1,0,1,1,0,52,0.1,0.1,0.1,0.6,0.1,5,1.6094379124341003,0.5,0.5101647450402951,1,0,0.5483870967741935
94,3,00110.jpg,0,0,1,1,0,0,52,0.1,0.1,0.1,0.6,0.1,5,1.6094379124341003,0.5,0.5124269444564644,1,0,0.5425531914893617
95,3,10101.jpg,1,0,1,0,1,1,52,0.1,0.1,0.1,0.6,0.1,5,1.6094379124341003,0.5,0.6241962916535381,1,1,0.5473684210526316
96,3,11101.jpg,1,1,1,0,1,1,52,0.1,0.1,0.1,0.6,0.1,5,1.6094379124341003,0.5,0.6345700427512523,1,1,0.5520833333333334
1,1,11101.jpg,1,1,1,0,1,1,53,0.1,0.1,0.1,0.6,0.1,5,1.6094379124341003,0.5,0.5,1,1,1
2,1,11111.jpg,1,1,1,1,1,1,53,0.1,0.1,0.1,0.6,0.1,5,1.6094379124341003,0.5,0.5,0,0,0.5
3,1,00001.jpg,0,0,0,0,1,0,53,0.1,0.1,0.1,0.6,0.1,5,1.6094379124341003,0.5,0.5,1,0,0.3333333333333333
4,1,00111.jpg,0,0,1,1,1,0,53,0.1,0.1,0.1,0.6,0.1,5,1.6094379124341003,0.5,0.8647645770202438,0,1,0.5
5,1,00101.jpg,0,0,1,0,1,0,53,0.1,0.1,0.1,0.6,0.1,5,1.6094379124341003,0.5,0.370446364825922,0,1,0.6
6,1,00100.jpg,0,0,1,0,0,0,53,0.1,0.1,0.1,0.6,0.1,5,1.6094379124341003,0.5,0.2591205665890113,0,1,0.6666666666666666
7,1,01001.jpg,0,1,0,0,1,0,53,0.1,0.1,0.1,0.6,0.1,5,1.6094379124341003,0.5,0.3884781545118189,0,1,0.7142857142857143
8,1,11110.jpg,1,1,1,1,0,1,53,0.1,0.1,0.1,0.6,0.1,5,1.6094379124341003,0.5,0.8547961728858517,0,0,0.625
9,1,01101.jpg,0,1,1,0,1,0,53,0.1,0.1,0.1,0.6,0.1,5,1.6094379124341003,0.5,0.35552779018453623,1,0,0.5555555555555556
10,1,00010.jpg,0,0,0,1,0,0,53,0.1,0.1,0.1,0.6,0.1,5,1.6094379124341003,0.5,0.6054326155454083,1,0,0.5
11,1,10110.jpg,1,0,1,1,0,1,53,0.1,0.1,0.1,0.6,0.1,5,1.6094379124341003,0.5,0.740148585173694,1,1,0.5454545454545454
12,1,01000.jpg,0,1,0,0,0,0,53,0.1,0.1,0.1,0.6,0.1,5,1.6094379124341003,0.5,0.1894123095122174,0,1,0.5833333333333334
13,1,10001.jpg,1,0,0,0,1,0,53,0.1,0.1,0.1,0.6,0.1,5,1.6094379124341003,0.5,0.28866983378782957,1,0,0.5384615384615384
14,1,01011.jpg,0,1,0,1,1,0,53,0.1,0.1,0.1,0.6,0.1,5,1.6094379124341003,0.5,0.6445752966004363,0,1,0.5714285714285714
15,1,11001.jpg,1,1,0,0,1,0,53,0.1,0.1,0.1,0.6,0.1,5,1.6094379124341003,0.5,0.3791022176019356,0,1,0.6
16,1,10010.jpg,1,0,0,1,0,0,53,0.1,0.1,0.1,0.6,0.1,5,1.6094379124341003,0.5,0.73714595731436,1,0,0.5625
17,1,01111.jpg,0,1,1,1,1,0,53,0.1,0.1,0.1,0.6,0.1,5,1.6094379124341003,0.5,0.6759065583259114,1,0,0.5294117647058824
18,1,00110.jpg,0,0,1,1,0,0,53,0.1,0.1,0.1,0.6,0.1,5,1.6094379124341003,0.5,0.6270981558503845,1,0,0.5
19,1,10111.jpg,1,0,1,1,1,1,53,0.1,0.1,0.1,0.6,0.1,5,1.6094379124341003,0.5,0.7095812693014145,0,0,0.47368421052631576
20,1,10011.jpg,1,0,0,1,1,0,53,0.1,0.1,0.1,0.6,0.1,5,1.6094379124341003,0.5,0.6549166121468515,1,0,0.45
21,1,01010.jpg,0,1,0,1,0,0,53,0.1,0.1,0.1,0.6,0.1,5,1.6094379124341003,0.5,0.49513134745922105,1,0,0.42857142857142855
22,1,01100.jpg,0,1,1,0,0,0,53,0.1,0.1,0.1,0.6,0.1,5,1.6094379124341003,0.5,0.3018046655833683,1,0,0.4090909090909091
23,1,10100.jpg,1,0,1,0,0,1,53,0.1,0.1,0.1,0.6,0.1,5,1.6094379124341003,0.5,0.36929540897686314,0,0,0.391304347826087
24,1,11011.jpg,1,1,0,1,1,0,53,0.1,0.1,0.1,0.6,0.1,5,1.6094379124341003,0.5,0.5954908081828315,1,0,0.375
25,1,01110.jpg,0,1,1,1,0,0,53,0.1,0.1,0.1,0.6,0.1,5,1.6094379124341003,0.5,0.564304780700318,1,0,0.36
26,1,00011.jpg,0,0,0,1,1,0,53,0.1,0.1,0.1,0.6,0.1,5,1.6094379124341003,0.5,0.39497543205735053,0,1,0.38461538461538464
27,1,11000.jpg,1,1,0,0,0,0,53,0.1,0.1,0.1,0.6,0.1,5,1.6094379124341003,0.5,0.4492334320453746,1,0,0.37037037037037035
28,1,10000.jpg,1,0,0,0,0,0,53,0.1,0.1,0.1,0.6,0.1,5,1.6094379124341003,0.5,0.4610837797913035,1,0,0.35714285714285715
29,1,11010.jpg,1,1,0,1,0,0,53,0.1,0.1,0.1,0.6,0.1,5,1.6094379124341003,0.5,0.575595190056146,1,0,0.3448275862068966
30,1,00000.jpg,0,0,0,0,0,0,53,0.1,0.1,0.1,0.6,0.1,5,1.6094379124341003,0.5,0.2969453182555192,0,1,0.36666666666666664
31,1,11100.jpg,1,1,1,0,0,1,53,0.1,0.1,0.1,0.6,0.1,5,1.6094379124341003,0.5,0.5561040354259501,0,0,0.3548387096774194
32,1,10101.jpg,1,0,1,0,1,1,53,0.1,0.1,0.1,0.6,0.1,5,1.6094379124341003,0.5,0.5777508242662764,1,1,0.375
33,2,01010.jpg,0,1,0,1,0,0,53,0.1,0.1,0.1,0.6,0.1,5,1.6094379124341003,0.5,0.33275196500343074,0,1,0.3939393939393939
34,2,10011.jpg,1,0,0,1,1,0,53,0.1,0.1,0.1,0.6,0.1,5,1.6094379124341003,0.5,0.4795865741595956,0,1,0.4117647058823529
35,2,01011.jpg,0,1,0,1,1,0,53,0.1,0.1,0.1,0.6,0.1,5,1.6094379124341003,0.5,0.3172801010994141,1,0,0.4
36,2,10101.jpg,1,0,1,0,1,1,53,0.1,0.1,0.1,0.6,0.1,5,1.6094379124341003,0.5,0.6785729621051984,1,1,0.4166666666666667
37,2,11100.jpg,1,1,1,0,0,1,53,0.1,0.1,0.1,0.6,0.1,5,1.6094379124341003,0.5,0.6810259987334635,0,0,0.40540540540540543
38,2,10010.jpg,1,0,0,1,0,0,53,0.1,0.1,0.1,0.6,0.1,5,1.6094379124341003,0.5,0.4092707859903592,0,1,0.42105263157894735
39,2,10000.jpg,1,0,0,0,0,0,53,0.1,0.1,0.1,0.6,0.1,5,1.6094379124341003,0.5,0.5496091941888935,1,0,0.41025641025641024
40,2,01100.jpg,0,1,1,0,0,0,53,0.1,0.1,0.1,0.6,0.1,5,1.6094379124341003,0.5,0.5598214851493551,0,1,0.425
41,2,00011.jpg,0,0,0,1,1,0,53,0.1,0.1,0.1,0.6,0.1,5,1.6094379124341003,0.5,0.27766817037105657,0,1,0.43902439024390244
42,2,01000.jpg,0,1,0,0,0,0,53,0.1,0.1,0.1,0.6,0.1,5,1.6094379124341003,0.5,0.39579619517097475,0,1,0.4523809523809524
43,2,10100.jpg,1,0,1,0,0,1,53,0.1,0.1,0.1,0.6,0.1,5,1.6094379124341003,0.5,0.6930797030186058,1,1,0.46511627906976744
44,2,00110.jpg,0,0,1,1,0,0,53,0.1,0.1,0.1,0.6,0.1,5,1.6094379124341003,0.5,0.41662660025214804,1,0,0.45454545454545453
45,2,00000.jpg,0,0,0,0,0,0,53,0.1,0.1,0.1,0.6,0.1,5,1.6094379124341003,0.5,0.4125911366093172,0,1,0.4666666666666667
46,2,10110.jpg,1,0,1,1,0,1,53,0.1,0.1,0.1,0.6,0.1,5,1.6094379124341003,0.5,0.5718956629294034,0,0,0.45652173913043476
47,2,11101.jpg,1,1,1,0,1,1,53,0.1,0.1,0.1,0.6,0.1,5,1.6094379124341003,0.5,0.6967234214168843,1,1,0.46808510638297873
48,2,11011.jpg,1,1,0,1,1,0,53,0.1,0.1,0.1,0.6,0.1,5,1.6094379124341003,0.5,0.3928225047770379,1,0,0.4583333333333333
49,2,01001.jpg,0,1,0,0,1,0,53,0.1,0.1,0.1,0.6,0.1,5,1.6094379124341003,0.5,0.4044449767299542,0,1,0.46938775510204084
50,2,01111.jpg,0,1,1,1,1,0,53,0.1,0.1,0.1,0.6,0.1,5,1.6094379124341003,0.5,0.4058559445903086,0,1,0.48
51,2,10001.jpg,1,0,0,0,1,0,53,0.1,0.1,0.1,0.6,0.1,5,1.6094379124341003,0.5,0.5591242741262027,1,0,0.47058823529411764
52,2,00010.jpg,0,0,0,1,0,0,53,0.1,0.1,0.1,0.6,0.1,5,1.6094379124341003,0.5,0.2969872095046551,1,0,0.46153846153846156
53,2,11000.jpg,1,1,0,0,0,0,53,0.1,0.1,0.1,0.6,0.1,5,1.6094379124341003,0.5,0.5410268515141917,1,0,0.4528301886792453
54,2,00100.jpg,0,0,1,0,0,0,53,0.1,0.1,0.1,0.6,0.1,5,1.6094379124341003,0.5,0.5501246482374073,1,0,0.4444444444444444
55,2,00001.jpg,0,0,0,0,1,0,53,0.1,0.1,0.1,0.6,0.1,5,1.6094379124341003,0.5,0.3914291474355294,1,0,0.43636363636363634
56,2,10111.jpg,1,0,1,1,1,1,53,0.1,0.1,0.1,0.6,0.1,5,1.6094379124341003,0.5,0.5990809738092127,1,1,0.44642857142857145
57,2,11111.jpg,1,1,1,1,1,1,53,0.1,0.1,0.1,0.6,0.1,5,1.6094379124341003,0.5,0.6076545304194798,0,0,0.43859649122807015
58,2,01101.jpg,0,1,1,0,1,0,53,0.1,0.1,0.1,0.6,0.1,5,1.6094379124341003,0.5,0.5139948213206381,0,1,0.4482758620689655
59,2,00111.jpg,0,0,1,1,1,0,53,0.1,0.1,0.1,0.6,0.1,5,1.6094379124341003,0.5,0.490157587757675,1,0,0.4406779661016949
60,2,11010.jpg,1,1,0,1,0,0,53,0.1,0.1,0.1,0.6,0.1,5,1.6094379124341003,0.5,0.45825412420725287,0,1,0.45
61,2,00101.jpg,0,0,1,0,1,0,53,0.1,0.1,0.1,0.6,0.1,5,1.6094379124341003,0.5,0.5095719198959759,0,1,0.45901639344262296
62,2,11001.jpg,1,1,0,0,1,0,53,0.1,0.1,0.1,0.6,0.1,5,1.6094379124341003,0.5,0.5085006837208801,0,1,0.46774193548387094
63,2,01110.jpg,0,1,1,1,0,0,53,0.1,0.1,0.1,0.6,0.1,5,1.6094379124341003,0.5,0.464049986808505,1,0,0.4603174603174603
64,2,11110.jpg,1,1,1,1,0,1,53,0.1,0.1,0.1,0.6,0.1,5,1.6094379124341003,0.5,0.622724306551768,1,1,0.46875
65,3,01101.jpg,0,1,1,0,1,0,53,0.1,0.1,0.1,0.6,0.1,5,1.6094379124341003,0.5,0.47959699039684256,1,0,0.46153846153846156
66,3,01100.jpg,0,1,1,0,0,0,53,0.1,0.1,0.1,0.6,0.1,5,1.6094379124341003,0.5,0.47098776649192975,0,1,0.4696969696969697
67,3,11110.jpg,1,1,1,1,0,1,53,0.1,0.1,0.1,0.6,0.1,5,1.6094379124341003,0.5,0.6627933576361078,1,1,0.47761194029850745
68,3,11000.jpg,1,1,0,0,0,0,53,0.1,0.1,0.1,0.6,0.1,5,1.6094379124341003,0.5,0.4635443605659837,0,1,0.4852941176470588
69,3,10100.jpg,1,0,1,0,0,1,53,0.1,0.1,0.1,0.6,0.1,5,1.6094379124341003,0.5,0.6318247024404164,1,1,0.4927536231884058
70,3,00011.jpg,0,0,0,1,1,0,53,0.1,0.1,0.1,0.6,0.1,5,1.6094379124341003,0.5,0.3350551343548608,0,1,0.5
71,3,10001.jpg,1,0,0,0,1,0,53,0.1,0.1,0.1,0.6,0.1,5,1.6094379124341003,0.5,0.4803628835131081,1,0,0.49295774647887325
72,3,00111.jpg,0,0,1,1,1,0,53,0.1,0.1,0.1,0.6,0.1,5,1.6094379124341003,0.5,0.477243550227159,0,1,0.5
73,3,10011.jpg,1,0,0,1,1,0,53,0.1,0.1,0.1,0.6,0.1,5,1.6094379124341003,0.5,0.47370733672902765,1,0,0.4931506849315068
74,3,11001.jpg,1,1,0,0,1,0,53,0.1,0.1,0.1,0.6,0.1,5,1.6094379124341003,0.5,0.4618243916590595,0,1,0.5
75,3,01110.jpg,0,1,1,1,0,0,53,0.1,0.1,0.1,0.6,0.1,5,1.6094379124341003,0.5,0.513237059578567,1,0,0.49333333333333335
76,3,00100.jpg,0,0,1,0,0,0,53,0.1,0.1,0.1,0.6,0.1,5,1.6094379124341003,0.5,0.5008430607887243,0,1,0.5
77,3,10110.jpg,1,0,1,1,0,1,53,0.1,0.1,0.1,0.6,0.1,5,1.6094379124341003,0.5,0.6618601637977832,1,1,0.5064935064935064
78,3,01011.jpg,0,1,0,1,1,0,53,0.1,0.1,0.1,0.6,0.1,5,1.6094379124341003,0.5,0.3423927882486931,0,1,0.5128205128205128
79,3,00001.jpg,0,0,0,0,1,0,53,0.1,0.1,0.1,0.6,0.1,5,1.6094379124341003,0.5,0.32669476497764643,0,1,0.5189873417721519
80,3,11010.jpg,1,1,0,1,0,0,53,0.1,0.1,0.1,0.6,0.1,5,1.6094379124341003,0.5,0.5232891468560887,0,1,0.525
81,3,10000.jpg,1,0,0,0,0,0,53,0.1,0.1,0.1,0.6,0.1,5,1.6094379124341003,0.5,0.48410246490677106,1,0,0.5185185185185185
82,3,01001.jpg,0,1,0,0,1,0,53,0.1,0.1,0.1,0.6,0.1,5,1.6094379124341003,0.5,0.3110544326550513,0,1,0.524390243902439
83,3,00010.jpg,0,0,0,1,0,0,53,0.1,0.1,0.1,0.6,0.1,5,1.6094379124341003,0.5,0.37112482335194225,0,1,0.5301204819277109
84,3,00000.jpg,0,0,0,0,0,0,53,0.1,0.1,0.1,0.6,0.1,5,1.6094379124341003,0.5,0.3361885502400536,0,1,0.5357142857142857
85,3,10111.jpg,1,0,1,1,1,1,53,0.1,0.1,0.1,0.6,0.1,5,1.6094379124341003,0.5,0.6622654958790071,0,0,0.5294117647058824
86,3,11111.jpg,1,1,1,1,1,1,53,0.1,0.1,0.1,0.6,0.1,5,1.6094379124341003,0.5,0.6758714799224088,1,1,0.5348837209302325
87,3,11100.jpg,1,1,1,0,0,1,53,0.1,0.1,0.1,0.6,0.1,5,1.6094379124341003,0.5,0.6102013827311497,1,1,0.5402298850574713
88,3,01010.jpg,0,1,0,1,0,0,53,0.1,0.1,0.1,0.6,0.1,5,1.6094379124341003,0.5,0.36232479282743635,1,0,0.5340909090909091
89,3,01000.jpg,0,1,0,0,0,0,53,0.1,0.1,0.1,0.6,0.1,5,1.6094379124341003,0.5,0.3211127112560471,0,1,0.5393258426966292
90,3,10010.jpg,1,0,0,1,0,0,53,0.1,0.1,0.1,0.6,0.1,5,1.6094379124341003,0.5,0.5130327652649849,0,1,0.5444444444444444
91,3,01111.jpg,0,1,1,1,1,0,53,0.1,0.1,0.1,0.6,0.1,5,1.6094379124341003,0.5,0.5137172965194972,0,1,0.5494505494505495
92,3,00101.jpg,0,0,1,0,1,0,53,0.1,0.1,0.1,0.6,0.1,5,1.6094379124341003,0.5,0.4525615933776825,0,1,0.5543478260869565
93,3,11011.jpg,1,1,0,1,1,0,53,0.1,0.1,0.1,0.6,0.1,5,1.6094379124341003,0.5,0.5101647450402951,1,0,0.5483870967741935
94,3,00110.jpg,0,0,1,1,0,0,53,0.1,0.1,0.1,0.6,0.1,5,1.6094379124341003,0.5,0.5124269444564644,1,0,0.5425531914893617
95,3,10101.jpg,1,0,1,0,1,1,53,0.1,0.1,0.1,0.6,0.1,5,1.6094379124341003,0.5,0.6241962916535381,1,1,0.5473684210526316
96,3,11101.jpg,1,1,1,0,1,1,53,0.1,0.1,0.1,0.6,0.1,5,1.6094379124341003,0.5,0.6345700427512523,1,1,0.5520833333333334
1,1,11101.jpg,1,1,1,0,1,1,54,0.1,0.1,0.1,0.6,0.1,5,1.6094379124341003,0.5,0.5,1,1,1
2,1,11111.jpg,1,1,1,1,1,1,54,0.1,0.1,0.1,0.6,0.1,5,1.6094379124341003,0.5,0.5,0,0,0.5
3,1,00001.jpg,0,0,0,0,1,0,54,0.1,0.1,0.1,0.6,0.1,5,1.6094379124341003,0.5,0.5,1,0,0.3333333333333333
4,1,00111.jpg,0,0,1,1,1,0,54,0.1,0.1,0.1,0.6,0.1,5,1.6094379124341003,0.5,0.8647645770202438,0,1,0.5
5,1,00101.jpg,0,0,1,0,1,0,54,0.1,0.1,0.1,0.6,0.1,5,1.6094379124341003,0.5,0.370446364825922,0,1,0.6
6,1,00100.jpg,0,0,1,0,0,0,54,0.1,0.1,0.1,0.6,0.1,5,1.6094379124341003,0.5,0.2591205665890113,0,1,0.6666666666666666
7,1,01001.jpg,0,1,0,0,1,0,54,0.1,0.1,0.1,0.6,0.1,5,1.6094379124341003,0.5,0.3884781545118189,0,1,0.7142857142857143
8,1,11110.jpg,1,1,1,1,0,1,54,0.1,0.1,0.1,0.6,0.1,5,1.6094379124341003,0.5,0.8547961728858517,0,0,0.625
9,1,01101.jpg,0,1,1,0,1,0,54,0.1,0.1,0.1,0.6,0.1,5,1.6094379124341003,0.5,0.35552779018453623,1,0,0.5555555555555556
10,1,00010.jpg,0,0,0,1,0,0,54,0.1,0.1,0.1,0.6,0.1,5,1.6094379124341003,0.5,0.6054326155454083,1,0,0.5
11,1,10110.jpg,1,0,1,1,0,1,54,0.1,0.1,0.1,0.6,0.1,5,1.6094379124341003,0.5,0.740148585173694,1,1,0.5454545454545454
12,1,01000.jpg,0,1,0,0,0,0,54,0.1,0.1,0.1,0.6,0.1,5,1.6094379124341003,0.5,0.1894123095122174,0,1,0.5833333333333334
13,1,10001.jpg,1,0,0,0,1,0,54,0.1,0.1,0.1,0.6,0.1,5,1.6094379124341003,0.5,0.28866983378782957,1,0,0.5384615384615384
14,1,01011.jpg,0,1,0,1,1,0,54,0.1,0.1,0.1,0.6,0.1,5,1.6094379124341003,0.5,0.6445752966004363,0,1,0.5714285714285714
15,1,11001.jpg,1,1,0,0,1,0,54,0.1,0.1,0.1,0.6,0.1,5,1.6094379124341003,0.5,0.3791022176019356,0,1,0.6
16,1,10010.jpg,1,0,0,1,0,0,54,0.1,0.1,0.1,0.6,0.1,5,1.6094379124341003,0.5,0.73714595731436,1,0,0.5625
17,1,01111.jpg,0,1,1,1,1,0,54,0.1,0.1,0.1,0.6,0.1,5,1.6094379124341003,0.5,0.6759065583259114,1,0,0.5294117647058824
18,1,00110.jpg,0,0,1,1,0,0,54,0.1,0.1,0.1,0.6,0.1,5,1.6094379124341003,0.5,0.6270981558503845,1,0,0.5
19,1,10111.jpg,1,0,1,1,1,1,54,0.1,0.1,0.1,0.6,0.1,5,1.6094379124341003,0.5,0.7095812693014145,0,0,0.47368421052631576
20,1,10011.jpg,1,0,0,1,1,0,54,0.1,0.1,0.1,0.6,0.1,5,1.6094379124341003,0.5,0.6549166121468515,1,0,0.45
21,1,01010.jpg,0,1,0,1,0,0,54,0.1,0.1,0.1,0.6,0.1,5,1.6094379124341003,0.5,0.49513134745922105,1,0,0.42857142857142855
22,1,01100.jpg,0,1,1,0,0,0,54,0.1,0.1,0.1,0.6,0.1,5,1.6094379124341003,0.5,0.3018046655833683,1,0,0.4090909090909091
23,1,10100.jpg,1,0,1,0,0,1,54,0.1,0.1,0.1,0.6,0.1,5,1.6094379124341003,0.5,0.36929540897686314,0,0,0.391304347826087
24,1,11011.jpg,1,1,0,1,1,0,54,0.1,0.1,0.1,0.6,0.1,5,1.6094379124341003,0.5,0.5954908081828315,1,0,0.375
25,1,01110.jpg,0,1,1,1,0,0,54,0.1,0.1,0.1,0.6,0.1,5,1.6094379124341003,0.5,0.564304780700318,1,0,0.36
26,1,00011.jpg,0,0,0,1,1,0,54,0.1,0.1,0.1,0.6,0.1,5,1.6094379124341003,0.5,0.39497543205735053,0,1,0.38461538461538464
27,1,11000.jpg,1,1,0,0,0,0,54,0.1,0.1,0.1,0.6,0.1,5,1.6094379124341003,0.5,0.4492334320453746,1,0,0.37037037037037035
28,1,10000.jpg,1,0,0,0,0,0,54,0.1,0.1,0.1,0.6,0.1,5,1.6094379124341003,0.5,0.4610837797913035,1,0,0.35714285714285715
29,1,11010.jpg,1,1,0,1,0,0,54,0.1,0.1,0.1,0.6,0.1,5,1.6094379124341003,0.5,0.575595190056146,1,0,0.3448275862068966
30,1,00000.jpg,0,0,0,0,0,0,54,0.1,0.1,0.1,0.6,0.1,5,1.6094379124341003,0.5,0.2969453182555192,0,1,0.36666666666666664
31,1,11100.jpg,1,1,1,0,0,1,54,0.1,0.1,0.1,0.6,0.1,5,1.6094379124341003,0.5,0.5561040354259501,0,0,0.3548387096774194
32,1,10101.jpg,1,0,1,0,1,1,54,0.1,0.1,0.1,0.6,0.1,5,1.6094379124341003,0.5,0.5777508242662764,1,1,0.375
33,2,01010.jpg,0,1,0,1,0,0,54,0.1,0.1,0.1,0.6,0.1,5,1.6094379124341003,0.5,0.33275196500343074,0,1,0.3939393939393939
34,2,10011.jpg,1,0,0,1,1,0,54,0.1,0.1,0.1,0.6,0.1,5,1.6094379124341003,0.5,0.4795865741595956,0,1,0.4117647058823529
35,2,01011.jpg,0,1,0,1,1,0,54,0.1,0.1,0.1,0.6,0.1,5,1.6094379124341003,0.5,0.3172801010994141,1,0,0.4
36,2,10101.jpg,1,0,1,0,1,1,54,0.1,0.1,0.1,0.6,0.1,5,1.6094379124341003,0.5,0.6785729621051984,1,1,0.4166666666666667
37,2,11100.jpg,1,1,1,0,0,1,54,0.1,0.1,0.1,0.6,0.1,5,1.6094379124341003,0.5,0.6810259987334635,0,0,0.40540540540540543
38,2,10010.jpg,1,0,0,1,0,0,54,0.1,0.1,0.1,0.6,0.1,5,1.6094379124341003,0.5,0.4092707859903592,0,1,0.42105263157894735
39,2,10000.jpg,1,0,0,0,0,0,54,0.1,0.1,0.1,0.6,0.1,5,1.6094379124341003,0.5,0.5496091941888935,1,0,0.41025641025641024
40,2,01100.jpg,0,1,1,0,0,0,54,0.1,0.1,0.1,0.6,0.1,5,1.6094379124341003,0.5,0.5598214851493551,0,1,0.425
41,2,00011.jpg,0,0,0,1,1,0,54,0.1,0.1,0.1,0.6,0.1,5,1.6094379124341003,0.5,0.27766817037105657,0,1,0.43902439024390244
42,2,01000.jpg,0,1,0,0,0,0,54,0.1,0.1,0.1,0.6,0.1,5,1.6094379124341003,0.5,0.39579619517097475,0,1,0.4523809523809524
43,2,10100.jpg,1,0,1,0,0,1,54,0.1,0.1,0.1,0.6,0.1,5,1.6094379124341003,0.5,0.6930797030186058,1,1,0.46511627906976744
44,2,00110.jpg,0,0,1,1,0,0,54,0.1,0.1,0.1,0.6,0.1,5,1.6094379124341003,0.5,0.41662660025214804,1,0,0.45454545454545453
45,2,00000.jpg,0,0,0,0,0,0,54,0.1,0.1,0.1,0.6,0.1,5,1.6094379124341003,0.5,0.4125911366093172,0,1,0.4666666666666667
46,2,10110.jpg,1,0,1,1,0,1,54,0.1,0.1,0.1,0.6,0.1,5,1.6094379124341003,0.5,0.5718956629294034,0,0,0.45652173913043476
47,2,11101.jpg,1,1,1,0,1,1,54,0.1,0.1,0.1,0.6,0.1,5,1.6094379124341003,0.5,0.6967234214168843,1,1,0.46808510638297873
48,2,11011.jpg,1,1,0,1,1,0,54,0.1,0.1,0.1,0.6,0.1,5,1.6094379124341003,0.5,0.3928225047770379,1,0,0.4583333333333333
49,2,01001.jpg,0,1,0,0,1,0,54,0.1,0.1,0.1,0.6,0.1,5,1.6094379124341003,0.5,0.4044449767299542,0,1,0.46938775510204084
50,2,01111.jpg,0,1,1,1,1,0,54,0.1,0.1,0.1,0.6,0.1,5,1.6094379124341003,0.5,0.4058559445903086,0,1,0.48
51,2,10001.jpg,1,0,0,0,1,0,54,0.1,0.1,0.1,0.6,0.1,5,1.6094379124341003,0.5,0.5591242741262027,1,0,0.47058823529411764
52,2,00010.jpg,0,0,0,1,0,0,54,0.1,0.1,0.1,0.6,0.1,5,1.6094379124341003,0.5,0.2969872095046551,1,0,0.46153846153846156
53,2,11000.jpg,1,1,0,0,0,0,54,0.1,0.1,0.1,0.6,0.1,5,1.6094379124341003,0.5,0.5410268515141917,1,0,0.4528301886792453
54,2,00100.jpg,0,0,1,0,0,0,54,0.1,0.1,0.1,0.6,0.1,5,1.6094379124341003,0.5,0.5501246482374073,1,0,0.4444444444444444
55,2,00001.jpg,0,0,0,0,1,0,54,0.1,0.1,0.1,0.6,0.1,5,1.6094379124341003,0.5,0.3914291474355294,1,0,0.43636363636363634
56,2,10111.jpg,1,0,1,1,1,1,54,0.1,0.1,0.1,0.6,0.1,5,1.6094379124341003,0.5,0.5990809738092127,1,1,0.44642857142857145
57,2,11111.jpg,1,1,1,1,1,1,54,0.1,0.1,0.1,0.6,0.1,5,1.6094379124341003,0.5,0.6076545304194798,0,0,0.43859649122807015
58,2,01101.jpg,0,1,1,0,1,0,54,0.1,0.1,0.1,0.6,0.1,5,1.6094379124341003,0.5,0.5139948213206381,0,1,0.4482758620689655
59,2,00111.jpg,0,0,1,1,1,0,54,0.1,0.1,0.1,0.6,0.1,5,1.6094379124341003,0.5,0.490157587757675,1,0,0.4406779661016949
60,2,11010.jpg,1,1,0,1,0,0,54,0.1,0.1,0.1,0.6,0.1,5,1.6094379124341003,0.5,0.45825412420725287,0,1,0.45
61,2,00101.jpg,0,0,1,0,1,0,54,0.1,0.1,0.1,0.6,0.1,5,1.6094379124341003,0.5,0.5095719198959759,0,1,0.45901639344262296
62,2,11001.jpg,1,1,0,0,1,0,54,0.1,0.1,0.1,0.6,0.1,5,1.6094379124341003,0.5,0.5085006837208801,0,1,0.46774193548387094
63,2,01110.jpg,0,1,1,1,0,0,54,0.1,0.1,0.1,0.6,0.1,5,1.6094379124341003,0.5,0.464049986808505,1,0,0.4603174603174603
64,2,11110.jpg,1,1,1,1,0,1,54,0.1,0.1,0.1,0.6,0.1,5,1.6094379124341003,0.5,0.622724306551768,1,1,0.46875
65,3,01101.jpg,0,1,1,0,1,0,54,0.1,0.1,0.1,0.6,0.1,5,1.6094379124341003,0.5,0.47959699039684256,1,0,0.46153846153846156
66,3,01100.jpg,0,1,1,0,0,0,54,0.1,0.1,0.1,0.6,0.1,5,1.6094379124341003,0.5,0.47098776649192975,0,1,0.4696969696969697
67,3,11110.jpg,1,1,1,1,0,1,54,0.1,0.1,0.1,0.6,0.1,5,1.6094379124341003,0.5,0.6627933576361078,1,1,0.47761194029850745
68,3,11000.jpg,1,1,0,0,0,0,54,0.1,0.1,0.1,0.6,0.1,5,1.6094379124341003,0.5,0.4635443605659837,0,1,0.4852941176470588
69,3,10100.jpg,1,0,1,0,0,1,54,0.1,0.1,0.1,0.6,0.1,5,1.6094379124341003,0.5,0.6318247024404164,1,1,0.4927536231884058
70,3,00011.jpg,0,0,0,1,1,0,54,0.1,0.1,0.1,0.6,0.1,5,1.6094379124341003,0.5,0.3350551343548608,0,1,0.5
71,3,10001.jpg,1,0,0,0,1,0,54,0.1,0.1,0.1,0.6,0.1,5,1.6094379124341003,0.5,0.4803628835131081,1,0,0.49295774647887325
72,3,00111.jpg,0,0,1,1,1,0,54,0.1,0.1,0.1,0.6,0.1,5,1.6094379124341003,0.5,0.477243550227159,0,1,0.5
73,3,10011.jpg,1,0,0,1,1,0,54,0.1,0.1,0.1,0.6,0.1,5,1.6094379124341003,0.5,0.47370733672902765,1,0,0.4931506849315068
74,3,11001.jpg,1,1,0,0,1,0,54,0.1,0.1,0.1,0.6,0.1,5,1.6094379124341003,0.5,0.4618243916590595,0,1,0.5
75,3,01110.jpg,0,1,1,1,0,0,54,0.1,0.1,0.1,0.6,0.1,5,1.6094379124341003,0.5,0.513237059578567,1,0,0.49333333333333335
76,3,00100.jpg,0,0,1,0,0,0,54,0.1,0.1,0.1,0.6,0.1,5,1.6094379124341003,0.5,0.5008430607887243,0,1,0.5
77,3,10110.jpg,1,0,1,1,0,1,54,0.1,0.1,0.1,0.6,0.1,5,1.6094379124341003,0.5,0.6618601637977832,1,1,0.5064935064935064
78,3,01011.jpg,0,1,0,1,1,0,54,0.1,0.1,0.1,0.6,0.1,5,1.6094379124341003,0.5,0.3423927882486931,0,1,0.5128205128205128
79,3,00001.jpg,0,0,0,0,1,0,54,0.1,0.1,0.1,0.6,0.1,5,1.6094379124341003,0.5,0.32669476497764643,0,1,0.5189873417721519
80,3,11010.jpg,1,1,0,1,0,0,54,0.1,0.1,0.1,0.6,0.1,5,1.6094379124341003,0.5,0.5232891468560887,0,1,0.525
81,3,10000.jpg,1,0,0,0,0,0,54,0.1,0.1,0.1,0.6,0.1,5,1.6094379124341003,0.5,0.48410246490677106,1,0,0.5185185185185185
82,3,01001.jpg,0,1,0,0,1,0,54,0.1,0.1,0.1,0.6,0.1,5,1.6094379124341003,0.5,0.3110544326550513,0,1,0.524390243902439
83,3,00010.jpg,0,0,0,1,0,0,54,0.1,0.1,0.1,0.6,0.1,5,1.6094379124341003,0.5,0.37112482335194225,0,1,0.5301204819277109
84,3,00000.jpg,0,0,0,0,0,0,54,0.1,0.1,0.1,0.6,0.1,5,1.6094379124341003,0.5,0.3361885502400536,0,1,0.5357142857142857
85,3,10111.jpg,1,0,1,1,1,1,54,0.1,0.1,0.1,0.6,0.1,5,1.6094379124341003,0.5,0.6622654958790071,0,0,0.5294117647058824
86,3,11111.jpg,1,1,1,1,1,1,54,0.1,0.1,0.1,0.6,0.1,5,1.6094379124341003,0.5,0.6758714799224088,1,1,0.5348837209302325
87,3,11100.jpg,1,1,1,0,0,1,54,0.1,0.1,0.1,0.6,0.1,5,1.6094379124341003,0.5,0.6102013827311497,1,1,0.5402298850574713
88,3,01010.jpg,0,1,0,1,0,0,54,0.1,0.1,0.1,0.6,0.1,5,1.6094379124341003,0.5,0.36232479282743635,1,0,0.5340909090909091
89,3,01000.jpg,0,1,0,0,0,0,54,0.1,0.1,0.1,0.6,0.1,5,1.6094379124341003,0.5,0.3211127112560471,0,1,0.5393258426966292
90,3,10010.jpg,1,0,0,1,0,0,54,0.1,0.1,0.1,0.6,0.1,5,1.6094379124341003,0.5,0.5130327652649849,0,1,0.5444444444444444
91,3,01111.jpg,0,1,1,1,1,0,54,0.1,0.1,0.1,0.6,0.1,5,1.6094379124341003,0.5,0.5137172965194972,0,1,0.5494505494505495
92,3,00101.jpg,0,0,1,0,1,0,54,0.1,0.1,0.1,0.6,0.1,5,1.6094379124341003,0.5,0.4525615933776825,0,1,0.5543478260869565
93,3,11011.jpg,1,1,0,1,1,0,54,0.1,0.1,0.1,0.6,0.1,5,1.6094379124341003,0.5,0.5101647450402951,1,0,0.5483870967741935
94,3,00110.jpg,0,0,1,1,0,0,54,0.1,0.1,0.1,0.6,0.1,5,1.6094379124341003,0.5,0.5124269444564644,1,0,0.5425531914893617
95,3,10101.jpg,1,0,1,0,1,1,54,0.1,0.1,0.1,0.6,0.1,5,1.6094379124341003,0.5,0.6241962916535381,1,1,0.5473684210526316
96,3,11101.jpg,1,1,1,0,1,1,54,0.1,0.1,0.1,0.6,0.1,5,1.6094379124341003,0.5,0.6345700427512523,1,1,0.5520833333333334
1,1,11101.jpg,1,1,1,0,1,1,55,0.1,0.1,0.1,0.6,0.1,5,1.6094379124341003,0.5,0.5,1,1,1
2,1,11111.jpg,1,1,1,1,1,1,55,0.1,0.1,0.1,0.6,0.1,5,1.6094379124341003,0.5,0.5,0,0,0.5
3,1,00001.jpg,0,0,0,0,1,0,55,0.1,0.1,0.1,0.6,0.1,5,1.6094379124341003,0.5,0.5,1,0,0.3333333333333333
4,1,00111.jpg,0,0,1,1,1,0,55,0.1,0.1,0.1,0.6,0.1,5,1.6094379124341003,0.5,0.8647645770202438,0,1,0.5
5,1,00101.jpg,0,0,1,0,1,0,55,0.1,0.1,0.1,0.6,0.1,5,1.6094379124341003,0.5,0.370446364825922,0,1,0.6
6,1,00100.jpg,0,0,1,0,0,0,55,0.1,0.1,0.1,0.6,0.1,5,1.6094379124341003,0.5,0.2591205665890113,0,1,0.6666666666666666
7,1,01001.jpg,0,1,0,0,1,0,55,0.1,0.1,0.1,0.6,0.1,5,1.6094379124341003,0.5,0.3884781545118189,0,1,0.7142857142857143
8,1,11110.jpg,1,1,1,1,0,1,55,0.1,0.1,0.1,0.6,0.1,5,1.6094379124341003,0.5,0.8547961728858517,0,0,0.625
9,1,01101.jpg,0,1,1,0,1,0,55,0.1,0.1,0.1,0.6,0.1,5,1.6094379124341003,0.5,0.35552779018453623,1,0,0.5555555555555556
10,1,00010.jpg,0,0,0,1,0,0,55,0.1,0.1,0.1,0.6,0.1,5,1.6094379124341003,0.5,0.6054326155454083,1,0,0.5
11,1,10110.jpg,1,0,1,1,0,1,55,0.1,0.1,0.1,0.6,0.1,5,1.6094379124341003,0.5,0.740148585173694,1,1,0.5454545454545454
12,1,01000.jpg,0,1,0,0,0,0,55,0.1,0.1,0.1,0.6,0.1,5,1.6094379124341003,0.5,0.1894123095122174,0,1,0.5833333333333334
13,1,10001.jpg,1,0,0,0,1,0,55,0.1,0.1,0.1,0.6,0.1,5,1.6094379124341003,0.5,0.28866983378782957,1,0,0.5384615384615384
14,1,01011.jpg,0,1,0,1,1,0,55,0.1,0.1,0.1,0.6,0.1,5,1.6094379124341003,0.5,0.6445752966004363,0,1,0.5714285714285714
15,1,11001.jpg,1,1,0,0,1,0,55,0.1,0.1,0.1,0.6,0.1,5,1.6094379124341003,0.5,0.3791022176019356,0,1,0.6
16,1,10010.jpg,1,0,0,1,0,0,55,0.1,0.1,0.1,0.6,0.1,5,1.6094379124341003,0.5,0.73714595731436,1,0,0.5625
17,1,01111.jpg,0,1,1,1,1,0,55,0.1,0.1,0.1,0.6,0.1,5,1.6094379124341003,0.5,0.6759065583259114,1,0,0.5294117647058824
18,1,00110.jpg,0,0,1,1,0,0,55,0.1,0.1,0.1,0.6,0.1,5,1.6094379124341003,0.5,0.6270981558503845,1,0,0.5
19,1,10111.jpg,1,0,1,1,1,1,55,0.1,0.1,0.1,0.6,0.1,5,1.6094379124341003,0.5,0.7095812693014145,0,0,0.47368421052631576
20,1,10011.jpg,1,0,0,1,1,0,55,0.1,0.1,0.1,0.6,0.1,5,1.6094379124341003,0.5,0.6549166121468515,1,0,0.45
21,1,01010.jpg,0,1,0,1,0,0,55,0.1,0.1,0.1,0.6,0.1,5,1.6094379124341003,0.5,0.49513134745922105,1,0,0.42857142857142855
22,1,01100.jpg,0,1,1,0,0,0,55,0.1,0.1,0.1,0.6,0.1,5,1.6094379124341003,0.5,0.3018046655833683,1,0,0.4090909090909091
23,1,10100.jpg,1,0,1,0,0,1,55,0.1,0.1,0.1,0.6,0.1,5,1.6094379124341003,0.5,0.36929540897686314,0,0,0.391304347826087
24,1,11011.jpg,1,1,0,1,1,0,55,0.1,0.1,0.1,0.6,0.1,5,1.6094379124341003,0.5,0.5954908081828315,1,0,0.375
25,1,01110.jpg,0,1,1,1,0,0,55,0.1,0.1,0.1,0.6,0.1,5,1.6094379124341003,0.5,0.564304780700318,1,0,0.36
26,1,00011.jpg,0,0,0,1,1,0,55,0.1,0.1,0.1,0.6,0.1,5,1.6094379124341003,0.5,0.39497543205735053,0,1,0.38461538461538464
27,1,11000.jpg,1,1,0,0,0,0,55,0.1,0.1,0.1,0.6,0.1,5,1.6094379124341003,0.5,0.4492334320453746,1,0,0.37037037037037035
28,1,10000.jpg,1,0,0,0,0,0,55,0.1,0.1,0.1,0.6,0.1,5,1.6094379124341003,0.5,0.4610837797913035,1,0,0.35714285714285715
29,1,11010.jpg,1,1,0,1,0,0,55,0.1,0.1,0.1,0.6,0.1,5,1.6094379124341003,0.5,0.575595190056146,1,0,0.3448275862068966
30,1,00000.jpg,0,0,0,0,0,0,55,0.1,0.1,0.1,0.6,0.1,5,1.6094379124341003,0.5,0.2969453182555192,0,1,0.36666666666666664
31,1,11100.jpg,1,1,1,0,0,1,55,0.1,0.1,0.1,0.6,0.1,5,1.6094379124341003,0.5,0.5561040354259501,0,0,0.3548387096774194
32,1,10101.jpg,1,0,1,0,1,1,55,0.1,0.1,0.1,0.6,0.1,5,1.6094379124341003,0.5,0.5777508242662764,1,1,0.375
33,2,01010.jpg,0,1,0,1,0,0,55,0.1,0.1,0.1,0.6,0.1,5,1.6094379124341003,0.5,0.33275196500343074,0,1,0.3939393939393939
34,2,10011.jpg,1,0,0,1,1,0,55,0.1,0.1,0.1,0.6,0.1,5,1.6094379124341003,0.5,0.4795865741595956,0,1,0.4117647058823529
35,2,01011.jpg,0,1,0,1,1,0,55,0.1,0.1,0.1,0.6,0.1,5,1.6094379124341003,0.5,0.3172801010994141,1,0,0.4
36,2,10101.jpg,1,0,1,0,1,1,55,0.1,0.1,0.1,0.6,0.1,5,1.6094379124341003,0.5,0.6785729621051984,1,1,0.4166666666666667
37,2,11100.jpg,1,1,1,0,0,1,55,0.1,0.1,0.1,0.6,0.1,5,1.6094379124341003,0.5,0.6810259987334635,0,0,0.40540540540540543
38,2,10010.jpg,1,0,0,1,0,0,55,0.1,0.1,0.1,0.6,0.1,5,1.6094379124341003,0.5,0.4092707859903592,0,1,0.42105263157894735
39,2,10000.jpg,1,0,0,0,0,0,55,0.1,0.1,0.1,0.6,0.1,5,1.6094379124341003,0.5,0.5496091941888935,1,0,0.41025641025641024
40,2,01100.jpg,0,1,1,0,0,0,55,0.1,0.1,0.1,0.6,0.1,5,1.6094379124341003,0.5,0.5598214851493551,0,1,0.425
41,2,00011.jpg,0,0,0,1,1,0,55,0.1,0.1,0.1,0.6,0.1,5,1.6094379124341003,0.5,0.27766817037105657,0,1,0.43902439024390244
42,2,01000.jpg,0,1,0,0,0,0,55,0.1,0.1,0.1,0.6,0.1,5,1.6094379124341003,0.5,0.39579619517097475,0,1,0.4523809523809524
43,2,10100.jpg,1,0,1,0,0,1,55,0.1,0.1,0.1,0.6,0.1,5,1.6094379124341003,0.5,0.6930797030186058,1,1,0.46511627906976744
44,2,00110.jpg,0,0,1,1,0,0,55,0.1,0.1,0.1,0.6,0.1,5,1.6094379124341003,0.5,0.41662660025214804,1,0,0.45454545454545453
45,2,00000.jpg,0,0,0,0,0,0,55,0.1,0.1,0.1,0.6,0.1,5,1.6094379124341003,0.5,0.4125911366093172,0,1,0.4666666666666667
46,2,10110.jpg,1,0,1,1,0,1,55,0.1,0.1,0.1,0.6,0.1,5,1.6094379124341003,0.5,0.5718956629294034,0,0,0.45652173913043476
47,2,11101.jpg,1,1,1,0,1,1,55,0.1,0.1,0.1,0.6,0.1,5,1.6094379124341003,0.5,0.6967234214168843,1,1,0.46808510638297873
48,2,11011.jpg,1,1,0,1,1,0,55,0.1,0.1,0.1,0.6,0.1,5,1.6094379124341003,0.5,0.3928225047770379,1,0,0.4583333333333333
49,2,01001.jpg,0,1,0,0,1,0,55,0.1,0.1,0.1,0.6,0.1,5,1.6094379124341003,0.5,0.4044449767299542,0,1,0.46938775510204084
50,2,01111.jpg,0,1,1,1,1,0,55,0.1,0.1,0.1,0.6,0.1,5,1.6094379124341003,0.5,0.4058559445903086,0,1,0.48
51,2,10001.jpg,1,0,0,0,1,0,55,0.1,0.1,0.1,0.6,0.1,5,1.6094379124341003,0.5,0.5591242741262027,1,0,0.47058823529411764
52,2,00010.jpg,0,0,0,1,0,0,55,0.1,0.1,0.1,0.6,0.1,5,1.6094379124341003,0.5,0.2969872095046551,1,0,0.46153846153846156
53,2,11000.jpg,1,1,0,0,0,0,55,0.1,0.1,0.1,0.6,0.1,5,1.6094379124341003,0.5,0.5410268515141917,1,0,0.4528301886792453
54,2,00100.jpg,0,0,1,0,0,0,55,0.1,0.1,0.1,0.6,0.1,5,1.6094379124341003,0.5,0.5501246482374073,1,0,0.4444444444444444
55,2,00001.jpg,0,0,0,0,1,0,55,0.1,0.1,0.1,0.6,0.1,5,1.6094379124341003,0.5,0.3914291474355294,1,0,0.43636363636363634
56,2,10111.jpg,1,0,1,1,1,1,55,0.1,0.1,0.1,0.6,0.1,5,1.6094379124341003,0.5,0.5990809738092127,1,1,0.44642857142857145
57,2,11111.jpg,1,1,1,1,1,1,55,0.1,0.1,0.1,0.6,0.1,5,1.6094379124341003,0.5,0.6076545304194798,0,0,0.43859649122807015
58,2,01101.jpg,0,1,1,0,1,0,55,0.1,0.1,0.1,0.6,0.1,5,1.6094379124341003,0.5,0.5139948213206381,0,1,0.4482758620689655
59,2,00111.jpg,0,0,1,1,1,0,55,0.1,0.1,0.1,0.6,0.1,5,1.6094379124341003,0.5,0.490157587757675,1,0,0.4406779661016949
60,2,11010.jpg,1,1,0,1,0,0,55,0.1,0.1,0.1,0.6,0.1,5,1.6094379124341003,0.5,0.45825412420725287,0,1,0.45
61,2,00101.jpg,0,0,1,0,1,0,55,0.1,0.1,0.1,0.6,0.1,5,1.6094379124341003,0.5,0.5095719198959759,0,1,0.45901639344262296
62,2,11001.jpg,1,1,0,0,1,0,55,0.1,0.1,0.1,0.6,0.1,5,1.6094379124341003,0.5,0.5085006837208801,0,1,0.46774193548387094
63,2,01110.jpg,0,1,1,1,0,0,55,0.1,0.1,0.1,0.6,0.1,5,1.6094379124341003,0.5,0.464049986808505,1,0,0.4603174603174603
64,2,11110.jpg,1,1,1,1,0,1,55,0.1,0.1,0.1,0.6,0.1,5,1.6094379124341003,0.5,0.622724306551768,1,1,0.46875
65,3,01101.jpg,0,1,1,0,1,0,55,0.1,0.1,0.1,0.6,0.1,5,1.6094379124341003,0.5,0.47959699039684256,1,0,0.46153846153846156
66,3,01100.jpg,0,1,1,0,0,0,55,0.1,0.1,0.1,0.6,0.1,5,1.6094379124341003,0.5,0.47098776649192975,0,1,0.4696969696969697
67,3,11110.jpg,1,1,1,1,0,1,55,0.1,0.1,0.1,0.6,0.1,5,1.6094379124341003,0.5,0.6627933576361078,1,1,0.47761194029850745
68,3,11000.jpg,1,1,0,0,0,0,55,0.1,0.1,0.1,0.6,0.1,5,1.6094379124341003,0.5,0.4635443605659837,0,1,0.4852941176470588
69,3,10100.jpg,1,0,1,0,0,1,55,0.1,0.1,0.1,0.6,0.1,5,1.6094379124341003,0.5,0.6318247024404164,1,1,0.4927536231884058
70,3,00011.jpg,0,0,0,1,1,0,55,0.1,0.1,0.1,0.6,0.1,5,1.6094379124341003,0.5,0.3350551343548608,0,1,0.5
71,3,10001.jpg,1,0,0,0,1,0,55,0.1,0.1,0.1,0.6,0.1,5,1.6094379124341003,0.5,0.4803628835131081,1,0,0.49295774647887325
72,3,00111.jpg,0,0,1,1,1,0,55,0.1,0.1,0.1,0.6,0.1,5,1.6094379124341003,0.5,0.477243550227159,0,1,0.5
73,3,10011.jpg,1,0,0,1,1,0,55,0.1,0.1,0.1,0.6,0.1,5,1.6094379124341003,0.5,0.47370733672902765,1,0,0.4931506849315068
74,3,11001.jpg,1,1,0,0,1,0,55,0.1,0.1,0.1,0.6,0.1,5,1.6094379124341003,0.5,0.4618243916590595,0,1,0.5
75,3,01110.jpg,0,1,1,1,0,0,55,0.1,0.1,0.1,0.6,0.1,5,1.6094379124341003,0.5,0.513237059578567,1,0,0.49333333333333335
76,3,00100.jpg,0,0,1,0,0,0,55,0.1,0.1,0.1,0.6,0.1,5,1.6094379124341003,0.5,0.5008430607887243,0,1,0.5
77,3,10110.jpg,1,0,1,1,0,1,55,0.1,0.1,0.1,0.6,0.1,5,1.6094379124341003,0.5,0.6618601637977832,1,1,0.5064935064935064
78,3,01011.jpg,0,1,0,1,1,0,55,0.1,0.1,0.1,0.6,0.1,5,1.6094379124341003,0.5,0.3423927882486931,0,1,0.5128205128205128
79,3,00001.jpg,0,0,0,0,1,0,55,0.1,0.1,0.1,0.6,0.1,5,1.6094379124341003,0.5,0.32669476497764643,0,1,0.5189873417721519
80,3,11010.jpg,1,1,0,1,0,0,55,0.1,0.1,0.1,0.6,0.1,5,1.6094379124341003,0.5,0.5232891468560887,0,1,0.525
81,3,10000.jpg,1,0,0,0,0,0,55,0.1,0.1,0.1,0.6,0.1,5,1.6094379124341003,0.5,0.48410246490677106,1,0,0.5185185185185185
82,3,01001.jpg,0,1,0,0,1,0,55,0.1,0.1,0.1,0.6,0.1,5,1.6094379124341003,0.5,0.3110544326550513,0,1,0.524390243902439
83,3,00010.jpg,0,0,0,1,0,0,55,0.1,0.1,0.1,0.6,0.1,5,1.6094379124341003,0.5,0.37112482335194225,0,1,0.5301204819277109
84,3,00000.jpg,0,0,0,0,0,0,55,0.1,0.1,0.1,0.6,0.1,5,1.6094379124341003,0.5,0.3361885502400536,0,1,0.5357142857142857
85,3,10111.jpg,1,0,1,1,1,1,55,0.1,0.1,0.1,0.6,0.1,5,1.6094379124341003,0.5,0.6622654958790071,0,0,0.5294117647058824
86,3,11111.jpg,1,1,1,1,1,1,55,0.1,0.1,0.1,0.6,0.1,5,1.6094379124341003,0.5,0.6758714799224088,1,1,0.5348837209302325
87,3,11100.jpg,1,1,1,0,0,1,55,0.1,0.1,0.1,0.6,0.1,5,1.6094379124341003,0.5,0.6102013827311497,1,1,0.5402298850574713
88,3,01010.jpg,0,1,0,1,0,0,55,0.1,0.1,0.1,0.6,0.1,5,1.6094379124341003,0.5,0.36232479282743635,1,0,0.5340909090909091
89,3,01000.jpg,0,1,0,0,0,0,55,0.1,0.1,0.1,0.6,0.1,5,1.6094379124341003,0.5,0.3211127112560471,0,1,0.5393258426966292
90,3,10010.jpg,1,0,0,1,0,0,55,0.1,0.1,0.1,0.6,0.1,5,1.6094379124341003,0.5,0.5130327652649849,0,1,0.5444444444444444
91,3,01111.jpg,0,1,1,1,1,0,55,0.1,0.1,0.1,0.6,0.1,5,1.6094379124341003,0.5,0.5137172965194972,0,1,0.5494505494505495
92,3,00101.jpg,0,0,1,0,1,0,55,0.1,0.1,0.1,0.6,0.1,5,1.6094379124341003,0.5,0.4525615933776825,0,1,0.5543478260869565
93,3,11011.jpg,1,1,0,1,1,0,55,0.1,0.1,0.1,0.6,0.1,5,1.6094379124341003,0.5,0.5101647450402951,1,0,0.5483870967741935
94,3,00110.jpg,0,0,1,1,0,0,55,0.1,0.1,0.1,0.6,0.1,5,1.6094379124341003,0.5,0.5124269444564644,1,0,0.5425531914893617
95,3,10101.jpg,1,0,1,0,1,1,55,0.1,0.1,0.1,0.6,0.1,5,1.6094379124341003,0.5,0.6241962916535381,1,1,0.5473684210526316
96,3,11101.jpg,1,1,1,0,1,1,55,0.1,0.1,0.1,0.6,0.1,5,1.6094379124341003,0.5,0.6345700427512523,1,1,0.5520833333333334
1,1,11101.jpg,1,1,1,0,1,1,56,0.1,0.1,0.1,0.6,0.1,15,2.70805020110221,0.5,0.5,1,1,1
2,1,11111.jpg,1,1,1,1,1,1,56,0.1,0.1,0.1,0.6,0.1,15,2.70805020110221,0.5,0.5,0,0,0.5
3,1,00001.jpg,0,0,0,0,1,0,56,0.1,0.1,0.1,0.6,0.1,15,2.70805020110221,0.5,0.5,1,0,0.3333333333333333
4,1,00111.jpg,0,0,1,1,1,0,56,0.1,0.1,0.1,0.6,0.1,15,2.70805020110221,0.5,0.9988951897107317,1,0,0.25
5,1,00101.jpg,0,0,1,0,1,0,56,0.1,0.1,0.1,0.6,0.1,15,2.70805020110221,0.5,0.1823614697757806,0,1,0.4
6,1,00100.jpg,0,0,1,0,0,0,56,0.1,0.1,0.1,0.6,0.1,15,2.70805020110221,0.5,0.05754474310167339,0,1,0.5
7,1,01001.jpg,0,1,0,0,1,0,56,0.1,0.1,0.1,0.6,0.1,15,2.70805020110221,0.5,0.2595973570823081,0,1,0.5714285714285714
8,1,11110.jpg,1,1,1,1,0,1,56,0.1,0.1,0.1,0.6,0.1,15,2.70805020110221,0.5,0.9804605523822945,1,1,0.625
9,1,01101.jpg,0,1,1,0,1,0,56,0.1,0.1,0.1,0.6,0.1,15,2.70805020110221,0.5,0.4052506366783492,1,0,0.5555555555555556
10,1,00010.jpg,0,0,0,1,0,0,56,0.1,0.1,0.1,0.6,0.1,15,2.70805020110221,0.5,0.35279028230112086,0,1,0.6
11,1,10110.jpg,1,0,1,1,0,1,56,0.1,0.1,0.1,0.6,0.1,15,2.70805020110221,0.5,0.8647385556492158,1,1,0.6363636363636364
12,1,01000.jpg,0,1,0,0,0,0,56,0.1,0.1,0.1,0.6,0.1,15,2.70805020110221,0.5,0.04826839860895065,0,1,0.6666666666666666
13,1,10001.jpg,1,0,0,0,1,0,56,0.1,0.1,0.1,0.6,0.1,15,2.70805020110221,0.5,0.21859440760276674,1,0,0.6153846153846154
14,1,01011.jpg,0,1,0,1,1,0,56,0.1,0.1,0.1,0.6,0.1,15,2.70805020110221,0.5,0.5883110042765164,0,1,0.6428571428571429
15,1,11001.jpg,1,1,0,0,1,0,56,0.1,0.1,0.1,0.6,0.1,15,2.70805020110221,0.5,0.47801207663182327,1,0,0.6
16,1,10010.jpg,1,0,0,1,0,0,56,0.1,0.1,0.1,0.6,0.1,15,2.70805020110221,0.5,0.7609271444217143,1,0,0.5625
17,1,01111.jpg,0,1,1,1,1,0,56,0.1,0.1,0.1,0.6,0.1,15,2.70805020110221,0.5,0.6494073563924059,1,0,0.5294117647058824
18,1,00110.jpg,0,0,1,1,0,0,56,0.1,0.1,0.1,0.6,0.1,15,2.70805020110221,0.5,0.6236226287891771,1,0,0.5
19,1,10111.jpg,1,0,1,1,1,1,56,0.1,0.1,0.1,0.6,0.1,15,2.70805020110221,0.5,0.8147438382654515,0,0,0.47368421052631576
20,1,10011.jpg,1,0,0,1,1,0,56,0.1,0.1,0.1,0.6,0.1,15,2.70805020110221,0.5,0.7029898931733718,1,0,0.45
21,1,01010.jpg,0,1,0,1,0,0,56,0.1,0.1,0.1,0.6,0.1,15,2.70805020110221,0.5,0.26555274404022217,1,0,0.42857142857142855
22,1,01100.jpg,0,1,1,0,0,0,56,0.1,0.1,0.1,0.6,0.1,15,2.70805020110221,0.5,0.16727655839576352,1,0,0.4090909090909091
23,1,10100.jpg,1,0,1,0,0,1,56,0.1,0.1,0.1,0.6,0.1,15,2.70805020110221,0.5,0.2882722742453611,0,0,0.391304347826087
24,1,11011.jpg,1,1,0,1,1,0,56,0.1,0.1,0.1,0.6,0.1,15,2.70805020110221,0.5,0.6038582333645324,1,0,0.375
25,1,01110.jpg,0,1,1,1,0,0,56,0.1,0.1,0.1,0.6,0.1,15,2.70805020110221,0.5,0.5427627173851279,1,0,0.36
26,1,00011.jpg,0,0,0,1,1,0,56,0.1,0.1,0.1,0.6,0.1,15,2.70805020110221,0.5,0.16985598893182488,0,1,0.38461538461538464
27,1,11000.jpg,1,1,0,0,0,0,56,0.1,0.1,0.1,0.6,0.1,15,2.70805020110221,0.5,0.3445979256765717,1,0,0.37037037037037035
28,1,10000.jpg,1,0,0,0,0,0,56,0.1,0.1,0.1,0.6,0.1,15,2.70805020110221,0.5,0.5461433124633399,0,1,0.39285714285714285
29,1,11010.jpg,1,1,0,1,0,0,56,0.1,0.1,0.1,0.6,0.1,15,2.70805020110221,0.5,0.5750384506639581,1,0,0.3793103448275862
30,1,00000.jpg,0,0,0,0,0,0,56,0.1,0.1,0.1,0.6,0.1,15,2.70805020110221,0.5,0.14687631461175898,0,1,0.4
31,1,11100.jpg,1,1,1,0,0,1,56,0.1,0.1,0.1,0.6,0.1,15,2.70805020110221,0.5,0.7064053261426949,0,0,0.3870967741935484
32,1,10101.jpg,1,0,1,0,1,1,56,0.1,0.1,0.1,0.6,0.1,15,2.70805020110221,0.5,0.6962631232672352,1,1,0.40625
33,2,01010.jpg,0,1,0,1,0,0,56,0.1,0.1,0.1,0.6,0.1,15,2.70805020110221,0.5,0.09360691287121284,0,1,0.42424242424242425
34,2,10011.jpg,1,0,0,1,1,0,56,0.1,0.1,0.1,0.6,0.1,15,2.70805020110221,0.5,0.3525856694034684,0,1,0.4411764705882353
35,2,01011.jpg,0,1,0,1,1,0,56,0.1,0.1,0.1,0.6,0.1,15,2.70805020110221,0.5,0.09037172037064212,0,1,0.45714285714285713
36,2,10101.jpg,1,0,1,0,1,1,56,0.1,0.1,0.1,0.6,0.1,15,2.70805020110221,0.5,0.8718526637830174,1,1,0.4722222222222222
37,2,11100.jpg,1,1,1,0,0,1,56,0.1,0.1,0.1,0.6,0.1,15,2.70805020110221,0.5,0.8620494641816392,1,1,0.4864864864864865
38,2,10010.jpg,1,0,0,1,0,0,56,0.1,0.1,0.1,0.6,0.1,15,2.70805020110221,0.5,0.29172390619573785,0,1,0.5
39,2,10000.jpg,1,0,0,0,0,0,56,0.1,0.1,0.1,0.6,0.1,15,2.70805020110221,0.5,0.38918170648871514,0,1,0.5128205128205128
40,2,01100.jpg,0,1,1,0,0,0,56,0.1,0.1,0.1,0.6,0.1,15,2.70805020110221,0.5,0.46235790374087676,1,0,0.5
41,2,00011.jpg,0,0,0,1,1,0,56,0.1,0.1,0.1,0.6,0.1,15,2.70805020110221,0.5,0.07619397592226972,0,1,0.5121951219512195
42,2,01000.jpg,0,1,0,0,0,0,56,0.1,0.1,0.1,0.6,0.1,15,2.70805020110221,0.5,0.1388536417840705,0,1,0.5238095238095238
43,2,10100.jpg,1,0,1,0,0,1,56,0.1,0.1,0.1,0.6,0.1,15,2.70805020110221,0.5,0.8582945498565138,1,1,0.5348837209302325
44,2,00110.jpg,0,0,1,1,0,0,56,0.1,0.1,0.1,0.6,0.1,15,2.70805020110221,0.5,0.31872687961128343,1,0,0.5227272727272727
45,2,00000.jpg,0,0,0,0,0,0,56,0.1,0.1,0.1,0.6,0.1,15,2.70805020110221,0.5,0.14179038900239815,0,1,0.5333333333333333
46,2,10110.jpg,1,0,1,1,0,1,56,0.1,0.1,0.1,0.6,0.1,15,2.70805020110221,0.5,0.7855074088625676,1,1,0.5434782608695652
47,2,11101.jpg,1,1,1,0,1,1,56,0.1,0.1,0.1,0.6,0.1,15,2.70805020110221,0.5,0.8736048944619442,1,1,0.5531914893617021
48,2,11011.jpg,1,1,0,1,1,0,56,0.1,0.1,0.1,0.6,0.1,15,2.70805020110221,0.5,0.2649973646208634,1,0,0.5416666666666666
49,2,01001.jpg,0,1,0,0,1,0,56,0.1,0.1,0.1,0.6,0.1,15,2.70805020110221,0.5,0.13835245185741996,0,1,0.5510204081632653
50,2,01111.jpg,0,1,1,1,1,0,56,0.1,0.1,0.1,0.6,0.1,15,2.70805020110221,0.5,0.2898740229763455,0,1,0.56
51,2,10001.jpg,1,0,0,0,1,0,56,0.1,0.1,0.1,0.6,0.1,15,2.70805020110221,0.5,0.4588561965552006,0,1,0.5686274509803921
52,2,00010.jpg,0,0,0,1,0,0,56,0.1,0.1,0.1,0.6,0.1,15,2.70805020110221,0.5,0.10257818559960179,0,1,0.5769230769230769
53,2,11000.jpg,1,1,0,0,0,0,56,0.1,0.1,0.1,0.6,0.1,15,2.70805020110221,0.5,0.4399233850157458,0,1,0.5849056603773585
54,2,00100.jpg,0,0,1,0,0,0,56,0.1,0.1,0.1,0.6,0.1,15,2.70805020110221,0.5,0.45268425580221694,0,1,0.5925925925925926
55,2,00001.jpg,0,0,0,0,1,0,56,0.1,0.1,0.1,0.6,0.1,15,2.70805020110221,0.5,0.13520980193257634,1,0,0.5818181818181818
56,2,10111.jpg,1,0,1,1,1,1,56,0.1,0.1,0.1,0.6,0.1,15,2.70805020110221,0.5,0.8176435986454617,1,1,0.5892857142857143
57,2,11111.jpg,1,1,1,1,1,1,56,0.1,0.1,0.1,0.6,0.1,15,2.70805020110221,0.5,0.7990388483408049,1,1,0.5964912280701754
58,2,01101.jpg,0,1,1,0,1,0,56,0.1,0.1,0.1,0.6,0.1,15,2.70805020110221,0.5,0.42434694256576627,1,0,0.5862068965517241
59,2,00111.jpg,0,0,1,1,1,0,56,0.1,0.1,0.1,0.6,0.1,15,2.70805020110221,0.5,0.405743581910242,1,0,0.576271186440678
60,2,11010.jpg,1,1,0,1,0,0,56,0.1,0.1,0.1,0.6,0.1,15,2.70805020110221,0.5,0.32093429029680415,0,1,0.5833333333333334
61,2,00101.jpg,0,0,1,0,1,0,56,0.1,0.1,0.1,0.6,0.1,15,2.70805020110221,0.5,0.41721584494301633,1,0,0.5737704918032787
62,2,11001.jpg,1,1,0,0,1,0,56,0.1,0.1,0.1,0.6,0.1,15,2.70805020110221,0.5,0.421600764728435,1,0,0.5645161290322581
63,2,01110.jpg,0,1,1,1,0,0,56,0.1,0.1,0.1,0.6,0.1,15,2.70805020110221,0.5,0.33149842861810613,1,0,0.5555555555555556
64,2,11110.jpg,1,1,1,1,0,1,56,0.1,0.1,0.1,0.6,0.1,15,2.70805020110221,0.5,0.8111514737880308,1,1,0.5625
65,3,01101.jpg,0,1,1,0,1,0,56,0.1,0.1,0.1,0.6,0.1,15,2.70805020110221,0.5,0.3446366800465236,1,0,0.5538461538461539
66,3,01100.jpg,0,1,1,0,0,0,56,0.1,0.1,0.1,0.6,0.1,15,2.70805020110221,0.5,0.33648329298192475,0,1,0.5606060606060606
67,3,11110.jpg,1,1,1,1,0,1,56,0.1,0.1,0.1,0.6,0.1,15,2.70805020110221,0.5,0.8630072880286652,1,1,0.5671641791044776
68,3,11000.jpg,1,1,0,0,0,0,56,0.1,0.1,0.1,0.6,0.1,15,2.70805020110221,0.5,0.33663620760046004,0,1,0.5735294117647058
69,3,10100.jpg,1,0,1,0,0,1,56,0.1,0.1,0.1,0.6,0.1,15,2.70805020110221,0.5,0.8491295552478735,1,1,0.5797101449275363
70,3,00011.jpg,0,0,0,1,1,0,56,0.1,0.1,0.1,0.6,0.1,15,2.70805020110221,0.5,0.09021441979955816,0,1,0.5857142857142857
71,3,10001.jpg,1,0,0,0,1,0,56,0.1,0.1,0.1,0.6,0.1,15,2.70805020110221,0.5,0.34863829729475704,1,0,0.5774647887323944
72,3,00111.jpg,0,0,1,1,1,0,56,0.1,0.1,0.1,0.6,0.1,15,2.70805020110221,0.5,0.3314094410251257,0,1,0.5833333333333334
73,3,10011.jpg,1,0,0,1,1,0,56,0.1,0.1,0.1,0.6,0.1,15,2.70805020110221,0.5,0.3328287165942331,1,0,0.5753424657534246
74,3,11001.jpg,1,1,0,0,1,0,56,0.1,0.1,0.1,0.6,0.1,15,2.70805020110221,0.5,0.32457137349310655,0,1,0.581081081081081
75,3,01110.jpg,0,1,1,1,0,0,56,0.1,0.1,0.1,0.6,0.1,15,2.70805020110221,0.5,0.4171328315776222,0,1,0.5866666666666667
76,3,00100.jpg,0,0,1,0,0,0,56,0.1,0.1,0.1,0.6,0.1,15,2.70805020110221,0.5,0.40719874646218884,1,0,0.5789473684210527
77,3,10110.jpg,1,0,1,1,0,1,56,0.1,0.1,0.1,0.6,0.1,15,2.70805020110221,0.5,0.8629993523297362,1,1,0.5844155844155844
78,3,01011.jpg,0,1,0,1,1,0,56,0.1,0.1,0.1,0.6,0.1,15,2.70805020110221,0.5,0.09549832646973677,0,1,0.5897435897435898
79,3,00001.jpg,0,0,0,0,1,0,56,0.1,0.1,0.1,0.6,0.1,15,2.70805020110221,0.5,0.09523907065953979,0,1,0.5949367088607594
80,3,11010.jpg,1,1,0,1,0,0,56,0.1,0.1,0.1,0.6,0.1,15,2.70805020110221,0.5,0.4278480748333268,1,0,0.5875
81,3,10000.jpg,1,0,0,0,0,0,56,0.1,0.1,0.1,0.6,0.1,15,2.70805020110221,0.5,0.3929559198492627,1,0,0.5802469135802469
82,3,01001.jpg,0,1,0,0,1,0,56,0.1,0.1,0.1,0.6,0.1,15,2.70805020110221,0.5,0.08727422592289154,0,1,0.5853658536585366
83,3,00010.jpg,0,0,0,1,0,0,56,0.1,0.1,0.1,0.6,0.1,15,2.70805020110221,0.5,0.12662751573476622,0,1,0.5903614457831325
84,3,00000.jpg,0,0,0,0,0,0,56,0.1,0.1,0.1,0.6,0.1,15,2.70805020110221,0.5,0.11371120599944307,0,1,0.5952380952380952
85,3,10111.jpg,1,0,1,1,1,1,56,0.1,0.1,0.1,0.6,0.1,15,2.70805020110221,0.5,0.8465491194109591,1,1,0.6
86,3,11111.jpg,1,1,1,1,1,1,56,0.1,0.1,0.1,0.6,0.1,15,2.70805020110221,0.5,0.8664843646463407,1,1,0.6046511627906976
87,3,11100.jpg,1,1,1,0,0,1,56,0.1,0.1,0.1,0.6,0.1,15,2.70805020110221,0.5,0.8213029884464893,1,1,0.6091954022988506
88,3,01010.jpg,0,1,0,1,0,0,56,0.1,0.1,0.1,0.6,0.1,15,2.70805020110221,0.5,0.11091777144317466,0,1,0.6136363636363636
89,3,01000.jpg,0,1,0,0,0,0,56,0.1,0.1,0.1,0.6,0.1,15,2.70805020110221,0.5,0.10305014329360107,0,1,0.6179775280898876
90,3,10010.jpg,1,0,0,1,0,0,56,0.1,0.1,0.1,0.6,0.1,15,2.70805020110221,0.5,0.3980999654701117,1,0,0.6111111111111112
91,3,01111.jpg,0,1,1,1,1,0,56,0.1,0.1,0.1,0.6,0.1,15,2.70805020110221,0.5,0.40152115618084927,1,0,0.6043956043956044
92,3,00101.jpg,0,0,1,0,1,0,56,0.1,0.1,0.1,0.6,0.1,15,2.70805020110221,0.5,0.3265175835128879,0,1,0.6086956521739131
93,3,11011.jpg,1,1,0,1,1,0,56,0.1,0.1,0.1,0.6,0.1,15,2.70805020110221,0.5,0.4034828678102872,0,1,0.6129032258064516
94,3,00110.jpg,0,0,1,1,0,0,56,0.1,0.1,0.1,0.6,0.1,15,2.70805020110221,0.5,0.4067808824290594,0,1,0.6170212765957447
95,3,10101.jpg,1,0,1,0,1,1,56,0.1,0.1,0.1,0.6,0.1,15,2.70805020110221,0.5,0.8275808393354863,1,1,0.6210526315789474
96,3,11101.jpg,1,1,1,0,1,1,56,0.1,0.1,0.1,0.6,0.1,15,2.70805020110221,0.5,0.8306472660041792,1,1,0.625
1,1,11101.jpg,1,1,1,0,1,1,57,0.1,0.1,0.1,0.6,0.1,15,2.70805020110221,0.5,0.5,1,1,1
2,1,11111.jpg,1,1,1,1,1,1,57,0.1,0.1,0.1,0.6,0.1,15,2.70805020110221,0.5,0.5,0,0,0.5
3,1,00001.jpg,0,0,0,0,1,0,57,0.1,0.1,0.1,0.6,0.1,15,2.70805020110221,0.5,0.5,1,0,0.3333333333333333
4,1,00111.jpg,0,0,1,1,1,0,57,0.1,0.1,0.1,0.6,0.1,15,2.70805020110221,0.5,0.9988951897107317,1,0,0.25
5,1,00101.jpg,0,0,1,0,1,0,57,0.1,0.1,0.1,0.6,0.1,15,2.70805020110221,0.5,0.1823614697757806,0,1,0.4
6,1,00100.jpg,0,0,1,0,0,0,57,0.1,0.1,0.1,0.6,0.1,15,2.70805020110221,0.5,0.05754474310167339,0,1,0.5
7,1,01001.jpg,0,1,0,0,1,0,57,0.1,0.1,0.1,0.6,0.1,15,2.70805020110221,0.5,0.2595973570823081,0,1,0.5714285714285714
8,1,11110.jpg,1,1,1,1,0,1,57,0.1,0.1,0.1,0.6,0.1,15,2.70805020110221,0.5,0.9804605523822945,1,1,0.625
9,1,01101.jpg,0,1,1,0,1,0,57,0.1,0.1,0.1,0.6,0.1,15,2.70805020110221,0.5,0.4052506366783492,1,0,0.5555555555555556
10,1,00010.jpg,0,0,0,1,0,0,57,0.1,0.1,0.1,0.6,0.1,15,2.70805020110221,0.5,0.35279028230112086,0,1,0.6
11,1,10110.jpg,1,0,1,1,0,1,57,0.1,0.1,0.1,0.6,0.1,15,2.70805020110221,0.5,0.8647385556492158,1,1,0.6363636363636364
12,1,01000.jpg,0,1,0,0,0,0,57,0.1,0.1,0.1,0.6,0.1,15,2.70805020110221,0.5,0.04826839860895065,0,1,0.6666666666666666
13,1,10001.jpg,1,0,0,0,1,0,57,0.1,0.1,0.1,0.6,0.1,15,2.70805020110221,0.5,0.21859440760276674,1,0,0.6153846153846154
14,1,01011.jpg,0,1,0,1,1,0,57,0.1,0.1,0.1,0.6,0.1,15,2.70805020110221,0.5,0.5883110042765164,0,1,0.6428571428571429
15,1,11001.jpg,1,1,0,0,1,0,57,0.1,0.1,0.1,0.6,0.1,15,2.70805020110221,0.5,0.47801207663182327,1,0,0.6
16,1,10010.jpg,1,0,0,1,0,0,57,0.1,0.1,0.1,0.6,0.1,15,2.70805020110221,0.5,0.7609271444217143,1,0,0.5625
17,1,01111.jpg,0,1,1,1,1,0,57,0.1,0.1,0.1,0.6,0.1,15,2.70805020110221,0.5,0.6494073563924059,1,0,0.5294117647058824
18,1,00110.jpg,0,0,1,1,0,0,57,0.1,0.1,0.1,0.6,0.1,15,2.70805020110221,0.5,0.6236226287891771,1,0,0.5
19,1,10111.jpg,1,0,1,1,1,1,57,0.1,0.1,0.1,0.6,0.1,15,2.70805020110221,0.5,0.8147438382654515,0,0,0.47368421052631576
20,1,10011.jpg,1,0,0,1,1,0,57,0.1,0.1,0.1,0.6,0.1,15,2.70805020110221,0.5,0.7029898931733718,1,0,0.45
21,1,01010.jpg,0,1,0,1,0,0,57,0.1,0.1,0.1,0.6,0.1,15,2.70805020110221,0.5,0.26555274404022217,1,0,0.42857142857142855
22,1,01100.jpg,0,1,1,0,0,0,57,0.1,0.1,0.1,0.6,0.1,15,2.70805020110221,0.5,0.16727655839576352,1,0,0.4090909090909091
23,1,10100.jpg,1,0,1,0,0,1,57,0.1,0.1,0.1,0.6,0.1,15,2.70805020110221,0.5,0.2882722742453611,0,0,0.391304347826087
24,1,11011.jpg,1,1,0,1,1,0,57,0.1,0.1,0.1,0.6,0.1,15,2.70805020110221,0.5,0.6038582333645324,1,0,0.375
25,1,01110.jpg,0,1,1,1,0,0,57,0.1,0.1,0.1,0.6,0.1,15,2.70805020110221,0.5,0.5427627173851279,1,0,0.36
26,1,00011.jpg,0,0,0,1,1,0,57,0.1,0.1,0.1,0.6,0.1,15,2.70805020110221,0.5,0.16985598893182488,0,1,0.38461538461538464
27,1,11000.jpg,1,1,0,0,0,0,57,0.1,0.1,0.1,0.6,0.1,15,2.70805020110221,0.5,0.3445979256765717,1,0,0.37037037037037035
28,1,10000.jpg,1,0,0,0,0,0,57,0.1,0.1,0.1,0.6,0.1,15,2.70805020110221,0.5,0.5461433124633399,0,1,0.39285714285714285
29,1,11010.jpg,1,1,0,1,0,0,57,0.1,0.1,0.1,0.6,0.1,15,2.70805020110221,0.5,0.5750384506639581,1,0,0.3793103448275862
30,1,00000.jpg,0,0,0,0,0,0,57,0.1,0.1,0.1,0.6,0.1,15,2.70805020110221,0.5,0.14687631461175898,0,1,0.4
31,1,11100.jpg,1,1,1,0,0,1,57,0.1,0.1,0.1,0.6,0.1,15,2.70805020110221,0.5,0.7064053261426949,0,0,0.3870967741935484
32,1,10101.jpg,1,0,1,0,1,1,57,0.1,0.1,0.1,0.6,0.1,15,2.70805020110221,0.5,0.6962631232672352,1,1,0.40625
33,2,01010.jpg,0,1,0,1,0,0,57,0.1,0.1,0.1,0.6,0.1,15,2.70805020110221,0.5,0.09360691287121284,0,1,0.42424242424242425
34,2,10011.jpg,1,0,0,1,1,0,57,0.1,0.1,0.1,0.6,0.1,15,2.70805020110221,0.5,0.3525856694034684,0,1,0.4411764705882353
35,2,01011.jpg,0,1,0,1,1,0,57,0.1,0.1,0.1,0.6,0.1,15,2.70805020110221,0.5,0.09037172037064212,0,1,0.45714285714285713
36,2,10101.jpg,1,0,1,0,1,1,57,0.1,0.1,0.1,0.6,0.1,15,2.70805020110221,0.5,0.8718526637830174,1,1,0.4722222222222222
37,2,11100.jpg,1,1,1,0,0,1,57,0.1,0.1,0.1,0.6,0.1,15,2.70805020110221,0.5,0.8620494641816392,1,1,0.4864864864864865
38,2,10010.jpg,1,0,0,1,0,0,57,0.1,0.1,0.1,0.6,0.1,15,2.70805020110221,0.5,0.29172390619573785,0,1,0.5
39,2,10000.jpg,1,0,0,0,0,0,57,0.1,0.1,0.1,0.6,0.1,15,2.70805020110221,0.5,0.38918170648871514,0,1,0.5128205128205128
40,2,01100.jpg,0,1,1,0,0,0,57,0.1,0.1,0.1,0.6,0.1,15,2.70805020110221,0.5,0.46235790374087676,1,0,0.5
41,2,00011.jpg,0,0,0,1,1,0,57,0.1,0.1,0.1,0.6,0.1,15,2.70805020110221,0.5,0.07619397592226972,0,1,0.5121951219512195
42,2,01000.jpg,0,1,0,0,0,0,57,0.1,0.1,0.1,0.6,0.1,15,2.70805020110221,0.5,0.1388536417840705,0,1,0.5238095238095238
43,2,10100.jpg,1,0,1,0,0,1,57,0.1,0.1,0.1,0.6,0.1,15,2.70805020110221,0.5,0.8582945498565138,1,1,0.5348837209302325
44,2,00110.jpg,0,0,1,1,0,0,57,0.1,0.1,0.1,0.6,0.1,15,2.70805020110221,0.5,0.31872687961128343,1,0,0.5227272727272727
45,2,00000.jpg,0,0,0,0,0,0,57,0.1,0.1,0.1,0.6,0.1,15,2.70805020110221,0.5,0.14179038900239815,0,1,0.5333333333333333
46,2,10110.jpg,1,0,1,1,0,1,57,0.1,0.1,0.1,0.6,0.1,15,2.70805020110221,0.5,0.7855074088625676,1,1,0.5434782608695652
47,2,11101.jpg,1,1,1,0,1,1,57,0.1,0.1,0.1,0.6,0.1,15,2.70805020110221,0.5,0.8736048944619442,1,1,0.5531914893617021
48,2,11011.jpg,1,1,0,1,1,0,57,0.1,0.1,0.1,0.6,0.1,15,2.70805020110221,0.5,0.2649973646208634,1,0,0.5416666666666666
49,2,01001.jpg,0,1,0,0,1,0,57,0.1,0.1,0.1,0.6,0.1,15,2.70805020110221,0.5,0.13835245185741996,0,1,0.5510204081632653
50,2,01111.jpg,0,1,1,1,1,0,57,0.1,0.1,0.1,0.6,0.1,15,2.70805020110221,0.5,0.2898740229763455,0,1,0.56
51,2,10001.jpg,1,0,0,0,1,0,57,0.1,0.1,0.1,0.6,0.1,15,2.70805020110221,0.5,0.4588561965552006,0,1,0.5686274509803921
52,2,00010.jpg,0,0,0,1,0,0,57,0.1,0.1,0.1,0.6,0.1,15,2.70805020110221,0.5,0.10257818559960179,0,1,0.5769230769230769
53,2,11000.jpg,1,1,0,0,0,0,57,0.1,0.1,0.1,0.6,0.1,15,2.70805020110221,0.5,0.4399233850157458,0,1,0.5849056603773585
54,2,00100.jpg,0,0,1,0,0,0,57,0.1,0.1,0.1,0.6,0.1,15,2.70805020110221,0.5,0.45268425580221694,0,1,0.5925925925925926
55,2,00001.jpg,0,0,0,0,1,0,57,0.1,0.1,0.1,0.6,0.1,15,2.70805020110221,0.5,0.13520980193257634,1,0,0.5818181818181818
56,2,10111.jpg,1,0,1,1,1,1,57,0.1,0.1,0.1,0.6,0.1,15,2.70805020110221,0.5,0.8176435986454617,1,1,0.5892857142857143
57,2,11111.jpg,1,1,1,1,1,1,57,0.1,0.1,0.1,0.6,0.1,15,2.70805020110221,0.5,0.7990388483408049,1,1,0.5964912280701754
58,2,01101.jpg,0,1,1,0,1,0,57,0.1,0.1,0.1,0.6,0.1,15,2.70805020110221,0.5,0.42434694256576627,1,0,0.5862068965517241
59,2,00111.jpg,0,0,1,1,1,0,57,0.1,0.1,0.1,0.6,0.1,15,2.70805020110221,0.5,0.405743581910242,1,0,0.576271186440678
60,2,11010.jpg,1,1,0,1,0,0,57,0.1,0.1,0.1,0.6,0.1,15,2.70805020110221,0.5,0.32093429029680415,0,1,0.5833333333333334
61,2,00101.jpg,0,0,1,0,1,0,57,0.1,0.1,0.1,0.6,0.1,15,2.70805020110221,0.5,0.41721584494301633,1,0,0.5737704918032787
62,2,11001.jpg,1,1,0,0,1,0,57,0.1,0.1,0.1,0.6,0.1,15,2.70805020110221,0.5,0.421600764728435,1,0,0.5645161290322581
63,2,01110.jpg,0,1,1,1,0,0,57,0.1,0.1,0.1,0.6,0.1,15,2.70805020110221,0.5,0.33149842861810613,1,0,0.5555555555555556
64,2,11110.jpg,1,1,1,1,0,1,57,0.1,0.1,0.1,0.6,0.1,15,2.70805020110221,0.5,0.8111514737880308,1,1,0.5625
65,3,01101.jpg,0,1,1,0,1,0,57,0.1,0.1,0.1,0.6,0.1,15,2.70805020110221,0.5,0.3446366800465236,1,0,0.5538461538461539
66,3,01100.jpg,0,1,1,0,0,0,57,0.1,0.1,0.1,0.6,0.1,15,2.70805020110221,0.5,0.33648329298192475,0,1,0.5606060606060606
67,3,11110.jpg,1,1,1,1,0,1,57,0.1,0.1,0.1,0.6,0.1,15,2.70805020110221,0.5,0.8630072880286652,1,1,0.5671641791044776
68,3,11000.jpg,1,1,0,0,0,0,57,0.1,0.1,0.1,0.6,0.1,15,2.70805020110221,0.5,0.33663620760046004,0,1,0.5735294117647058
69,3,10100.jpg,1,0,1,0,0,1,57,0.1,0.1,0.1,0.6,0.1,15,2.70805020110221,0.5,0.8491295552478735,1,1,0.5797101449275363
70,3,00011.jpg,0,0,0,1,1,0,57,0.1,0.1,0.1,0.6,0.1,15,2.70805020110221,0.5,0.09021441979955816,0,1,0.5857142857142857
71,3,10001.jpg,1,0,0,0,1,0,57,0.1,0.1,0.1,0.6,0.1,15,2.70805020110221,0.5,0.34863829729475704,1,0,0.5774647887323944
72,3,00111.jpg,0,0,1,1,1,0,57,0.1,0.1,0.1,0.6,0.1,15,2.70805020110221,0.5,0.3314094410251257,0,1,0.5833333333333334
73,3,10011.jpg,1,0,0,1,1,0,57,0.1,0.1,0.1,0.6,0.1,15,2.70805020110221,0.5,0.3328287165942331,1,0,0.5753424657534246
74,3,11001.jpg,1,1,0,0,1,0,57,0.1,0.1,0.1,0.6,0.1,15,2.70805020110221,0.5,0.32457137349310655,0,1,0.581081081081081
75,3,01110.jpg,0,1,1,1,0,0,57,0.1,0.1,0.1,0.6,0.1,15,2.70805020110221,0.5,0.4171328315776222,0,1,0.5866666666666667
76,3,00100.jpg,0,0,1,0,0,0,57,0.1,0.1,0.1,0.6,0.1,15,2.70805020110221,0.5,0.40719874646218884,1,0,0.5789473684210527
77,3,10110.jpg,1,0,1,1,0,1,57,0.1,0.1,0.1,0.6,0.1,15,2.70805020110221,0.5,0.8629993523297362,1,1,0.5844155844155844
78,3,01011.jpg,0,1,0,1,1,0,57,0.1,0.1,0.1,0.6,0.1,15,2.70805020110221,0.5,0.09549832646973677,0,1,0.5897435897435898
79,3,00001.jpg,0,0,0,0,1,0,57,0.1,0.1,0.1,0.6,0.1,15,2.70805020110221,0.5,0.09523907065953979,0,1,0.5949367088607594
80,3,11010.jpg,1,1,0,1,0,0,57,0.1,0.1,0.1,0.6,0.1,15,2.70805020110221,0.5,0.4278480748333268,1,0,0.5875
81,3,10000.jpg,1,0,0,0,0,0,57,0.1,0.1,0.1,0.6,0.1,15,2.70805020110221,0.5,0.3929559198492627,1,0,0.5802469135802469
82,3,01001.jpg,0,1,0,0,1,0,57,0.1,0.1,0.1,0.6,0.1,15,2.70805020110221,0.5,0.08727422592289154,0,1,0.5853658536585366
83,3,00010.jpg,0,0,0,1,0,0,57,0.1,0.1,0.1,0.6,0.1,15,2.70805020110221,0.5,0.12662751573476622,0,1,0.5903614457831325
84,3,00000.jpg,0,0,0,0,0,0,57,0.1,0.1,0.1,0.6,0.1,15,2.70805020110221,0.5,0.11371120599944307,0,1,0.5952380952380952
85,3,10111.jpg,1,0,1,1,1,1,57,0.1,0.1,0.1,0.6,0.1,15,2.70805020110221,0.5,0.8465491194109591,1,1,0.6
86,3,11111.jpg,1,1,1,1,1,1,57,0.1,0.1,0.1,0.6,0.1,15,2.70805020110221,0.5,0.8664843646463407,1,1,0.6046511627906976
87,3,11100.jpg,1,1,1,0,0,1,57,0.1,0.1,0.1,0.6,0.1,15,2.70805020110221,0.5,0.8213029884464893,1,1,0.6091954022988506
88,3,01010.jpg,0,1,0,1,0,0,57,0.1,0.1,0.1,0.6,0.1,15,2.70805020110221,0.5,0.11091777144317466,0,1,0.6136363636363636
89,3,01000.jpg,0,1,0,0,0,0,57,0.1,0.1,0.1,0.6,0.1,15,2.70805020110221,0.5,0.10305014329360107,0,1,0.6179775280898876
90,3,10010.jpg,1,0,0,1,0,0,57,0.1,0.1,0.1,0.6,0.1,15,2.70805020110221,0.5,0.3980999654701117,1,0,0.6111111111111112
91,3,01111.jpg,0,1,1,1,1,0,57,0.1,0.1,0.1,0.6,0.1,15,2.70805020110221,0.5,0.40152115618084927,1,0,0.6043956043956044
92,3,00101.jpg,0,0,1,0,1,0,57,0.1,0.1,0.1,0.6,0.1,15,2.70805020110221,0.5,0.3265175835128879,0,1,0.6086956521739131
93,3,11011.jpg,1,1,0,1,1,0,57,0.1,0.1,0.1,0.6,0.1,15,2.70805020110221,0.5,0.4034828678102872,0,1,0.6129032258064516
94,3,00110.jpg,0,0,1,1,0,0,57,0.1,0.1,0.1,0.6,0.1,15,2.70805020110221,0.5,0.4067808824290594,0,1,0.6170212765957447
95,3,10101.jpg,1,0,1,0,1,1,57,0.1,0.1,0.1,0.6,0.1,15,2.70805020110221,0.5,0.8275808393354863,1,1,0.6210526315789474
96,3,11101.jpg,1,1,1,0,1,1,57,0.1,0.1,0.1,0.6,0.1,15,2.70805020110221,0.5,0.8306472660041792,1,1,0.625
1,1,11101.jpg,1,1,1,0,1,1,58,0.1,0.1,0.1,0.6,0.1,15,2.70805020110221,0.5,0.5,1,1,1
2,1,11111.jpg,1,1,1,1,1,1,58,0.1,0.1,0.1,0.6,0.1,15,2.70805020110221,0.5,0.5,0,0,0.5
3,1,00001.jpg,0,0,0,0,1,0,58,0.1,0.1,0.1,0.6,0.1,15,2.70805020110221,0.5,0.5,1,0,0.3333333333333333
4,1,00111.jpg,0,0,1,1,1,0,58,0.1,0.1,0.1,0.6,0.1,15,2.70805020110221,0.5,0.9988951897107317,1,0,0.25
5,1,00101.jpg,0,0,1,0,1,0,58,0.1,0.1,0.1,0.6,0.1,15,2.70805020110221,0.5,0.1823614697757806,0,1,0.4
6,1,00100.jpg,0,0,1,0,0,0,58,0.1,0.1,0.1,0.6,0.1,15,2.70805020110221,0.5,0.05754474310167339,0,1,0.5
7,1,01001.jpg,0,1,0,0,1,0,58,0.1,0.1,0.1,0.6,0.1,15,2.70805020110221,0.5,0.2595973570823081,0,1,0.5714285714285714
8,1,11110.jpg,1,1,1,1,0,1,58,0.1,0.1,0.1,0.6,0.1,15,2.70805020110221,0.5,0.9804605523822945,1,1,0.625
9,1,01101.jpg,0,1,1,0,1,0,58,0.1,0.1,0.1,0.6,0.1,15,2.70805020110221,0.5,0.4052506366783492,1,0,0.5555555555555556
10,1,00010.jpg,0,0,0,1,0,0,58,0.1,0.1,0.1,0.6,0.1,15,2.70805020110221,0.5,0.35279028230112086,0,1,0.6
11,1,10110.jpg,1,0,1,1,0,1,58,0.1,0.1,0.1,0.6,0.1,15,2.70805020110221,0.5,0.8647385556492158,1,1,0.6363636363636364
12,1,01000.jpg,0,1,0,0,0,0,58,0.1,0.1,0.1,0.6,0.1,15,2.70805020110221,0.5,0.04826839860895065,0,1,0.6666666666666666
13,1,10001.jpg,1,0,0,0,1,0,58,0.1,0.1,0.1,0.6,0.1,15,2.70805020110221,0.5,0.21859440760276674,1,0,0.6153846153846154
14,1,01011.jpg,0,1,0,1,1,0,58,0.1,0.1,0.1,0.6,0.1,15,2.70805020110221,0.5,0.5883110042765164,0,1,0.6428571428571429
15,1,11001.jpg,1,1,0,0,1,0,58,0.1,0.1,0.1,0.6,0.1,15,2.70805020110221,0.5,0.47801207663182327,1,0,0.6
16,1,10010.jpg,1,0,0,1,0,0,58,0.1,0.1,0.1,0.6,0.1,15,2.70805020110221,0.5,0.7609271444217143,1,0,0.5625
17,1,01111.jpg,0,1,1,1,1,0,58,0.1,0.1,0.1,0.6,0.1,15,2.70805020110221,0.5,0.6494073563924059,1,0,0.5294117647058824
18,1,00110.jpg,0,0,1,1,0,0,58,0.1,0.1,0.1,0.6,0.1,15,2.70805020110221,0.5,0.6236226287891771,1,0,0.5
19,1,10111.jpg,1,0,1,1,1,1,58,0.1,0.1,0.1,0.6,0.1,15,2.70805020110221,0.5,0.8147438382654515,0,0,0.47368421052631576
20,1,10011.jpg,1,0,0,1,1,0,58,0.1,0.1,0.1,0.6,0.1,15,2.70805020110221,0.5,0.7029898931733718,1,0,0.45
21,1,01010.jpg,0,1,0,1,0,0,58,0.1,0.1,0.1,0.6,0.1,15,2.70805020110221,0.5,0.26555274404022217,1,0,0.42857142857142855
22,1,01100.jpg,0,1,1,0,0,0,58,0.1,0.1,0.1,0.6,0.1,15,2.70805020110221,0.5,0.16727655839576352,1,0,0.4090909090909091
23,1,10100.jpg,1,0,1,0,0,1,58,0.1,0.1,0.1,0.6,0.1,15,2.70805020110221,0.5,0.2882722742453611,0,0,0.391304347826087
24,1,11011.jpg,1,1,0,1,1,0,58,0.1,0.1,0.1,0.6,0.1,15,2.70805020110221,0.5,0.6038582333645324,1,0,0.375
25,1,01110.jpg,0,1,1,1,0,0,58,0.1,0.1,0.1,0.6,0.1,15,2.70805020110221,0.5,0.5427627173851279,1,0,0.36
26,1,00011.jpg,0,0,0,1,1,0,58,0.1,0.1,0.1,0.6,0.1,15,2.70805020110221,0.5,0.16985598893182488,0,1,0.38461538461538464
27,1,11000.jpg,1,1,0,0,0,0,58,0.1,0.1,0.1,0.6,0.1,15,2.70805020110221,0.5,0.3445979256765717,1,0,0.37037037037037035
28,1,10000.jpg,1,0,0,0,0,0,58,0.1,0.1,0.1,0.6,0.1,15,2.70805020110221,0.5,0.5461433124633399,0,1,0.39285714285714285
29,1,11010.jpg,1,1,0,1,0,0,58,0.1,0.1,0.1,0.6,0.1,15,2.70805020110221,0.5,0.5750384506639581,1,0,0.3793103448275862
30,1,00000.jpg,0,0,0,0,0,0,58,0.1,0.1,0.1,0.6,0.1,15,2.70805020110221,0.5,0.14687631461175898,0,1,0.4
31,1,11100.jpg,1,1,1,0,0,1,58,0.1,0.1,0.1,0.6,0.1,15,2.70805020110221,0.5,0.7064053261426949,0,0,0.3870967741935484
32,1,10101.jpg,1,0,1,0,1,1,58,0.1,0.1,0.1,0.6,0.1,15,2.70805020110221,0.5,0.6962631232672352,1,1,0.40625
33,2,01010.jpg,0,1,0,1,0,0,58,0.1,0.1,0.1,0.6,0.1,15,2.70805020110221,0.5,0.09360691287121284,0,1,0.42424242424242425
34,2,10011.jpg,1,0,0,1,1,0,58,0.1,0.1,0.1,0.6,0.1,15,2.70805020110221,0.5,0.3525856694034684,0,1,0.4411764705882353
35,2,01011.jpg,0,1,0,1,1,0,58,0.1,0.1,0.1,0.6,0.1,15,2.70805020110221,0.5,0.09037172037064212,0,1,0.45714285714285713
36,2,10101.jpg,1,0,1,0,1,1,58,0.1,0.1,0.1,0.6,0.1,15,2.70805020110221,0.5,0.8718526637830174,1,1,0.4722222222222222
37,2,11100.jpg,1,1,1,0,0,1,58,0.1,0.1,0.1,0.6,0.1,15,2.70805020110221,0.5,0.8620494641816392,1,1,0.4864864864864865
38,2,10010.jpg,1,0,0,1,0,0,58,0.1,0.1,0.1,0.6,0.1,15,2.70805020110221,0.5,0.29172390619573785,0,1,0.5
39,2,10000.jpg,1,0,0,0,0,0,58,0.1,0.1,0.1,0.6,0.1,15,2.70805020110221,0.5,0.38918170648871514,0,1,0.5128205128205128
40,2,01100.jpg,0,1,1,0,0,0,58,0.1,0.1,0.1,0.6,0.1,15,2.70805020110221,0.5,0.46235790374087676,1,0,0.5
41,2,00011.jpg,0,0,0,1,1,0,58,0.1,0.1,0.1,0.6,0.1,15,2.70805020110221,0.5,0.07619397592226972,0,1,0.5121951219512195
42,2,01000.jpg,0,1,0,0,0,0,58,0.1,0.1,0.1,0.6,0.1,15,2.70805020110221,0.5,0.1388536417840705,0,1,0.5238095238095238
43,2,10100.jpg,1,0,1,0,0,1,58,0.1,0.1,0.1,0.6,0.1,15,2.70805020110221,0.5,0.8582945498565138,1,1,0.5348837209302325
44,2,00110.jpg,0,0,1,1,0,0,58,0.1,0.1,0.1,0.6,0.1,15,2.70805020110221,0.5,0.31872687961128343,1,0,0.5227272727272727
45,2,00000.jpg,0,0,0,0,0,0,58,0.1,0.1,0.1,0.6,0.1,15,2.70805020110221,0.5,0.14179038900239815,0,1,0.5333333333333333
46,2,10110.jpg,1,0,1,1,0,1,58,0.1,0.1,0.1,0.6,0.1,15,2.70805020110221,0.5,0.7855074088625676,1,1,0.5434782608695652
47,2,11101.jpg,1,1,1,0,1,1,58,0.1,0.1,0.1,0.6,0.1,15,2.70805020110221,0.5,0.8736048944619442,1,1,0.5531914893617021
48,2,11011.jpg,1,1,0,1,1,0,58,0.1,0.1,0.1,0.6,0.1,15,2.70805020110221,0.5,0.2649973646208634,1,0,0.5416666666666666
49,2,01001.jpg,0,1,0,0,1,0,58,0.1,0.1,0.1,0.6,0.1,15,2.70805020110221,0.5,0.13835245185741996,0,1,0.5510204081632653
50,2,01111.jpg,0,1,1,1,1,0,58,0.1,0.1,0.1,0.6,0.1,15,2.70805020110221,0.5,0.2898740229763455,0,1,0.56
51,2,10001.jpg,1,0,0,0,1,0,58,0.1,0.1,0.1,0.6,0.1,15,2.70805020110221,0.5,0.4588561965552006,0,1,0.5686274509803921
52,2,00010.jpg,0,0,0,1,0,0,58,0.1,0.1,0.1,0.6,0.1,15,2.70805020110221,0.5,0.10257818559960179,0,1,0.5769230769230769
53,2,11000.jpg,1,1,0,0,0,0,58,0.1,0.1,0.1,0.6,0.1,15,2.70805020110221,0.5,0.4399233850157458,0,1,0.5849056603773585
54,2,00100.jpg,0,0,1,0,0,0,58,0.1,0.1,0.1,0.6,0.1,15,2.70805020110221,0.5,0.45268425580221694,0,1,0.5925925925925926
55,2,00001.jpg,0,0,0,0,1,0,58,0.1,0.1,0.1,0.6,0.1,15,2.70805020110221,0.5,0.13520980193257634,1,0,0.5818181818181818
56,2,10111.jpg,1,0,1,1,1,1,58,0.1,0.1,0.1,0.6,0.1,15,2.70805020110221,0.5,0.8176435986454617,1,1,0.5892857142857143
57,2,11111.jpg,1,1,1,1,1,1,58,0.1,0.1,0.1,0.6,0.1,15,2.70805020110221,0.5,0.7990388483408049,1,1,0.5964912280701754
58,2,01101.jpg,0,1,1,0,1,0,58,0.1,0.1,0.1,0.6,0.1,15,2.70805020110221,0.5,0.42434694256576627,1,0,0.5862068965517241
59,2,00111.jpg,0,0,1,1,1,0,58,0.1,0.1,0.1,0.6,0.1,15,2.70805020110221,0.5,0.405743581910242,1,0,0.576271186440678
60,2,11010.jpg,1,1,0,1,0,0,58,0.1,0.1,0.1,0.6,0.1,15,2.70805020110221,0.5,0.32093429029680415,0,1,0.5833333333333334
61,2,00101.jpg,0,0,1,0,1,0,58,0.1,0.1,0.1,0.6,0.1,15,2.70805020110221,0.5,0.41721584494301633,1,0,0.5737704918032787
62,2,11001.jpg,1,1,0,0,1,0,58,0.1,0.1,0.1,0.6,0.1,15,2.70805020110221,0.5,0.421600764728435,1,0,0.5645161290322581
63,2,01110.jpg,0,1,1,1,0,0,58,0.1,0.1,0.1,0.6,0.1,15,2.70805020110221,0.5,0.33149842861810613,1,0,0.5555555555555556
64,2,11110.jpg,1,1,1,1,0,1,58,0.1,0.1,0.1,0.6,0.1,15,2.70805020110221,0.5,0.8111514737880308,1,1,0.5625
65,3,01101.jpg,0,1,1,0,1,0,58,0.1,0.1,0.1,0.6,0.1,15,2.70805020110221,0.5,0.3446366800465236,1,0,0.5538461538461539
66,3,01100.jpg,0,1,1,0,0,0,58,0.1,0.1,0.1,0.6,0.1,15,2.70805020110221,0.5,0.33648329298192475,0,1,0.5606060606060606
67,3,11110.jpg,1,1,1,1,0,1,58,0.1,0.1,0.1,0.6,0.1,15,2.70805020110221,0.5,0.8630072880286652,1,1,0.5671641791044776
68,3,11000.jpg,1,1,0,0,0,0,58,0.1,0.1,0.1,0.6,0.1,15,2.70805020110221,0.5,0.33663620760046004,0,1,0.5735294117647058
69,3,10100.jpg,1,0,1,0,0,1,58,0.1,0.1,0.1,0.6,0.1,15,2.70805020110221,0.5,0.8491295552478735,1,1,0.5797101449275363
70,3,00011.jpg,0,0,0,1,1,0,58,0.1,0.1,0.1,0.6,0.1,15,2.70805020110221,0.5,0.09021441979955816,0,1,0.5857142857142857
71,3,10001.jpg,1,0,0,0,1,0,58,0.1,0.1,0.1,0.6,0.1,15,2.70805020110221,0.5,0.34863829729475704,1,0,0.5774647887323944
72,3,00111.jpg,0,0,1,1,1,0,58,0.1,0.1,0.1,0.6,0.1,15,2.70805020110221,0.5,0.3314094410251257,0,1,0.5833333333333334
73,3,10011.jpg,1,0,0,1,1,0,58,0.1,0.1,0.1,0.6,0.1,15,2.70805020110221,0.5,0.3328287165942331,1,0,0.5753424657534246
74,3,11001.jpg,1,1,0,0,1,0,58,0.1,0.1,0.1,0.6,0.1,15,2.70805020110221,0.5,0.32457137349310655,0,1,0.581081081081081
75,3,01110.jpg,0,1,1,1,0,0,58,0.1,0.1,0.1,0.6,0.1,15,2.70805020110221,0.5,0.4171328315776222,0,1,0.5866666666666667
76,3,00100.jpg,0,0,1,0,0,0,58,0.1,0.1,0.1,0.6,0.1,15,2.70805020110221,0.5,0.40719874646218884,1,0,0.5789473684210527
77,3,10110.jpg,1,0,1,1,0,1,58,0.1,0.1,0.1,0.6,0.1,15,2.70805020110221,0.5,0.8629993523297362,1,1,0.5844155844155844
78,3,01011.jpg,0,1,0,1,1,0,58,0.1,0.1,0.1,0.6,0.1,15,2.70805020110221,0.5,0.09549832646973677,0,1,0.5897435897435898
79,3,00001.jpg,0,0,0,0,1,0,58,0.1,0.1,0.1,0.6,0.1,15,2.70805020110221,0.5,0.09523907065953979,0,1,0.5949367088607594
80,3,11010.jpg,1,1,0,1,0,0,58,0.1,0.1,0.1,0.6,0.1,15,2.70805020110221,0.5,0.4278480748333268,1,0,0.5875
81,3,10000.jpg,1,0,0,0,0,0,58,0.1,0.1,0.1,0.6,0.1,15,2.70805020110221,0.5,0.3929559198492627,1,0,0.5802469135802469
82,3,01001.jpg,0,1,0,0,1,0,58,0.1,0.1,0.1,0.6,0.1,15,2.70805020110221,0.5,0.08727422592289154,0,1,0.5853658536585366
83,3,00010.jpg,0,0,0,1,0,0,58,0.1,0.1,0.1,0.6,0.1,15,2.70805020110221,0.5,0.12662751573476622,0,1,0.5903614457831325
84,3,00000.jpg,0,0,0,0,0,0,58,0.1,0.1,0.1,0.6,0.1,15,2.70805020110221,0.5,0.11371120599944307,0,1,0.5952380952380952
85,3,10111.jpg,1,0,1,1,1,1,58,0.1,0.1,0.1,0.6,0.1,15,2.70805020110221,0.5,0.8465491194109591,1,1,0.6
86,3,11111.jpg,1,1,1,1,1,1,58,0.1,0.1,0.1,0.6,0.1,15,2.70805020110221,0.5,0.8664843646463407,1,1,0.6046511627906976
87,3,11100.jpg,1,1,1,0,0,1,58,0.1,0.1,0.1,0.6,0.1,15,2.70805020110221,0.5,0.8213029884464893,1,1,0.6091954022988506
88,3,01010.jpg,0,1,0,1,0,0,58,0.1,0.1,0.1,0.6,0.1,15,2.70805020110221,0.5,0.11091777144317466,0,1,0.6136363636363636
89,3,01000.jpg,0,1,0,0,0,0,58,0.1,0.1,0.1,0.6,0.1,15,2.70805020110221,0.5,0.10305014329360107,0,1,0.6179775280898876
90,3,10010.jpg,1,0,0,1,0,0,58,0.1,0.1,0.1,0.6,0.1,15,2.70805020110221,0.5,0.3980999654701117,1,0,0.6111111111111112
91,3,01111.jpg,0,1,1,1,1,0,58,0.1,0.1,0.1,0.6,0.1,15,2.70805020110221,0.5,0.40152115618084927,1,0,0.6043956043956044
92,3,00101.jpg,0,0,1,0,1,0,58,0.1,0.1,0.1,0.6,0.1,15,2.70805020110221,0.5,0.3265175835128879,0,1,0.6086956521739131
93,3,11011.jpg,1,1,0,1,1,0,58,0.1,0.1,0.1,0.6,0.1,15,2.70805020110221,0.5,0.4034828678102872,0,1,0.6129032258064516
94,3,00110.jpg,0,0,1,1,0,0,58,0.1,0.1,0.1,0.6,0.1,15,2.70805020110221,0.5,0.4067808824290594,0,1,0.6170212765957447
95,3,10101.jpg,1,0,1,0,1,1,58,0.1,0.1,0.1,0.6,0.1,15,2.70805020110221,0.5,0.8275808393354863,1,1,0.6210526315789474
96,3,11101.jpg,1,1,1,0,1,1,58,0.1,0.1,0.1,0.6,0.1,15,2.70805020110221,0.5,0.8306472660041792,1,1,0.625
1,1,11101.jpg,1,1,1,0,1,1,59,0.1,0.1,0.1,0.6,0.1,15,2.70805020110221,0.5,0.5,1,1,1
2,1,11111.jpg,1,1,1,1,1,1,59,0.1,0.1,0.1,0.6,0.1,15,2.70805020110221,0.5,0.5,0,0,0.5
3,1,00001.jpg,0,0,0,0,1,0,59,0.1,0.1,0.1,0.6,0.1,15,2.70805020110221,0.5,0.5,1,0,0.3333333333333333
4,1,00111.jpg,0,0,1,1,1,0,59,0.1,0.1,0.1,0.6,0.1,15,2.70805020110221,0.5,0.9988951897107317,1,0,0.25
5,1,00101.jpg,0,0,1,0,1,0,59,0.1,0.1,0.1,0.6,0.1,15,2.70805020110221,0.5,0.1823614697757806,0,1,0.4
6,1,00100.jpg,0,0,1,0,0,0,59,0.1,0.1,0.1,0.6,0.1,15,2.70805020110221,0.5,0.05754474310167339,0,1,0.5
7,1,01001.jpg,0,1,0,0,1,0,59,0.1,0.1,0.1,0.6,0.1,15,2.70805020110221,0.5,0.2595973570823081,0,1,0.5714285714285714
8,1,11110.jpg,1,1,1,1,0,1,59,0.1,0.1,0.1,0.6,0.1,15,2.70805020110221,0.5,0.9804605523822945,1,1,0.625
9,1,01101.jpg,0,1,1,0,1,0,59,0.1,0.1,0.1,0.6,0.1,15,2.70805020110221,0.5,0.4052506366783492,1,0,0.5555555555555556
10,1,00010.jpg,0,0,0,1,0,0,59,0.1,0.1,0.1,0.6,0.1,15,2.70805020110221,0.5,0.35279028230112086,0,1,0.6
11,1,10110.jpg,1,0,1,1,0,1,59,0.1,0.1,0.1,0.6,0.1,15,2.70805020110221,0.5,0.8647385556492158,1,1,0.6363636363636364
12,1,01000.jpg,0,1,0,0,0,0,59,0.1,0.1,0.1,0.6,0.1,15,2.70805020110221,0.5,0.04826839860895065,0,1,0.6666666666666666
13,1,10001.jpg,1,0,0,0,1,0,59,0.1,0.1,0.1,0.6,0.1,15,2.70805020110221,0.5,0.21859440760276674,1,0,0.6153846153846154
14,1,01011.jpg,0,1,0,1,1,0,59,0.1,0.1,0.1,0.6,0.1,15,2.70805020110221,0.5,0.5883110042765164,0,1,0.6428571428571429
15,1,11001.jpg,1,1,0,0,1,0,59,0.1,0.1,0.1,0.6,0.1,15,2.70805020110221,0.5,0.47801207663182327,1,0,0.6
16,1,10010.jpg,1,0,0,1,0,0,59,0.1,0.1,0.1,0.6,0.1,15,2.70805020110221,0.5,0.7609271444217143,1,0,0.5625
17,1,01111.jpg,0,1,1,1,1,0,59,0.1,0.1,0.1,0.6,0.1,15,2.70805020110221,0.5,0.6494073563924059,1,0,0.5294117647058824
18,1,00110.jpg,0,0,1,1,0,0,59,0.1,0.1,0.1,0.6,0.1,15,2.70805020110221,0.5,0.6236226287891771,1,0,0.5
19,1,10111.jpg,1,0,1,1,1,1,59,0.1,0.1,0.1,0.6,0.1,15,2.70805020110221,0.5,0.8147438382654515,0,0,0.47368421052631576
20,1,10011.jpg,1,0,0,1,1,0,59,0.1,0.1,0.1,0.6,0.1,15,2.70805020110221,0.5,0.7029898931733718,1,0,0.45
21,1,01010.jpg,0,1,0,1,0,0,59,0.1,0.1,0.1,0.6,0.1,15,2.70805020110221,0.5,0.26555274404022217,1,0,0.42857142857142855
22,1,01100.jpg,0,1,1,0,0,0,59,0.1,0.1,0.1,0.6,0.1,15,2.70805020110221,0.5,0.16727655839576352,1,0,0.4090909090909091
23,1,10100.jpg,1,0,1,0,0,1,59,0.1,0.1,0.1,0.6,0.1,15,2.70805020110221,0.5,0.2882722742453611,0,0,0.391304347826087
24,1,11011.jpg,1,1,0,1,1,0,59,0.1,0.1,0.1,0.6,0.1,15,2.70805020110221,0.5,0.6038582333645324,1,0,0.375
25,1,01110.jpg,0,1,1,1,0,0,59,0.1,0.1,0.1,0.6,0.1,15,2.70805020110221,0.5,0.5427627173851279,1,0,0.36
26,1,00011.jpg,0,0,0,1,1,0,59,0.1,0.1,0.1,0.6,0.1,15,2.70805020110221,0.5,0.16985598893182488,0,1,0.38461538461538464
27,1,11000.jpg,1,1,0,0,0,0,59,0.1,0.1,0.1,0.6,0.1,15,2.70805020110221,0.5,0.3445979256765717,1,0,0.37037037037037035
28,1,10000.jpg,1,0,0,0,0,0,59,0.1,0.1,0.1,0.6,0.1,15,2.70805020110221,0.5,0.5461433124633399,0,1,0.39285714285714285
29,1,11010.jpg,1,1,0,1,0,0,59,0.1,0.1,0.1,0.6,0.1,15,2.70805020110221,0.5,0.5750384506639581,1,0,0.3793103448275862
30,1,00000.jpg,0,0,0,0,0,0,59,0.1,0.1,0.1,0.6,0.1,15,2.70805020110221,0.5,0.14687631461175898,0,1,0.4
31,1,11100.jpg,1,1,1,0,0,1,59,0.1,0.1,0.1,0.6,0.1,15,2.70805020110221,0.5,0.7064053261426949,0,0,0.3870967741935484
32,1,10101.jpg,1,0,1,0,1,1,59,0.1,0.1,0.1,0.6,0.1,15,2.70805020110221,0.5,0.6962631232672352,1,1,0.40625
33,2,01010.jpg,0,1,0,1,0,0,59,0.1,0.1,0.1,0.6,0.1,15,2.70805020110221,0.5,0.09360691287121284,0,1,0.42424242424242425
34,2,10011.jpg,1,0,0,1,1,0,59,0.1,0.1,0.1,0.6,0.1,15,2.70805020110221,0.5,0.3525856694034684,0,1,0.4411764705882353
35,2,01011.jpg,0,1,0,1,1,0,59,0.1,0.1,0.1,0.6,0.1,15,2.70805020110221,0.5,0.09037172037064212,0,1,0.45714285714285713
36,2,10101.jpg,1,0,1,0,1,1,59,0.1,0.1,0.1,0.6,0.1,15,2.70805020110221,0.5,0.8718526637830174,1,1,0.4722222222222222
37,2,11100.jpg,1,1,1,0,0,1,59,0.1,0.1,0.1,0.6,0.1,15,2.70805020110221,0.5,0.8620494641816392,1,1,0.4864864864864865
38,2,10010.jpg,1,0,0,1,0,0,59,0.1,0.1,0.1,0.6,0.1,15,2.70805020110221,0.5,0.29172390619573785,0,1,0.5
39,2,10000.jpg,1,0,0,0,0,0,59,0.1,0.1,0.1,0.6,0.1,15,2.70805020110221,0.5,0.38918170648871514,0,1,0.5128205128205128
40,2,01100.jpg,0,1,1,0,0,0,59,0.1,0.1,0.1,0.6,0.1,15,2.70805020110221,0.5,0.46235790374087676,1,0,0.5
41,2,00011.jpg,0,0,0,1,1,0,59,0.1,0.1,0.1,0.6,0.1,15,2.70805020110221,0.5,0.07619397592226972,0,1,0.5121951219512195
42,2,01000.jpg,0,1,0,0,0,0,59,0.1,0.1,0.1,0.6,0.1,15,2.70805020110221,0.5,0.1388536417840705,0,1,0.5238095238095238
43,2,10100.jpg,1,0,1,0,0,1,59,0.1,0.1,0.1,0.6,0.1,15,2.70805020110221,0.5,0.8582945498565138,1,1,0.5348837209302325
44,2,00110.jpg,0,0,1,1,0,0,59,0.1,0.1,0.1,0.6,0.1,15,2.70805020110221,0.5,0.31872687961128343,1,0,0.5227272727272727
45,2,00000.jpg,0,0,0,0,0,0,59,0.1,0.1,0.1,0.6,0.1,15,2.70805020110221,0.5,0.14179038900239815,0,1,0.5333333333333333
46,2,10110.jpg,1,0,1,1,0,1,59,0.1,0.1,0.1,0.6,0.1,15,2.70805020110221,0.5,0.7855074088625676,1,1,0.5434782608695652
47,2,11101.jpg,1,1,1,0,1,1,59,0.1,0.1,0.1,0.6,0.1,15,2.70805020110221,0.5,0.8736048944619442,1,1,0.5531914893617021
48,2,11011.jpg,1,1,0,1,1,0,59,0.1,0.1,0.1,0.6,0.1,15,2.70805020110221,0.5,0.2649973646208634,1,0,0.5416666666666666
49,2,01001.jpg,0,1,0,0,1,0,59,0.1,0.1,0.1,0.6,0.1,15,2.70805020110221,0.5,0.13835245185741996,0,1,0.5510204081632653
50,2,01111.jpg,0,1,1,1,1,0,59,0.1,0.1,0.1,0.6,0.1,15,2.70805020110221,0.5,0.2898740229763455,0,1,0.56
51,2,10001.jpg,1,0,0,0,1,0,59,0.1,0.1,0.1,0.6,0.1,15,2.70805020110221,0.5,0.4588561965552006,0,1,0.5686274509803921
52,2,00010.jpg,0,0,0,1,0,0,59,0.1,0.1,0.1,0.6,0.1,15,2.70805020110221,0.5,0.10257818559960179,0,1,0.5769230769230769
53,2,11000.jpg,1,1,0,0,0,0,59,0.1,0.1,0.1,0.6,0.1,15,2.70805020110221,0.5,0.4399233850157458,0,1,0.5849056603773585
54,2,00100.jpg,0,0,1,0,0,0,59,0.1,0.1,0.1,0.6,0.1,15,2.70805020110221,0.5,0.45268425580221694,0,1,0.5925925925925926
55,2,00001.jpg,0,0,0,0,1,0,59,0.1,0.1,0.1,0.6,0.1,15,2.70805020110221,0.5,0.13520980193257634,1,0,0.5818181818181818
56,2,10111.jpg,1,0,1,1,1,1,59,0.1,0.1,0.1,0.6,0.1,15,2.70805020110221,0.5,0.8176435986454617,1,1,0.5892857142857143
57,2,11111.jpg,1,1,1,1,1,1,59,0.1,0.1,0.1,0.6,0.1,15,2.70805020110221,0.5,0.7990388483408049,1,1,0.5964912280701754
58,2,01101.jpg,0,1,1,0,1,0,59,0.1,0.1,0.1,0.6,0.1,15,2.70805020110221,0.5,0.42434694256576627,1,0,0.5862068965517241
59,2,00111.jpg,0,0,1,1,1,0,59,0.1,0.1,0.1,0.6,0.1,15,2.70805020110221,0.5,0.405743581910242,1,0,0.576271186440678
60,2,11010.jpg,1,1,0,1,0,0,59,0.1,0.1,0.1,0.6,0.1,15,2.70805020110221,0.5,0.32093429029680415,0,1,0.5833333333333334
61,2,00101.jpg,0,0,1,0,1,0,59,0.1,0.1,0.1,0.6,0.1,15,2.70805020110221,0.5,0.41721584494301633,1,0,0.5737704918032787
62,2,11001.jpg,1,1,0,0,1,0,59,0.1,0.1,0.1,0.6,0.1,15,2.70805020110221,0.5,0.421600764728435,1,0,0.5645161290322581
63,2,01110.jpg,0,1,1,1,0,0,59,0.1,0.1,0.1,0.6,0.1,15,2.70805020110221,0.5,0.33149842861810613,1,0,0.5555555555555556
64,2,11110.jpg,1,1,1,1,0,1,59,0.1,0.1,0.1,0.6,0.1,15,2.70805020110221,0.5,0.8111514737880308,1,1,0.5625
65,3,01101.jpg,0,1,1,0,1,0,59,0.1,0.1,0.1,0.6,0.1,15,2.70805020110221,0.5,0.3446366800465236,1,0,0.5538461538461539
66,3,01100.jpg,0,1,1,0,0,0,59,0.1,0.1,0.1,0.6,0.1,15,2.70805020110221,0.5,0.33648329298192475,0,1,0.5606060606060606
67,3,11110.jpg,1,1,1,1,0,1,59,0.1,0.1,0.1,0.6,0.1,15,2.70805020110221,0.5,0.8630072880286652,1,1,0.5671641791044776
68,3,11000.jpg,1,1,0,0,0,0,59,0.1,0.1,0.1,0.6,0.1,15,2.70805020110221,0.5,0.33663620760046004,0,1,0.5735294117647058
69,3,10100.jpg,1,0,1,0,0,1,59,0.1,0.1,0.1,0.6,0.1,15,2.70805020110221,0.5,0.8491295552478735,1,1,0.5797101449275363
70,3,00011.jpg,0,0,0,1,1,0,59,0.1,0.1,0.1,0.6,0.1,15,2.70805020110221,0.5,0.09021441979955816,0,1,0.5857142857142857
71,3,10001.jpg,1,0,0,0,1,0,59,0.1,0.1,0.1,0.6,0.1,15,2.70805020110221,0.5,0.34863829729475704,1,0,0.5774647887323944
72,3,00111.jpg,0,0,1,1,1,0,59,0.1,0.1,0.1,0.6,0.1,15,2.70805020110221,0.5,0.3314094410251257,0,1,0.5833333333333334
73,3,10011.jpg,1,0,0,1,1,0,59,0.1,0.1,0.1,0.6,0.1,15,2.70805020110221,0.5,0.3328287165942331,1,0,0.5753424657534246
74,3,11001.jpg,1,1,0,0,1,0,59,0.1,0.1,0.1,0.6,0.1,15,2.70805020110221,0.5,0.32457137349310655,0,1,0.581081081081081
75,3,01110.jpg,0,1,1,1,0,0,59,0.1,0.1,0.1,0.6,0.1,15,2.70805020110221,0.5,0.4171328315776222,0,1,0.5866666666666667
76,3,00100.jpg,0,0,1,0,0,0,59,0.1,0.1,0.1,0.6,0.1,15,2.70805020110221,0.5,0.40719874646218884,1,0,0.5789473684210527
77,3,10110.jpg,1,0,1,1,0,1,59,0.1,0.1,0.1,0.6,0.1,15,2.70805020110221,0.5,0.8629993523297362,1,1,0.5844155844155844
78,3,01011.jpg,0,1,0,1,1,0,59,0.1,0.1,0.1,0.6,0.1,15,2.70805020110221,0.5,0.09549832646973677,0,1,0.5897435897435898
79,3,00001.jpg,0,0,0,0,1,0,59,0.1,0.1,0.1,0.6,0.1,15,2.70805020110221,0.5,0.09523907065953979,0,1,0.5949367088607594
80,3,11010.jpg,1,1,0,1,0,0,59,0.1,0.1,0.1,0.6,0.1,15,2.70805020110221,0.5,0.4278480748333268,1,0,0.5875
81,3,10000.jpg,1,0,0,0,0,0,59,0.1,0.1,0.1,0.6,0.1,15,2.70805020110221,0.5,0.3929559198492627,1,0,0.5802469135802469
82,3,01001.jpg,0,1,0,0,1,0,59,0.1,0.1,0.1,0.6,0.1,15,2.70805020110221,0.5,0.08727422592289154,0,1,0.5853658536585366
83,3,00010.jpg,0,0,0,1,0,0,59,0.1,0.1,0.1,0.6,0.1,15,2.70805020110221,0.5,0.12662751573476622,0,1,0.5903614457831325
84,3,00000.jpg,0,0,0,0,0,0,59,0.1,0.1,0.1,0.6,0.1,15,2.70805020110221,0.5,0.11371120599944307,0,1,0.5952380952380952
85,3,10111.jpg,1,0,1,1,1,1,59,0.1,0.1,0.1,0.6,0.1,15,2.70805020110221,0.5,0.8465491194109591,1,1,0.6
86,3,11111.jpg,1,1,1,1,1,1,59,0.1,0.1,0.1,0.6,0.1,15,2.70805020110221,0.5,0.8664843646463407,1,1,0.6046511627906976
87,3,11100.jpg,1,1,1,0,0,1,59,0.1,0.1,0.1,0.6,0.1,15,2.70805020110221,0.5,0.8213029884464893,1,1,0.6091954022988506
88,3,01010.jpg,0,1,0,1,0,0,59,0.1,0.1,0.1,0.6,0.1,15,2.70805020110221,0.5,0.11091777144317466,0,1,0.6136363636363636
89,3,01000.jpg,0,1,0,0,0,0,59,0.1,0.1,0.1,0.6,0.1,15,2.70805020110221,0.5,0.10305014329360107,0,1,0.6179775280898876
90,3,10010.jpg,1,0,0,1,0,0,59,0.1,0.1,0.1,0.6,0.1,15,2.70805020110221,0.5,0.3980999654701117,1,0,0.6111111111111112
91,3,01111.jpg,0,1,1,1,1,0,59,0.1,0.1,0.1,0.6,0.1,15,2.70805020110221,0.5,0.40152115618084927,1,0,0.6043956043956044
92,3,00101.jpg,0,0,1,0,1,0,59,0.1,0.1,0.1,0.6,0.1,15,2.70805020110221,0.5,0.3265175835128879,0,1,0.6086956521739131
93,3,11011.jpg,1,1,0,1,1,0,59,0.1,0.1,0.1,0.6,0.1,15,2.70805020110221,0.5,0.4034828678102872,0,1,0.6129032258064516
94,3,00110.jpg,0,0,1,1,0,0,59,0.1,0.1,0.1,0.6,0.1,15,2.70805020110221,0.5,0.4067808824290594,0,1,0.6170212765957447
95,3,10101.jpg,1,0,1,0,1,1,59,0.1,0.1,0.1,0.6,0.1,15,2.70805020110221,0.5,0.8275808393354863,1,1,0.6210526315789474
96,3,11101.jpg,1,1,1,0,1,1,59,0.1,0.1,0.1,0.6,0.1,15,2.70805020110221,0.5,0.8306472660041792,1,1,0.625
1,1,11101.jpg,1,1,1,0,1,1,60,0.1,0.1,0.1,0.6,0.1,15,2.70805020110221,0.5,0.5,1,1,1
2,1,11111.jpg,1,1,1,1,1,1,60,0.1,0.1,0.1,0.6,0.1,15,2.70805020110221,0.5,0.5,0,0,0.5
3,1,00001.jpg,0,0,0,0,1,0,60,0.1,0.1,0.1,0.6,0.1,15,2.70805020110221,0.5,0.5,1,0,0.3333333333333333
4,1,00111.jpg,0,0,1,1,1,0,60,0.1,0.1,0.1,0.6,0.1,15,2.70805020110221,0.5,0.9988951897107317,1,0,0.25
5,1,00101.jpg,0,0,1,0,1,0,60,0.1,0.1,0.1,0.6,0.1,15,2.70805020110221,0.5,0.1823614697757806,0,1,0.4
6,1,00100.jpg,0,0,1,0,0,0,60,0.1,0.1,0.1,0.6,0.1,15,2.70805020110221,0.5,0.05754474310167339,0,1,0.5
7,1,01001.jpg,0,1,0,0,1,0,60,0.1,0.1,0.1,0.6,0.1,15,2.70805020110221,0.5,0.2595973570823081,0,1,0.5714285714285714
8,1,11110.jpg,1,1,1,1,0,1,60,0.1,0.1,0.1,0.6,0.1,15,2.70805020110221,0.5,0.9804605523822945,1,1,0.625
9,1,01101.jpg,0,1,1,0,1,0,60,0.1,0.1,0.1,0.6,0.1,15,2.70805020110221,0.5,0.4052506366783492,1,0,0.5555555555555556
10,1,00010.jpg,0,0,0,1,0,0,60,0.1,0.1,0.1,0.6,0.1,15,2.70805020110221,0.5,0.35279028230112086,0,1,0.6
11,1,10110.jpg,1,0,1,1,0,1,60,0.1,0.1,0.1,0.6,0.1,15,2.70805020110221,0.5,0.8647385556492158,1,1,0.6363636363636364
12,1,01000.jpg,0,1,0,0,0,0,60,0.1,0.1,0.1,0.6,0.1,15,2.70805020110221,0.5,0.04826839860895065,0,1,0.6666666666666666
13,1,10001.jpg,1,0,0,0,1,0,60,0.1,0.1,0.1,0.6,0.1,15,2.70805020110221,0.5,0.21859440760276674,1,0,0.6153846153846154
14,1,01011.jpg,0,1,0,1,1,0,60,0.1,0.1,0.1,0.6,0.1,15,2.70805020110221,0.5,0.5883110042765164,0,1,0.6428571428571429
15,1,11001.jpg,1,1,0,0,1,0,60,0.1,0.1,0.1,0.6,0.1,15,2.70805020110221,0.5,0.47801207663182327,1,0,0.6
16,1,10010.jpg,1,0,0,1,0,0,60,0.1,0.1,0.1,0.6,0.1,15,2.70805020110221,0.5,0.7609271444217143,1,0,0.5625
17,1,01111.jpg,0,1,1,1,1,0,60,0.1,0.1,0.1,0.6,0.1,15,2.70805020110221,0.5,0.6494073563924059,1,0,0.5294117647058824
18,1,00110.jpg,0,0,1,1,0,0,60,0.1,0.1,0.1,0.6,0.1,15,2.70805020110221,0.5,0.6236226287891771,1,0,0.5
19,1,10111.jpg,1,0,1,1,1,1,60,0.1,0.1,0.1,0.6,0.1,15,2.70805020110221,0.5,0.8147438382654515,0,0,0.47368421052631576
20,1,10011.jpg,1,0,0,1,1,0,60,0.1,0.1,0.1,0.6,0.1,15,2.70805020110221,0.5,0.7029898931733718,1,0,0.45
21,1,01010.jpg,0,1,0,1,0,0,60,0.1,0.1,0.1,0.6,0.1,15,2.70805020110221,0.5,0.26555274404022217,1,0,0.42857142857142855
22,1,01100.jpg,0,1,1,0,0,0,60,0.1,0.1,0.1,0.6,0.1,15,2.70805020110221,0.5,0.16727655839576352,1,0,0.4090909090909091
23,1,10100.jpg,1,0,1,0,0,1,60,0.1,0.1,0.1,0.6,0.1,15,2.70805020110221,0.5,0.2882722742453611,0,0,0.391304347826087
24,1,11011.jpg,1,1,0,1,1,0,60,0.1,0.1,0.1,0.6,0.1,15,2.70805020110221,0.5,0.6038582333645324,1,0,0.375
25,1,01110.jpg,0,1,1,1,0,0,60,0.1,0.1,0.1,0.6,0.1,15,2.70805020110221,0.5,0.5427627173851279,1,0,0.36
26,1,00011.jpg,0,0,0,1,1,0,60,0.1,0.1,0.1,0.6,0.1,15,2.70805020110221,0.5,0.16985598893182488,0,1,0.38461538461538464
27,1,11000.jpg,1,1,0,0,0,0,60,0.1,0.1,0.1,0.6,0.1,15,2.70805020110221,0.5,0.3445979256765717,1,0,0.37037037037037035
28,1,10000.jpg,1,0,0,0,0,0,60,0.1,0.1,0.1,0.6,0.1,15,2.70805020110221,0.5,0.5461433124633399,0,1,0.39285714285714285
29,1,11010.jpg,1,1,0,1,0,0,60,0.1,0.1,0.1,0.6,0.1,15,2.70805020110221,0.5,0.5750384506639581,1,0,0.3793103448275862
30,1,00000.jpg,0,0,0,0,0,0,60,0.1,0.1,0.1,0.6,0.1,15,2.70805020110221,0.5,0.14687631461175898,0,1,0.4
31,1,11100.jpg,1,1,1,0,0,1,60,0.1,0.1,0.1,0.6,0.1,15,2.70805020110221,0.5,0.7064053261426949,0,0,0.3870967741935484
32,1,10101.jpg,1,0,1,0,1,1,60,0.1,0.1,0.1,0.6,0.1,15,2.70805020110221,0.5,0.6962631232672352,1,1,0.40625
33,2,01010.jpg,0,1,0,1,0,0,60,0.1,0.1,0.1,0.6,0.1,15,2.70805020110221,0.5,0.09360691287121284,0,1,0.42424242424242425
34,2,10011.jpg,1,0,0,1,1,0,60,0.1,0.1,0.1,0.6,0.1,15,2.70805020110221,0.5,0.3525856694034684,0,1,0.4411764705882353
35,2,01011.jpg,0,1,0,1,1,0,60,0.1,0.1,0.1,0.6,0.1,15,2.70805020110221,0.5,0.09037172037064212,0,1,0.45714285714285713
36,2,10101.jpg,1,0,1,0,1,1,60,0.1,0.1,0.1,0.6,0.1,15,2.70805020110221,0.5,0.8718526637830174,1,1,0.4722222222222222
37,2,11100.jpg,1,1,1,0,0,1,60,0.1,0.1,0.1,0.6,0.1,15,2.70805020110221,0.5,0.8620494641816392,1,1,0.4864864864864865
38,2,10010.jpg,1,0,0,1,0,0,60,0.1,0.1,0.1,0.6,0.1,15,2.70805020110221,0.5,0.29172390619573785,0,1,0.5
39,2,10000.jpg,1,0,0,0,0,0,60,0.1,0.1,0.1,0.6,0.1,15,2.70805020110221,0.5,0.38918170648871514,0,1,0.5128205128205128
40,2,01100.jpg,0,1,1,0,0,0,60,0.1,0.1,0.1,0.6,0.1,15,2.70805020110221,0.5,0.46235790374087676,1,0,0.5
41,2,00011.jpg,0,0,0,1,1,0,60,0.1,0.1,0.1,0.6,0.1,15,2.70805020110221,0.5,0.07619397592226972,0,1,0.5121951219512195
42,2,01000.jpg,0,1,0,0,0,0,60,0.1,0.1,0.1,0.6,0.1,15,2.70805020110221,0.5,0.1388536417840705,0,1,0.5238095238095238
43,2,10100.jpg,1,0,1,0,0,1,60,0.1,0.1,0.1,0.6,0.1,15,2.70805020110221,0.5,0.8582945498565138,1,1,0.5348837209302325
44,2,00110.jpg,0,0,1,1,0,0,60,0.1,0.1,0.1,0.6,0.1,15,2.70805020110221,0.5,0.31872687961128343,1,0,0.5227272727272727
45,2,00000.jpg,0,0,0,0,0,0,60,0.1,0.1,0.1,0.6,0.1,15,2.70805020110221,0.5,0.14179038900239815,0,1,0.5333333333333333
46,2,10110.jpg,1,0,1,1,0,1,60,0.1,0.1,0.1,0.6,0.1,15,2.70805020110221,0.5,0.7855074088625676,1,1,0.5434782608695652
47,2,11101.jpg,1,1,1,0,1,1,60,0.1,0.1,0.1,0.6,0.1,15,2.70805020110221,0.5,0.8736048944619442,1,1,0.5531914893617021
48,2,11011.jpg,1,1,0,1,1,0,60,0.1,0.1,0.1,0.6,0.1,15,2.70805020110221,0.5,0.2649973646208634,1,0,0.5416666666666666
49,2,01001.jpg,0,1,0,0,1,0,60,0.1,0.1,0.1,0.6,0.1,15,2.70805020110221,0.5,0.13835245185741996,0,1,0.5510204081632653
50,2,01111.jpg,0,1,1,1,1,0,60,0.1,0.1,0.1,0.6,0.1,15,2.70805020110221,0.5,0.2898740229763455,0,1,0.56
51,2,10001.jpg,1,0,0,0,1,0,60,0.1,0.1,0.1,0.6,0.1,15,2.70805020110221,0.5,0.4588561965552006,0,1,0.5686274509803921
52,2,00010.jpg,0,0,0,1,0,0,60,0.1,0.1,0.1,0.6,0.1,15,2.70805020110221,0.5,0.10257818559960179,0,1,0.5769230769230769
53,2,11000.jpg,1,1,0,0,0,0,60,0.1,0.1,0.1,0.6,0.1,15,2.70805020110221,0.5,0.4399233850157458,0,1,0.5849056603773585
54,2,00100.jpg,0,0,1,0,0,0,60,0.1,0.1,0.1,0.6,0.1,15,2.70805020110221,0.5,0.45268425580221694,0,1,0.5925925925925926
55,2,00001.jpg,0,0,0,0,1,0,60,0.1,0.1,0.1,0.6,0.1,15,2.70805020110221,0.5,0.13520980193257634,1,0,0.5818181818181818
56,2,10111.jpg,1,0,1,1,1,1,60,0.1,0.1,0.1,0.6,0.1,15,2.70805020110221,0.5,0.8176435986454617,1,1,0.5892857142857143
57,2,11111.jpg,1,1,1,1,1,1,60,0.1,0.1,0.1,0.6,0.1,15,2.70805020110221,0.5,0.7990388483408049,1,1,0.5964912280701754
58,2,01101.jpg,0,1,1,0,1,0,60,0.1,0.1,0.1,0.6,0.1,15,2.70805020110221,0.5,0.42434694256576627,1,0,0.5862068965517241
59,2,00111.jpg,0,0,1,1,1,0,60,0.1,0.1,0.1,0.6,0.1,15,2.70805020110221,0.5,0.405743581910242,1,0,0.576271186440678
60,2,11010.jpg,1,1,0,1,0,0,60,0.1,0.1,0.1,0.6,0.1,15,2.70805020110221,0.5,0.32093429029680415,0,1,0.5833333333333334
61,2,00101.jpg,0,0,1,0,1,0,60,0.1,0.1,0.1,0.6,0.1,15,2.70805020110221,0.5,0.41721584494301633,1,0,0.5737704918032787
62,2,11001.jpg,1,1,0,0,1,0,60,0.1,0.1,0.1,0.6,0.1,15,2.70805020110221,0.5,0.421600764728435,1,0,0.5645161290322581
63,2,01110.jpg,0,1,1,1,0,0,60,0.1,0.1,0.1,0.6,0.1,15,2.70805020110221,0.5,0.33149842861810613,1,0,0.5555555555555556
64,2,11110.jpg,1,1,1,1,0,1,60,0.1,0.1,0.1,0.6,0.1,15,2.70805020110221,0.5,0.8111514737880308,1,1,0.5625
65,3,01101.jpg,0,1,1,0,1,0,60,0.1,0.1,0.1,0.6,0.1,15,2.70805020110221,0.5,0.3446366800465236,1,0,0.5538461538461539
66,3,01100.jpg,0,1,1,0,0,0,60,0.1,0.1,0.1,0.6,0.1,15,2.70805020110221,0.5,0.33648329298192475,0,1,0.5606060606060606
67,3,11110.jpg,1,1,1,1,0,1,60,0.1,0.1,0.1,0.6,0.1,15,2.70805020110221,0.5,0.8630072880286652,1,1,0.5671641791044776
68,3,11000.jpg,1,1,0,0,0,0,60,0.1,0.1,0.1,0.6,0.1,15,2.70805020110221,0.5,0.33663620760046004,0,1,0.5735294117647058
69,3,10100.jpg,1,0,1,0,0,1,60,0.1,0.1,0.1,0.6,0.1,15,2.70805020110221,0.5,0.8491295552478735,1,1,0.5797101449275363
70,3,00011.jpg,0,0,0,1,1,0,60,0.1,0.1,0.1,0.6,0.1,15,2.70805020110221,0.5,0.09021441979955816,0,1,0.5857142857142857
71,3,10001.jpg,1,0,0,0,1,0,60,0.1,0.1,0.1,0.6,0.1,15,2.70805020110221,0.5,0.34863829729475704,1,0,0.5774647887323944
72,3,00111.jpg,0,0,1,1,1,0,60,0.1,0.1,0.1,0.6,0.1,15,2.70805020110221,0.5,0.3314094410251257,0,1,0.5833333333333334
73,3,10011.jpg,1,0,0,1,1,0,60,0.1,0.1,0.1,0.6,0.1,15,2.70805020110221,0.5,0.3328287165942331,1,0,0.5753424657534246
74,3,11001.jpg,1,1,0,0,1,0,60,0.1,0.1,0.1,0.6,0.1,15,2.70805020110221,0.5,0.32457137349310655,0,1,0.581081081081081
75,3,01110.jpg,0,1,1,1,0,0,60,0.1,0.1,0.1,0.6,0.1,15,2.70805020110221,0.5,0.4171328315776222,0,1,0.5866666666666667
76,3,00100.jpg,0,0,1,0,0,0,60,0.1,0.1,0.1,0.6,0.1,15,2.70805020110221,0.5,0.40719874646218884,1,0,0.5789473684210527
77,3,10110.jpg,1,0,1,1,0,1,60,0.1,0.1,0.1,0.6,0.1,15,2.70805020110221,0.5,0.8629993523297362,1,1,0.5844155844155844
78,3,01011.jpg,0,1,0,1,1,0,60,0.1,0.1,0.1,0.6,0.1,15,2.70805020110221,0.5,0.09549832646973677,0,1,0.5897435897435898
79,3,00001.jpg,0,0,0,0,1,0,60,0.1,0.1,0.1,0.6,0.1,15,2.70805020110221,0.5,0.09523907065953979,0,1,0.5949367088607594
80,3,11010.jpg,1,1,0,1,0,0,60,0.1,0.1,0.1,0.6,0.1,15,2.70805020110221,0.5,0.4278480748333268,1,0,0.5875
81,3,10000.jpg,1,0,0,0,0,0,60,0.1,0.1,0.1,0.6,0.1,15,2.70805020110221,0.5,0.3929559198492627,1,0,0.5802469135802469
82,3,01001.jpg,0,1,0,0,1,0,60,0.1,0.1,0.1,0.6,0.1,15,2.70805020110221,0.5,0.08727422592289154,0,1,0.5853658536585366
83,3,00010.jpg,0,0,0,1,0,0,60,0.1,0.1,0.1,0.6,0.1,15,2.70805020110221,0.5,0.12662751573476622,0,1,0.5903614457831325
84,3,00000.jpg,0,0,0,0,0,0,60,0.1,0.1,0.1,0.6,0.1,15,2.70805020110221,0.5,0.11371120599944307,0,1,0.5952380952380952
85,3,10111.jpg,1,0,1,1,1,1,60,0.1,0.1,0.1,0.6,0.1,15,2.70805020110221,0.5,0.8465491194109591,1,1,0.6
86,3,11111.jpg,1,1,1,1,1,1,60,0.1,0.1,0.1,0.6,0.1,15,2.70805020110221,0.5,0.8664843646463407,1,1,0.6046511627906976
87,3,11100.jpg,1,1,1,0,0,1,60,0.1,0.1,0.1,0.6,0.1,15,2.70805020110221,0.5,0.8213029884464893,1,1,0.6091954022988506
88,3,01010.jpg,0,1,0,1,0,0,60,0.1,0.1,0.1,0.6,0.1,15,2.70805020110221,0.5,0.11091777144317466,0,1,0.6136363636363636
89,3,01000.jpg,0,1,0,0,0,0,60,0.1,0.1,0.1,0.6,0.1,15,2.70805020110221,0.5,0.10305014329360107,0,1,0.6179775280898876
90,3,10010.jpg,1,0,0,1,0,0,60,0.1,0.1,0.1,0.6,0.1,15,2.70805020110221,0.5,0.3980999654701117,1,0,0.6111111111111112
91,3,01111.jpg,0,1,1,1,1,0,60,0.1,0.1,0.1,0.6,0.1,15,2.70805020110221,0.5,0.40152115618084927,1,0,0.6043956043956044
92,3,00101.jpg,0,0,1,0,1,0,60,0.1,0.1,0.1,0.6,0.1,15,2.70805020110221,0.5,0.3265175835128879,0,1,0.6086956521739131
93,3,11011.jpg,1,1,0,1,1,0,60,0.1,0.1,0.1,0.6,0.1,15,2.70805020110221,0.5,0.4034828678102872,0,1,0.6129032258064516
94,3,00110.jpg,0,0,1,1,0,0,60,0.1,0.1,0.1,0.6,0.1,15,2.70805020110221,0.5,0.4067808824290594,0,1,0.6170212765957447
95,3,10101.jpg,1,0,1,0,1,1,60,0.1,0.1,0.1,0.6,0.1,15,2.70805020110221,0.5,0.8275808393354863,1,1,0.6210526315789474
96,3,11101.jpg,1,1,1,0,1,1,60,0.1,0.1,0.1,0.6,0.1,15,2.70805020110221,0.5,0.8306472660041792,1,1,0.625
1,1,11101.jpg,1,1,1,0,1,1,61,0.25,0.25,0.25,0.05,0.2,0.5,-0.6931471805599453,0.5,0.5,1,1,1
2,1,11111.jpg,1,1,1,1,1,1,61,0.25,0.25,0.25,0.05,0.2,0.5,-0.6931471805599453,0.5,0.5,0,0,0.5
3,1,00001.jpg,0,0,0,0,1,0,61,0.25,0.25,0.25,0.05,0.2,0.5,-0.6931471805599453,0.5,0.5,1,0,0.3333333333333333
4,1,00111.jpg,0,0,1,1,1,0,61,0.25,0.25,0.25,0.05,0.2,0.5,-0.6931471805599453,0.5,0.4719240947093628,1,0,0.25
5,1,00101.jpg,0,0,1,0,1,0,61,0.25,0.25,0.25,0.05,0.2,0.5,-0.6931471805599453,0.5,0.4529715835781758,0,1,0.4
6,1,00100.jpg,0,0,1,0,0,0,61,0.25,0.25,0.25,0.05,0.2,0.5,-0.6931471805599453,0.5,0.4467368394972724,0,1,0.5
7,1,01001.jpg,0,1,0,0,1,0,61,0.25,0.25,0.25,0.05,0.2,0.5,-0.6931471805599453,0.5,0.49606500356320415,1,0,0.42857142857142855
8,1,11110.jpg,1,1,1,1,0,1,61,0.25,0.25,0.25,0.05,0.2,0.5,-0.6931471805599453,0.5,0.5646325798946765,0,0,0.375
9,1,01101.jpg,0,1,1,0,1,0,61,0.25,0.25,0.25,0.05,0.2,0.5,-0.6931471805599453,0.5,0.5000192703292621,0,1,0.4444444444444444
10,1,00010.jpg,0,0,0,1,0,0,61,0.25,0.25,0.25,0.05,0.2,0.5,-0.6931471805599453,0.5,0.44458113705026614,0,1,0.5
11,1,10110.jpg,1,0,1,1,0,1,61,0.25,0.25,0.25,0.05,0.2,0.5,-0.6931471805599453,0.5,0.5247602633568057,0,0,0.45454545454545453
12,1,01000.jpg,0,1,0,0,0,0,61,0.25,0.25,0.25,0.05,0.2,0.5,-0.6931471805599453,0.5,0.4715858741853981,0,1,0.5
13,1,10001.jpg,1,0,0,0,1,0,61,0.25,0.25,0.25,0.05,0.2,0.5,-0.6931471805599453,0.5,0.4972604041290893,1,0,0.46153846153846156
14,1,01011.jpg,0,1,0,1,1,0,61,0.25,0.25,0.25,0.05,0.2,0.5,-0.6931471805599453,0.5,0.466802885435405,1,0,0.42857142857142855
15,1,11001.jpg,1,1,0,0,1,0,61,0.25,0.25,0.25,0.05,0.2,0.5,-0.6931471805599453,0.5,0.5119524609671182,0,1,0.4666666666666667
16,1,10010.jpg,1,0,0,1,0,0,61,0.25,0.25,0.25,0.05,0.2,0.5,-0.6931471805599453,0.5,0.504939684825531,1,0,0.4375
17,1,01111.jpg,0,1,1,1,1,0,61,0.25,0.25,0.25,0.05,0.2,0.5,-0.6931471805599453,0.5,0.5052885412193364,1,0,0.4117647058823529
18,1,00110.jpg,0,0,1,1,0,0,61,0.25,0.25,0.25,0.05,0.2,0.5,-0.6931471805599453,0.5,0.4924985951482908,0,1,0.4444444444444444
19,1,10111.jpg,1,0,1,1,1,1,61,0.25,0.25,0.25,0.05,0.2,0.5,-0.6931471805599453,0.5,0.529796230721122,0,0,0.42105263157894735
20,1,10011.jpg,1,0,0,1,1,0,61,0.25,0.25,0.25,0.05,0.2,0.5,-0.6931471805599453,0.5,0.5016827057212986,0,1,0.45
21,1,01010.jpg,0,1,0,1,0,0,61,0.25,0.25,0.25,0.05,0.2,0.5,-0.6931471805599453,0.5,0.46771363905726054,1,0,0.42857142857142855
22,1,01100.jpg,0,1,1,0,0,0,61,0.25,0.25,0.25,0.05,0.2,0.5,-0.6931471805599453,0.5,0.498707748127211,1,0,0.4090909090909091
23,1,10100.jpg,1,0,1,0,0,1,61,0.25,0.25,0.25,0.05,0.2,0.5,-0.6931471805599453,0.5,0.5352055851577576,1,1,0.43478260869565216
24,1,11011.jpg,1,1,0,1,1,0,61,0.25,0.25,0.25,0.05,0.2,0.5,-0.6931471805599453,0.5,0.5045073802080052,0,1,0.4583333333333333
25,1,01110.jpg,0,1,1,1,0,0,61,0.25,0.25,0.25,0.05,0.2,0.5,-0.6931471805599453,0.5,0.49878322295070726,0,1,0.48
26,1,00011.jpg,0,0,0,1,1,0,61,0.25,0.25,0.25,0.05,0.2,0.5,-0.6931471805599453,0.5,0.4583404490008703,0,1,0.5
27,1,11000.jpg,1,1,0,0,0,0,61,0.25,0.25,0.25,0.05,0.2,0.5,-0.6931471805599453,0.5,0.5053937587920898,0,1,0.5185185185185185
28,1,10000.jpg,1,0,0,0,0,0,61,0.25,0.25,0.25,0.05,0.2,0.5,-0.6931471805599453,0.5,0.5038539506659349,0,1,0.5357142857142857
29,1,11010.jpg,1,1,0,1,0,0,61,0.25,0.25,0.25,0.05,0.2,0.5,-0.6931471805599453,0.5,0.5022285486904833,1,0,0.5172413793103449
30,1,00000.jpg,0,0,0,0,0,0,61,0.25,0.25,0.25,0.05,0.2,0.5,-0.6931471805599453,0.5,0.45966404971554614,0,1,0.5333333333333333
31,1,11100.jpg,1,1,1,0,0,1,61,0.25,0.25,0.25,0.05,0.2,0.5,-0.6931471805599453,0.5,0.5398460342833891,0,0,0.5161290322580645
32,1,10101.jpg,1,0,1,0,1,1,61,0.25,0.25,0.25,0.05,0.2,0.5,-0.6931471805599453,0.5,0.536507686186837,1,1,0.53125
33,2,01010.jpg,0,1,0,1,0,0,61,0.25,0.25,0.25,0.05,0.2,0.5,-0.6931471805599453,0.5,0.4579927295406468,0,1,0.5454545454545454
34,2,10011.jpg,1,0,0,1,1,0,61,0.25,0.25,0.25,0.05,0.2,0.5,-0.6931471805599453,0.5,0.49972976864889246,0,1,0.5588235294117647
35,2,01011.jpg,0,1,0,1,1,0,61,0.25,0.25,0.25,0.05,0.2,0.5,-0.6931471805599453,0.5,0.4573902519816863,1,0,0.5428571428571428
36,2,10101.jpg,1,0,1,0,1,1,61,0.25,0.25,0.25,0.05,0.2,0.5,-0.6931471805599453,0.5,0.5425543717695659,1,1,0.5555555555555556
37,2,11100.jpg,1,1,1,0,0,1,61,0.25,0.25,0.25,0.05,0.2,0.5,-0.6931471805599453,0.5,0.5398743222620229,0,0,0.5405405405405406
38,2,10010.jpg,1,0,0,1,0,0,61,0.25,0.25,0.25,0.05,0.2,0.5,-0.6931471805599453,0.5,0.4975422323680826,0,1,0.5526315789473685
39,2,10000.jpg,1,0,0,0,0,0,61,0.25,0.25,0.25,0.05,0.2,0.5,-0.6931471805599453,0.5,0.49732095907645407,0,1,0.5641025641025641
40,2,01100.jpg,0,1,1,0,0,0,61,0.25,0.25,0.25,0.05,0.2,0.5,-0.6931471805599453,0.5,0.5030575068884094,0,1,0.575
41,2,00011.jpg,0,0,0,1,1,0,61,0.25,0.25,0.25,0.05,0.2,0.5,-0.6931471805599453,0.5,0.4582162238536408,0,1,0.5853658536585366
42,2,01000.jpg,0,1,0,0,0,0,61,0.25,0.25,0.25,0.05,0.2,0.5,-0.6931471805599453,0.5,0.4584501364423489,0,1,0.5952380952380952
43,2,10100.jpg,1,0,1,0,0,1,61,0.25,0.25,0.25,0.05,0.2,0.5,-0.6931471805599453,0.5,0.5421656515301483,0,0,0.5813953488372093
44,2,00110.jpg,0,0,1,1,0,0,61,0.25,0.25,0.25,0.05,0.2,0.5,-0.6931471805599453,0.5,0.501672073884497,0,1,0.5909090909090909
45,2,00000.jpg,0,0,0,0,0,0,61,0.25,0.25,0.25,0.05,0.2,0.5,-0.6931471805599453,0.5,0.4592783057433468,0,1,0.6
46,2,10110.jpg,1,0,1,1,0,1,61,0.25,0.25,0.25,0.05,0.2,0.5,-0.6931471805599453,0.5,0.5415650090765992,0,0,0.5869565217391305
47,2,11101.jpg,1,1,1,0,1,1,61,0.25,0.25,0.25,0.05,0.2,0.5,-0.6931471805599453,0.5,0.5411591106607222,1,1,0.5957446808510638
48,2,11011.jpg,1,1,0,1,1,0,61,0.25,0.25,0.25,0.05,0.2,0.5,-0.6931471805599453,0.5,0.497331927537187,1,0,0.5833333333333334
49,2,01001.jpg,0,1,0,0,1,0,61,0.25,0.25,0.25,0.05,0.2,0.5,-0.6931471805599453,0.5,0.457136428388572,0,1,0.5918367346938775
50,2,01111.jpg,0,1,1,1,1,0,61,0.25,0.25,0.25,0.05,0.2,0.5,-0.6931471805599453,0.5,0.49817163896949196,0,1,0.6
51,2,10001.jpg,1,0,0,0,1,0,61,0.25,0.25,0.25,0.05,0.2,0.5,-0.6931471805599453,0.5,0.49975330761540115,0,1,0.6078431372549019
52,2,00010.jpg,0,0,0,1,0,0,61,0.25,0.25,0.25,0.05,0.2,0.5,-0.6931471805599453,0.5,0.4583222777820868,1,0,0.5961538461538461
53,2,11000.jpg,1,1,0,0,0,0,61,0.25,0.25,0.25,0.05,0.2,0.5,-0.6931471805599453,0.5,0.4982763243554015,0,1,0.6037735849056604
54,2,00100.jpg,0,0,1,0,0,0,61,0.25,0.25,0.25,0.05,0.2,0.5,-0.6931471805599453,0.5,0.5036249642039708,1,0,0.5925925925925926
55,2,00001.jpg,0,0,0,0,1,0,61,0.25,0.25,0.25,0.05,0.2,0.5,-0.6931471805599453,0.5,0.458609896010709,1,0,0.5818181818181818
56,2,10111.jpg,1,0,1,1,1,1,61,0.25,0.25,0.25,0.05,0.2,0.5,-0.6931471805599453,0.5,0.5419294849863958,1,1,0.5892857142857143
57,2,11111.jpg,1,1,1,1,1,1,61,0.25,0.25,0.25,0.05,0.2,0.5,-0.6931471805599453,0.5,0.5412356138526836,0,0,0.5789473684210527
58,2,01101.jpg,0,1,1,0,1,0,61,0.25,0.25,0.25,0.05,0.2,0.5,-0.6931471805599453,0.5,0.5016444732846641,0,1,0.5862068965517241
59,2,00111.jpg,0,0,1,1,1,0,61,0.25,0.25,0.25,0.05,0.2,0.5,-0.6931471805599453,0.5,0.5013597010802383,0,1,0.5932203389830508
60,2,11010.jpg,1,1,0,1,0,0,61,0.25,0.25,0.25,0.05,0.2,0.5,-0.6931471805599453,0.5,0.49744678282246796,0,1,0.6
61,2,00101.jpg,0,0,1,0,1,0,61,0.25,0.25,0.25,0.05,0.2,0.5,-0.6931471805599453,0.5,0.5014759025990075,0,1,0.6065573770491803
62,2,11001.jpg,1,1,0,0,1,0,61,0.25,0.25,0.25,0.05,0.2,0.5,-0.6931471805599453,0.5,0.49956104561033127,1,0,0.5967741935483871
63,2,01110.jpg,0,1,1,1,0,0,61,0.25,0.25,0.25,0.05,0.2,0.5,-0.6931471805599453,0.5,0.4979902832094687,1,0,0.5873015873015873
64,2,11110.jpg,1,1,1,1,0,1,61,0.25,0.25,0.25,0.05,0.2,0.5,-0.6931471805599453,0.5,0.5389928403799301,1,1,0.59375
65,3,01101.jpg,0,1,1,0,1,0,61,0.25,0.25,0.25,0.05,0.2,0.5,-0.6931471805599453,0.5,0.4986996112032499,1,0,0.5846153846153846
66,3,01100.jpg,0,1,1,0,0,0,61,0.25,0.25,0.25,0.05,0.2,0.5,-0.6931471805599453,0.5,0.4979251965741034,0,1,0.5909090909090909
67,3,11110.jpg,1,1,1,1,0,1,61,0.25,0.25,0.25,0.05,0.2,0.5,-0.6931471805599453,0.5,0.5402342854750488,1,1,0.5970149253731343
68,3,11000.jpg,1,1,0,0,0,0,61,0.25,0.25,0.25,0.05,0.2,0.5,-0.6931471805599453,0.5,0.5007454497785722,1,0,0.5882352941176471
69,3,10100.jpg,1,0,1,0,0,1,61,0.25,0.25,0.25,0.05,0.2,0.5,-0.6931471805599453,0.5,0.5406729444124931,0,0,0.5797101449275363
70,3,00011.jpg,0,0,0,1,1,0,61,0.25,0.25,0.25,0.05,0.2,0.5,-0.6931471805599453,0.5,0.45847020474575,0,1,0.5857142857142857
71,3,10001.jpg,1,0,0,0,1,0,61,0.25,0.25,0.25,0.05,0.2,0.5,-0.6931471805599453,0.5,0.49839198407591995,1,0,0.5774647887323944
72,3,00111.jpg,0,0,1,1,1,0,61,0.25,0.25,0.25,0.05,0.2,0.5,-0.6931471805599453,0.5,0.4975220190245829,0,1,0.5833333333333334
73,3,10011.jpg,1,0,0,1,1,0,61,0.25,0.25,0.25,0.05,0.2,0.5,-0.6931471805599453,0.5,0.4974072732644947,1,0,0.5753424657534246
74,3,11001.jpg,1,1,0,0,1,0,61,0.25,0.25,0.25,0.05,0.2,0.5,-0.6931471805599453,0.5,0.49692078535076195,1,0,0.5675675675675675
75,3,01110.jpg,0,1,1,1,0,0,61,0.25,0.25,0.25,0.05,0.2,0.5,-0.6931471805599453,0.5,0.5015150395597046,1,0,0.56
76,3,00100.jpg,0,0,1,0,0,0,61,0.25,0.25,0.25,0.05,0.2,0.5,-0.6931471805599453,0.5,0.5010277261992765,0,1,0.5657894736842105
77,3,10110.jpg,1,0,1,1,0,1,61,0.25,0.25,0.25,0.05,0.2,0.5,-0.6931471805599453,0.5,0.5418926629883666,0,0,0.5584415584415584
78,3,01011.jpg,0,1,0,1,1,0,61,0.25,0.25,0.25,0.05,0.2,0.5,-0.6931471805599453,0.5,0.4564412183226942,0,1,0.5641025641025641
79,3,00001.jpg,0,0,0,0,1,0,61,0.25,0.25,0.25,0.05,0.2,0.5,-0.6931471805599453,0.5,0.4570924142110621,0,1,0.569620253164557
80,3,11010.jpg,1,1,0,1,0,0,61,0.25,0.25,0.25,0.05,0.2,0.5,-0.6931471805599453,0.5,0.5014884411061036,0,1,0.575
81,3,10000.jpg,1,0,0,0,0,0,61,0.25,0.25,0.25,0.05,0.2,0.5,-0.6931471805599453,0.5,0.5022538109926631,0,1,0.5802469135802469
82,3,01001.jpg,0,1,0,0,1,0,61,0.25,0.25,0.25,0.05,0.2,0.5,-0.6931471805599453,0.5,0.4554673109311963,1,0,0.573170731707317
83,3,00010.jpg,0,0,0,1,0,0,61,0.25,0.25,0.25,0.05,0.2,0.5,-0.6931471805599453,0.5,0.46253917239590436,0,1,0.5783132530120482
84,3,00000.jpg,0,0,0,0,0,0,61,0.25,0.25,0.25,0.05,0.2,0.5,-0.6931471805599453,0.5,0.4611544873528356,0,1,0.5833333333333334
85,3,10111.jpg,1,0,1,1,1,1,61,0.25,0.25,0.25,0.05,0.2,0.5,-0.6931471805599453,0.5,0.5400463705133797,0,0,0.5764705882352941
86,3,11111.jpg,1,1,1,1,1,1,61,0.25,0.25,0.25,0.05,0.2,0.5,-0.6931471805599453,0.5,0.5390110427434553,1,1,0.5813953488372093
87,3,11100.jpg,1,1,1,0,0,1,61,0.25,0.25,0.25,0.05,0.2,0.5,-0.6931471805599453,0.5,0.5408434138142778,1,1,0.5862068965517241
88,3,01010.jpg,0,1,0,1,0,0,61,0.25,0.25,0.25,0.05,0.2,0.5,-0.6931471805599453,0.5,0.4598765248102603,1,0,0.5795454545454546
89,3,01000.jpg,0,1,0,0,0,0,61,0.25,0.25,0.25,0.05,0.2,0.5,-0.6931471805599453,0.5,0.458322163293054,0,1,0.5842696629213483
90,3,10010.jpg,1,0,0,1,0,0,61,0.25,0.25,0.25,0.05,0.2,0.5,-0.6931471805599453,0.5,0.4999078008376771,1,0,0.5777777777777777
91,3,01111.jpg,0,1,1,1,1,0,61,0.25,0.25,0.25,0.05,0.2,0.5,-0.6931471805599453,0.5,0.49925179137736136,1,0,0.5714285714285714
92,3,00101.jpg,0,0,1,0,1,0,61,0.25,0.25,0.25,0.05,0.2,0.5,-0.6931471805599453,0.5,0.49816997188775575,0,1,0.5760869565217391
93,3,11011.jpg,1,1,0,1,1,0,61,0.25,0.25,0.25,0.05,0.2,0.5,-0.6931471805599453,0.5,0.4980931503269734,0,1,0.5806451612903226
94,3,00110.jpg,0,0,1,1,0,0,61,0.25,0.25,0.25,0.05,0.2,0.5,-0.6931471805599453,0.5,0.5010647357845518,1,0,0.574468085106383
95,3,10101.jpg,1,0,1,0,1,1,61,0.25,0.25,0.25,0.05,0.2,0.5,-0.6931471805599453,0.5,0.5397171813627503,1,1,0.5789473684210527
96,3,11101.jpg,1,1,1,0,1,1,61,0.25,0.25,0.25,0.05,0.2,0.5,-0.6931471805599453,0.5,0.5397439106138745,1,1,0.5833333333333334
1,1,11101.jpg,1,1,1,0,1,1,62,0.25,0.25,0.25,0.05,0.2,0.5,-0.6931471805599453,0.5,0.5,1,1,1
2,1,11111.jpg,1,1,1,1,1,1,62,0.25,0.25,0.25,0.05,0.2,0.5,-0.6931471805599453,0.5,0.5,0,0,0.5
3,1,00001.jpg,0,0,0,0,1,0,62,0.25,0.25,0.25,0.05,0.2,0.5,-0.6931471805599453,0.5,0.5,1,0,0.3333333333333333
4,1,00111.jpg,0,0,1,1,1,0,62,0.25,0.25,0.25,0.05,0.2,0.5,-0.6931471805599453,0.5,0.4719240947093628,1,0,0.25
5,1,00101.jpg,0,0,1,0,1,0,62,0.25,0.25,0.25,0.05,0.2,0.5,-0.6931471805599453,0.5,0.4529715835781758,0,1,0.4
6,1,00100.jpg,0,0,1,0,0,0,62,0.25,0.25,0.25,0.05,0.2,0.5,-0.6931471805599453,0.5,0.4467368394972724,0,1,0.5
7,1,01001.jpg,0,1,0,0,1,0,62,0.25,0.25,0.25,0.05,0.2,0.5,-0.6931471805599453,0.5,0.49606500356320415,1,0,0.42857142857142855
8,1,11110.jpg,1,1,1,1,0,1,62,0.25,0.25,0.25,0.05,0.2,0.5,-0.6931471805599453,0.5,0.5646325798946765,0,0,0.375
9,1,01101.jpg,0,1,1,0,1,0,62,0.25,0.25,0.25,0.05,0.2,0.5,-0.6931471805599453,0.5,0.5000192703292621,0,1,0.4444444444444444
10,1,00010.jpg,0,0,0,1,0,0,62,0.25,0.25,0.25,0.05,0.2,0.5,-0.6931471805599453,0.5,0.44458113705026614,0,1,0.5
11,1,10110.jpg,1,0,1,1,0,1,62,0.25,0.25,0.25,0.05,0.2,0.5,-0.6931471805599453,0.5,0.5247602633568057,0,0,0.45454545454545453
12,1,01000.jpg,0,1,0,0,0,0,62,0.25,0.25,0.25,0.05,0.2,0.5,-0.6931471805599453,0.5,0.4715858741853981,0,1,0.5
13,1,10001.jpg,1,0,0,0,1,0,62,0.25,0.25,0.25,0.05,0.2,0.5,-0.6931471805599453,0.5,0.4972604041290893,1,0,0.46153846153846156
14,1,01011.jpg,0,1,0,1,1,0,62,0.25,0.25,0.25,0.05,0.2,0.5,-0.6931471805599453,0.5,0.466802885435405,1,0,0.42857142857142855
15,1,11001.jpg,1,1,0,0,1,0,62,0.25,0.25,0.25,0.05,0.2,0.5,-0.6931471805599453,0.5,0.5119524609671182,0,1,0.4666666666666667
16,1,10010.jpg,1,0,0,1,0,0,62,0.25,0.25,0.25,0.05,0.2,0.5,-0.6931471805599453,0.5,0.504939684825531,1,0,0.4375
17,1,01111.jpg,0,1,1,1,1,0,62,0.25,0.25,0.25,0.05,0.2,0.5,-0.6931471805599453,0.5,0.5052885412193364,1,0,0.4117647058823529
18,1,00110.jpg,0,0,1,1,0,0,62,0.25,0.25,0.25,0.05,0.2,0.5,-0.6931471805599453,0.5,0.4924985951482908,0,1,0.4444444444444444
19,1,10111.jpg,1,0,1,1,1,1,62,0.25,0.25,0.25,0.05,0.2,0.5,-0.6931471805599453,0.5,0.529796230721122,0,0,0.42105263157894735
20,1,10011.jpg,1,0,0,1,1,0,62,0.25,0.25,0.25,0.05,0.2,0.5,-0.6931471805599453,0.5,0.5016827057212986,0,1,0.45
21,1,01010.jpg,0,1,0,1,0,0,62,0.25,0.25,0.25,0.05,0.2,0.5,-0.6931471805599453,0.5,0.46771363905726054,1,0,0.42857142857142855
22,1,01100.jpg,0,1,1,0,0,0,62,0.25,0.25,0.25,0.05,0.2,0.5,-0.6931471805599453,0.5,0.498707748127211,1,0,0.4090909090909091
23,1,10100.jpg,1,0,1,0,0,1,62,0.25,0.25,0.25,0.05,0.2,0.5,-0.6931471805599453,0.5,0.5352055851577576,1,1,0.43478260869565216
24,1,11011.jpg,1,1,0,1,1,0,62,0.25,0.25,0.25,0.05,0.2,0.5,-0.6931471805599453,0.5,0.5045073802080052,0,1,0.4583333333333333
25,1,01110.jpg,0,1,1,1,0,0,62,0.25,0.25,0.25,0.05,0.2,0.5,-0.6931471805599453,0.5,0.49878322295070726,0,1,0.48
26,1,00011.jpg,0,0,0,1,1,0,62,0.25,0.25,0.25,0.05,0.2,0.5,-0.6931471805599453,0.5,0.4583404490008703,0,1,0.5
27,1,11000.jpg,1,1,0,0,0,0,62,0.25,0.25,0.25,0.05,0.2,0.5,-0.6931471805599453,0.5,0.5053937587920898,0,1,0.5185185185185185
28,1,10000.jpg,1,0,0,0,0,0,62,0.25,0.25,0.25,0.05,0.2,0.5,-0.6931471805599453,0.5,0.5038539506659349,0,1,0.5357142857142857
29,1,11010.jpg,1,1,0,1,0,0,62,0.25,0.25,0.25,0.05,0.2,0.5,-0.6931471805599453,0.5,0.5022285486904833,1,0,0.5172413793103449
30,1,00000.jpg,0,0,0,0,0,0,62,0.25,0.25,0.25,0.05,0.2,0.5,-0.6931471805599453,0.5,0.45966404971554614,0,1,0.5333333333333333
31,1,11100.jpg,1,1,1,0,0,1,62,0.25,0.25,0.25,0.05,0.2,0.5,-0.6931471805599453,0.5,0.5398460342833891,0,0,0.5161290322580645
32,1,10101.jpg,1,0,1,0,1,1,62,0.25,0.25,0.25,0.05,0.2,0.5,-0.6931471805599453,0.5,0.536507686186837,1,1,0.53125
33,2,01010.jpg,0,1,0,1,0,0,62,0.25,0.25,0.25,0.05,0.2,0.5,-0.6931471805599453,0.5,0.4579927295406468,0,1,0.5454545454545454
34,2,10011.jpg,1,0,0,1,1,0,62,0.25,0.25,0.25,0.05,0.2,0.5,-0.6931471805599453,0.5,0.49972976864889246,0,1,0.5588235294117647
35,2,01011.jpg,0,1,0,1,1,0,62,0.25,0.25,0.25,0.05,0.2,0.5,-0.6931471805599453,0.5,0.4573902519816863,1,0,0.5428571428571428
36,2,10101.jpg,1,0,1,0,1,1,62,0.25,0.25,0.25,0.05,0.2,0.5,-0.6931471805599453,0.5,0.5425543717695659,1,1,0.5555555555555556
37,2,11100.jpg,1,1,1,0,0,1,62,0.25,0.25,0.25,0.05,0.2,0.5,-0.6931471805599453,0.5,0.5398743222620229,0,0,0.5405405405405406
38,2,10010.jpg,1,0,0,1,0,0,62,0.25,0.25,0.25,0.05,0.2,0.5,-0.6931471805599453,0.5,0.4975422323680826,0,1,0.5526315789473685
39,2,10000.jpg,1,0,0,0,0,0,62,0.25,0.25,0.25,0.05,0.2,0.5,-0.6931471805599453,0.5,0.49732095907645407,0,1,0.5641025641025641
40,2,01100.jpg,0,1,1,0,0,0,62,0.25,0.25,0.25,0.05,0.2,0.5,-0.6931471805599453,0.5,0.5030575068884094,0,1,0.575
41,2,00011.jpg,0,0,0,1,1,0,62,0.25,0.25,0.25,0.05,0.2,0.5,-0.6931471805599453,0.5,0.4582162238536408,0,1,0.5853658536585366
42,2,01000.jpg,0,1,0,0,0,0,62,0.25,0.25,0.25,0.05,0.2,0.5,-0.6931471805599453,0.5,0.4584501364423489,0,1,0.5952380952380952
43,2,10100.jpg,1,0,1,0,0,1,62,0.25,0.25,0.25,0.05,0.2,0.5,-0.6931471805599453,0.5,0.5421656515301483,0,0,0.5813953488372093
44,2,00110.jpg,0,0,1,1,0,0,62,0.25,0.25,0.25,0.05,0.2,0.5,-0.6931471805599453,0.5,0.501672073884497,0,1,0.5909090909090909
45,2,00000.jpg,0,0,0,0,0,0,62,0.25,0.25,0.25,0.05,0.2,0.5,-0.6931471805599453,0.5,0.4592783057433468,0,1,0.6
46,2,10110.jpg,1,0,1,1,0,1,62,0.25,0.25,0.25,0.05,0.2,0.5,-0.6931471805599453,0.5,0.5415650090765992,0,0,0.5869565217391305
47,2,11101.jpg,1,1,1,0,1,1,62,0.25,0.25,0.25,0.05,0.2,0.5,-0.6931471805599453,0.5,0.5411591106607222,1,1,0.5957446808510638
48,2,11011.jpg,1,1,0,1,1,0,62,0.25,0.25,0.25,0.05,0.2,0.5,-0.6931471805599453,0.5,0.497331927537187,1,0,0.5833333333333334
49,2,01001.jpg,0,1,0,0,1,0,62,0.25,0.25,0.25,0.05,0.2,0.5,-0.6931471805599453,0.5,0.457136428388572,0,1,0.5918367346938775
50,2,01111.jpg,0,1,1,1,1,0,62,0.25,0.25,0.25,0.05,0.2,0.5,-0.6931471805599453,0.5,0.49817163896949196,0,1,0.6
51,2,10001.jpg,1,0,0,0,1,0,62,0.25,0.25,0.25,0.05,0.2,0.5,-0.6931471805599453,0.5,0.49975330761540115,0,1,0.6078431372549019
52,2,00010.jpg,0,0,0,1,0,0,62,0.25,0.25,0.25,0.05,0.2,0.5,-0.6931471805599453,0.5,0.4583222777820868,1,0,0.5961538461538461
53,2,11000.jpg,1,1,0,0,0,0,62,0.25,0.25,0.25,0.05,0.2,0.5,-0.6931471805599453,0.5,0.4982763243554015,0,1,0.6037735849056604
54,2,00100.jpg,0,0,1,0,0,0,62,0.25,0.25,0.25,0.05,0.2,0.5,-0.6931471805599453,0.5,0.5036249642039708,1,0,0.5925925925925926
55,2,00001.jpg,0,0,0,0,1,0,62,0.25,0.25,0.25,0.05,0.2,0.5,-0.6931471805599453,0.5,0.458609896010709,1,0,0.5818181818181818
56,2,10111.jpg,1,0,1,1,1,1,62,0.25,0.25,0.25,0.05,0.2,0.5,-0.6931471805599453,0.5,0.5419294849863958,1,1,0.5892857142857143
57,2,11111.jpg,1,1,1,1,1,1,62,0.25,0.25,0.25,0.05,0.2,0.5,-0.6931471805599453,0.5,0.5412356138526836,0,0,0.5789473684210527
58,2,01101.jpg,0,1,1,0,1,0,62,0.25,0.25,0.25,0.05,0.2,0.5,-0.6931471805599453,0.5,0.5016444732846641,0,1,0.5862068965517241
59,2,00111.jpg,0,0,1,1,1,0,62,0.25,0.25,0.25,0.05,0.2,0.5,-0.6931471805599453,0.5,0.5013597010802383,0,1,0.5932203389830508
60,2,11010.jpg,1,1,0,1,0,0,62,0.25,0.25,0.25,0.05,0.2,0.5,-0.6931471805599453,0.5,0.49744678282246796,0,1,0.6
61,2,00101.jpg,0,0,1,0,1,0,62,0.25,0.25,0.25,0.05,0.2,0.5,-0.6931471805599453,0.5,0.5014759025990075,0,1,0.6065573770491803
62,2,11001.jpg,1,1,0,0,1,0,62,0.25,0.25,0.25,0.05,0.2,0.5,-0.6931471805599453,0.5,0.49956104561033127,1,0,0.5967741935483871
63,2,01110.jpg,0,1,1,1,0,0,62,0.25,0.25,0.25,0.05,0.2,0.5,-0.6931471805599453,0.5,0.4979902832094687,1,0,0.5873015873015873
64,2,11110.jpg,1,1,1,1,0,1,62,0.25,0.25,0.25,0.05,0.2,0.5,-0.6931471805599453,0.5,0.5389928403799301,1,1,0.59375
65,3,01101.jpg,0,1,1,0,1,0,62,0.25,0.25,0.25,0.05,0.2,0.5,-0.6931471805599453,0.5,0.4986996112032499,1,0,0.5846153846153846
66,3,01100.jpg,0,1,1,0,0,0,62,0.25,0.25,0.25,0.05,0.2,0.5,-0.6931471805599453,0.5,0.4979251965741034,0,1,0.5909090909090909
67,3,11110.jpg,1,1,1,1,0,1,62,0.25,0.25,0.25,0.05,0.2,0.5,-0.6931471805599453,0.5,0.5402342854750488,1,1,0.5970149253731343
68,3,11000.jpg,1,1,0,0,0,0,62,0.25,0.25,0.25,0.05,0.2,0.5,-0.6931471805599453,0.5,0.5007454497785722,1,0,0.5882352941176471
69,3,10100.jpg,1,0,1,0,0,1,62,0.25,0.25,0.25,0.05,0.2,0.5,-0.6931471805599453,0.5,0.5406729444124931,0,0,0.5797101449275363
70,3,00011.jpg,0,0,0,1,1,0,62,0.25,0.25,0.25,0.05,0.2,0.5,-0.6931471805599453,0.5,0.45847020474575,0,1,0.5857142857142857
71,3,10001.jpg,1,0,0,0,1,0,62,0.25,0.25,0.25,0.05,0.2,0.5,-0.6931471805599453,0.5,0.49839198407591995,1,0,0.5774647887323944
72,3,00111.jpg,0,0,1,1,1,0,62,0.25,0.25,0.25,0.05,0.2,0.5,-0.6931471805599453,0.5,0.4975220190245829,0,1,0.5833333333333334
73,3,10011.jpg,1,0,0,1,1,0,62,0.25,0.25,0.25,0.05,0.2,0.5,-0.6931471805599453,0.5,0.4974072732644947,1,0,0.5753424657534246
74,3,11001.jpg,1,1,0,0,1,0,62,0.25,0.25,0.25,0.05,0.2,0.5,-0.6931471805599453,0.5,0.49692078535076195,1,0,0.5675675675675675
75,3,01110.jpg,0,1,1,1,0,0,62,0.25,0.25,0.25,0.05,0.2,0.5,-0.6931471805599453,0.5,0.5015150395597046,1,0,0.56
76,3,00100.jpg,0,0,1,0,0,0,62,0.25,0.25,0.25,0.05,0.2,0.5,-0.6931471805599453,0.5,0.5010277261992765,0,1,0.5657894736842105
77,3,10110.jpg,1,0,1,1,0,1,62,0.25,0.25,0.25,0.05,0.2,0.5,-0.6931471805599453,0.5,0.5418926629883666,0,0,0.5584415584415584
78,3,01011.jpg,0,1,0,1,1,0,62,0.25,0.25,0.25,0.05,0.2,0.5,-0.6931471805599453,0.5,0.4564412183226942,0,1,0.5641025641025641
79,3,00001.jpg,0,0,0,0,1,0,62,0.25,0.25,0.25,0.05,0.2,0.5,-0.6931471805599453,0.5,0.4570924142110621,0,1,0.569620253164557
80,3,11010.jpg,1,1,0,1,0,0,62,0.25,0.25,0.25,0.05,0.2,0.5,-0.6931471805599453,0.5,0.5014884411061036,0,1,0.575
81,3,10000.jpg,1,0,0,0,0,0,62,0.25,0.25,0.25,0.05,0.2,0.5,-0.6931471805599453,0.5,0.5022538109926631,0,1,0.5802469135802469
82,3,01001.jpg,0,1,0,0,1,0,62,0.25,0.25,0.25,0.05,0.2,0.5,-0.6931471805599453,0.5,0.4554673109311963,1,0,0.573170731707317
83,3,00010.jpg,0,0,0,1,0,0,62,0.25,0.25,0.25,0.05,0.2,0.5,-0.6931471805599453,0.5,0.46253917239590436,0,1,0.5783132530120482
84,3,00000.jpg,0,0,0,0,0,0,62,0.25,0.25,0.25,0.05,0.2,0.5,-0.6931471805599453,0.5,0.4611544873528356,0,1,0.5833333333333334
85,3,10111.jpg,1,0,1,1,1,1,62,0.25,0.25,0.25,0.05,0.2,0.5,-0.6931471805599453,0.5,0.5400463705133797,0,0,0.5764705882352941
86,3,11111.jpg,1,1,1,1,1,1,62,0.25,0.25,0.25,0.05,0.2,0.5,-0.6931471805599453,0.5,0.5390110427434553,1,1,0.5813953488372093
87,3,11100.jpg,1,1,1,0,0,1,62,0.25,0.25,0.25,0.05,0.2,0.5,-0.6931471805599453,0.5,0.5408434138142778,1,1,0.5862068965517241
88,3,01010.jpg,0,1,0,1,0,0,62,0.25,0.25,0.25,0.05,0.2,0.5,-0.6931471805599453,0.5,0.4598765248102603,1,0,0.5795454545454546
89,3,01000.jpg,0,1,0,0,0,0,62,0.25,0.25,0.25,0.05,0.2,0.5,-0.6931471805599453,0.5,0.458322163293054,0,1,0.5842696629213483
90,3,10010.jpg,1,0,0,1,0,0,62,0.25,0.25,0.25,0.05,0.2,0.5,-0.6931471805599453,0.5,0.4999078008376771,1,0,0.5777777777777777
91,3,01111.jpg,0,1,1,1,1,0,62,0.25,0.25,0.25,0.05,0.2,0.5,-0.6931471805599453,0.5,0.49925179137736136,1,0,0.5714285714285714
92,3,00101.jpg,0,0,1,0,1,0,62,0.25,0.25,0.25,0.05,0.2,0.5,-0.6931471805599453,0.5,0.49816997188775575,0,1,0.5760869565217391
93,3,11011.jpg,1,1,0,1,1,0,62,0.25,0.25,0.25,0.05,0.2,0.5,-0.6931471805599453,0.5,0.4980931503269734,0,1,0.5806451612903226
94,3,00110.jpg,0,0,1,1,0,0,62,0.25,0.25,0.25,0.05,0.2,0.5,-0.6931471805599453,0.5,0.5010647357845518,1,0,0.574468085106383
95,3,10101.jpg,1,0,1,0,1,1,62,0.25,0.25,0.25,0.05,0.2,0.5,-0.6931471805599453,0.5,0.5397171813627503,1,1,0.5789473684210527
96,3,11101.jpg,1,1,1,0,1,1,62,0.25,0.25,0.25,0.05,0.2,0.5,-0.6931471805599453,0.5,0.5397439106138745,1,1,0.5833333333333334
1,1,11101.jpg,1,1,1,0,1,1,63,0.25,0.25,0.25,0.05,0.2,0.5,-0.6931471805599453,0.5,0.5,1,1,1
2,1,11111.jpg,1,1,1,1,1,1,63,0.25,0.25,0.25,0.05,0.2,0.5,-0.6931471805599453,0.5,0.5,0,0,0.5
3,1,00001.jpg,0,0,0,0,1,0,63,0.25,0.25,0.25,0.05,0.2,0.5,-0.6931471805599453,0.5,0.5,1,0,0.3333333333333333
4,1,00111.jpg,0,0,1,1,1,0,63,0.25,0.25,0.25,0.05,0.2,0.5,-0.6931471805599453,0.5,0.4719240947093628,1,0,0.25
5,1,00101.jpg,0,0,1,0,1,0,63,0.25,0.25,0.25,0.05,0.2,0.5,-0.6931471805599453,0.5,0.4529715835781758,0,1,0.4
6,1,00100.jpg,0,0,1,0,0,0,63,0.25,0.25,0.25,0.05,0.2,0.5,-0.6931471805599453,0.5,0.4467368394972724,0,1,0.5
7,1,01001.jpg,0,1,0,0,1,0,63,0.25,0.25,0.25,0.05,0.2,0.5,-0.6931471805599453,0.5,0.49606500356320415,1,0,0.42857142857142855
8,1,11110.jpg,1,1,1,1,0,1,63,0.25,0.25,0.25,0.05,0.2,0.5,-0.6931471805599453,0.5,0.5646325798946765,0,0,0.375
9,1,01101.jpg,0,1,1,0,1,0,63,0.25,0.25,0.25,0.05,0.2,0.5,-0.6931471805599453,0.5,0.5000192703292621,0,1,0.4444444444444444
10,1,00010.jpg,0,0,0,1,0,0,63,0.25,0.25,0.25,0.05,0.2,0.5,-0.6931471805599453,0.5,0.44458113705026614,0,1,0.5
11,1,10110.jpg,1,0,1,1,0,1,63,0.25,0.25,0.25,0.05,0.2,0.5,-0.6931471805599453,0.5,0.5247602633568057,0,0,0.45454545454545453
12,1,01000.jpg,0,1,0,0,0,0,63,0.25,0.25,0.25,0.05,0.2,0.5,-0.6931471805599453,0.5,0.4715858741853981,0,1,0.5
13,1,10001.jpg,1,0,0,0,1,0,63,0.25,0.25,0.25,0.05,0.2,0.5,-0.6931471805599453,0.5,0.4972604041290893,1,0,0.46153846153846156
14,1,01011.jpg,0,1,0,1,1,0,63,0.25,0.25,0.25,0.05,0.2,0.5,-0.6931471805599453,0.5,0.466802885435405,1,0,0.42857142857142855
15,1,11001.jpg,1,1,0,0,1,0,63,0.25,0.25,0.25,0.05,0.2,0.5,-0.6931471805599453,0.5,0.5119524609671182,0,1,0.4666666666666667
16,1,10010.jpg,1,0,0,1,0,0,63,0.25,0.25,0.25,0.05,0.2,0.5,-0.6931471805599453,0.5,0.504939684825531,1,0,0.4375
17,1,01111.jpg,0,1,1,1,1,0,63,0.25,0.25,0.25,0.05,0.2,0.5,-0.6931471805599453,0.5,0.5052885412193364,1,0,0.4117647058823529
18,1,00110.jpg,0,0,1,1,0,0,63,0.25,0.25,0.25,0.05,0.2,0.5,-0.6931471805599453,0.5,0.4924985951482908,0,1,0.4444444444444444
19,1,10111.jpg,1,0,1,1,1,1,63,0.25,0.25,0.25,0.05,0.2,0.5,-0.6931471805599453,0.5,0.529796230721122,0,0,0.42105263157894735
20,1,10011.jpg,1,0,0,1,1,0,63,0.25,0.25,0.25,0.05,0.2,0.5,-0.6931471805599453,0.5,0.5016827057212986,0,1,0.45
21,1,01010.jpg,0,1,0,1,0,0,63,0.25,0.25,0.25,0.05,0.2,0.5,-0.6931471805599453,0.5,0.46771363905726054,1,0,0.42857142857142855
22,1,01100.jpg,0,1,1,0,0,0,63,0.25,0.25,0.25,0.05,0.2,0.5,-0.6931471805599453,0.5,0.498707748127211,1,0,0.4090909090909091
23,1,10100.jpg,1,0,1,0,0,1,63,0.25,0.25,0.25,0.05,0.2,0.5,-0.6931471805599453,0.5,0.5352055851577576,1,1,0.43478260869565216
24,1,11011.jpg,1,1,0,1,1,0,63,0.25,0.25,0.25,0.05,0.2,0.5,-0.6931471805599453,0.5,0.5045073802080052,0,1,0.4583333333333333
25,1,01110.jpg,0,1,1,1,0,0,63,0.25,0.25,0.25,0.05,0.2,0.5,-0.6931471805599453,0.5,0.49878322295070726,0,1,0.48
26,1,00011.jpg,0,0,0,1,1,0,63,0.25,0.25,0.25,0.05,0.2,0.5,-0.6931471805599453,0.5,0.4583404490008703,0,1,0.5
27,1,11000.jpg,1,1,0,0,0,0,63,0.25,0.25,0.25,0.05,0.2,0.5,-0.6931471805599453,0.5,0.5053937587920898,0,1,0.5185185185185185
28,1,10000.jpg,1,0,0,0,0,0,63,0.25,0.25,0.25,0.05,0.2,0.5,-0.6931471805599453,0.5,0.5038539506659349,0,1,0.5357142857142857
29,1,11010.jpg,1,1,0,1,0,0,63,0.25,0.25,0.25,0.05,0.2,0.5,-0.6931471805599453,0.5,0.5022285486904833,1,0,0.5172413793103449
30,1,00000.jpg,0,0,0,0,0,0,63,0.25,0.25,0.25,0.05,0.2,0.5,-0.6931471805599453,0.5,0.45966404971554614,0,1,0.5333333333333333
31,1,11100.jpg,1,1,1,0,0,1,63,0.25,0.25,0.25,0.05,0.2,0.5,-0.6931471805599453,0.5,0.5398460342833891,0,0,0.5161290322580645
32,1,10101.jpg,1,0,1,0,1,1,63,0.25,0.25,0.25,0.05,0.2,0.5,-0.6931471805599453,0.5,0.536507686186837,1,1,0.53125
33,2,01010.jpg,0,1,0,1,0,0,63,0.25,0.25,0.25,0.05,0.2,0.5,-0.6931471805599453,0.5,0.4579927295406468,0,1,0.5454545454545454
34,2,10011.jpg,1,0,0,1,1,0,63,0.25,0.25,0.25,0.05,0.2,0.5,-0.6931471805599453,0.5,0.49972976864889246,0,1,0.5588235294117647
35,2,01011.jpg,0,1,0,1,1,0,63,0.25,0.25,0.25,0.05,0.2,0.5,-0.6931471805599453,0.5,0.4573902519816863,1,0,0.5428571428571428
36,2,10101.jpg,1,0,1,0,1,1,63,0.25,0.25,0.25,0.05,0.2,0.5,-0.6931471805599453,0.5,0.5425543717695659,1,1,0.5555555555555556
37,2,11100.jpg,1,1,1,0,0,1,63,0.25,0.25,0.25,0.05,0.2,0.5,-0.6931471805599453,0.5,0.5398743222620229,0,0,0.5405405405405406
38,2,10010.jpg,1,0,0,1,0,0,63,0.25,0.25,0.25,0.05,0.2,0.5,-0.6931471805599453,0.5,0.4975422323680826,0,1,0.5526315789473685
39,2,10000.jpg,1,0,0,0,0,0,63,0.25,0.25,0.25,0.05,0.2,0.5,-0.6931471805599453,0.5,0.49732095907645407,0,1,0.5641025641025641
40,2,01100.jpg,0,1,1,0,0,0,63,0.25,0.25,0.25,0.05,0.2,0.5,-0.6931471805599453,0.5,0.5030575068884094,0,1,0.575
41,2,00011.jpg,0,0,0,1,1,0,63,0.25,0.25,0.25,0.05,0.2,0.5,-0.6931471805599453,0.5,0.4582162238536408,0,1,0.5853658536585366
42,2,01000.jpg,0,1,0,0,0,0,63,0.25,0.25,0.25,0.05,0.2,0.5,-0.6931471805599453,0.5,0.4584501364423489,0,1,0.5952380952380952
43,2,10100.jpg,1,0,1,0,0,1,63,0.25,0.25,0.25,0.05,0.2,0.5,-0.6931471805599453,0.5,0.5421656515301483,0,0,0.5813953488372093
44,2,00110.jpg,0,0,1,1,0,0,63,0.25,0.25,0.25,0.05,0.2,0.5,-0.6931471805599453,0.5,0.501672073884497,0,1,0.5909090909090909
45,2,00000.jpg,0,0,0,0,0,0,63,0.25,0.25,0.25,0.05,0.2,0.5,-0.6931471805599453,0.5,0.4592783057433468,0,1,0.6
46,2,10110.jpg,1,0,1,1,0,1,63,0.25,0.25,0.25,0.05,0.2,0.5,-0.6931471805599453,0.5,0.5415650090765992,0,0,0.5869565217391305
47,2,11101.jpg,1,1,1,0,1,1,63,0.25,0.25,0.25,0.05,0.2,0.5,-0.6931471805599453,0.5,0.5411591106607222,1,1,0.5957446808510638
48,2,11011.jpg,1,1,0,1,1,0,63,0.25,0.25,0.25,0.05,0.2,0.5,-0.6931471805599453,0.5,0.497331927537187,1,0,0.5833333333333334
49,2,01001.jpg,0,1,0,0,1,0,63,0.25,0.25,0.25,0.05,0.2,0.5,-0.6931471805599453,0.5,0.457136428388572,0,1,0.5918367346938775
50,2,01111.jpg,0,1,1,1,1,0,63,0.25,0.25,0.25,0.05,0.2,0.5,-0.6931471805599453,0.5,0.49817163896949196,0,1,0.6
51,2,10001.jpg,1,0,0,0,1,0,63,0.25,0.25,0.25,0.05,0.2,0.5,-0.6931471805599453,0.5,0.49975330761540115,0,1,0.6078431372549019
52,2,00010.jpg,0,0,0,1,0,0,63,0.25,0.25,0.25,0.05,0.2,0.5,-0.6931471805599453,0.5,0.4583222777820868,1,0,0.5961538461538461
53,2,11000.jpg,1,1,0,0,0,0,63,0.25,0.25,0.25,0.05,0.2,0.5,-0.6931471805599453,0.5,0.4982763243554015,0,1,0.6037735849056604
54,2,00100.jpg,0,0,1,0,0,0,63,0.25,0.25,0.25,0.05,0.2,0.5,-0.6931471805599453,0.5,0.5036249642039708,1,0,0.5925925925925926
55,2,00001.jpg,0,0,0,0,1,0,63,0.25,0.25,0.25,0.05,0.2,0.5,-0.6931471805599453,0.5,0.458609896010709,1,0,0.5818181818181818
56,2,10111.jpg,1,0,1,1,1,1,63,0.25,0.25,0.25,0.05,0.2,0.5,-0.6931471805599453,0.5,0.5419294849863958,1,1,0.5892857142857143
57,2,11111.jpg,1,1,1,1,1,1,63,0.25,0.25,0.25,0.05,0.2,0.5,-0.6931471805599453,0.5,0.5412356138526836,0,0,0.5789473684210527
58,2,01101.jpg,0,1,1,0,1,0,63,0.25,0.25,0.25,0.05,0.2,0.5,-0.6931471805599453,0.5,0.5016444732846641,0,1,0.5862068965517241
59,2,00111.jpg,0,0,1,1,1,0,63,0.25,0.25,0.25,0.05,0.2,0.5,-0.6931471805599453,0.5,0.5013597010802383,0,1,0.5932203389830508
60,2,11010.jpg,1,1,0,1,0,0,63,0.25,0.25,0.25,0.05,0.2,0.5,-0.6931471805599453,0.5,0.49744678282246796,0,1,0.6
61,2,00101.jpg,0,0,1,0,1,0,63,0.25,0.25,0.25,0.05,0.2,0.5,-0.6931471805599453,0.5,0.5014759025990075,0,1,0.6065573770491803
62,2,11001.jpg,1,1,0,0,1,0,63,0.25,0.25,0.25,0.05,0.2,0.5,-0.6931471805599453,0.5,0.49956104561033127,1,0,0.5967741935483871
63,2,01110.jpg,0,1,1,1,0,0,63,0.25,0.25,0.25,0.05,0.2,0.5,-0.6931471805599453,0.5,0.4979902832094687,1,0,0.5873015873015873
64,2,11110.jpg,1,1,1,1,0,1,63,0.25,0.25,0.25,0.05,0.2,0.5,-0.6931471805599453,0.5,0.5389928403799301,1,1,0.59375
65,3,01101.jpg,0,1,1,0,1,0,63,0.25,0.25,0.25,0.05,0.2,0.5,-0.6931471805599453,0.5,0.4986996112032499,1,0,0.5846153846153846
66,3,01100.jpg,0,1,1,0,0,0,63,0.25,0.25,0.25,0.05,0.2,0.5,-0.6931471805599453,0.5,0.4979251965741034,0,1,0.5909090909090909
67,3,11110.jpg,1,1,1,1,0,1,63,0.25,0.25,0.25,0.05,0.2,0.5,-0.6931471805599453,0.5,0.5402342854750488,1,1,0.5970149253731343
68,3,11000.jpg,1,1,0,0,0,0,63,0.25,0.25,0.25,0.05,0.2,0.5,-0.6931471805599453,0.5,0.5007454497785722,1,0,0.5882352941176471
69,3,10100.jpg,1,0,1,0,0,1,63,0.25,0.25,0.25,0.05,0.2,0.5,-0.6931471805599453,0.5,0.5406729444124931,0,0,0.5797101449275363
70,3,00011.jpg,0,0,0,1,1,0,63,0.25,0.25,0.25,0.05,0.2,0.5,-0.6931471805599453,0.5,0.45847020474575,0,1,0.5857142857142857
71,3,10001.jpg,1,0,0,0,1,0,63,0.25,0.25,0.25,0.05,0.2,0.5,-0.6931471805599453,0.5,0.49839198407591995,1,0,0.5774647887323944
72,3,00111.jpg,0,0,1,1,1,0,63,0.25,0.25,0.25,0.05,0.2,0.5,-0.6931471805599453,0.5,0.4975220190245829,0,1,0.5833333333333334
73,3,10011.jpg,1,0,0,1,1,0,63,0.25,0.25,0.25,0.05,0.2,0.5,-0.6931471805599453,0.5,0.4974072732644947,1,0,0.5753424657534246
74,3,11001.jpg,1,1,0,0,1,0,63,0.25,0.25,0.25,0.05,0.2,0.5,-0.6931471805599453,0.5,0.49692078535076195,1,0,0.5675675675675675
75,3,01110.jpg,0,1,1,1,0,0,63,0.25,0.25,0.25,0.05,0.2,0.5,-0.6931471805599453,0.5,0.5015150395597046,1,0,0.56
76,3,00100.jpg,0,0,1,0,0,0,63,0.25,0.25,0.25,0.05,0.2,0.5,-0.6931471805599453,0.5,0.5010277261992765,0,1,0.5657894736842105
77,3,10110.jpg,1,0,1,1,0,1,63,0.25,0.25,0.25,0.05,0.2,0.5,-0.6931471805599453,0.5,0.5418926629883666,0,0,0.5584415584415584
78,3,01011.jpg,0,1,0,1,1,0,63,0.25,0.25,0.25,0.05,0.2,0.5,-0.6931471805599453,0.5,0.4564412183226942,0,1,0.5641025641025641
79,3,00001.jpg,0,0,0,0,1,0,63,0.25,0.25,0.25,0.05,0.2,0.5,-0.6931471805599453,0.5,0.4570924142110621,0,1,0.569620253164557
80,3,11010.jpg,1,1,0,1,0,0,63,0.25,0.25,0.25,0.05,0.2,0.5,-0.6931471805599453,0.5,0.5014884411061036,0,1,0.575
81,3,10000.jpg,1,0,0,0,0,0,63,0.25,0.25,0.25,0.05,0.2,0.5,-0.6931471805599453,0.5,0.5022538109926631,0,1,0.5802469135802469
82,3,01001.jpg,0,1,0,0,1,0,63,0.25,0.25,0.25,0.05,0.2,0.5,-0.6931471805599453,0.5,0.4554673109311963,1,0,0.573170731707317
83,3,00010.jpg,0,0,0,1,0,0,63,0.25,0.25,0.25,0.05,0.2,0.5,-0.6931471805599453,0.5,0.46253917239590436,0,1,0.5783132530120482
84,3,00000.jpg,0,0,0,0,0,0,63,0.25,0.25,0.25,0.05,0.2,0.5,-0.6931471805599453,0.5,0.4611544873528356,0,1,0.5833333333333334
85,3,10111.jpg,1,0,1,1,1,1,63,0.25,0.25,0.25,0.05,0.2,0.5,-0.6931471805599453,0.5,0.5400463705133797,0,0,0.5764705882352941
86,3,11111.jpg,1,1,1,1,1,1,63,0.25,0.25,0.25,0.05,0.2,0.5,-0.6931471805599453,0.5,0.5390110427434553,1,1,0.5813953488372093
87,3,11100.jpg,1,1,1,0,0,1,63,0.25,0.25,0.25,0.05,0.2,0.5,-0.6931471805599453,0.5,0.5408434138142778,1,1,0.5862068965517241
88,3,01010.jpg,0,1,0,1,0,0,63,0.25,0.25,0.25,0.05,0.2,0.5,-0.6931471805599453,0.5,0.4598765248102603,1,0,0.5795454545454546
89,3,01000.jpg,0,1,0,0,0,0,63,0.25,0.25,0.25,0.05,0.2,0.5,-0.6931471805599453,0.5,0.458322163293054,0,1,0.5842696629213483
90,3,10010.jpg,1,0,0,1,0,0,63,0.25,0.25,0.25,0.05,0.2,0.5,-0.6931471805599453,0.5,0.4999078008376771,1,0,0.5777777777777777
91,3,01111.jpg,0,1,1,1,1,0,63,0.25,0.25,0.25,0.05,0.2,0.5,-0.6931471805599453,0.5,0.49925179137736136,1,0,0.5714285714285714
92,3,00101.jpg,0,0,1,0,1,0,63,0.25,0.25,0.25,0.05,0.2,0.5,-0.6931471805599453,0.5,0.49816997188775575,0,1,0.5760869565217391
93,3,11011.jpg,1,1,0,1,1,0,63,0.25,0.25,0.25,0.05,0.2,0.5,-0.6931471805599453,0.5,0.4980931503269734,0,1,0.5806451612903226
94,3,00110.jpg,0,0,1,1,0,0,63,0.25,0.25,0.25,0.05,0.2,0.5,-0.6931471805599453,0.5,0.5010647357845518,1,0,0.574468085106383
95,3,10101.jpg,1,0,1,0,1,1,63,0.25,0.25,0.25,0.05,0.2,0.5,-0.6931471805599453,0.5,0.5397171813627503,1,1,0.5789473684210527
96,3,11101.jpg,1,1,1,0,1,1,63,0.25,0.25,0.25,0.05,0.2,0.5,-0.6931471805599453,0.5,0.5397439106138745,1,1,0.5833333333333334
1,1,11101.jpg,1,1,1,0,1,1,64,0.25,0.25,0.25,0.05,0.2,0.5,-0.6931471805599453,0.5,0.5,1,1,1
2,1,11111.jpg,1,1,1,1,1,1,64,0.25,0.25,0.25,0.05,0.2,0.5,-0.6931471805599453,0.5,0.5,0,0,0.5
3,1,00001.jpg,0,0,0,0,1,0,64,0.25,0.25,0.25,0.05,0.2,0.5,-0.6931471805599453,0.5,0.5,1,0,0.3333333333333333
4,1,00111.jpg,0,0,1,1,1,0,64,0.25,0.25,0.25,0.05,0.2,0.5,-0.6931471805599453,0.5,0.4719240947093628,1,0,0.25
5,1,00101.jpg,0,0,1,0,1,0,64,0.25,0.25,0.25,0.05,0.2,0.5,-0.6931471805599453,0.5,0.4529715835781758,0,1,0.4
6,1,00100.jpg,0,0,1,0,0,0,64,0.25,0.25,0.25,0.05,0.2,0.5,-0.6931471805599453,0.5,0.4467368394972724,0,1,0.5
7,1,01001.jpg,0,1,0,0,1,0,64,0.25,0.25,0.25,0.05,0.2,0.5,-0.6931471805599453,0.5,0.49606500356320415,1,0,0.42857142857142855
8,1,11110.jpg,1,1,1,1,0,1,64,0.25,0.25,0.25,0.05,0.2,0.5,-0.6931471805599453,0.5,0.5646325798946765,0,0,0.375
9,1,01101.jpg,0,1,1,0,1,0,64,0.25,0.25,0.25,0.05,0.2,0.5,-0.6931471805599453,0.5,0.5000192703292621,0,1,0.4444444444444444
10,1,00010.jpg,0,0,0,1,0,0,64,0.25,0.25,0.25,0.05,0.2,0.5,-0.6931471805599453,0.5,0.44458113705026614,0,1,0.5
11,1,10110.jpg,1,0,1,1,0,1,64,0.25,0.25,0.25,0.05,0.2,0.5,-0.6931471805599453,0.5,0.5247602633568057,0,0,0.45454545454545453
12,1,01000.jpg,0,1,0,0,0,0,64,0.25,0.25,0.25,0.05,0.2,0.5,-0.6931471805599453,0.5,0.4715858741853981,0,1,0.5
13,1,10001.jpg,1,0,0,0,1,0,64,0.25,0.25,0.25,0.05,0.2,0.5,-0.6931471805599453,0.5,0.4972604041290893,1,0,0.46153846153846156
14,1,01011.jpg,0,1,0,1,1,0,64,0.25,0.25,0.25,0.05,0.2,0.5,-0.6931471805599453,0.5,0.466802885435405,1,0,0.42857142857142855
15,1,11001.jpg,1,1,0,0,1,0,64,0.25,0.25,0.25,0.05,0.2,0.5,-0.6931471805599453,0.5,0.5119524609671182,0,1,0.4666666666666667
16,1,10010.jpg,1,0,0,1,0,0,64,0.25,0.25,0.25,0.05,0.2,0.5,-0.6931471805599453,0.5,0.504939684825531,1,0,0.4375
17,1,01111.jpg,0,1,1,1,1,0,64,0.25,0.25,0.25,0.05,0.2,0.5,-0.6931471805599453,0.5,0.5052885412193364,1,0,0.4117647058823529
18,1,00110.jpg,0,0,1,1,0,0,64,0.25,0.25,0.25,0.05,0.2,0.5,-0.6931471805599453,0.5,0.4924985951482908,0,1,0.4444444444444444
19,1,10111.jpg,1,0,1,1,1,1,64,0.25,0.25,0.25,0.05,0.2,0.5,-0.6931471805599453,0.5,0.529796230721122,0,0,0.42105263157894735
20,1,10011.jpg,1,0,0,1,1,0,64,0.25,0.25,0.25,0.05,0.2,0.5,-0.6931471805599453,0.5,0.5016827057212986,0,1,0.45
21,1,01010.jpg,0,1,0,1,0,0,64,0.25,0.25,0.25,0.05,0.2,0.5,-0.6931471805599453,0.5,0.46771363905726054,1,0,0.42857142857142855
22,1,01100.jpg,0,1,1,0,0,0,64,0.25,0.25,0.25,0.05,0.2,0.5,-0.6931471805599453,0.5,0.498707748127211,1,0,0.4090909090909091
23,1,10100.jpg,1,0,1,0,0,1,64,0.25,0.25,0.25,0.05,0.2,0.5,-0.6931471805599453,0.5,0.5352055851577576,1,1,0.43478260869565216
24,1,11011.jpg,1,1,0,1,1,0,64,0.25,0.25,0.25,0.05,0.2,0.5,-0.6931471805599453,0.5,0.5045073802080052,0,1,0.4583333333333333
25,1,01110.jpg,0,1,1,1,0,0,64,0.25,0.25,0.25,0.05,0.2,0.5,-0.6931471805599453,0.5,0.49878322295070726,0,1,0.48
26,1,00011.jpg,0,0,0,1,1,0,64,0.25,0.25,0.25,0.05,0.2,0.5,-0.6931471805599453,0.5,0.4583404490008703,0,1,0.5
27,1,11000.jpg,1,1,0,0,0,0,64,0.25,0.25,0.25,0.05,0.2,0.5,-0.6931471805599453,0.5,0.5053937587920898,0,1,0.5185185185185185
28,1,10000.jpg,1,0,0,0,0,0,64,0.25,0.25,0.25,0.05,0.2,0.5,-0.6931471805599453,0.5,0.5038539506659349,0,1,0.5357142857142857
29,1,11010.jpg,1,1,0,1,0,0,64,0.25,0.25,0.25,0.05,0.2,0.5,-0.6931471805599453,0.5,0.5022285486904833,1,0,0.5172413793103449
30,1,00000.jpg,0,0,0,0,0,0,64,0.25,0.25,0.25,0.05,0.2,0.5,-0.6931471805599453,0.5,0.45966404971554614,0,1,0.5333333333333333
31,1,11100.jpg,1,1,1,0,0,1,64,0.25,0.25,0.25,0.05,0.2,0.5,-0.6931471805599453,0.5,0.5398460342833891,0,0,0.5161290322580645
32,1,10101.jpg,1,0,1,0,1,1,64,0.25,0.25,0.25,0.05,0.2,0.5,-0.6931471805599453,0.5,0.536507686186837,1,1,0.53125
33,2,01010.jpg,0,1,0,1,0,0,64,0.25,0.25,0.25,0.05,0.2,0.5,-0.6931471805599453,0.5,0.4579927295406468,0,1,0.5454545454545454
34,2,10011.jpg,1,0,0,1,1,0,64,0.25,0.25,0.25,0.05,0.2,0.5,-0.6931471805599453,0.5,0.49972976864889246,0,1,0.5588235294117647
35,2,01011.jpg,0,1,0,1,1,0,64,0.25,0.25,0.25,0.05,0.2,0.5,-0.6931471805599453,0.5,0.4573902519816863,1,0,0.5428571428571428
36,2,10101.jpg,1,0,1,0,1,1,64,0.25,0.25,0.25,0.05,0.2,0.5,-0.6931471805599453,0.5,0.5425543717695659,1,1,0.5555555555555556
37,2,11100.jpg,1,1,1,0,0,1,64,0.25,0.25,0.25,0.05,0.2,0.5,-0.6931471805599453,0.5,0.5398743222620229,0,0,0.5405405405405406
38,2,10010.jpg,1,0,0,1,0,0,64,0.25,0.25,0.25,0.05,0.2,0.5,-0.6931471805599453,0.5,0.4975422323680826,0,1,0.5526315789473685
39,2,10000.jpg,1,0,0,0,0,0,64,0.25,0.25,0.25,0.05,0.2,0.5,-0.6931471805599453,0.5,0.49732095907645407,0,1,0.5641025641025641
40,2,01100.jpg,0,1,1,0,0,0,64,0.25,0.25,0.25,0.05,0.2,0.5,-0.6931471805599453,0.5,0.5030575068884094,0,1,0.575
41,2,00011.jpg,0,0,0,1,1,0,64,0.25,0.25,0.25,0.05,0.2,0.5,-0.6931471805599453,0.5,0.4582162238536408,0,1,0.5853658536585366
42,2,01000.jpg,0,1,0,0,0,0,64,0.25,0.25,0.25,0.05,0.2,0.5,-0.6931471805599453,0.5,0.4584501364423489,0,1,0.5952380952380952
43,2,10100.jpg,1,0,1,0,0,1,64,0.25,0.25,0.25,0.05,0.2,0.5,-0.6931471805599453,0.5,0.5421656515301483,0,0,0.5813953488372093
44,2,00110.jpg,0,0,1,1,0,0,64,0.25,0.25,0.25,0.05,0.2,0.5,-0.6931471805599453,0.5,0.501672073884497,0,1,0.5909090909090909
45,2,00000.jpg,0,0,0,0,0,0,64,0.25,0.25,0.25,0.05,0.2,0.5,-0.6931471805599453,0.5,0.4592783057433468,0,1,0.6
46,2,10110.jpg,1,0,1,1,0,1,64,0.25,0.25,0.25,0.05,0.2,0.5,-0.6931471805599453,0.5,0.5415650090765992,0,0,0.5869565217391305
47,2,11101.jpg,1,1,1,0,1,1,64,0.25,0.25,0.25,0.05,0.2,0.5,-0.6931471805599453,0.5,0.5411591106607222,1,1,0.5957446808510638
48,2,11011.jpg,1,1,0,1,1,0,64,0.25,0.25,0.25,0.05,0.2,0.5,-0.6931471805599453,0.5,0.497331927537187,1,0,0.5833333333333334
49,2,01001.jpg,0,1,0,0,1,0,64,0.25,0.25,0.25,0.05,0.2,0.5,-0.6931471805599453,0.5,0.457136428388572,0,1,0.5918367346938775
50,2,01111.jpg,0,1,1,1,1,0,64,0.25,0.25,0.25,0.05,0.2,0.5,-0.6931471805599453,0.5,0.49817163896949196,0,1,0.6
51,2,10001.jpg,1,0,0,0,1,0,64,0.25,0.25,0.25,0.05,0.2,0.5,-0.6931471805599453,0.5,0.49975330761540115,0,1,0.6078431372549019
52,2,00010.jpg,0,0,0,1,0,0,64,0.25,0.25,0.25,0.05,0.2,0.5,-0.6931471805599453,0.5,0.4583222777820868,1,0,0.5961538461538461
53,2,11000.jpg,1,1,0,0,0,0,64,0.25,0.25,0.25,0.05,0.2,0.5,-0.6931471805599453,0.5,0.4982763243554015,0,1,0.6037735849056604
54,2,00100.jpg,0,0,1,0,0,0,64,0.25,0.25,0.25,0.05,0.2,0.5,-0.6931471805599453,0.5,0.5036249642039708,1,0,0.5925925925925926
55,2,00001.jpg,0,0,0,0,1,0,64,0.25,0.25,0.25,0.05,0.2,0.5,-0.6931471805599453,0.5,0.458609896010709,1,0,0.5818181818181818
56,2,10111.jpg,1,0,1,1,1,1,64,0.25,0.25,0.25,0.05,0.2,0.5,-0.6931471805599453,0.5,0.5419294849863958,1,1,0.5892857142857143
57,2,11111.jpg,1,1,1,1,1,1,64,0.25,0.25,0.25,0.05,0.2,0.5,-0.6931471805599453,0.5,0.5412356138526836,0,0,0.5789473684210527
58,2,01101.jpg,0,1,1,0,1,0,64,0.25,0.25,0.25,0.05,0.2,0.5,-0.6931471805599453,0.5,0.5016444732846641,0,1,0.5862068965517241
59,2,00111.jpg,0,0,1,1,1,0,64,0.25,0.25,0.25,0.05,0.2,0.5,-0.6931471805599453,0.5,0.5013597010802383,0,1,0.5932203389830508
60,2,11010.jpg,1,1,0,1,0,0,64,0.25,0.25,0.25,0.05,0.2,0.5,-0.6931471805599453,0.5,0.49744678282246796,0,1,0.6
61,2,00101.jpg,0,0,1,0,1,0,64,0.25,0.25,0.25,0.05,0.2,0.5,-0.6931471805599453,0.5,0.5014759025990075,0,1,0.6065573770491803
62,2,11001.jpg,1,1,0,0,1,0,64,0.25,0.25,0.25,0.05,0.2,0.5,-0.6931471805599453,0.5,0.49956104561033127,1,0,0.5967741935483871
63,2,01110.jpg,0,1,1,1,0,0,64,0.25,0.25,0.25,0.05,0.2,0.5,-0.6931471805599453,0.5,0.4979902832094687,1,0,0.5873015873015873
64,2,11110.jpg,1,1,1,1,0,1,64,0.25,0.25,0.25,0.05,0.2,0.5,-0.6931471805599453,0.5,0.5389928403799301,1,1,0.59375
65,3,01101.jpg,0,1,1,0,1,0,64,0.25,0.25,0.25,0.05,0.2,0.5,-0.6931471805599453,0.5,0.4986996112032499,1,0,0.5846153846153846
66,3,01100.jpg,0,1,1,0,0,0,64,0.25,0.25,0.25,0.05,0.2,0.5,-0.6931471805599453,0.5,0.4979251965741034,0,1,0.5909090909090909
67,3,11110.jpg,1,1,1,1,0,1,64,0.25,0.25,0.25,0.05,0.2,0.5,-0.6931471805599453,0.5,0.5402342854750488,1,1,0.5970149253731343
68,3,11000.jpg,1,1,0,0,0,0,64,0.25,0.25,0.25,0.05,0.2,0.5,-0.6931471805599453,0.5,0.5007454497785722,1,0,0.5882352941176471
69,3,10100.jpg,1,0,1,0,0,1,64,0.25,0.25,0.25,0.05,0.2,0.5,-0.6931471805599453,0.5,0.5406729444124931,0,0,0.5797101449275363
70,3,00011.jpg,0,0,0,1,1,0,64,0.25,0.25,0.25,0.05,0.2,0.5,-0.6931471805599453,0.5,0.45847020474575,0,1,0.5857142857142857
71,3,10001.jpg,1,0,0,0,1,0,64,0.25,0.25,0.25,0.05,0.2,0.5,-0.6931471805599453,0.5,0.49839198407591995,1,0,0.5774647887323944
72,3,00111.jpg,0,0,1,1,1,0,64,0.25,0.25,0.25,0.05,0.2,0.5,-0.6931471805599453,0.5,0.4975220190245829,0,1,0.5833333333333334
73,3,10011.jpg,1,0,0,1,1,0,64,0.25,0.25,0.25,0.05,0.2,0.5,-0.6931471805599453,0.5,0.4974072732644947,1,0,0.5753424657534246
74,3,11001.jpg,1,1,0,0,1,0,64,0.25,0.25,0.25,0.05,0.2,0.5,-0.6931471805599453,0.5,0.49692078535076195,1,0,0.5675675675675675
75,3,01110.jpg,0,1,1,1,0,0,64,0.25,0.25,0.25,0.05,0.2,0.5,-0.6931471805599453,0.5,0.5015150395597046,1,0,0.56
76,3,00100.jpg,0,0,1,0,0,0,64,0.25,0.25,0.25,0.05,0.2,0.5,-0.6931471805599453,0.5,0.5010277261992765,0,1,0.5657894736842105
77,3,10110.jpg,1,0,1,1,0,1,64,0.25,0.25,0.25,0.05,0.2,0.5,-0.6931471805599453,0.5,0.5418926629883666,0,0,0.5584415584415584
78,3,01011.jpg,0,1,0,1,1,0,64,0.25,0.25,0.25,0.05,0.2,0.5,-0.6931471805599453,0.5,0.4564412183226942,0,1,0.5641025641025641
79,3,00001.jpg,0,0,0,0,1,0,64,0.25,0.25,0.25,0.05,0.2,0.5,-0.6931471805599453,0.5,0.4570924142110621,0,1,0.569620253164557
80,3,11010.jpg,1,1,0,1,0,0,64,0.25,0.25,0.25,0.05,0.2,0.5,-0.6931471805599453,0.5,0.5014884411061036,0,1,0.575
81,3,10000.jpg,1,0,0,0,0,0,64,0.25,0.25,0.25,0.05,0.2,0.5,-0.6931471805599453,0.5,0.5022538109926631,0,1,0.5802469135802469
82,3,01001.jpg,0,1,0,0,1,0,64,0.25,0.25,0.25,0.05,0.2,0.5,-0.6931471805599453,0.5,0.4554673109311963,1,0,0.573170731707317
83,3,00010.jpg,0,0,0,1,0,0,64,0.25,0.25,0.25,0.05,0.2,0.5,-0.6931471805599453,0.5,0.46253917239590436,0,1,0.5783132530120482
84,3,00000.jpg,0,0,0,0,0,0,64,0.25,0.25,0.25,0.05,0.2,0.5,-0.6931471805599453,0.5,0.4611544873528356,0,1,0.5833333333333334
85,3,10111.jpg,1,0,1,1,1,1,64,0.25,0.25,0.25,0.05,0.2,0.5,-0.6931471805599453,0.5,0.5400463705133797,0,0,0.5764705882352941
86,3,11111.jpg,1,1,1,1,1,1,64,0.25,0.25,0.25,0.05,0.2,0.5,-0.6931471805599453,0.5,0.5390110427434553,1,1,0.5813953488372093
87,3,11100.jpg,1,1,1,0,0,1,64,0.25,0.25,0.25,0.05,0.2,0.5,-0.6931471805599453,0.5,0.5408434138142778,1,1,0.5862068965517241
88,3,01010.jpg,0,1,0,1,0,0,64,0.25,0.25,0.25,0.05,0.2,0.5,-0.6931471805599453,0.5,0.4598765248102603,1,0,0.5795454545454546
89,3,01000.jpg,0,1,0,0,0,0,64,0.25,0.25,0.25,0.05,0.2,0.5,-0.6931471805599453,0.5,0.458322163293054,0,1,0.5842696629213483
90,3,10010.jpg,1,0,0,1,0,0,64,0.25,0.25,0.25,0.05,0.2,0.5,-0.6931471805599453,0.5,0.4999078008376771,1,0,0.5777777777777777
91,3,01111.jpg,0,1,1,1,1,0,64,0.25,0.25,0.25,0.05,0.2,0.5,-0.6931471805599453,0.5,0.49925179137736136,1,0,0.5714285714285714
92,3,00101.jpg,0,0,1,0,1,0,64,0.25,0.25,0.25,0.05,0.2,0.5,-0.6931471805599453,0.5,0.49816997188775575,0,1,0.5760869565217391
93,3,11011.jpg,1,1,0,1,1,0,64,0.25,0.25,0.25,0.05,0.2,0.5,-0.6931471805599453,0.5,0.4980931503269734,0,1,0.5806451612903226
94,3,00110.jpg,0,0,1,1,0,0,64,0.25,0.25,0.25,0.05,0.2,0.5,-0.6931471805599453,0.5,0.5010647357845518,1,0,0.574468085106383
95,3,10101.jpg,1,0,1,0,1,1,64,0.25,0.25,0.25,0.05,0.2,0.5,-0.6931471805599453,0.5,0.5397171813627503,1,1,0.5789473684210527
96,3,11101.jpg,1,1,1,0,1,1,64,0.25,0.25,0.25,0.05,0.2,0.5,-0.6931471805599453,0.5,0.5397439106138745,1,1,0.5833333333333334
1,1,11101.jpg,1,1,1,0,1,1,65,0.25,0.25,0.25,0.05,0.2,0.5,-0.6931471805599453,0.5,0.5,1,1,1
2,1,11111.jpg,1,1,1,1,1,1,65,0.25,0.25,0.25,0.05,0.2,0.5,-0.6931471805599453,0.5,0.5,0,0,0.5
3,1,00001.jpg,0,0,0,0,1,0,65,0.25,0.25,0.25,0.05,0.2,0.5,-0.6931471805599453,0.5,0.5,1,0,0.3333333333333333
4,1,00111.jpg,0,0,1,1,1,0,65,0.25,0.25,0.25,0.05,0.2,0.5,-0.6931471805599453,0.5,0.4719240947093628,1,0,0.25
5,1,00101.jpg,0,0,1,0,1,0,65,0.25,0.25,0.25,0.05,0.2,0.5,-0.6931471805599453,0.5,0.4529715835781758,0,1,0.4
6,1,00100.jpg,0,0,1,0,0,0,65,0.25,0.25,0.25,0.05,0.2,0.5,-0.6931471805599453,0.5,0.4467368394972724,0,1,0.5
7,1,01001.jpg,0,1,0,0,1,0,65,0.25,0.25,0.25,0.05,0.2,0.5,-0.6931471805599453,0.5,0.49606500356320415,1,0,0.42857142857142855
8,1,11110.jpg,1,1,1,1,0,1,65,0.25,0.25,0.25,0.05,0.2,0.5,-0.6931471805599453,0.5,0.5646325798946765,0,0,0.375
9,1,01101.jpg,0,1,1,0,1,0,65,0.25,0.25,0.25,0.05,0.2,0.5,-0.6931471805599453,0.5,0.5000192703292621,0,1,0.4444444444444444
10,1,00010.jpg,0,0,0,1,0,0,65,0.25,0.25,0.25,0.05,0.2,0.5,-0.6931471805599453,0.5,0.44458113705026614,0,1,0.5
11,1,10110.jpg,1,0,1,1,0,1,65,0.25,0.25,0.25,0.05,0.2,0.5,-0.6931471805599453,0.5,0.5247602633568057,0,0,0.45454545454545453
12,1,01000.jpg,0,1,0,0,0,0,65,0.25,0.25,0.25,0.05,0.2,0.5,-0.6931471805599453,0.5,0.4715858741853981,0,1,0.5
13,1,10001.jpg,1,0,0,0,1,0,65,0.25,0.25,0.25,0.05,0.2,0.5,-0.6931471805599453,0.5,0.4972604041290893,1,0,0.46153846153846156
14,1,01011.jpg,0,1,0,1,1,0,65,0.25,0.25,0.25,0.05,0.2,0.5,-0.6931471805599453,0.5,0.466802885435405,1,0,0.42857142857142855
15,1,11001.jpg,1,1,0,0,1,0,65,0.25,0.25,0.25,0.05,0.2,0.5,-0.6931471805599453,0.5,0.5119524609671182,0,1,0.4666666666666667
16,1,10010.jpg,1,0,0,1,0,0,65,0.25,0.25,0.25,0.05,0.2,0.5,-0.6931471805599453,0.5,0.504939684825531,1,0,0.4375
17,1,01111.jpg,0,1,1,1,1,0,65,0.25,0.25,0.25,0.05,0.2,0.5,-0.6931471805599453,0.5,0.5052885412193364,1,0,0.4117647058823529
18,1,00110.jpg,0,0,1,1,0,0,65,0.25,0.25,0.25,0.05,0.2,0.5,-0.6931471805599453,0.5,0.4924985951482908,0,1,0.4444444444444444
19,1,10111.jpg,1,0,1,1,1,1,65,0.25,0.25,0.25,0.05,0.2,0.5,-0.6931471805599453,0.5,0.529796230721122,0,0,0.42105263157894735
20,1,10011.jpg,1,0,0,1,1,0,65,0.25,0.25,0.25,0.05,0.2,0.5,-0.6931471805599453,0.5,0.5016827057212986,0,1,0.45
21,1,01010.jpg,0,1,0,1,0,0,65,0.25,0.25,0.25,0.05,0.2,0.5,-0.6931471805599453,0.5,0.46771363905726054,1,0,0.42857142857142855
22,1,01100.jpg,0,1,1,0,0,0,65,0.25,0.25,0.25,0.05,0.2,0.5,-0.6931471805599453,0.5,0.498707748127211,1,0,0.4090909090909091
23,1,10100.jpg,1,0,1,0,0,1,65,0.25,0.25,0.25,0.05,0.2,0.5,-0.6931471805599453,0.5,0.5352055851577576,1,1,0.43478260869565216
24,1,11011.jpg,1,1,0,1,1,0,65,0.25,0.25,0.25,0.05,0.2,0.5,-0.6931471805599453,0.5,0.5045073802080052,0,1,0.4583333333333333
25,1,01110.jpg,0,1,1,1,0,0,65,0.25,0.25,0.25,0.05,0.2,0.5,-0.6931471805599453,0.5,0.49878322295070726,0,1,0.48
26,1,00011.jpg,0,0,0,1,1,0,65,0.25,0.25,0.25,0.05,0.2,0.5,-0.6931471805599453,0.5,0.4583404490008703,0,1,0.5
27,1,11000.jpg,1,1,0,0,0,0,65,0.25,0.25,0.25,0.05,0.2,0.5,-0.6931471805599453,0.5,0.5053937587920898,0,1,0.5185185185185185
28,1,10000.jpg,1,0,0,0,0,0,65,0.25,0.25,0.25,0.05,0.2,0.5,-0.6931471805599453,0.5,0.5038539506659349,0,1,0.5357142857142857
29,1,11010.jpg,1,1,0,1,0,0,65,0.25,0.25,0.25,0.05,0.2,0.5,-0.6931471805599453,0.5,0.5022285486904833,1,0,0.5172413793103449
30,1,00000.jpg,0,0,0,0,0,0,65,0.25,0.25,0.25,0.05,0.2,0.5,-0.6931471805599453,0.5,0.45966404971554614,0,1,0.5333333333333333
31,1,11100.jpg,1,1,1,0,0,1,65,0.25,0.25,0.25,0.05,0.2,0.5,-0.6931471805599453,0.5,0.5398460342833891,0,0,0.5161290322580645
32,1,10101.jpg,1,0,1,0,1,1,65,0.25,0.25,0.25,0.05,0.2,0.5,-0.6931471805599453,0.5,0.536507686186837,1,1,0.53125
33,2,01010.jpg,0,1,0,1,0,0,65,0.25,0.25,0.25,0.05,0.2,0.5,-0.6931471805599453,0.5,0.4579927295406468,0,1,0.5454545454545454
34,2,10011.jpg,1,0,0,1,1,0,65,0.25,0.25,0.25,0.05,0.2,0.5,-0.6931471805599453,0.5,0.49972976864889246,0,1,0.5588235294117647
35,2,01011.jpg,0,1,0,1,1,0,65,0.25,0.25,0.25,0.05,0.2,0.5,-0.6931471805599453,0.5,0.4573902519816863,1,0,0.5428571428571428
36,2,10101.jpg,1,0,1,0,1,1,65,0.25,0.25,0.25,0.05,0.2,0.5,-0.6931471805599453,0.5,0.5425543717695659,1,1,0.5555555555555556
37,2,11100.jpg,1,1,1,0,0,1,65,0.25,0.25,0.25,0.05,0.2,0.5,-0.6931471805599453,0.5,0.5398743222620229,0,0,0.5405405405405406
38,2,10010.jpg,1,0,0,1,0,0,65,0.25,0.25,0.25,0.05,0.2,0.5,-0.6931471805599453,0.5,0.4975422323680826,0,1,0.5526315789473685
39,2,10000.jpg,1,0,0,0,0,0,65,0.25,0.25,0.25,0.05,0.2,0.5,-0.6931471805599453,0.5,0.49732095907645407,0,1,0.5641025641025641
40,2,01100.jpg,0,1,1,0,0,0,65,0.25,0.25,0.25,0.05,0.2,0.5,-0.6931471805599453,0.5,0.5030575068884094,0,1,0.575
41,2,00011.jpg,0,0,0,1,1,0,65,0.25,0.25,0.25,0.05,0.2,0.5,-0.6931471805599453,0.5,0.4582162238536408,0,1,0.5853658536585366
42,2,01000.jpg,0,1,0,0,0,0,65,0.25,0.25,0.25,0.05,0.2,0.5,-0.6931471805599453,0.5,0.4584501364423489,0,1,0.5952380952380952
43,2,10100.jpg,1,0,1,0,0,1,65,0.25,0.25,0.25,0.05,0.2,0.5,-0.6931471805599453,0.5,0.5421656515301483,0,0,0.5813953488372093
44,2,00110.jpg,0,0,1,1,0,0,65,0.25,0.25,0.25,0.05,0.2,0.5,-0.6931471805599453,0.5,0.501672073884497,0,1,0.5909090909090909
45,2,00000.jpg,0,0,0,0,0,0,65,0.25,0.25,0.25,0.05,0.2,0.5,-0.6931471805599453,0.5,0.4592783057433468,0,1,0.6
46,2,10110.jpg,1,0,1,1,0,1,65,0.25,0.25,0.25,0.05,0.2,0.5,-0.6931471805599453,0.5,0.5415650090765992,0,0,0.5869565217391305
47,2,11101.jpg,1,1,1,0,1,1,65,0.25,0.25,0.25,0.05,0.2,0.5,-0.6931471805599453,0.5,0.5411591106607222,1,1,0.5957446808510638
48,2,11011.jpg,1,1,0,1,1,0,65,0.25,0.25,0.25,0.05,0.2,0.5,-0.6931471805599453,0.5,0.497331927537187,1,0,0.5833333333333334
49,2,01001.jpg,0,1,0,0,1,0,65,0.25,0.25,0.25,0.05,0.2,0.5,-0.6931471805599453,0.5,0.457136428388572,0,1,0.5918367346938775
50,2,01111.jpg,0,1,1,1,1,0,65,0.25,0.25,0.25,0.05,0.2,0.5,-0.6931471805599453,0.5,0.49817163896949196,0,1,0.6
51,2,10001.jpg,1,0,0,0,1,0,65,0.25,0.25,0.25,0.05,0.2,0.5,-0.6931471805599453,0.5,0.49975330761540115,0,1,0.6078431372549019
52,2,00010.jpg,0,0,0,1,0,0,65,0.25,0.25,0.25,0.05,0.2,0.5,-0.6931471805599453,0.5,0.4583222777820868,1,0,0.5961538461538461
53,2,11000.jpg,1,1,0,0,0,0,65,0.25,0.25,0.25,0.05,0.2,0.5,-0.6931471805599453,0.5,0.4982763243554015,0,1,0.6037735849056604
54,2,00100.jpg,0,0,1,0,0,0,65,0.25,0.25,0.25,0.05,0.2,0.5,-0.6931471805599453,0.5,0.5036249642039708,1,0,0.5925925925925926
55,2,00001.jpg,0,0,0,0,1,0,65,0.25,0.25,0.25,0.05,0.2,0.5,-0.6931471805599453,0.5,0.458609896010709,1,0,0.5818181818181818
56,2,10111.jpg,1,0,1,1,1,1,65,0.25,0.25,0.25,0.05,0.2,0.5,-0.6931471805599453,0.5,0.5419294849863958,1,1,0.5892857142857143
57,2,11111.jpg,1,1,1,1,1,1,65,0.25,0.25,0.25,0.05,0.2,0.5,-0.6931471805599453,0.5,0.5412356138526836,0,0,0.5789473684210527
58,2,01101.jpg,0,1,1,0,1,0,65,0.25,0.25,0.25,0.05,0.2,0.5,-0.6931471805599453,0.5,0.5016444732846641,0,1,0.5862068965517241
59,2,00111.jpg,0,0,1,1,1,0,65,0.25,0.25,0.25,0.05,0.2,0.5,-0.6931471805599453,0.5,0.5013597010802383,0,1,0.5932203389830508
60,2,11010.jpg,1,1,0,1,0,0,65,0.25,0.25,0.25,0.05,0.2,0.5,-0.6931471805599453,0.5,0.49744678282246796,0,1,0.6
61,2,00101.jpg,0,0,1,0,1,0,65,0.25,0.25,0.25,0.05,0.2,0.5,-0.6931471805599453,0.5,0.5014759025990075,0,1,0.6065573770491803
62,2,11001.jpg,1,1,0,0,1,0,65,0.25,0.25,0.25,0.05,0.2,0.5,-0.6931471805599453,0.5,0.49956104561033127,1,0,0.5967741935483871
63,2,01110.jpg,0,1,1,1,0,0,65,0.25,0.25,0.25,0.05,0.2,0.5,-0.6931471805599453,0.5,0.4979902832094687,1,0,0.5873015873015873
64,2,11110.jpg,1,1,1,1,0,1,65,0.25,0.25,0.25,0.05,0.2,0.5,-0.6931471805599453,0.5,0.5389928403799301,1,1,0.59375
65,3,01101.jpg,0,1,1,0,1,0,65,0.25,0.25,0.25,0.05,0.2,0.5,-0.6931471805599453,0.5,0.4986996112032499,1,0,0.5846153846153846
66,3,01100.jpg,0,1,1,0,0,0,65,0.25,0.25,0.25,0.05,0.2,0.5,-0.6931471805599453,0.5,0.4979251965741034,0,1,0.5909090909090909
67,3,11110.jpg,1,1,1,1,0,1,65,0.25,0.25,0.25,0.05,0.2,0.5,-0.6931471805599453,0.5,0.5402342854750488,1,1,0.5970149253731343
68,3,11000.jpg,1,1,0,0,0,0,65,0.25,0.25,0.25,0.05,0.2,0.5,-0.6931471805599453,0.5,0.5007454497785722,1,0,0.5882352941176471
69,3,10100.jpg,1,0,1,0,0,1,65,0.25,0.25,0.25,0.05,0.2,0.5,-0.6931471805599453,0.5,0.5406729444124931,0,0,0.5797101449275363
70,3,00011.jpg,0,0,0,1,1,0,65,0.25,0.25,0.25,0.05,0.2,0.5,-0.6931471805599453,0.5,0.45847020474575,0,1,0.5857142857142857
71,3,10001.jpg,1,0,0,0,1,0,65,0.25,0.25,0.25,0.05,0.2,0.5,-0.6931471805599453,0.5,0.49839198407591995,1,0,0.5774647887323944
72,3,00111.jpg,0,0,1,1,1,0,65,0.25,0.25,0.25,0.05,0.2,0.5,-0.6931471805599453,0.5,0.4975220190245829,0,1,0.5833333333333334
73,3,10011.jpg,1,0,0,1,1,0,65,0.25,0.25,0.25,0.05,0.2,0.5,-0.6931471805599453,0.5,0.4974072732644947,1,0,0.5753424657534246
74,3,11001.jpg,1,1,0,0,1,0,65,0.25,0.25,0.25,0.05,0.2,0.5,-0.6931471805599453,0.5,0.49692078535076195,1,0,0.5675675675675675
75,3,01110.jpg,0,1,1,1,0,0,65,0.25,0.25,0.25,0.05,0.2,0.5,-0.6931471805599453,0.5,0.5015150395597046,1,0,0.56
76,3,00100.jpg,0,0,1,0,0,0,65,0.25,0.25,0.25,0.05,0.2,0.5,-0.6931471805599453,0.5,0.5010277261992765,0,1,0.5657894736842105
77,3,10110.jpg,1,0,1,1,0,1,65,0.25,0.25,0.25,0.05,0.2,0.5,-0.6931471805599453,0.5,0.5418926629883666,0,0,0.5584415584415584
78,3,01011.jpg,0,1,0,1,1,0,65,0.25,0.25,0.25,0.05,0.2,0.5,-0.6931471805599453,0.5,0.4564412183226942,0,1,0.5641025641025641
79,3,00001.jpg,0,0,0,0,1,0,65,0.25,0.25,0.25,0.05,0.2,0.5,-0.6931471805599453,0.5,0.4570924142110621,0,1,0.569620253164557
80,3,11010.jpg,1,1,0,1,0,0,65,0.25,0.25,0.25,0.05,0.2,0.5,-0.6931471805599453,0.5,0.5014884411061036,0,1,0.575
81,3,10000.jpg,1,0,0,0,0,0,65,0.25,0.25,0.25,0.05,0.2,0.5,-0.6931471805599453,0.5,0.5022538109926631,0,1,0.5802469135802469
82,3,01001.jpg,0,1,0,0,1,0,65,0.25,0.25,0.25,0.05,0.2,0.5,-0.6931471805599453,0.5,0.4554673109311963,1,0,0.573170731707317
83,3,00010.jpg,0,0,0,1,0,0,65,0.25,0.25,0.25,0.05,0.2,0.5,-0.6931471805599453,0.5,0.46253917239590436,0,1,0.5783132530120482
84,3,00000.jpg,0,0,0,0,0,0,65,0.25,0.25,0.25,0.05,0.2,0.5,-0.6931471805599453,0.5,0.4611544873528356,0,1,0.5833333333333334
85,3,10111.jpg,1,0,1,1,1,1,65,0.25,0.25,0.25,0.05,0.2,0.5,-0.6931471805599453,0.5,0.5400463705133797,0,0,0.5764705882352941
86,3,11111.jpg,1,1,1,1,1,1,65,0.25,0.25,0.25,0.05,0.2,0.5,-0.6931471805599453,0.5,0.5390110427434553,1,1,0.5813953488372093
87,3,11100.jpg,1,1,1,0,0,1,65,0.25,0.25,0.25,0.05,0.2,0.5,-0.6931471805599453,0.5,0.5408434138142778,1,1,0.5862068965517241
88,3,01010.jpg,0,1,0,1,0,0,65,0.25,0.25,0.25,0.05,0.2,0.5,-0.6931471805599453,0.5,0.4598765248102603,1,0,0.5795454545454546
89,3,01000.jpg,0,1,0,0,0,0,65,0.25,0.25,0.25,0.05,0.2,0.5,-0.6931471805599453,0.5,0.458322163293054,0,1,0.5842696629213483
90,3,10010.jpg,1,0,0,1,0,0,65,0.25,0.25,0.25,0.05,0.2,0.5,-0.6931471805599453,0.5,0.4999078008376771,1,0,0.5777777777777777
91,3,01111.jpg,0,1,1,1,1,0,65,0.25,0.25,0.25,0.05,0.2,0.5,-0.6931471805599453,0.5,0.49925179137736136,1,0,0.5714285714285714
92,3,00101.jpg,0,0,1,0,1,0,65,0.25,0.25,0.25,0.05,0.2,0.5,-0.6931471805599453,0.5,0.49816997188775575,0,1,0.5760869565217391
93,3,11011.jpg,1,1,0,1,1,0,65,0.25,0.25,0.25,0.05,0.2,0.5,-0.6931471805599453,0.5,0.4980931503269734,0,1,0.5806451612903226
94,3,00110.jpg,0,0,1,1,0,0,65,0.25,0.25,0.25,0.05,0.2,0.5,-0.6931471805599453,0.5,0.5010647357845518,1,0,0.574468085106383
95,3,10101.jpg,1,0,1,0,1,1,65,0.25,0.25,0.25,0.05,0.2,0.5,-0.6931471805599453,0.5,0.5397171813627503,1,1,0.5789473684210527
96,3,11101.jpg,1,1,1,0,1,1,65,0.25,0.25,0.25,0.05,0.2,0.5,-0.6931471805599453,0.5,0.5397439106138745,1,1,0.5833333333333334
1,1,11101.jpg,1,1,1,0,1,1,66,0.25,0.25,0.25,0.05,0.2,1,0,0.5,0.5,1,1,1
2,1,11111.jpg,1,1,1,1,1,1,66,0.25,0.25,0.25,0.05,0.2,1,0,0.5,0.5,0,0,0.5
3,1,00001.jpg,0,0,0,0,1,0,66,0.25,0.25,0.25,0.05,0.2,1,0,0.5,0.5,1,0,0.3333333333333333
4,1,00111.jpg,0,0,1,1,1,0,66,0.25,0.25,0.25,0.05,0.2,1,0,0.5,0.4440632472840815,1,0,0.25
5,1,00101.jpg,0,0,1,0,1,0,66,0.25,0.25,0.25,0.05,0.2,1,0,0.5,0.40620426730047543,0,1,0.4
6,1,00100.jpg,0,0,1,0,0,0,66,0.25,0.25,0.25,0.05,0.2,1,0,0.5,0.3940337041230718,0,1,0.5
7,1,01001.jpg,0,1,0,0,1,0,66,0.25,0.25,0.25,0.05,0.2,1,0,0.5,0.49047773497663144,1,0,0.42857142857142855
8,1,11110.jpg,1,1,1,1,0,1,66,0.25,0.25,0.25,0.05,0.2,1,0,0.5,0.6259942869104618,0,0,0.375
9,1,01101.jpg,0,1,1,0,1,0,66,0.25,0.25,0.25,0.05,0.2,1,0,0.5,0.5000708546017706,0,1,0.4444444444444444
10,1,00010.jpg,0,0,0,1,0,0,66,0.25,0.25,0.25,0.05,0.2,1,0,0.5,0.389726981838059,0,1,0.5
11,1,10110.jpg,1,0,1,1,0,1,66,0.25,0.25,0.25,0.05,0.2,1,0,0.5,0.5473147504411583,0,0,0.45454545454545453
12,1,01000.jpg,0,1,0,0,0,0,66,0.25,0.25,0.25,0.05,0.2,1,0,0.5,0.44187288017408766,0,1,0.5
13,1,10001.jpg,1,0,0,0,1,0,66,0.25,0.25,0.25,0.05,0.2,1,0,0.5,0.4936652306916879,1,0,0.46153846153846156
14,1,01011.jpg,0,1,0,1,1,0,66,0.25,0.25,0.25,0.05,0.2,1,0,0.5,0.43329658717782815,1,0,0.42857142857142855
15,1,11001.jpg,1,1,0,0,1,0,66,0.25,0.25,0.25,0.05,0.2,1,0,0.5,0.5227896725387312,0,1,0.4666666666666667
16,1,10010.jpg,1,0,0,1,0,0,66,0.25,0.25,0.25,0.05,0.2,1,0,0.5,0.5096001817317813,1,0,0.4375
17,1,01111.jpg,0,1,1,1,1,0,66,0.25,0.25,0.25,0.05,0.2,1,0,0.5,0.5086704887266866,1,0,0.4117647058823529
18,1,00110.jpg,0,0,1,1,0,0,66,0.25,0.25,0.25,0.05,0.2,1,0,0.5,0.48358307065467154,0,1,0.4444444444444444
19,1,10111.jpg,1,0,1,1,1,1,66,0.25,0.25,0.25,0.05,0.2,1,0,0.5,0.5575472149340216,0,0,0.42105263157894735
20,1,10011.jpg,1,0,0,1,1,0,66,0.25,0.25,0.25,0.05,0.2,1,0,0.5,0.5014744754560073,0,1,0.45
21,1,01010.jpg,0,1,0,1,0,0,66,0.25,0.25,0.25,0.05,0.2,1,0,0.5,0.43432251730611066,1,0,0.42857142857142855
22,1,01100.jpg,0,1,1,0,0,0,66,0.25,0.25,0.25,0.05,0.2,1,0,0.5,0.4951700965272569,1,0,0.4090909090909091
23,1,10100.jpg,1,0,1,0,0,1,66,0.25,0.25,0.25,0.05,0.2,1,0,0.5,0.5689215482478495,1,1,0.43478260869565216
24,1,11011.jpg,1,1,0,1,1,0,66,0.25,0.25,0.25,0.05,0.2,1,0,0.5,0.5071476600354579,0,1,0.4583333333333333
25,1,01110.jpg,0,1,1,1,0,0,66,0.25,0.25,0.25,0.05,0.2,1,0,0.5,0.4946109949578822,0,1,0.48
26,1,00011.jpg,0,0,0,1,1,0,66,0.25,0.25,0.25,0.05,0.2,1,0,0.5,0.41656591146754146,0,1,0.5
27,1,11000.jpg,1,1,0,0,0,0,66,0.25,0.25,0.25,0.05,0.2,1,0,0.5,0.5087006651448465,0,1,0.5185185185185185
28,1,10000.jpg,1,0,0,0,0,0,66,0.25,0.25,0.25,0.05,0.2,1,0,0.5,0.5061894588036508,0,1,0.5357142857142857
29,1,11010.jpg,1,1,0,1,0,0,66,0.25,0.25,0.25,0.05,0.2,1,0,0.5,0.5017963479421671,1,0,0.5172413793103449
30,1,00000.jpg,0,0,0,0,0,0,66,0.25,0.25,0.25,0.05,0.2,1,0,0.5,0.41990033414534955,0,1,0.5333333333333333
31,1,11100.jpg,1,1,1,0,0,1,66,0.25,0.25,0.25,0.05,0.2,1,0,0.5,0.5778483872240772,0,0,0.5161290322580645
32,1,10101.jpg,1,0,1,0,1,1,66,0.25,0.25,0.25,0.05,0.2,1,0,0.5,0.5714222146285867,1,1,0.53125
33,2,01010.jpg,0,1,0,1,0,0,66,0.25,0.25,0.25,0.05,0.2,1,0,0.5,0.4156983145284268,0,1,0.5454545454545454
34,2,10011.jpg,1,0,0,1,1,0,66,0.25,0.25,0.25,0.05,0.2,1,0,0.5,0.49691230780461537,0,1,0.5588235294117647
35,2,01011.jpg,0,1,0,1,1,0,66,0.25,0.25,0.25,0.05,0.2,1,0,0.5,0.41459239299254436,1,0,0.5428571428571428
36,2,10101.jpg,1,0,1,0,1,1,66,0.25,0.25,0.25,0.05,0.2,1,0,0.5,0.5833098905784565,1,1,0.5555555555555556
37,2,11100.jpg,1,1,1,0,0,1,66,0.25,0.25,0.25,0.05,0.2,1,0,0.5,0.5786444906533861,0,0,0.5405405405405406
38,2,10010.jpg,1,0,0,1,0,0,66,0.25,0.25,0.25,0.05,0.2,1,0,0.5,0.4923736616113737,0,1,0.5526315789473685
39,2,10000.jpg,1,0,0,0,0,0,66,0.25,0.25,0.25,0.05,0.2,1,0,0.5,0.4916232572726287,0,1,0.5641025641025641
40,2,01100.jpg,0,1,1,0,0,0,66,0.25,0.25,0.25,0.05,0.2,1,0,0.5,0.5036635011445447,0,1,0.575
41,2,00011.jpg,0,0,0,1,1,0,66,0.25,0.25,0.25,0.05,0.2,1,0,0.5,0.41657348068845473,0,1,0.5853658536585366
42,2,01000.jpg,0,1,0,0,0,0,66,0.25,0.25,0.25,0.05,0.2,1,0,0.5,0.41679909859947073,0,1,0.5952380952380952
43,2,10100.jpg,1,0,1,0,0,1,66,0.25,0.25,0.25,0.05,0.2,1,0,0.5,0.5823183955239958,1,1,0.6046511627906976
44,2,00110.jpg,0,0,1,1,0,0,66,0.25,0.25,0.25,0.05,0.2,1,0,0.5,0.5013047611634205,0,1,0.6136363636363636
45,2,00000.jpg,0,0,0,0,0,0,66,0.25,0.25,0.25,0.05,0.2,1,0,0.5,0.4185421933112411,0,1,0.6222222222222222
46,2,10110.jpg,1,0,1,1,0,1,66,0.25,0.25,0.25,0.05,0.2,1,0,0.5,0.5812819570346215,0,0,0.6086956521739131
47,2,11101.jpg,1,1,1,0,1,1,66,0.25,0.25,0.25,0.05,0.2,1,0,0.5,0.581077412805526,1,1,0.6170212765957447
48,2,11011.jpg,1,1,0,1,1,0,66,0.25,0.25,0.25,0.05,0.2,1,0,0.5,0.4925640836415069,1,0,0.6041666666666666
49,2,01001.jpg,0,1,0,0,1,0,66,0.25,0.25,0.25,0.05,0.2,1,0,0.5,0.4140163687598241,0,1,0.6122448979591837
50,2,01111.jpg,0,1,1,1,1,0,66,0.25,0.25,0.25,0.05,0.2,1,0,0.5,0.4940159421655865,0,1,0.62
51,2,10001.jpg,1,0,0,0,1,0,66,0.25,0.25,0.25,0.05,0.2,1,0,0.5,0.4967791318948294,0,1,0.6274509803921569
52,2,00010.jpg,0,0,0,1,0,0,66,0.25,0.25,0.25,0.05,0.2,1,0,0.5,0.41664333062122866,1,0,0.6153846153846154
53,2,11000.jpg,1,1,0,0,0,0,66,0.25,0.25,0.25,0.05,0.2,1,0,0.5,0.49475351075366586,0,1,0.6226415094339622
54,2,00100.jpg,0,0,1,0,0,0,66,0.25,0.25,0.25,0.05,0.2,1,0,0.5,0.5049511129086968,1,0,0.6111111111111112
55,2,00001.jpg,0,0,0,0,1,0,66,0.25,0.25,0.25,0.05,0.2,1,0,0.5,0.41704090861498905,1,0,0.6
56,2,10111.jpg,1,0,1,1,1,1,66,0.25,0.25,0.25,0.05,0.2,1,0,0.5,0.5823319396244422,1,1,0.6071428571428571
57,2,11111.jpg,1,1,1,1,1,1,66,0.25,0.25,0.25,0.05,0.2,1,0,0.5,0.5809759298232378,0,0,0.5964912280701754
58,2,01101.jpg,0,1,1,0,1,0,66,0.25,0.25,0.25,0.05,0.2,1,0,0.5,0.500919266869782,0,1,0.603448275862069
59,2,00111.jpg,0,0,1,1,1,0,66,0.25,0.25,0.25,0.05,0.2,1,0,0.5,0.5006796656356758,0,1,0.6101694915254238
60,2,11010.jpg,1,1,0,1,0,0,66,0.25,0.25,0.25,0.05,0.2,1,0,0.5,0.4925397476465086,0,1,0.6166666666666667
61,2,00101.jpg,0,0,1,0,1,0,66,0.25,0.25,0.25,0.05,0.2,1,0,0.5,0.5003926130734695,0,1,0.6229508196721312
62,2,11001.jpg,1,1,0,0,1,0,66,0.25,0.25,0.25,0.05,0.2,1,0,0.5,0.4969272193668745,1,0,0.6129032258064516
63,2,01110.jpg,0,1,1,1,0,0,66,0.25,0.25,0.25,0.05,0.2,1,0,0.5,0.4935025428865206,1,0,0.6031746031746031
64,2,11110.jpg,1,1,1,1,0,1,66,0.25,0.25,0.25,0.05,0.2,1,0,0.5,0.5765461499132801,1,1,0.609375
65,3,01101.jpg,0,1,1,0,1,0,66,0.25,0.25,0.25,0.05,0.2,1,0,0.5,0.49481873653564057,1,0,0.6
66,3,01100.jpg,0,1,1,0,0,0,66,0.25,0.25,0.25,0.05,0.2,1,0,0.5,0.493267825472017,0,1,0.6060606060606061
67,3,11110.jpg,1,1,1,1,0,1,66,0.25,0.25,0.25,0.05,0.2,1,0,0.5,0.5791485462322365,1,1,0.6119402985074627
68,3,11000.jpg,1,1,0,0,0,0,66,0.25,0.25,0.25,0.05,0.2,1,0,0.5,0.4990343542741747,0,1,0.6176470588235294
69,3,10100.jpg,1,0,1,0,0,1,66,0.25,0.25,0.25,0.05,0.2,1,0,0.5,0.5800358466231686,0,0,0.6086956521739131
70,3,00011.jpg,0,0,0,1,1,0,66,0.25,0.25,0.25,0.05,0.2,1,0,0.5,0.4164576136395761,0,1,0.6142857142857143
71,3,10001.jpg,1,0,0,0,1,0,66,0.25,0.25,0.25,0.05,0.2,1,0,0.5,0.494206681278047,1,0,0.6056338028169014
72,3,00111.jpg,0,0,1,1,1,0,66,0.25,0.25,0.25,0.05,0.2,1,0,0.5,0.49245321077298315,0,1,0.6111111111111112
73,3,10011.jpg,1,0,0,1,1,0,66,0.25,0.25,0.25,0.05,0.2,1,0,0.5,0.49198668909744625,1,0,0.6027397260273972
74,3,11001.jpg,1,1,0,0,1,0,66,0.25,0.25,0.25,0.05,0.2,1,0,0.5,0.49140695531172746,1,0,0.5945945945945946
75,3,01110.jpg,0,1,1,1,0,0,66,0.25,0.25,0.25,0.05,0.2,1,0,0.5,0.5001757975192034,1,0,0.5866666666666667
76,3,00100.jpg,0,0,1,0,0,0,66,0.25,0.25,0.25,0.05,0.2,1,0,0.5,0.4996021657454113,1,0,0.5789473684210527
77,3,10110.jpg,1,0,1,1,0,1,66,0.25,0.25,0.25,0.05,0.2,1,0,0.5,0.5825460935958957,1,1,0.5844155844155844
78,3,01011.jpg,0,1,0,1,1,0,66,0.25,0.25,0.25,0.05,0.2,1,0,0.5,0.4129311162240378,0,1,0.5897435897435898
79,3,00001.jpg,0,0,0,0,1,0,66,0.25,0.25,0.25,0.05,0.2,1,0,0.5,0.41384536341805217,0,1,0.5949367088607594
80,3,11010.jpg,1,1,0,1,0,0,66,0.25,0.25,0.25,0.05,0.2,1,0,0.5,0.5003946135668311,0,1,0.6
81,3,10000.jpg,1,0,0,0,0,0,66,0.25,0.25,0.25,0.05,0.2,1,0,0.5,0.5021285747398023,0,1,0.6049382716049383
82,3,01001.jpg,0,1,0,0,1,0,66,0.25,0.25,0.25,0.05,0.2,1,0,0.5,0.41092487418429074,0,1,0.6097560975609756
83,3,00010.jpg,0,0,0,1,0,0,66,0.25,0.25,0.25,0.05,0.2,1,0,0.5,0.42484545411442015,0,1,0.6144578313253012
84,3,00000.jpg,0,0,0,0,0,0,66,0.25,0.25,0.25,0.05,0.2,1,0,0.5,0.4220607593341015,0,1,0.6190476190476191
85,3,10111.jpg,1,0,1,1,1,1,66,0.25,0.25,0.25,0.05,0.2,1,0,0.5,0.5787699985747979,0,0,0.611764705882353
86,3,11111.jpg,1,1,1,1,1,1,66,0.25,0.25,0.25,0.05,0.2,1,0,0.5,0.576761767699978,1,1,0.6162790697674418
87,3,11100.jpg,1,1,1,0,0,1,66,0.25,0.25,0.25,0.05,0.2,1,0,0.5,0.5800281614225775,1,1,0.6206896551724138
88,3,01010.jpg,0,1,0,1,0,0,66,0.25,0.25,0.25,0.05,0.2,1,0,0.5,0.4195162011902811,1,0,0.6136363636363636
89,3,01000.jpg,0,1,0,0,0,0,66,0.25,0.25,0.25,0.05,0.2,1,0,0.5,0.4164535176016886,0,1,0.6179775280898876
90,3,10010.jpg,1,0,0,1,0,0,66,0.25,0.25,0.25,0.05,0.2,1,0,0.5,0.4973794784161822,1,0,0.6111111111111112
91,3,01111.jpg,0,1,1,1,1,0,66,0.25,0.25,0.25,0.05,0.2,1,0,0.5,0.4959741266358618,1,0,0.6043956043956044
92,3,00101.jpg,0,0,1,0,1,0,66,0.25,0.25,0.25,0.05,0.2,1,0,0.5,0.4939179873555479,0,1,0.6086956521739131
93,3,11011.jpg,1,1,0,1,1,0,66,0.25,0.25,0.25,0.05,0.2,1,0,0.5,0.49392519250082023,0,1,0.6129032258064516
94,3,00110.jpg,0,0,1,1,0,0,66,0.25,0.25,0.25,0.05,0.2,1,0,0.5,0.49967983076486816,0,1,0.6170212765957447
95,3,10101.jpg,1,0,1,0,1,1,66,0.25,0.25,0.25,0.05,0.2,1,0,0.5,0.578096951379361,1,1,0.6210526315789474
96,3,11101.jpg,1,1,1,0,1,1,66,0.25,0.25,0.25,0.05,0.2,1,0,0.5,0.5780813778961381,1,1,0.625
1,1,11101.jpg,1,1,1,0,1,1,67,0.25,0.25,0.25,0.05,0.2,1,0,0.5,0.5,1,1,1
2,1,11111.jpg,1,1,1,1,1,1,67,0.25,0.25,0.25,0.05,0.2,1,0,0.5,0.5,0,0,0.5
3,1,00001.jpg,0,0,0,0,1,0,67,0.25,0.25,0.25,0.05,0.2,1,0,0.5,0.5,1,0,0.3333333333333333
4,1,00111.jpg,0,0,1,1,1,0,67,0.25,0.25,0.25,0.05,0.2,1,0,0.5,0.4440632472840815,1,0,0.25
5,1,00101.jpg,0,0,1,0,1,0,67,0.25,0.25,0.25,0.05,0.2,1,0,0.5,0.40620426730047543,0,1,0.4
6,1,00100.jpg,0,0,1,0,0,0,67,0.25,0.25,0.25,0.05,0.2,1,0,0.5,0.3940337041230718,0,1,0.5
7,1,01001.jpg,0,1,0,0,1,0,67,0.25,0.25,0.25,0.05,0.2,1,0,0.5,0.49047773497663144,1,0,0.42857142857142855
8,1,11110.jpg,1,1,1,1,0,1,67,0.25,0.25,0.25,0.05,0.2,1,0,0.5,0.6259942869104618,0,0,0.375
9,1,01101.jpg,0,1,1,0,1,0,67,0.25,0.25,0.25,0.05,0.2,1,0,0.5,0.5000708546017706,0,1,0.4444444444444444
10,1,00010.jpg,0,0,0,1,0,0,67,0.25,0.25,0.25,0.05,0.2,1,0,0.5,0.389726981838059,0,1,0.5
11,1,10110.jpg,1,0,1,1,0,1,67,0.25,0.25,0.25,0.05,0.2,1,0,0.5,0.5473147504411583,0,0,0.45454545454545453
12,1,01000.jpg,0,1,0,0,0,0,67,0.25,0.25,0.25,0.05,0.2,1,0,0.5,0.44187288017408766,0,1,0.5
13,1,10001.jpg,1,0,0,0,1,0,67,0.25,0.25,0.25,0.05,0.2,1,0,0.5,0.4936652306916879,1,0,0.46153846153846156
14,1,01011.jpg,0,1,0,1,1,0,67,0.25,0.25,0.25,0.05,0.2,1,0,0.5,0.43329658717782815,1,0,0.42857142857142855
15,1,11001.jpg,1,1,0,0,1,0,67,0.25,0.25,0.25,0.05,0.2,1,0,0.5,0.5227896725387312,0,1,0.4666666666666667
16,1,10010.jpg,1,0,0,1,0,0,67,0.25,0.25,0.25,0.05,0.2,1,0,0.5,0.5096001817317813,1,0,0.4375
17,1,01111.jpg,0,1,1,1,1,0,67,0.25,0.25,0.25,0.05,0.2,1,0,0.5,0.5086704887266866,1,0,0.4117647058823529
18,1,00110.jpg,0,0,1,1,0,0,67,0.25,0.25,0.25,0.05,0.2,1,0,0.5,0.48358307065467154,0,1,0.4444444444444444
19,1,10111.jpg,1,0,1,1,1,1,67,0.25,0.25,0.25,0.05,0.2,1,0,0.5,0.5575472149340216,0,0,0.42105263157894735
20,1,10011.jpg,1,0,0,1,1,0,67,0.25,0.25,0.25,0.05,0.2,1,0,0.5,0.5014744754560073,0,1,0.45
21,1,01010.jpg,0,1,0,1,0,0,67,0.25,0.25,0.25,0.05,0.2,1,0,0.5,0.43432251730611066,1,0,0.42857142857142855
22,1,01100.jpg,0,1,1,0,0,0,67,0.25,0.25,0.25,0.05,0.2,1,0,0.5,0.4951700965272569,1,0,0.4090909090909091
23,1,10100.jpg,1,0,1,0,0,1,67,0.25,0.25,0.25,0.05,0.2,1,0,0.5,0.5689215482478495,1,1,0.43478260869565216
24,1,11011.jpg,1,1,0,1,1,0,67,0.25,0.25,0.25,0.05,0.2,1,0,0.5,0.5071476600354579,0,1,0.4583333333333333
25,1,01110.jpg,0,1,1,1,0,0,67,0.25,0.25,0.25,0.05,0.2,1,0,0.5,0.4946109949578822,0,1,0.48
26,1,00011.jpg,0,0,0,1,1,0,67,0.25,0.25,0.25,0.05,0.2,1,0,0.5,0.41656591146754146,0,1,0.5
27,1,11000.jpg,1,1,0,0,0,0,67,0.25,0.25,0.25,0.05,0.2,1,0,0.5,0.5087006651448465,0,1,0.5185185185185185
28,1,10000.jpg,1,0,0,0,0,0,67,0.25,0.25,0.25,0.05,0.2,1,0,0.5,0.5061894588036508,0,1,0.5357142857142857
29,1,11010.jpg,1,1,0,1,0,0,67,0.25,0.25,0.25,0.05,0.2,1,0,0.5,0.5017963479421671,1,0,0.5172413793103449
30,1,00000.jpg,0,0,0,0,0,0,67,0.25,0.25,0.25,0.05,0.2,1,0,0.5,0.41990033414534955,0,1,0.5333333333333333
31,1,11100.jpg,1,1,1,0,0,1,67,0.25,0.25,0.25,0.05,0.2,1,0,0.5,0.5778483872240772,0,0,0.5161290322580645
32,1,10101.jpg,1,0,1,0,1,1,67,0.25,0.25,0.25,0.05,0.2,1,0,0.5,0.5714222146285867,1,1,0.53125
33,2,01010.jpg,0,1,0,1,0,0,67,0.25,0.25,0.25,0.05,0.2,1,0,0.5,0.4156983145284268,0,1,0.5454545454545454
34,2,10011.jpg,1,0,0,1,1,0,67,0.25,0.25,0.25,0.05,0.2,1,0,0.5,0.49691230780461537,0,1,0.5588235294117647
35,2,01011.jpg,0,1,0,1,1,0,67,0.25,0.25,0.25,0.05,0.2,1,0,0.5,0.41459239299254436,1,0,0.5428571428571428
36,2,10101.jpg,1,0,1,0,1,1,67,0.25,0.25,0.25,0.05,0.2,1,0,0.5,0.5833098905784565,1,1,0.5555555555555556
37,2,11100.jpg,1,1,1,0,0,1,67,0.25,0.25,0.25,0.05,0.2,1,0,0.5,0.5786444906533861,0,0,0.5405405405405406
38,2,10010.jpg,1,0,0,1,0,0,67,0.25,0.25,0.25,0.05,0.2,1,0,0.5,0.4923736616113737,0,1,0.5526315789473685
39,2,10000.jpg,1,0,0,0,0,0,67,0.25,0.25,0.25,0.05,0.2,1,0,0.5,0.4916232572726287,0,1,0.5641025641025641
40,2,01100.jpg,0,1,1,0,0,0,67,0.25,0.25,0.25,0.05,0.2,1,0,0.5,0.5036635011445447,0,1,0.575
41,2,00011.jpg,0,0,0,1,1,0,67,0.25,0.25,0.25,0.05,0.2,1,0,0.5,0.41657348068845473,0,1,0.5853658536585366
42,2,01000.jpg,0,1,0,0,0,0,67,0.25,0.25,0.25,0.05,0.2,1,0,0.5,0.41679909859947073,0,1,0.5952380952380952
43,2,10100.jpg,1,0,1,0,0,1,67,0.25,0.25,0.25,0.05,0.2,1,0,0.5,0.5823183955239958,1,1,0.6046511627906976
44,2,00110.jpg,0,0,1,1,0,0,67,0.25,0.25,0.25,0.05,0.2,1,0,0.5,0.5013047611634205,0,1,0.6136363636363636
45,2,00000.jpg,0,0,0,0,0,0,67,0.25,0.25,0.25,0.05,0.2,1,0,0.5,0.4185421933112411,0,1,0.6222222222222222
46,2,10110.jpg,1,0,1,1,0,1,67,0.25,0.25,0.25,0.05,0.2,1,0,0.5,0.5812819570346215,0,0,0.6086956521739131
47,2,11101.jpg,1,1,1,0,1,1,67,0.25,0.25,0.25,0.05,0.2,1,0,0.5,0.581077412805526,1,1,0.6170212765957447
48,2,11011.jpg,1,1,0,1,1,0,67,0.25,0.25,0.25,0.05,0.2,1,0,0.5,0.4925640836415069,1,0,0.6041666666666666
49,2,01001.jpg,0,1,0,0,1,0,67,0.25,0.25,0.25,0.05,0.2,1,0,0.5,0.4140163687598241,0,1,0.6122448979591837
50,2,01111.jpg,0,1,1,1,1,0,67,0.25,0.25,0.25,0.05,0.2,1,0,0.5,0.4940159421655865,0,1,0.62
51,2,10001.jpg,1,0,0,0,1,0,67,0.25,0.25,0.25,0.05,0.2,1,0,0.5,0.4967791318948294,0,1,0.6274509803921569
52,2,00010.jpg,0,0,0,1,0,0,67,0.25,0.25,0.25,0.05,0.2,1,0,0.5,0.41664333062122866,1,0,0.6153846153846154
53,2,11000.jpg,1,1,0,0,0,0,67,0.25,0.25,0.25,0.05,0.2,1,0,0.5,0.49475351075366586,0,1,0.6226415094339622
54,2,00100.jpg,0,0,1,0,0,0,67,0.25,0.25,0.25,0.05,0.2,1,0,0.5,0.5049511129086968,1,0,0.6111111111111112
55,2,00001.jpg,0,0,0,0,1,0,67,0.25,0.25,0.25,0.05,0.2,1,0,0.5,0.41704090861498905,1,0,0.6
56,2,10111.jpg,1,0,1,1,1,1,67,0.25,0.25,0.25,0.05,0.2,1,0,0.5,0.5823319396244422,1,1,0.6071428571428571
57,2,11111.jpg,1,1,1,1,1,1,67,0.25,0.25,0.25,0.05,0.2,1,0,0.5,0.5809759298232378,0,0,0.5964912280701754
58,2,01101.jpg,0,1,1,0,1,0,67,0.25,0.25,0.25,0.05,0.2,1,0,0.5,0.500919266869782,0,1,0.603448275862069
59,2,00111.jpg,0,0,1,1,1,0,67,0.25,0.25,0.25,0.05,0.2,1,0,0.5,0.5006796656356758,0,1,0.6101694915254238
60,2,11010.jpg,1,1,0,1,0,0,67,0.25,0.25,0.25,0.05,0.2,1,0,0.5,0.4925397476465086,0,1,0.6166666666666667
61,2,00101.jpg,0,0,1,0,1,0,67,0.25,0.25,0.25,0.05,0.2,1,0,0.5,0.5003926130734695,0,1,0.6229508196721312
62,2,11001.jpg,1,1,0,0,1,0,67,0.25,0.25,0.25,0.05,0.2,1,0,0.5,0.4969272193668745,1,0,0.6129032258064516
63,2,01110.jpg,0,1,1,1,0,0,67,0.25,0.25,0.25,0.05,0.2,1,0,0.5,0.4935025428865206,1,0,0.6031746031746031
64,2,11110.jpg,1,1,1,1,0,1,67,0.25,0.25,0.25,0.05,0.2,1,0,0.5,0.5765461499132801,1,1,0.609375
65,3,01101.jpg,0,1,1,0,1,0,67,0.25,0.25,0.25,0.05,0.2,1,0,0.5,0.49481873653564057,1,0,0.6
66,3,01100.jpg,0,1,1,0,0,0,67,0.25,0.25,0.25,0.05,0.2,1,0,0.5,0.493267825472017,0,1,0.6060606060606061
67,3,11110.jpg,1,1,1,1,0,1,67,0.25,0.25,0.25,0.05,0.2,1,0,0.5,0.5791485462322365,1,1,0.6119402985074627
68,3,11000.jpg,1,1,0,0,0,0,67,0.25,0.25,0.25,0.05,0.2,1,0,0.5,0.4990343542741747,0,1,0.6176470588235294
69,3,10100.jpg,1,0,1,0,0,1,67,0.25,0.25,0.25,0.05,0.2,1,0,0.5,0.5800358466231686,0,0,0.6086956521739131
70,3,00011.jpg,0,0,0,1,1,0,67,0.25,0.25,0.25,0.05,0.2,1,0,0.5,0.4164576136395761,0,1,0.6142857142857143
71,3,10001.jpg,1,0,0,0,1,0,67,0.25,0.25,0.25,0.05,0.2,1,0,0.5,0.494206681278047,1,0,0.6056338028169014
72,3,00111.jpg,0,0,1,1,1,0,67,0.25,0.25,0.25,0.05,0.2,1,0,0.5,0.49245321077298315,0,1,0.6111111111111112
73,3,10011.jpg,1,0,0,1,1,0,67,0.25,0.25,0.25,0.05,0.2,1,0,0.5,0.49198668909744625,1,0,0.6027397260273972
74,3,11001.jpg,1,1,0,0,1,0,67,0.25,0.25,0.25,0.05,0.2,1,0,0.5,0.49140695531172746,1,0,0.5945945945945946
75,3,01110.jpg,0,1,1,1,0,0,67,0.25,0.25,0.25,0.05,0.2,1,0,0.5,0.5001757975192034,1,0,0.5866666666666667
76,3,00100.jpg,0,0,1,0,0,0,67,0.25,0.25,0.25,0.05,0.2,1,0,0.5,0.4996021657454113,1,0,0.5789473684210527
77,3,10110.jpg,1,0,1,1,0,1,67,0.25,0.25,0.25,0.05,0.2,1,0,0.5,0.5825460935958957,1,1,0.5844155844155844
78,3,01011.jpg,0,1,0,1,1,0,67,0.25,0.25,0.25,0.05,0.2,1,0,0.5,0.4129311162240378,0,1,0.5897435897435898
79,3,00001.jpg,0,0,0,0,1,0,67,0.25,0.25,0.25,0.05,0.2,1,0,0.5,0.41384536341805217,0,1,0.5949367088607594
80,3,11010.jpg,1,1,0,1,0,0,67,0.25,0.25,0.25,0.05,0.2,1,0,0.5,0.5003946135668311,0,1,0.6
81,3,10000.jpg,1,0,0,0,0,0,67,0.25,0.25,0.25,0.05,0.2,1,0,0.5,0.5021285747398023,0,1,0.6049382716049383
82,3,01001.jpg,0,1,0,0,1,0,67,0.25,0.25,0.25,0.05,0.2,1,0,0.5,0.41092487418429074,0,1,0.6097560975609756
83,3,00010.jpg,0,0,0,1,0,0,67,0.25,0.25,0.25,0.05,0.2,1,0,0.5,0.42484545411442015,0,1,0.6144578313253012
84,3,00000.jpg,0,0,0,0,0,0,67,0.25,0.25,0.25,0.05,0.2,1,0,0.5,0.4220607593341015,0,1,0.6190476190476191
85,3,10111.jpg,1,0,1,1,1,1,67,0.25,0.25,0.25,0.05,0.2,1,0,0.5,0.5787699985747979,0,0,0.611764705882353
86,3,11111.jpg,1,1,1,1,1,1,67,0.25,0.25,0.25,0.05,0.2,1,0,0.5,0.576761767699978,1,1,0.6162790697674418
87,3,11100.jpg,1,1,1,0,0,1,67,0.25,0.25,0.25,0.05,0.2,1,0,0.5,0.5800281614225775,1,1,0.6206896551724138
88,3,01010.jpg,0,1,0,1,0,0,67,0.25,0.25,0.25,0.05,0.2,1,0,0.5,0.4195162011902811,1,0,0.6136363636363636
89,3,01000.jpg,0,1,0,0,0,0,67,0.25,0.25,0.25,0.05,0.2,1,0,0.5,0.4164535176016886,0,1,0.6179775280898876
90,3,10010.jpg,1,0,0,1,0,0,67,0.25,0.25,0.25,0.05,0.2,1,0,0.5,0.4973794784161822,1,0,0.6111111111111112
91,3,01111.jpg,0,1,1,1,1,0,67,0.25,0.25,0.25,0.05,0.2,1,0,0.5,0.4959741266358618,1,0,0.6043956043956044
92,3,00101.jpg,0,0,1,0,1,0,67,0.25,0.25,0.25,0.05,0.2,1,0,0.5,0.4939179873555479,0,1,0.6086956521739131
93,3,11011.jpg,1,1,0,1,1,0,67,0.25,0.25,0.25,0.05,0.2,1,0,0.5,0.49392519250082023,0,1,0.6129032258064516
94,3,00110.jpg,0,0,1,1,0,0,67,0.25,0.25,0.25,0.05,0.2,1,0,0.5,0.49967983076486816,0,1,0.6170212765957447
95,3,10101.jpg,1,0,1,0,1,1,67,0.25,0.25,0.25,0.05,0.2,1,0,0.5,0.578096951379361,1,1,0.6210526315789474
96,3,11101.jpg,1,1,1,0,1,1,67,0.25,0.25,0.25,0.05,0.2,1,0,0.5,0.5780813778961381,1,1,0.625
1,1,11101.jpg,1,1,1,0,1,1,68,0.25,0.25,0.25,0.05,0.2,1,0,0.5,0.5,1,1,1
2,1,11111.jpg,1,1,1,1,1,1,68,0.25,0.25,0.25,0.05,0.2,1,0,0.5,0.5,0,0,0.5
3,1,00001.jpg,0,0,0,0,1,0,68,0.25,0.25,0.25,0.05,0.2,1,0,0.5,0.5,1,0,0.3333333333333333
4,1,00111.jpg,0,0,1,1,1,0,68,0.25,0.25,0.25,0.05,0.2,1,0,0.5,0.4440632472840815,1,0,0.25
5,1,00101.jpg,0,0,1,0,1,0,68,0.25,0.25,0.25,0.05,0.2,1,0,0.5,0.40620426730047543,0,1,0.4
6,1,00100.jpg,0,0,1,0,0,0,68,0.25,0.25,0.25,0.05,0.2,1,0,0.5,0.3940337041230718,0,1,0.5
7,1,01001.jpg,0,1,0,0,1,0,68,0.25,0.25,0.25,0.05,0.2,1,0,0.5,0.49047773497663144,1,0,0.42857142857142855
8,1,11110.jpg,1,1,1,1,0,1,68,0.25,0.25,0.25,0.05,0.2,1,0,0.5,0.6259942869104618,0,0,0.375
9,1,01101.jpg,0,1,1,0,1,0,68,0.25,0.25,0.25,0.05,0.2,1,0,0.5,0.5000708546017706,0,1,0.4444444444444444
10,1,00010.jpg,0,0,0,1,0,0,68,0.25,0.25,0.25,0.05,0.2,1,0,0.5,0.389726981838059,0,1,0.5
11,1,10110.jpg,1,0,1,1,0,1,68,0.25,0.25,0.25,0.05,0.2,1,0,0.5,0.5473147504411583,0,0,0.45454545454545453
12,1,01000.jpg,0,1,0,0,0,0,68,0.25,0.25,0.25,0.05,0.2,1,0,0.5,0.44187288017408766,0,1,0.5
13,1,10001.jpg,1,0,0,0,1,0,68,0.25,0.25,0.25,0.05,0.2,1,0,0.5,0.4936652306916879,1,0,0.46153846153846156
14,1,01011.jpg,0,1,0,1,1,0,68,0.25,0.25,0.25,0.05,0.2,1,0,0.5,0.43329658717782815,1,0,0.42857142857142855
15,1,11001.jpg,1,1,0,0,1,0,68,0.25,0.25,0.25,0.05,0.2,1,0,0.5,0.5227896725387312,0,1,0.4666666666666667
16,1,10010.jpg,1,0,0,1,0,0,68,0.25,0.25,0.25,0.05,0.2,1,0,0.5,0.5096001817317813,1,0,0.4375
17,1,01111.jpg,0,1,1,1,1,0,68,0.25,0.25,0.25,0.05,0.2,1,0,0.5,0.5086704887266866,1,0,0.4117647058823529
18,1,00110.jpg,0,0,1,1,0,0,68,0.25,0.25,0.25,0.05,0.2,1,0,0.5,0.48358307065467154,0,1,0.4444444444444444
19,1,10111.jpg,1,0,1,1,1,1,68,0.25,0.25,0.25,0.05,0.2,1,0,0.5,0.5575472149340216,0,0,0.42105263157894735
20,1,10011.jpg,1,0,0,1,1,0,68,0.25,0.25,0.25,0.05,0.2,1,0,0.5,0.5014744754560073,0,1,0.45
21,1,01010.jpg,0,1,0,1,0,0,68,0.25,0.25,0.25,0.05,0.2,1,0,0.5,0.43432251730611066,1,0,0.42857142857142855
22,1,01100.jpg,0,1,1,0,0,0,68,0.25,0.25,0.25,0.05,0.2,1,0,0.5,0.4951700965272569,1,0,0.4090909090909091
23,1,10100.jpg,1,0,1,0,0,1,68,0.25,0.25,0.25,0.05,0.2,1,0,0.5,0.5689215482478495,1,1,0.43478260869565216
24,1,11011.jpg,1,1,0,1,1,0,68,0.25,0.25,0.25,0.05,0.2,1,0,0.5,0.5071476600354579,0,1,0.4583333333333333
25,1,01110.jpg,0,1,1,1,0,0,68,0.25,0.25,0.25,0.05,0.2,1,0,0.5,0.4946109949578822,0,1,0.48
26,1,00011.jpg,0,0,0,1,1,0,68,0.25,0.25,0.25,0.05,0.2,1,0,0.5,0.41656591146754146,0,1,0.5
27,1,11000.jpg,1,1,0,0,0,0,68,0.25,0.25,0.25,0.05,0.2,1,0,0.5,0.5087006651448465,0,1,0.5185185185185185
28,1,10000.jpg,1,0,0,0,0,0,68,0.25,0.25,0.25,0.05,0.2,1,0,0.5,0.5061894588036508,0,1,0.5357142857142857
29,1,11010.jpg,1,1,0,1,0,0,68,0.25,0.25,0.25,0.05,0.2,1,0,0.5,0.5017963479421671,1,0,0.5172413793103449
30,1,00000.jpg,0,0,0,0,0,0,68,0.25,0.25,0.25,0.05,0.2,1,0,0.5,0.41990033414534955,0,1,0.5333333333333333
31,1,11100.jpg,1,1,1,0,0,1,68,0.25,0.25,0.25,0.05,0.2,1,0,0.5,0.5778483872240772,0,0,0.5161290322580645
32,1,10101.jpg,1,0,1,0,1,1,68,0.25,0.25,0.25,0.05,0.2,1,0,0.5,0.5714222146285867,1,1,0.53125
33,2,01010.jpg,0,1,0,1,0,0,68,0.25,0.25,0.25,0.05,0.2,1,0,0.5,0.4156983145284268,0,1,0.5454545454545454
34,2,10011.jpg,1,0,0,1,1,0,68,0.25,0.25,0.25,0.05,0.2,1,0,0.5,0.49691230780461537,0,1,0.5588235294117647
35,2,01011.jpg,0,1,0,1,1,0,68,0.25,0.25,0.25,0.05,0.2,1,0,0.5,0.41459239299254436,1,0,0.5428571428571428
36,2,10101.jpg,1,0,1,0,1,1,68,0.25,0.25,0.25,0.05,0.2,1,0,0.5,0.5833098905784565,1,1,0.5555555555555556
37,2,11100.jpg,1,1,1,0,0,1,68,0.25,0.25,0.25,0.05,0.2,1,0,0.5,0.5786444906533861,0,0,0.5405405405405406
38,2,10010.jpg,1,0,0,1,0,0,68,0.25,0.25,0.25,0.05,0.2,1,0,0.5,0.4923736616113737,0,1,0.5526315789473685
39,2,10000.jpg,1,0,0,0,0,0,68,0.25,0.25,0.25,0.05,0.2,1,0,0.5,0.4916232572726287,0,1,0.5641025641025641
40,2,01100.jpg,0,1,1,0,0,0,68,0.25,0.25,0.25,0.05,0.2,1,0,0.5,0.5036635011445447,0,1,0.575
41,2,00011.jpg,0,0,0,1,1,0,68,0.25,0.25,0.25,0.05,0.2,1,0,0.5,0.41657348068845473,0,1,0.5853658536585366
42,2,01000.jpg,0,1,0,0,0,0,68,0.25,0.25,0.25,0.05,0.2,1,0,0.5,0.41679909859947073,0,1,0.5952380952380952
43,2,10100.jpg,1,0,1,0,0,1,68,0.25,0.25,0.25,0.05,0.2,1,0,0.5,0.5823183955239958,1,1,0.6046511627906976
44,2,00110.jpg,0,0,1,1,0,0,68,0.25,0.25,0.25,0.05,0.2,1,0,0.5,0.5013047611634205,0,1,0.6136363636363636
45,2,00000.jpg,0,0,0,0,0,0,68,0.25,0.25,0.25,0.05,0.2,1,0,0.5,0.4185421933112411,0,1,0.6222222222222222
46,2,10110.jpg,1,0,1,1,0,1,68,0.25,0.25,0.25,0.05,0.2,1,0,0.5,0.5812819570346215,0,0,0.6086956521739131
47,2,11101.jpg,1,1,1,0,1,1,68,0.25,0.25,0.25,0.05,0.2,1,0,0.5,0.581077412805526,1,1,0.6170212765957447
48,2,11011.jpg,1,1,0,1,1,0,68,0.25,0.25,0.25,0.05,0.2,1,0,0.5,0.4925640836415069,1,0,0.6041666666666666
49,2,01001.jpg,0,1,0,0,1,0,68,0.25,0.25,0.25,0.05,0.2,1,0,0.5,0.4140163687598241,0,1,0.6122448979591837
50,2,01111.jpg,0,1,1,1,1,0,68,0.25,0.25,0.25,0.05,0.2,1,0,0.5,0.4940159421655865,0,1,0.62
51,2,10001.jpg,1,0,0,0,1,0,68,0.25,0.25,0.25,0.05,0.2,1,0,0.5,0.4967791318948294,0,1,0.6274509803921569
52,2,00010.jpg,0,0,0,1,0,0,68,0.25,0.25,0.25,0.05,0.2,1,0,0.5,0.41664333062122866,1,0,0.6153846153846154
53,2,11000.jpg,1,1,0,0,0,0,68,0.25,0.25,0.25,0.05,0.2,1,0,0.5,0.49475351075366586,0,1,0.6226415094339622
54,2,00100.jpg,0,0,1,0,0,0,68,0.25,0.25,0.25,0.05,0.2,1,0,0.5,0.5049511129086968,1,0,0.6111111111111112
55,2,00001.jpg,0,0,0,0,1,0,68,0.25,0.25,0.25,0.05,0.2,1,0,0.5,0.41704090861498905,1,0,0.6
56,2,10111.jpg,1,0,1,1,1,1,68,0.25,0.25,0.25,0.05,0.2,1,0,0.5,0.5823319396244422,1,1,0.6071428571428571
57,2,11111.jpg,1,1,1,1,1,1,68,0.25,0.25,0.25,0.05,0.2,1,0,0.5,0.5809759298232378,0,0,0.5964912280701754
58,2,01101.jpg,0,1,1,0,1,0,68,0.25,0.25,0.25,0.05,0.2,1,0,0.5,0.500919266869782,0,1,0.603448275862069
59,2,00111.jpg,0,0,1,1,1,0,68,0.25,0.25,0.25,0.05,0.2,1,0,0.5,0.5006796656356758,0,1,0.6101694915254238
60,2,11010.jpg,1,1,0,1,0,0,68,0.25,0.25,0.25,0.05,0.2,1,0,0.5,0.4925397476465086,0,1,0.6166666666666667
61,2,00101.jpg,0,0,1,0,1,0,68,0.25,0.25,0.25,0.05,0.2,1,0,0.5,0.5003926130734695,0,1,0.6229508196721312
62,2,11001.jpg,1,1,0,0,1,0,68,0.25,0.25,0.25,0.05,0.2,1,0,0.5,0.4969272193668745,1,0,0.6129032258064516
63,2,01110.jpg,0,1,1,1,0,0,68,0.25,0.25,0.25,0.05,0.2,1,0,0.5,0.4935025428865206,1,0,0.6031746031746031
64,2,11110.jpg,1,1,1,1,0,1,68,0.25,0.25,0.25,0.05,0.2,1,0,0.5,0.5765461499132801,1,1,0.609375
65,3,01101.jpg,0,1,1,0,1,0,68,0.25,0.25,0.25,0.05,0.2,1,0,0.5,0.49481873653564057,1,0,0.6
66,3,01100.jpg,0,1,1,0,0,0,68,0.25,0.25,0.25,0.05,0.2,1,0,0.5,0.493267825472017,0,1,0.6060606060606061
67,3,11110.jpg,1,1,1,1,0,1,68,0.25,0.25,0.25,0.05,0.2,1,0,0.5,0.5791485462322365,1,1,0.6119402985074627
68,3,11000.jpg,1,1,0,0,0,0,68,0.25,0.25,0.25,0.05,0.2,1,0,0.5,0.4990343542741747,0,1,0.6176470588235294
69,3,10100.jpg,1,0,1,0,0,1,68,0.25,0.25,0.25,0.05,0.2,1,0,0.5,0.5800358466231686,0,0,0.6086956521739131
70,3,00011.jpg,0,0,0,1,1,0,68,0.25,0.25,0.25,0.05,0.2,1,0,0.5,0.4164576136395761,0,1,0.6142857142857143
71,3,10001.jpg,1,0,0,0,1,0,68,0.25,0.25,0.25,0.05,0.2,1,0,0.5,0.494206681278047,1,0,0.6056338028169014
72,3,00111.jpg,0,0,1,1,1,0,68,0.25,0.25,0.25,0.05,0.2,1,0,0.5,0.49245321077298315,0,1,0.6111111111111112
73,3,10011.jpg,1,0,0,1,1,0,68,0.25,0.25,0.25,0.05,0.2,1,0,0.5,0.49198668909744625,1,0,0.6027397260273972
74,3,11001.jpg,1,1,0,0,1,0,68,0.25,0.25,0.25,0.05,0.2,1,0,0.5,0.49140695531172746,1,0,0.5945945945945946
75,3,01110.jpg,0,1,1,1,0,0,68,0.25,0.25,0.25,0.05,0.2,1,0,0.5,0.5001757975192034,1,0,0.5866666666666667
76,3,00100.jpg,0,0,1,0,0,0,68,0.25,0.25,0.25,0.05,0.2,1,0,0.5,0.4996021657454113,1,0,0.5789473684210527
77,3,10110.jpg,1,0,1,1,0,1,68,0.25,0.25,0.25,0.05,0.2,1,0,0.5,0.5825460935958957,1,1,0.5844155844155844
78,3,01011.jpg,0,1,0,1,1,0,68,0.25,0.25,0.25,0.05,0.2,1,0,0.5,0.4129311162240378,0,1,0.5897435897435898
79,3,00001.jpg,0,0,0,0,1,0,68,0.25,0.25,0.25,0.05,0.2,1,0,0.5,0.41384536341805217,0,1,0.5949367088607594
80,3,11010.jpg,1,1,0,1,0,0,68,0.25,0.25,0.25,0.05,0.2,1,0,0.5,0.5003946135668311,0,1,0.6
81,3,10000.jpg,1,0,0,0,0,0,68,0.25,0.25,0.25,0.05,0.2,1,0,0.5,0.5021285747398023,0,1,0.6049382716049383
82,3,01001.jpg,0,1,0,0,1,0,68,0.25,0.25,0.25,0.05,0.2,1,0,0.5,0.41092487418429074,0,1,0.6097560975609756
83,3,00010.jpg,0,0,0,1,0,0,68,0.25,0.25,0.25,0.05,0.2,1,0,0.5,0.42484545411442015,0,1,0.6144578313253012
84,3,00000.jpg,0,0,0,0,0,0,68,0.25,0.25,0.25,0.05,0.2,1,0,0.5,0.4220607593341015,0,1,0.6190476190476191
85,3,10111.jpg,1,0,1,1,1,1,68,0.25,0.25,0.25,0.05,0.2,1,0,0.5,0.5787699985747979,0,0,0.611764705882353
86,3,11111.jpg,1,1,1,1,1,1,68,0.25,0.25,0.25,0.05,0.2,1,0,0.5,0.576761767699978,1,1,0.6162790697674418
87,3,11100.jpg,1,1,1,0,0,1,68,0.25,0.25,0.25,0.05,0.2,1,0,0.5,0.5800281614225775,1,1,0.6206896551724138
88,3,01010.jpg,0,1,0,1,0,0,68,0.25,0.25,0.25,0.05,0.2,1,0,0.5,0.4195162011902811,1,0,0.6136363636363636
89,3,01000.jpg,0,1,0,0,0,0,68,0.25,0.25,0.25,0.05,0.2,1,0,0.5,0.4164535176016886,0,1,0.6179775280898876
90,3,10010.jpg,1,0,0,1,0,0,68,0.25,0.25,0.25,0.05,0.2,1,0,0.5,0.4973794784161822,1,0,0.6111111111111112
91,3,01111.jpg,0,1,1,1,1,0,68,0.25,0.25,0.25,0.05,0.2,1,0,0.5,0.4959741266358618,1,0,0.6043956043956044
92,3,00101.jpg,0,0,1,0,1,0,68,0.25,0.25,0.25,0.05,0.2,1,0,0.5,0.4939179873555479,0,1,0.6086956521739131
93,3,11011.jpg,1,1,0,1,1,0,68,0.25,0.25,0.25,0.05,0.2,1,0,0.5,0.49392519250082023,0,1,0.6129032258064516
94,3,00110.jpg,0,0,1,1,0,0,68,0.25,0.25,0.25,0.05,0.2,1,0,0.5,0.49967983076486816,0,1,0.6170212765957447
95,3,10101.jpg,1,0,1,0,1,1,68,0.25,0.25,0.25,0.05,0.2,1,0,0.5,0.578096951379361,1,1,0.6210526315789474
96,3,11101.jpg,1,1,1,0,1,1,68,0.25,0.25,0.25,0.05,0.2,1,0,0.5,0.5780813778961381,1,1,0.625
1,1,11101.jpg,1,1,1,0,1,1,69,0.25,0.25,0.25,0.05,0.2,1,0,0.5,0.5,1,1,1
2,1,11111.jpg,1,1,1,1,1,1,69,0.25,0.25,0.25,0.05,0.2,1,0,0.5,0.5,0,0,0.5
3,1,00001.jpg,0,0,0,0,1,0,69,0.25,0.25,0.25,0.05,0.2,1,0,0.5,0.5,1,0,0.3333333333333333
4,1,00111.jpg,0,0,1,1,1,0,69,0.25,0.25,0.25,0.05,0.2,1,0,0.5,0.4440632472840815,1,0,0.25
5,1,00101.jpg,0,0,1,0,1,0,69,0.25,0.25,0.25,0.05,0.2,1,0,0.5,0.40620426730047543,0,1,0.4
6,1,00100.jpg,0,0,1,0,0,0,69,0.25,0.25,0.25,0.05,0.2,1,0,0.5,0.3940337041230718,0,1,0.5
7,1,01001.jpg,0,1,0,0,1,0,69,0.25,0.25,0.25,0.05,0.2,1,0,0.5,0.49047773497663144,1,0,0.42857142857142855
8,1,11110.jpg,1,1,1,1,0,1,69,0.25,0.25,0.25,0.05,0.2,1,0,0.5,0.6259942869104618,0,0,0.375
9,1,01101.jpg,0,1,1,0,1,0,69,0.25,0.25,0.25,0.05,0.2,1,0,0.5,0.5000708546017706,0,1,0.4444444444444444
10,1,00010.jpg,0,0,0,1,0,0,69,0.25,0.25,0.25,0.05,0.2,1,0,0.5,0.389726981838059,0,1,0.5
11,1,10110.jpg,1,0,1,1,0,1,69,0.25,0.25,0.25,0.05,0.2,1,0,0.5,0.5473147504411583,0,0,0.45454545454545453
12,1,01000.jpg,0,1,0,0,0,0,69,0.25,0.25,0.25,0.05,0.2,1,0,0.5,0.44187288017408766,0,1,0.5
13,1,10001.jpg,1,0,0,0,1,0,69,0.25,0.25,0.25,0.05,0.2,1,0,0.5,0.4936652306916879,1,0,0.46153846153846156
14,1,01011.jpg,0,1,0,1,1,0,69,0.25,0.25,0.25,0.05,0.2,1,0,0.5,0.43329658717782815,1,0,0.42857142857142855
15,1,11001.jpg,1,1,0,0,1,0,69,0.25,0.25,0.25,0.05,0.2,1,0,0.5,0.5227896725387312,0,1,0.4666666666666667
16,1,10010.jpg,1,0,0,1,0,0,69,0.25,0.25,0.25,0.05,0.2,1,0,0.5,0.5096001817317813,1,0,0.4375
17,1,01111.jpg,0,1,1,1,1,0,69,0.25,0.25,0.25,0.05,0.2,1,0,0.5,0.5086704887266866,1,0,0.4117647058823529
18,1,00110.jpg,0,0,1,1,0,0,69,0.25,0.25,0.25,0.05,0.2,1,0,0.5,0.48358307065467154,0,1,0.4444444444444444
19,1,10111.jpg,1,0,1,1,1,1,69,0.25,0.25,0.25,0.05,0.2,1,0,0.5,0.5575472149340216,0,0,0.42105263157894735
20,1,10011.jpg,1,0,0,1,1,0,69,0.25,0.25,0.25,0.05,0.2,1,0,0.5,0.5014744754560073,0,1,0.45
21,1,01010.jpg,0,1,0,1,0,0,69,0.25,0.25,0.25,0.05,0.2,1,0,0.5,0.43432251730611066,1,0,0.42857142857142855
22,1,01100.jpg,0,1,1,0,0,0,69,0.25,0.25,0.25,0.05,0.2,1,0,0.5,0.4951700965272569,1,0,0.4090909090909091
23,1,10100.jpg,1,0,1,0,0,1,69,0.25,0.25,0.25,0.05,0.2,1,0,0.5,0.5689215482478495,1,1,0.43478260869565216
24,1,11011.jpg,1,1,0,1,1,0,69,0.25,0.25,0.25,0.05,0.2,1,0,0.5,0.5071476600354579,0,1,0.4583333333333333
25,1,01110.jpg,0,1,1,1,0,0,69,0.25,0.25,0.25,0.05,0.2,1,0,0.5,0.4946109949578822,0,1,0.48
26,1,00011.jpg,0,0,0,1,1,0,69,0.25,0.25,0.25,0.05,0.2,1,0,0.5,0.41656591146754146,0,1,0.5
27,1,11000.jpg,1,1,0,0,0,0,69,0.25,0.25,0.25,0.05,0.2,1,0,0.5,0.5087006651448465,0,1,0.5185185185185185
28,1,10000.jpg,1,0,0,0,0,0,69,0.25,0.25,0.25,0.05,0.2,1,0,0.5,0.5061894588036508,0,1,0.5357142857142857
29,1,11010.jpg,1,1,0,1,0,0,69,0.25,0.25,0.25,0.05,0.2,1,0,0.5,0.5017963479421671,1,0,0.5172413793103449
30,1,00000.jpg,0,0,0,0,0,0,69,0.25,0.25,0.25,0.05,0.2,1,0,0.5,0.41990033414534955,0,1,0.5333333333333333
31,1,11100.jpg,1,1,1,0,0,1,69,0.25,0.25,0.25,0.05,0.2,1,0,0.5,0.5778483872240772,0,0,0.5161290322580645
32,1,10101.jpg,1,0,1,0,1,1,69,0.25,0.25,0.25,0.05,0.2,1,0,0.5,0.5714222146285867,1,1,0.53125
33,2,01010.jpg,0,1,0,1,0,0,69,0.25,0.25,0.25,0.05,0.2,1,0,0.5,0.4156983145284268,0,1,0.5454545454545454
34,2,10011.jpg,1,0,0,1,1,0,69,0.25,0.25,0.25,0.05,0.2,1,0,0.5,0.49691230780461537,0,1,0.5588235294117647
35,2,01011.jpg,0,1,0,1,1,0,69,0.25,0.25,0.25,0.05,0.2,1,0,0.5,0.41459239299254436,1,0,0.5428571428571428
36,2,10101.jpg,1,0,1,0,1,1,69,0.25,0.25,0.25,0.05,0.2,1,0,0.5,0.5833098905784565,1,1,0.5555555555555556
37,2,11100.jpg,1,1,1,0,0,1,69,0.25,0.25,0.25,0.05,0.2,1,0,0.5,0.5786444906533861,0,0,0.5405405405405406
38,2,10010.jpg,1,0,0,1,0,0,69,0.25,0.25,0.25,0.05,0.2,1,0,0.5,0.4923736616113737,0,1,0.5526315789473685
39,2,10000.jpg,1,0,0,0,0,0,69,0.25,0.25,0.25,0.05,0.2,1,0,0.5,0.4916232572726287,0,1,0.5641025641025641
40,2,01100.jpg,0,1,1,0,0,0,69,0.25,0.25,0.25,0.05,0.2,1,0,0.5,0.5036635011445447,0,1,0.575
41,2,00011.jpg,0,0,0,1,1,0,69,0.25,0.25,0.25,0.05,0.2,1,0,0.5,0.41657348068845473,0,1,0.5853658536585366
42,2,01000.jpg,0,1,0,0,0,0,69,0.25,0.25,0.25,0.05,0.2,1,0,0.5,0.41679909859947073,0,1,0.5952380952380952
43,2,10100.jpg,1,0,1,0,0,1,69,0.25,0.25,0.25,0.05,0.2,1,0,0.5,0.5823183955239958,1,1,0.6046511627906976
44,2,00110.jpg,0,0,1,1,0,0,69,0.25,0.25,0.25,0.05,0.2,1,0,0.5,0.5013047611634205,0,1,0.6136363636363636
45,2,00000.jpg,0,0,0,0,0,0,69,0.25,0.25,0.25,0.05,0.2,1,0,0.5,0.4185421933112411,0,1,0.6222222222222222
46,2,10110.jpg,1,0,1,1,0,1,69,0.25,0.25,0.25,0.05,0.2,1,0,0.5,0.5812819570346215,0,0,0.6086956521739131
47,2,11101.jpg,1,1,1,0,1,1,69,0.25,0.25,0.25,0.05,0.2,1,0,0.5,0.581077412805526,1,1,0.6170212765957447
48,2,11011.jpg,1,1,0,1,1,0,69,0.25,0.25,0.25,0.05,0.2,1,0,0.5,0.4925640836415069,1,0,0.6041666666666666
49,2,01001.jpg,0,1,0,0,1,0,69,0.25,0.25,0.25,0.05,0.2,1,0,0.5,0.4140163687598241,0,1,0.6122448979591837
50,2,01111.jpg,0,1,1,1,1,0,69,0.25,0.25,0.25,0.05,0.2,1,0,0.5,0.4940159421655865,0,1,0.62
51,2,10001.jpg,1,0,0,0,1,0,69,0.25,0.25,0.25,0.05,0.2,1,0,0.5,0.4967791318948294,0,1,0.6274509803921569
52,2,00010.jpg,0,0,0,1,0,0,69,0.25,0.25,0.25,0.05,0.2,1,0,0.5,0.41664333062122866,1,0,0.6153846153846154
53,2,11000.jpg,1,1,0,0,0,0,69,0.25,0.25,0.25,0.05,0.2,1,0,0.5,0.49475351075366586,0,1,0.6226415094339622
54,2,00100.jpg,0,0,1,0,0,0,69,0.25,0.25,0.25,0.05,0.2,1,0,0.5,0.5049511129086968,1,0,0.6111111111111112
55,2,00001.jpg,0,0,0,0,1,0,69,0.25,0.25,0.25,0.05,0.2,1,0,0.5,0.41704090861498905,1,0,0.6
56,2,10111.jpg,1,0,1,1,1,1,69,0.25,0.25,0.25,0.05,0.2,1,0,0.5,0.5823319396244422,1,1,0.6071428571428571
57,2,11111.jpg,1,1,1,1,1,1,69,0.25,0.25,0.25,0.05,0.2,1,0,0.5,0.5809759298232378,0,0,0.5964912280701754
58,2,01101.jpg,0,1,1,0,1,0,69,0.25,0.25,0.25,0.05,0.2,1,0,0.5,0.500919266869782,0,1,0.603448275862069
59,2,00111.jpg,0,0,1,1,1,0,69,0.25,0.25,0.25,0.05,0.2,1,0,0.5,0.5006796656356758,0,1,0.6101694915254238
60,2,11010.jpg,1,1,0,1,0,0,69,0.25,0.25,0.25,0.05,0.2,1,0,0.5,0.4925397476465086,0,1,0.6166666666666667
61,2,00101.jpg,0,0,1,0,1,0,69,0.25,0.25,0.25,0.05,0.2,1,0,0.5,0.5003926130734695,0,1,0.6229508196721312
62,2,11001.jpg,1,1,0,0,1,0,69,0.25,0.25,0.25,0.05,0.2,1,0,0.5,0.4969272193668745,1,0,0.6129032258064516
63,2,01110.jpg,0,1,1,1,0,0,69,0.25,0.25,0.25,0.05,0.2,1,0,0.5,0.4935025428865206,1,0,0.6031746031746031
64,2,11110.jpg,1,1,1,1,0,1,69,0.25,0.25,0.25,0.05,0.2,1,0,0.5,0.5765461499132801,1,1,0.609375
65,3,01101.jpg,0,1,1,0,1,0,69,0.25,0.25,0.25,0.05,0.2,1,0,0.5,0.49481873653564057,1,0,0.6
66,3,01100.jpg,0,1,1,0,0,0,69,0.25,0.25,0.25,0.05,0.2,1,0,0.5,0.493267825472017,0,1,0.6060606060606061
67,3,11110.jpg,1,1,1,1,0,1,69,0.25,0.25,0.25,0.05,0.2,1,0,0.5,0.5791485462322365,1,1,0.6119402985074627
68,3,11000.jpg,1,1,0,0,0,0,69,0.25,0.25,0.25,0.05,0.2,1,0,0.5,0.4990343542741747,0,1,0.6176470588235294
69,3,10100.jpg,1,0,1,0,0,1,69,0.25,0.25,0.25,0.05,0.2,1,0,0.5,0.5800358466231686,0,0,0.6086956521739131
70,3,00011.jpg,0,0,0,1,1,0,69,0.25,0.25,0.25,0.05,0.2,1,0,0.5,0.4164576136395761,0,1,0.6142857142857143
71,3,10001.jpg,1,0,0,0,1,0,69,0.25,0.25,0.25,0.05,0.2,1,0,0.5,0.494206681278047,1,0,0.6056338028169014
72,3,00111.jpg,0,0,1,1,1,0,69,0.25,0.25,0.25,0.05,0.2,1,0,0.5,0.49245321077298315,0,1,0.6111111111111112
73,3,10011.jpg,1,0,0,1,1,0,69,0.25,0.25,0.25,0.05,0.2,1,0,0.5,0.49198668909744625,1,0,0.6027397260273972
74,3,11001.jpg,1,1,0,0,1,0,69,0.25,0.25,0.25,0.05,0.2,1,0,0.5,0.49140695531172746,1,0,0.5945945945945946
75,3,01110.jpg,0,1,1,1,0,0,69,0.25,0.25,0.25,0.05,0.2,1,0,0.5,0.5001757975192034,1,0,0.5866666666666667
76,3,00100.jpg,0,0,1,0,0,0,69,0.25,0.25,0.25,0.05,0.2,1,0,0.5,0.4996021657454113,1,0,0.5789473684210527
77,3,10110.jpg,1,0,1,1,0,1,69,0.25,0.25,0.25,0.05,0.2,1,0,0.5,0.5825460935958957,1,1,0.5844155844155844
78,3,01011.jpg,0,1,0,1,1,0,69,0.25,0.25,0.25,0.05,0.2,1,0,0.5,0.4129311162240378,0,1,0.5897435897435898
79,3,00001.jpg,0,0,0,0,1,0,69,0.25,0.25,0.25,0.05,0.2,1,0,0.5,0.41384536341805217,0,1,0.5949367088607594
80,3,11010.jpg,1,1,0,1,0,0,69,0.25,0.25,0.25,0.05,0.2,1,0,0.5,0.5003946135668311,0,1,0.6
81,3,10000.jpg,1,0,0,0,0,0,69,0.25,0.25,0.25,0.05,0.2,1,0,0.5,0.5021285747398023,0,1,0.6049382716049383
82,3,01001.jpg,0,1,0,0,1,0,69,0.25,0.25,0.25,0.05,0.2,1,0,0.5,0.41092487418429074,0,1,0.6097560975609756
83,3,00010.jpg,0,0,0,1,0,0,69,0.25,0.25,0.25,0.05,0.2,1,0,0.5,0.42484545411442015,0,1,0.6144578313253012
84,3,00000.jpg,0,0,0,0,0,0,69,0.25,0.25,0.25,0.05,0.2,1,0,0.5,0.4220607593341015,0,1,0.6190476190476191
85,3,10111.jpg,1,0,1,1,1,1,69,0.25,0.25,0.25,0.05,0.2,1,0,0.5,0.5787699985747979,0,0,0.611764705882353
86,3,11111.jpg,1,1,1,1,1,1,69,0.25,0.25,0.25,0.05,0.2,1,0,0.5,0.576761767699978,1,1,0.6162790697674418
87,3,11100.jpg,1,1,1,0,0,1,69,0.25,0.25,0.25,0.05,0.2,1,0,0.5,0.5800281614225775,1,1,0.6206896551724138
88,3,01010.jpg,0,1,0,1,0,0,69,0.25,0.25,0.25,0.05,0.2,1,0,0.5,0.4195162011902811,1,0,0.6136363636363636
89,3,01000.jpg,0,1,0,0,0,0,69,0.25,0.25,0.25,0.05,0.2,1,0,0.5,0.4164535176016886,0,1,0.6179775280898876
90,3,10010.jpg,1,0,0,1,0,0,69,0.25,0.25,0.25,0.05,0.2,1,0,0.5,0.4973794784161822,1,0,0.6111111111111112
91,3,01111.jpg,0,1,1,1,1,0,69,0.25,0.25,0.25,0.05,0.2,1,0,0.5,0.4959741266358618,1,0,0.6043956043956044
92,3,00101.jpg,0,0,1,0,1,0,69,0.25,0.25,0.25,0.05,0.2,1,0,0.5,0.4939179873555479,0,1,0.6086956521739131
93,3,11011.jpg,1,1,0,1,1,0,69,0.25,0.25,0.25,0.05,0.2,1,0,0.5,0.49392519250082023,0,1,0.6129032258064516
94,3,00110.jpg,0,0,1,1,0,0,69,0.25,0.25,0.25,0.05,0.2,1,0,0.5,0.49967983076486816,0,1,0.6170212765957447
95,3,10101.jpg,1,0,1,0,1,1,69,0.25,0.25,0.25,0.05,0.2,1,0,0.5,0.578096951379361,1,1,0.6210526315789474
96,3,11101.jpg,1,1,1,0,1,1,69,0.25,0.25,0.25,0.05,0.2,1,0,0.5,0.5780813778961381,1,1,0.625
1,1,11101.jpg,1,1,1,0,1,1,70,0.25,0.25,0.25,0.05,0.2,1,0,0.5,0.5,1,1,1
2,1,11111.jpg,1,1,1,1,1,1,70,0.25,0.25,0.25,0.05,0.2,1,0,0.5,0.5,0,0,0.5
3,1,00001.jpg,0,0,0,0,1,0,70,0.25,0.25,0.25,0.05,0.2,1,0,0.5,0.5,1,0,0.3333333333333333
4,1,00111.jpg,0,0,1,1,1,0,70,0.25,0.25,0.25,0.05,0.2,1,0,0.5,0.4440632472840815,1,0,0.25
5,1,00101.jpg,0,0,1,0,1,0,70,0.25,0.25,0.25,0.05,0.2,1,0,0.5,0.40620426730047543,0,1,0.4
6,1,00100.jpg,0,0,1,0,0,0,70,0.25,0.25,0.25,0.05,0.2,1,0,0.5,0.3940337041230718,0,1,0.5
7,1,01001.jpg,0,1,0,0,1,0,70,0.25,0.25,0.25,0.05,0.2,1,0,0.5,0.49047773497663144,1,0,0.42857142857142855
8,1,11110.jpg,1,1,1,1,0,1,70,0.25,0.25,0.25,0.05,0.2,1,0,0.5,0.6259942869104618,0,0,0.375
9,1,01101.jpg,0,1,1,0,1,0,70,0.25,0.25,0.25,0.05,0.2,1,0,0.5,0.5000708546017706,0,1,0.4444444444444444
10,1,00010.jpg,0,0,0,1,0,0,70,0.25,0.25,0.25,0.05,0.2,1,0,0.5,0.389726981838059,0,1,0.5
11,1,10110.jpg,1,0,1,1,0,1,70,0.25,0.25,0.25,0.05,0.2,1,0,0.5,0.5473147504411583,0,0,0.45454545454545453
12,1,01000.jpg,0,1,0,0,0,0,70,0.25,0.25,0.25,0.05,0.2,1,0,0.5,0.44187288017408766,0,1,0.5
13,1,10001.jpg,1,0,0,0,1,0,70,0.25,0.25,0.25,0.05,0.2,1,0,0.5,0.4936652306916879,1,0,0.46153846153846156
14,1,01011.jpg,0,1,0,1,1,0,70,0.25,0.25,0.25,0.05,0.2,1,0,0.5,0.43329658717782815,1,0,0.42857142857142855
15,1,11001.jpg,1,1,0,0,1,0,70,0.25,0.25,0.25,0.05,0.2,1,0,0.5,0.5227896725387312,0,1,0.4666666666666667
16,1,10010.jpg,1,0,0,1,0,0,70,0.25,0.25,0.25,0.05,0.2,1,0,0.5,0.5096001817317813,1,0,0.4375
17,1,01111.jpg,0,1,1,1,1,0,70,0.25,0.25,0.25,0.05,0.2,1,0,0.5,0.5086704887266866,1,0,0.4117647058823529
18,1,00110.jpg,0,0,1,1,0,0,70,0.25,0.25,0.25,0.05,0.2,1,0,0.5,0.48358307065467154,0,1,0.4444444444444444
19,1,10111.jpg,1,0,1,1,1,1,70,0.25,0.25,0.25,0.05,0.2,1,0,0.5,0.5575472149340216,0,0,0.42105263157894735
20,1,10011.jpg,1,0,0,1,1,0,70,0.25,0.25,0.25,0.05,0.2,1,0,0.5,0.5014744754560073,0,1,0.45
21,1,01010.jpg,0,1,0,1,0,0,70,0.25,0.25,0.25,0.05,0.2,1,0,0.5,0.43432251730611066,1,0,0.42857142857142855
22,1,01100.jpg,0,1,1,0,0,0,70,0.25,0.25,0.25,0.05,0.2,1,0,0.5,0.4951700965272569,1,0,0.4090909090909091
23,1,10100.jpg,1,0,1,0,0,1,70,0.25,0.25,0.25,0.05,0.2,1,0,0.5,0.5689215482478495,1,1,0.43478260869565216
24,1,11011.jpg,1,1,0,1,1,0,70,0.25,0.25,0.25,0.05,0.2,1,0,0.5,0.5071476600354579,0,1,0.4583333333333333
25,1,01110.jpg,0,1,1,1,0,0,70,0.25,0.25,0.25,0.05,0.2,1,0,0.5,0.4946109949578822,0,1,0.48
26,1,00011.jpg,0,0,0,1,1,0,70,0.25,0.25,0.25,0.05,0.2,1,0,0.5,0.41656591146754146,0,1,0.5
27,1,11000.jpg,1,1,0,0,0,0,70,0.25,0.25,0.25,0.05,0.2,1,0,0.5,0.5087006651448465,0,1,0.5185185185185185
28,1,10000.jpg,1,0,0,0,0,0,70,0.25,0.25,0.25,0.05,0.2,1,0,0.5,0.5061894588036508,0,1,0.5357142857142857
29,1,11010.jpg,1,1,0,1,0,0,70,0.25,0.25,0.25,0.05,0.2,1,0,0.5,0.5017963479421671,1,0,0.5172413793103449
30,1,00000.jpg,0,0,0,0,0,0,70,0.25,0.25,0.25,0.05,0.2,1,0,0.5,0.41990033414534955,0,1,0.5333333333333333
31,1,11100.jpg,1,1,1,0,0,1,70,0.25,0.25,0.25,0.05,0.2,1,0,0.5,0.5778483872240772,0,0,0.5161290322580645
32,1,10101.jpg,1,0,1,0,1,1,70,0.25,0.25,0.25,0.05,0.2,1,0,0.5,0.5714222146285867,1,1,0.53125
33,2,01010.jpg,0,1,0,1,0,0,70,0.25,0.25,0.25,0.05,0.2,1,0,0.5,0.4156983145284268,0,1,0.5454545454545454
34,2,10011.jpg,1,0,0,1,1,0,70,0.25,0.25,0.25,0.05,0.2,1,0,0.5,0.49691230780461537,0,1,0.5588235294117647
35,2,01011.jpg,0,1,0,1,1,0,70,0.25,0.25,0.25,0.05,0.2,1,0,0.5,0.41459239299254436,1,0,0.5428571428571428
36,2,10101.jpg,1,0,1,0,1,1,70,0.25,0.25,0.25,0.05,0.2,1,0,0.5,0.5833098905784565,1,1,0.5555555555555556
37,2,11100.jpg,1,1,1,0,0,1,70,0.25,0.25,0.25,0.05,0.2,1,0,0.5,0.5786444906533861,0,0,0.5405405405405406
38,2,10010.jpg,1,0,0,1,0,0,70,0.25,0.25,0.25,0.05,0.2,1,0,0.5,0.4923736616113737,0,1,0.5526315789473685
39,2,10000.jpg,1,0,0,0,0,0,70,0.25,0.25,0.25,0.05,0.2,1,0,0.5,0.4916232572726287,0,1,0.5641025641025641
40,2,01100.jpg,0,1,1,0,0,0,70,0.25,0.25,0.25,0.05,0.2,1,0,0.5,0.5036635011445447,0,1,0.575
41,2,00011.jpg,0,0,0,1,1,0,70,0.25,0.25,0.25,0.05,0.2,1,0,0.5,0.41657348068845473,0,1,0.5853658536585366
42,2,01000.jpg,0,1,0,0,0,0,70,0.25,0.25,0.25,0.05,0.2,1,0,0.5,0.41679909859947073,0,1,0.5952380952380952
43,2,10100.jpg,1,0,1,0,0,1,70,0.25,0.25,0.25,0.05,0.2,1,0,0.5,0.5823183955239958,1,1,0.6046511627906976
44,2,00110.jpg,0,0,1,1,0,0,70,0.25,0.25,0.25,0.05,0.2,1,0,0.5,0.5013047611634205,0,1,0.6136363636363636
45,2,00000.jpg,0,0,0,0,0,0,70,0.25,0.25,0.25,0.05,0.2,1,0,0.5,0.4185421933112411,0,1,0.6222222222222222
46,2,10110.jpg,1,0,1,1,0,1,70,0.25,0.25,0.25,0.05,0.2,1,0,0.5,0.5812819570346215,0,0,0.6086956521739131
47,2,11101.jpg,1,1,1,0,1,1,70,0.25,0.25,0.25,0.05,0.2,1,0,0.5,0.581077412805526,1,1,0.6170212765957447
48,2,11011.jpg,1,1,0,1,1,0,70,0.25,0.25,0.25,0.05,0.2,1,0,0.5,0.4925640836415069,1,0,0.6041666666666666
49,2,01001.jpg,0,1,0,0,1,0,70,0.25,0.25,0.25,0.05,0.2,1,0,0.5,0.4140163687598241,0,1,0.6122448979591837
50,2,01111.jpg,0,1,1,1,1,0,70,0.25,0.25,0.25,0.05,0.2,1,0,0.5,0.4940159421655865,0,1,0.62
51,2,10001.jpg,1,0,0,0,1,0,70,0.25,0.25,0.25,0.05,0.2,1,0,0.5,0.4967791318948294,0,1,0.6274509803921569
52,2,00010.jpg,0,0,0,1,0,0,70,0.25,0.25,0.25,0.05,0.2,1,0,0.5,0.41664333062122866,1,0,0.6153846153846154
53,2,11000.jpg,1,1,0,0,0,0,70,0.25,0.25,0.25,0.05,0.2,1,0,0.5,0.49475351075366586,0,1,0.6226415094339622
54,2,00100.jpg,0,0,1,0,0,0,70,0.25,0.25,0.25,0.05,0.2,1,0,0.5,0.5049511129086968,1,0,0.6111111111111112
55,2,00001.jpg,0,0,0,0,1,0,70,0.25,0.25,0.25,0.05,0.2,1,0,0.5,0.41704090861498905,1,0,0.6
56,2,10111.jpg,1,0,1,1,1,1,70,0.25,0.25,0.25,0.05,0.2,1,0,0.5,0.5823319396244422,1,1,0.6071428571428571
57,2,11111.jpg,1,1,1,1,1,1,70,0.25,0.25,0.25,0.05,0.2,1,0,0.5,0.5809759298232378,0,0,0.5964912280701754
58,2,01101.jpg,0,1,1,0,1,0,70,0.25,0.25,0.25,0.05,0.2,1,0,0.5,0.500919266869782,0,1,0.603448275862069
59,2,00111.jpg,0,0,1,1,1,0,70,0.25,0.25,0.25,0.05,0.2,1,0,0.5,0.5006796656356758,0,1,0.6101694915254238
60,2,11010.jpg,1,1,0,1,0,0,70,0.25,0.25,0.25,0.05,0.2,1,0,0.5,0.4925397476465086,0,1,0.6166666666666667
61,2,00101.jpg,0,0,1,0,1,0,70,0.25,0.25,0.25,0.05,0.2,1,0,0.5,0.5003926130734695,0,1,0.6229508196721312
62,2,11001.jpg,1,1,0,0,1,0,70,0.25,0.25,0.25,0.05,0.2,1,0,0.5,0.4969272193668745,1,0,0.6129032258064516
63,2,01110.jpg,0,1,1,1,0,0,70,0.25,0.25,0.25,0.05,0.2,1,0,0.5,0.4935025428865206,1,0,0.6031746031746031
64,2,11110.jpg,1,1,1,1,0,1,70,0.25,0.25,0.25,0.05,0.2,1,0,0.5,0.5765461499132801,1,1,0.609375
65,3,01101.jpg,0,1,1,0,1,0,70,0.25,0.25,0.25,0.05,0.2,1,0,0.5,0.49481873653564057,1,0,0.6
66,3,01100.jpg,0,1,1,0,0,0,70,0.25,0.25,0.25,0.05,0.2,1,0,0.5,0.493267825472017,0,1,0.6060606060606061
67,3,11110.jpg,1,1,1,1,0,1,70,0.25,0.25,0.25,0.05,0.2,1,0,0.5,0.5791485462322365,1,1,0.6119402985074627
68,3,11000.jpg,1,1,0,0,0,0,70,0.25,0.25,0.25,0.05,0.2,1,0,0.5,0.4990343542741747,0,1,0.6176470588235294
69,3,10100.jpg,1,0,1,0,0,1,70,0.25,0.25,0.25,0.05,0.2,1,0,0.5,0.5800358466231686,0,0,0.6086956521739131
70,3,00011.jpg,0,0,0,1,1,0,70,0.25,0.25,0.25,0.05,0.2,1,0,0.5,0.4164576136395761,0,1,0.6142857142857143
71,3,10001.jpg,1,0,0,0,1,0,70,0.25,0.25,0.25,0.05,0.2,1,0,0.5,0.494206681278047,1,0,0.6056338028169014
72,3,00111.jpg,0,0,1,1,1,0,70,0.25,0.25,0.25,0.05,0.2,1,0,0.5,0.49245321077298315,0,1,0.6111111111111112
73,3,10011.jpg,1,0,0,1,1,0,70,0.25,0.25,0.25,0.05,0.2,1,0,0.5,0.49198668909744625,1,0,0.6027397260273972
74,3,11001.jpg,1,1,0,0,1,0,70,0.25,0.25,0.25,0.05,0.2,1,0,0.5,0.49140695531172746,1,0,0.5945945945945946
75,3,01110.jpg,0,1,1,1,0,0,70,0.25,0.25,0.25,0.05,0.2,1,0,0.5,0.5001757975192034,1,0,0.5866666666666667
76,3,00100.jpg,0,0,1,0,0,0,70,0.25,0.25,0.25,0.05,0.2,1,0,0.5,0.4996021657454113,1,0,0.5789473684210527
77,3,10110.jpg,1,0,1,1,0,1,70,0.25,0.25,0.25,0.05,0.2,1,0,0.5,0.5825460935958957,1,1,0.5844155844155844
78,3,01011.jpg,0,1,0,1,1,0,70,0.25,0.25,0.25,0.05,0.2,1,0,0.5,0.4129311162240378,0,1,0.5897435897435898
79,3,00001.jpg,0,0,0,0,1,0,70,0.25,0.25,0.25,0.05,0.2,1,0,0.5,0.41384536341805217,0,1,0.5949367088607594
80,3,11010.jpg,1,1,0,1,0,0,70,0.25,0.25,0.25,0.05,0.2,1,0,0.5,0.5003946135668311,0,1,0.6
81,3,10000.jpg,1,0,0,0,0,0,70,0.25,0.25,0.25,0.05,0.2,1,0,0.5,0.5021285747398023,0,1,0.6049382716049383
82,3,01001.jpg,0,1,0,0,1,0,70,0.25,0.25,0.25,0.05,0.2,1,0,0.5,0.41092487418429074,0,1,0.6097560975609756
83,3,00010.jpg,0,0,0,1,0,0,70,0.25,0.25,0.25,0.05,0.2,1,0,0.5,0.42484545411442015,0,1,0.6144578313253012
84,3,00000.jpg,0,0,0,0,0,0,70,0.25,0.25,0.25,0.05,0.2,1,0,0.5,0.4220607593341015,0,1,0.6190476190476191
85,3,10111.jpg,1,0,1,1,1,1,70,0.25,0.25,0.25,0.05,0.2,1,0,0.5,0.5787699985747979,0,0,0.611764705882353
86,3,11111.jpg,1,1,1,1,1,1,70,0.25,0.25,0.25,0.05,0.2,1,0,0.5,0.576761767699978,1,1,0.6162790697674418
87,3,11100.jpg,1,1,1,0,0,1,70,0.25,0.25,0.25,0.05,0.2,1,0,0.5,0.5800281614225775,1,1,0.6206896551724138
88,3,01010.jpg,0,1,0,1,0,0,70,0.25,0.25,0.25,0.05,0.2,1,0,0.5,0.4195162011902811,1,0,0.6136363636363636
89,3,01000.jpg,0,1,0,0,0,0,70,0.25,0.25,0.25,0.05,0.2,1,0,0.5,0.4164535176016886,0,1,0.6179775280898876
90,3,10010.jpg,1,0,0,1,0,0,70,0.25,0.25,0.25,0.05,0.2,1,0,0.5,0.4973794784161822,1,0,0.6111111111111112
91,3,01111.jpg,0,1,1,1,1,0,70,0.25,0.25,0.25,0.05,0.2,1,0,0.5,0.4959741266358618,1,0,0.6043956043956044
92,3,00101.jpg,0,0,1,0,1,0,70,0.25,0.25,0.25,0.05,0.2,1,0,0.5,0.4939179873555479,0,1,0.6086956521739131
93,3,11011.jpg,1,1,0,1,1,0,70,0.25,0.25,0.25,0.05,0.2,1,0,0.5,0.49392519250082023,0,1,0.6129032258064516
94,3,00110.jpg,0,0,1,1,0,0,70,0.25,0.25,0.25,0.05,0.2,1,0,0.5,0.49967983076486816,0,1,0.6170212765957447
95,3,10101.jpg,1,0,1,0,1,1,70,0.25,0.25,0.25,0.05,0.2,1,0,0.5,0.578096951379361,1,1,0.6210526315789474
96,3,11101.jpg,1,1,1,0,1,1,70,0.25,0.25,0.25,0.05,0.2,1,0,0.5,0.5780813778961381,1,1,0.625
1,1,11101.jpg,1,1,1,0,1,1,71,0.25,0.25,0.25,0.05,0.2,2,0.6931471805599453,0.5,0.5,1,1,1
2,1,11111.jpg,1,1,1,1,1,1,71,0.25,0.25,0.25,0.05,0.2,2,0.6931471805599453,0.5,0.5,0,0,0.5
3,1,00001.jpg,0,0,0,0,1,0,71,0.25,0.25,0.25,0.05,0.2,2,0.6931471805599453,0.5,0.5,1,0,0.3333333333333333
4,1,00111.jpg,0,0,1,1,1,0,71,0.25,0.25,0.25,0.05,0.2,2,0.6931471805599453,0.5,0.38965788203545954,1,0,0.25
5,1,00101.jpg,0,0,1,0,1,0,71,0.25,0.25,0.25,0.05,0.2,2,0.6931471805599453,0.5,0.3167780082135563,0,1,0.4
6,1,00100.jpg,0,0,1,0,0,0,71,0.25,0.25,0.25,0.05,0.2,2,0.6931471805599453,0.5,0.2950533606852069,0,1,0.5
7,1,01001.jpg,0,1,0,0,1,0,71,0.25,0.25,0.25,0.05,0.2,2,0.6931471805599453,0.5,0.47422038111483517,1,0,0.42857142857142855
8,1,11110.jpg,1,1,1,1,0,1,71,0.25,0.25,0.25,0.05,0.2,2,0.6931471805599453,0.5,0.7332844327168933,0,0,0.375
9,1,01101.jpg,0,1,1,0,1,0,71,0.25,0.25,0.25,0.05,0.2,2,0.6931471805599453,0.5,0.5002345642193852,0,1,0.4444444444444444
10,1,00010.jpg,0,0,0,1,0,0,71,0.25,0.25,0.25,0.05,0.2,2,0.6931471805599453,0.5,0.28727897182708584,0,1,0.5
11,1,10110.jpg,1,0,1,1,0,1,71,0.25,0.25,0.25,0.05,0.2,2,0.6931471805599453,0.5,0.5864009594001575,0,0,0.45454545454545453
12,1,01000.jpg,0,1,0,0,0,0,71,0.25,0.25,0.25,0.05,0.2,2,0.6931471805599453,0.5,0.3798537736672269,0,1,0.5
13,1,10001.jpg,1,0,0,0,1,0,71,0.25,0.25,0.25,0.05,0.2,2,0.6931471805599453,0.5,0.48354410378629276,1,0,0.46153846153846156
14,1,01011.jpg,0,1,0,1,1,0,71,0.25,0.25,0.25,0.05,0.2,2,0.6931471805599453,0.5,0.36616087404271197,1,0,0.42857142857142855
15,1,11001.jpg,1,1,0,0,1,0,71,0.25,0.25,0.25,0.05,0.2,2,0.6931471805599453,0.5,0.5411482830810441,0,1,0.4666666666666667
16,1,10010.jpg,1,0,0,1,0,0,71,0.25,0.25,0.25,0.05,0.2,2,0.6931471805599453,0.5,0.5184072206564913,1,0,0.4375
17,1,01111.jpg,0,1,1,1,1,0,71,0.25,0.25,0.25,0.05,0.2,2,0.6931471805599453,0.5,0.5098886041292107,1,0,0.4117647058823529
18,1,00110.jpg,0,0,1,1,0,0,71,0.25,0.25,0.25,0.05,0.2,2,0.6931471805599453,0.5,0.4622747347837378,0,1,0.4444444444444444
19,1,10111.jpg,1,0,1,1,1,1,71,0.25,0.25,0.25,0.05,0.2,2,0.6931471805599453,0.5,0.6069883588688769,0,0,0.42105263157894735
20,1,10011.jpg,1,0,0,1,1,0,71,0.25,0.25,0.25,0.05,0.2,2,0.6931471805599453,0.5,0.49506305686710933,1,0,0.4
21,1,01010.jpg,0,1,0,1,0,0,71,0.25,0.25,0.25,0.05,0.2,2,0.6931471805599453,0.5,0.3653778818666335,1,0,0.38095238095238093
22,1,01100.jpg,0,1,1,0,0,0,71,0.25,0.25,0.25,0.05,0.2,2,0.6931471805599453,0.5,0.4825217529761986,1,0,0.36363636363636365
23,1,10100.jpg,1,0,1,0,0,1,71,0.25,0.25,0.25,0.05,0.2,2,0.6931471805599453,0.5,0.6313869432311412,1,1,0.391304347826087
24,1,11011.jpg,1,1,0,1,1,0,71,0.25,0.25,0.25,0.05,0.2,2,0.6931471805599453,0.5,0.507040919808728,0,1,0.4166666666666667
25,1,01110.jpg,0,1,1,1,0,0,71,0.25,0.25,0.25,0.05,0.2,2,0.6931471805599453,0.5,0.47858653811275925,0,1,0.44
26,1,00011.jpg,0,0,0,1,1,0,71,0.25,0.25,0.25,0.05,0.2,2,0.6931471805599453,0.5,0.3352340225278682,0,1,0.46153846153846156
27,1,11000.jpg,1,1,0,0,0,0,71,0.25,0.25,0.25,0.05,0.2,2,0.6931471805599453,0.5,0.5094387180709347,0,1,0.48148148148148145
28,1,10000.jpg,1,0,0,0,0,0,71,0.25,0.25,0.25,0.05,0.2,2,0.6931471805599453,0.5,0.5063305645709847,0,1,0.5
29,1,11010.jpg,1,1,0,1,0,0,71,0.25,0.25,0.25,0.05,0.2,2,0.6931471805599453,0.5,0.4935800311623719,0,1,0.5172413793103449
30,1,00000.jpg,0,0,0,0,0,0,71,0.25,0.25,0.25,0.05,0.2,2,0.6931471805599453,0.5,0.34400373385076155,0,1,0.5333333333333333
31,1,11100.jpg,1,1,1,0,0,1,71,0.25,0.25,0.25,0.05,0.2,2,0.6931471805599453,0.5,0.6471292741501339,0,0,0.5161290322580645
32,1,10101.jpg,1,0,1,0,1,1,71,0.25,0.25,0.25,0.05,0.2,2,0.6931471805599453,0.5,0.6356232470619709,1,1,0.53125
33,2,01010.jpg,0,1,0,1,0,0,71,0.25,0.25,0.25,0.05,0.2,2,0.6931471805599453,0.5,0.33275196500343074,0,1,0.5454545454545454
34,2,10011.jpg,1,0,0,1,1,0,71,0.25,0.25,0.25,0.05,0.2,2,0.6931471805599453,0.5,0.4837616736903768,0,1,0.5588235294117647
35,2,01011.jpg,0,1,0,1,1,0,71,0.25,0.25,0.25,0.05,0.2,2,0.6931471805599453,0.5,0.3310301022134758,1,0,0.5428571428571428
36,2,10101.jpg,1,0,1,0,1,1,71,0.25,0.25,0.25,0.05,0.2,2,0.6931471805599453,0.5,0.6579864970159524,1,1,0.5555555555555556
37,2,11100.jpg,1,1,1,0,0,1,71,0.25,0.25,0.25,0.05,0.2,2,0.6931471805599453,0.5,0.6513732906550259,0,0,0.5405405405405406
38,2,10010.jpg,1,0,0,1,0,0,71,0.25,0.25,0.25,0.05,0.2,2,0.6931471805599453,0.5,0.47425564834581957,0,1,0.5526315789473685
39,2,10000.jpg,1,0,0,0,0,0,71,0.25,0.25,0.25,0.05,0.2,2,0.6931471805599453,0.5,0.4715257010630887,0,1,0.5641025641025641
40,2,01100.jpg,0,1,1,0,0,0,71,0.25,0.25,0.25,0.05,0.2,2,0.6931471805599453,0.5,0.4977346700379984,1,0,0.55
41,2,00011.jpg,0,0,0,1,1,0,71,0.25,0.25,0.25,0.05,0.2,2,0.6931471805599453,0.5,0.3359151239094649,0,1,0.5609756097560976
42,2,01000.jpg,0,1,0,0,0,0,71,0.25,0.25,0.25,0.05,0.2,2,0.6931471805599453,0.5,0.3355154189340364,0,1,0.5714285714285714
43,2,10100.jpg,1,0,1,0,0,1,71,0.25,0.25,0.25,0.05,0.2,2,0.6931471805599453,0.5,0.6552512362639277,1,1,0.5813953488372093
44,2,00110.jpg,0,0,1,1,0,0,71,0.25,0.25,0.25,0.05,0.2,2,0.6931471805599453,0.5,0.4943706943827777,1,0,0.5681818181818182
45,2,00000.jpg,0,0,0,0,0,0,71,0.25,0.25,0.25,0.05,0.2,2,0.6931471805599453,0.5,0.3392468351032818,0,1,0.5777777777777777
46,2,10110.jpg,1,0,1,1,0,1,71,0.25,0.25,0.25,0.05,0.2,2,0.6931471805599453,0.5,0.6538291635586913,0,0,0.5652173913043478
47,2,11101.jpg,1,1,1,0,1,1,71,0.25,0.25,0.25,0.05,0.2,2,0.6931471805599453,0.5,0.65546929538791,1,1,0.574468085106383
48,2,11011.jpg,1,1,0,1,1,0,71,0.25,0.25,0.25,0.05,0.2,2,0.6931471805599453,0.5,0.4770496519661611,1,0,0.5625
49,2,01001.jpg,0,1,0,0,1,0,71,0.25,0.25,0.25,0.05,0.2,2,0.6931471805599453,0.5,0.32978945251071456,0,1,0.5714285714285714
50,2,01111.jpg,0,1,1,1,1,0,71,0.25,0.25,0.25,0.05,0.2,2,0.6931471805599453,0.5,0.47925373273025085,0,1,0.58
51,2,10001.jpg,1,0,0,0,1,0,71,0.25,0.25,0.25,0.05,0.2,2,0.6931471805599453,0.5,0.4830166901469692,0,1,0.5882352941176471
52,2,00010.jpg,0,0,0,1,0,0,71,0.25,0.25,0.25,0.05,0.2,2,0.6931471805599453,0.5,0.33560483031684135,1,0,0.5769230769230769
53,2,11000.jpg,1,1,0,0,0,0,71,0.25,0.25,0.25,0.05,0.2,2,0.6931471805599453,0.5,0.4826286791762988,0,1,0.5849056603773585
54,2,00100.jpg,0,0,1,0,0,0,71,0.25,0.25,0.25,0.05,0.2,2,0.6931471805599453,0.5,0.5006448081761281,1,0,0.5740740740740741
55,2,00001.jpg,0,0,0,0,1,0,71,0.25,0.25,0.25,0.05,0.2,2,0.6931471805599453,0.5,0.33572816115669146,1,0,0.5636363636363636
56,2,10111.jpg,1,0,1,1,1,1,71,0.25,0.25,0.25,0.05,0.2,2,0.6931471805599453,0.5,0.6569976210092494,1,1,0.5714285714285714
57,2,11111.jpg,1,1,1,1,1,1,71,0.25,0.25,0.25,0.05,0.2,2,0.6931471805599453,0.5,0.6544001976273081,0,0,0.5614035087719298
58,2,01101.jpg,0,1,1,0,1,0,71,0.25,0.25,0.25,0.05,0.2,2,0.6931471805599453,0.5,0.49246164860130887,1,0,0.5517241379310345
59,2,00111.jpg,0,0,1,1,1,0,71,0.25,0.25,0.25,0.05,0.2,2,0.6931471805599453,0.5,0.49344485979319896,1,0,0.5423728813559322
60,2,11010.jpg,1,1,0,1,0,0,71,0.25,0.25,0.25,0.05,0.2,2,0.6931471805599453,0.5,0.4758511726732136,0,1,0.55
61,2,00101.jpg,0,0,1,0,1,0,71,0.25,0.25,0.25,0.05,0.2,2,0.6931471805599453,0.5,0.49095043608328903,1,0,0.5409836065573771
62,2,11001.jpg,1,1,0,0,1,0,71,0.25,0.25,0.25,0.05,0.2,2,0.6931471805599453,0.5,0.48542168537248553,1,0,0.532258064516129
63,2,01110.jpg,0,1,1,1,0,0,71,0.25,0.25,0.25,0.05,0.2,2,0.6931471805599453,0.5,0.47744042199730546,1,0,0.5238095238095238
64,2,11110.jpg,1,1,1,1,0,1,71,0.25,0.25,0.25,0.05,0.2,2,0.6931471805599453,0.5,0.646157313588276,1,1,0.53125
65,3,01101.jpg,0,1,1,0,1,0,71,0.25,0.25,0.25,0.05,0.2,2,0.6931471805599453,0.5,0.47959699039684256,1,0,0.5230769230769231
66,3,01100.jpg,0,1,1,0,0,0,71,0.25,0.25,0.25,0.05,0.2,2,0.6931471805599453,0.5,0.4765900014941864,0,1,0.5303030303030303
67,3,11110.jpg,1,1,1,1,0,1,71,0.25,0.25,0.25,0.05,0.2,2,0.6931471805599453,0.5,0.6516375623070964,1,1,0.5373134328358209
68,3,11000.jpg,1,1,0,0,0,0,71,0.25,0.25,0.25,0.05,0.2,2,0.6931471805599453,0.5,0.48834236635076617,0,1,0.5441176470588235
69,3,10100.jpg,1,0,1,0,0,1,71,0.25,0.25,0.25,0.05,0.2,2,0.6931471805599453,0.5,0.6533683617874166,1,1,0.5507246376811594
70,3,00011.jpg,0,0,0,1,1,0,71,0.25,0.25,0.25,0.05,0.2,2,0.6931471805599453,0.5,0.33352400691778133,0,1,0.5571428571428572
71,3,10001.jpg,1,0,0,0,1,0,71,0.25,0.25,0.25,0.05,0.2,2,0.6931471805599453,0.5,0.478413987924596,1,0,0.5492957746478874
72,3,00111.jpg,0,0,1,1,1,0,71,0.25,0.25,0.25,0.05,0.2,2,0.6931471805599453,0.5,0.4750331249642187,0,1,0.5555555555555556
73,3,10011.jpg,1,0,0,1,1,0,71,0.25,0.25,0.25,0.05,0.2,2,0.6931471805599453,0.5,0.4731146834041735,1,0,0.547945205479452
74,3,11001.jpg,1,1,0,0,1,0,71,0.25,0.25,0.25,0.05,0.2,2,0.6931471805599453,0.5,0.47344916043026836,0,1,0.5540540540540541
75,3,01110.jpg,0,1,1,1,0,0,71,0.25,0.25,0.25,0.05,0.2,2,0.6931471805599453,0.5,0.489245100033333,0,1,0.56
76,3,00100.jpg,0,0,1,0,0,0,71,0.25,0.25,0.25,0.05,0.2,2,0.6931471805599453,0.5,0.4896773575761109,1,0,0.5526315789473685
77,3,10110.jpg,1,0,1,1,0,1,71,0.25,0.25,0.25,0.05,0.2,2,0.6931471805599453,0.5,0.6583909468681746,1,1,0.5584415584415584
78,3,01011.jpg,0,1,0,1,1,0,71,0.25,0.25,0.25,0.05,0.2,2,0.6931471805599453,0.5,0.3286797188631387,0,1,0.5641025641025641
79,3,00001.jpg,0,0,0,0,1,0,71,0.25,0.25,0.25,0.05,0.2,2,0.6931471805599453,0.5,0.3290767419095722,0,1,0.569620253164557
80,3,11010.jpg,1,1,0,1,0,0,71,0.25,0.25,0.25,0.05,0.2,2,0.6931471805599453,0.5,0.4905559939519634,1,0,0.5625
81,3,10000.jpg,1,0,0,0,0,0,71,0.25,0.25,0.25,0.05,0.2,2,0.6931471805599453,0.5,0.4949738377425849,1,0,0.5555555555555556
82,3,01001.jpg,0,1,0,0,1,0,71,0.25,0.25,0.25,0.05,0.2,2,0.6931471805599453,0.5,0.32468494493018085,0,1,0.5609756097560976
83,3,00010.jpg,0,0,0,1,0,0,71,0.25,0.25,0.25,0.05,0.2,2,0.6931471805599453,0.5,0.3503641960821786,0,1,0.5662650602409639
84,3,00000.jpg,0,0,0,0,0,0,71,0.25,0.25,0.25,0.05,0.2,2,0.6931471805599453,0.5,0.34494805291524566,0,1,0.5714285714285714
85,3,10111.jpg,1,0,1,1,1,1,71,0.25,0.25,0.25,0.05,0.2,2,0.6931471805599453,0.5,0.6507537046565324,0,0,0.5647058823529412
86,3,11111.jpg,1,1,1,1,1,1,71,0.25,0.25,0.25,0.05,0.2,2,0.6931471805599453,0.5,0.6473205636475731,1,1,0.5697674418604651
87,3,11100.jpg,1,1,1,0,0,1,71,0.25,0.25,0.25,0.05,0.2,2,0.6931471805599453,0.5,0.6520856882241075,1,1,0.5747126436781609
88,3,01010.jpg,0,1,0,1,0,0,71,0.25,0.25,0.25,0.05,0.2,2,0.6931471805599453,0.5,0.3402890276528833,1,0,0.5681818181818182
89,3,01000.jpg,0,1,0,0,0,0,71,0.25,0.25,0.25,0.05,0.2,2,0.6931471805599453,0.5,0.3346263126461093,0,1,0.5730337078651685
90,3,10010.jpg,1,0,0,1,0,0,71,0.25,0.25,0.25,0.05,0.2,2,0.6931471805599453,0.5,0.4853257587510825,1,0,0.5666666666666667
91,3,01111.jpg,0,1,1,1,1,0,71,0.25,0.25,0.25,0.05,0.2,2,0.6931471805599453,0.5,0.4821173951477192,1,0,0.5604395604395604
92,3,00101.jpg,0,0,1,0,1,0,71,0.25,0.25,0.25,0.05,0.2,2,0.6931471805599453,0.5,0.4784415539273391,0,1,0.5652173913043478
93,3,11011.jpg,1,1,0,1,1,0,71,0.25,0.25,0.25,0.05,0.2,2,0.6931471805599453,0.5,0.4790863133313372,0,1,0.5698924731182796
94,3,00110.jpg,0,0,1,1,0,0,71,0.25,0.25,0.25,0.05,0.2,2,0.6931471805599453,0.5,0.4898268627170745,0,1,0.574468085106383
95,3,10101.jpg,1,0,1,0,1,1,71,0.25,0.25,0.25,0.05,0.2,2,0.6931471805599453,0.5,0.6495207378564476,1,1,0.5789473684210527
96,3,11101.jpg,1,1,1,0,1,1,71,0.25,0.25,0.25,0.05,0.2,2,0.6931471805599453,0.5,0.6492434941704266,1,1,0.5833333333333334
1,1,11101.jpg,1,1,1,0,1,1,72,0.25,0.25,0.25,0.05,0.2,2,0.6931471805599453,0.5,0.5,1,1,1
2,1,11111.jpg,1,1,1,1,1,1,72,0.25,0.25,0.25,0.05,0.2,2,0.6931471805599453,0.5,0.5,0,0,0.5
3,1,00001.jpg,0,0,0,0,1,0,72,0.25,0.25,0.25,0.05,0.2,2,0.6931471805599453,0.5,0.5,1,0,0.3333333333333333
4,1,00111.jpg,0,0,1,1,1,0,72,0.25,0.25,0.25,0.05,0.2,2,0.6931471805599453,0.5,0.38965788203545954,1,0,0.25
5,1,00101.jpg,0,0,1,0,1,0,72,0.25,0.25,0.25,0.05,0.2,2,0.6931471805599453,0.5,0.3167780082135563,0,1,0.4
6,1,00100.jpg,0,0,1,0,0,0,72,0.25,0.25,0.25,0.05,0.2,2,0.6931471805599453,0.5,0.2950533606852069,0,1,0.5
7,1,01001.jpg,0,1,0,0,1,0,72,0.25,0.25,0.25,0.05,0.2,2,0.6931471805599453,0.5,0.47422038111483517,1,0,0.42857142857142855
8,1,11110.jpg,1,1,1,1,0,1,72,0.25,0.25,0.25,0.05,0.2,2,0.6931471805599453,0.5,0.7332844327168933,0,0,0.375
9,1,01101.jpg,0,1,1,0,1,0,72,0.25,0.25,0.25,0.05,0.2,2,0.6931471805599453,0.5,0.5002345642193852,0,1,0.4444444444444444
10,1,00010.jpg,0,0,0,1,0,0,72,0.25,0.25,0.25,0.05,0.2,2,0.6931471805599453,0.5,0.28727897182708584,0,1,0.5
11,1,10110.jpg,1,0,1,1,0,1,72,0.25,0.25,0.25,0.05,0.2,2,0.6931471805599453,0.5,0.5864009594001575,0,0,0.45454545454545453
12,1,01000.jpg,0,1,0,0,0,0,72,0.25,0.25,0.25,0.05,0.2,2,0.6931471805599453,0.5,0.3798537736672269,0,1,0.5
13,1,10001.jpg,1,0,0,0,1,0,72,0.25,0.25,0.25,0.05,0.2,2,0.6931471805599453,0.5,0.48354410378629276,1,0,0.46153846153846156
14,1,01011.jpg,0,1,0,1,1,0,72,0.25,0.25,0.25,0.05,0.2,2,0.6931471805599453,0.5,0.36616087404271197,1,0,0.42857142857142855
15,1,11001.jpg,1,1,0,0,1,0,72,0.25,0.25,0.25,0.05,0.2,2,0.6931471805599453,0.5,0.5411482830810441,0,1,0.4666666666666667
16,1,10010.jpg,1,0,0,1,0,0,72,0.25,0.25,0.25,0.05,0.2,2,0.6931471805599453,0.5,0.5184072206564913,1,0,0.4375
17,1,01111.jpg,0,1,1,1,1,0,72,0.25,0.25,0.25,0.05,0.2,2,0.6931471805599453,0.5,0.5098886041292107,1,0,0.4117647058823529
18,1,00110.jpg,0,0,1,1,0,0,72,0.25,0.25,0.25,0.05,0.2,2,0.6931471805599453,0.5,0.4622747347837378,0,1,0.4444444444444444
19,1,10111.jpg,1,0,1,1,1,1,72,0.25,0.25,0.25,0.05,0.2,2,0.6931471805599453,0.5,0.6069883588688769,0,0,0.42105263157894735
20,1,10011.jpg,1,0,0,1,1,0,72,0.25,0.25,0.25,0.05,0.2,2,0.6931471805599453,0.5,0.49506305686710933,1,0,0.4
21,1,01010.jpg,0,1,0,1,0,0,72,0.25,0.25,0.25,0.05,0.2,2,0.6931471805599453,0.5,0.3653778818666335,1,0,0.38095238095238093
22,1,01100.jpg,0,1,1,0,0,0,72,0.25,0.25,0.25,0.05,0.2,2,0.6931471805599453,0.5,0.4825217529761986,1,0,0.36363636363636365
23,1,10100.jpg,1,0,1,0,0,1,72,0.25,0.25,0.25,0.05,0.2,2,0.6931471805599453,0.5,0.6313869432311412,1,1,0.391304347826087
24,1,11011.jpg,1,1,0,1,1,0,72,0.25,0.25,0.25,0.05,0.2,2,0.6931471805599453,0.5,0.507040919808728,0,1,0.4166666666666667
25,1,01110.jpg,0,1,1,1,0,0,72,0.25,0.25,0.25,0.05,0.2,2,0.6931471805599453,0.5,0.47858653811275925,0,1,0.44
26,1,00011.jpg,0,0,0,1,1,0,72,0.25,0.25,0.25,0.05,0.2,2,0.6931471805599453,0.5,0.3352340225278682,0,1,0.46153846153846156
27,1,11000.jpg,1,1,0,0,0,0,72,0.25,0.25,0.25,0.05,0.2,2,0.6931471805599453,0.5,0.5094387180709347,0,1,0.48148148148148145
28,1,10000.jpg,1,0,0,0,0,0,72,0.25,0.25,0.25,0.05,0.2,2,0.6931471805599453,0.5,0.5063305645709847,0,1,0.5
29,1,11010.jpg,1,1,0,1,0,0,72,0.25,0.25,0.25,0.05,0.2,2,0.6931471805599453,0.5,0.4935800311623719,0,1,0.5172413793103449
30,1,00000.jpg,0,0,0,0,0,0,72,0.25,0.25,0.25,0.05,0.2,2,0.6931471805599453,0.5,0.34400373385076155,0,1,0.5333333333333333
31,1,11100.jpg,1,1,1,0,0,1,72,0.25,0.25,0.25,0.05,0.2,2,0.6931471805599453,0.5,0.6471292741501339,0,0,0.5161290322580645
32,1,10101.jpg,1,0,1,0,1,1,72,0.25,0.25,0.25,0.05,0.2,2,0.6931471805599453,0.5,0.6356232470619709,1,1,0.53125
33,2,01010.jpg,0,1,0,1,0,0,72,0.25,0.25,0.25,0.05,0.2,2,0.6931471805599453,0.5,0.33275196500343074,0,1,0.5454545454545454
34,2,10011.jpg,1,0,0,1,1,0,72,0.25,0.25,0.25,0.05,0.2,2,0.6931471805599453,0.5,0.4837616736903768,0,1,0.5588235294117647
35,2,01011.jpg,0,1,0,1,1,0,72,0.25,0.25,0.25,0.05,0.2,2,0.6931471805599453,0.5,0.3310301022134758,1,0,0.5428571428571428
36,2,10101.jpg,1,0,1,0,1,1,72,0.25,0.25,0.25,0.05,0.2,2,0.6931471805599453,0.5,0.6579864970159524,1,1,0.5555555555555556
37,2,11100.jpg,1,1,1,0,0,1,72,0.25,0.25,0.25,0.05,0.2,2,0.6931471805599453,0.5,0.6513732906550259,0,0,0.5405405405405406
38,2,10010.jpg,1,0,0,1,0,0,72,0.25,0.25,0.25,0.05,0.2,2,0.6931471805599453,0.5,0.47425564834581957,0,1,0.5526315789473685
39,2,10000.jpg,1,0,0,0,0,0,72,0.25,0.25,0.25,0.05,0.2,2,0.6931471805599453,0.5,0.4715257010630887,0,1,0.5641025641025641
40,2,01100.jpg,0,1,1,0,0,0,72,0.25,0.25,0.25,0.05,0.2,2,0.6931471805599453,0.5,0.4977346700379984,1,0,0.55
41,2,00011.jpg,0,0,0,1,1,0,72,0.25,0.25,0.25,0.05,0.2,2,0.6931471805599453,0.5,0.3359151239094649,0,1,0.5609756097560976
42,2,01000.jpg,0,1,0,0,0,0,72,0.25,0.25,0.25,0.05,0.2,2,0.6931471805599453,0.5,0.3355154189340364,0,1,0.5714285714285714
43,2,10100.jpg,1,0,1,0,0,1,72,0.25,0.25,0.25,0.05,0.2,2,0.6931471805599453,0.5,0.6552512362639277,1,1,0.5813953488372093
44,2,00110.jpg,0,0,1,1,0,0,72,0.25,0.25,0.25,0.05,0.2,2,0.6931471805599453,0.5,0.4943706943827777,1,0,0.5681818181818182
45,2,00000.jpg,0,0,0,0,0,0,72,0.25,0.25,0.25,0.05,0.2,2,0.6931471805599453,0.5,0.3392468351032818,0,1,0.5777777777777777
46,2,10110.jpg,1,0,1,1,0,1,72,0.25,0.25,0.25,0.05,0.2,2,0.6931471805599453,0.5,0.6538291635586913,0,0,0.5652173913043478
47,2,11101.jpg,1,1,1,0,1,1,72,0.25,0.25,0.25,0.05,0.2,2,0.6931471805599453,0.5,0.65546929538791,1,1,0.574468085106383
48,2,11011.jpg,1,1,0,1,1,0,72,0.25,0.25,0.25,0.05,0.2,2,0.6931471805599453,0.5,0.4770496519661611,1,0,0.5625
49,2,01001.jpg,0,1,0,0,1,0,72,0.25,0.25,0.25,0.05,0.2,2,0.6931471805599453,0.5,0.32978945251071456,0,1,0.5714285714285714
50,2,01111.jpg,0,1,1,1,1,0,72,0.25,0.25,0.25,0.05,0.2,2,0.6931471805599453,0.5,0.47925373273025085,0,1,0.58
51,2,10001.jpg,1,0,0,0,1,0,72,0.25,0.25,0.25,0.05,0.2,2,0.6931471805599453,0.5,0.4830166901469692,0,1,0.5882352941176471
52,2,00010.jpg,0,0,0,1,0,0,72,0.25,0.25,0.25,0.05,0.2,2,0.6931471805599453,0.5,0.33560483031684135,1,0,0.5769230769230769
53,2,11000.jpg,1,1,0,0,0,0,72,0.25,0.25,0.25,0.05,0.2,2,0.6931471805599453,0.5,0.4826286791762988,0,1,0.5849056603773585
54,2,00100.jpg,0,0,1,0,0,0,72,0.25,0.25,0.25,0.05,0.2,2,0.6931471805599453,0.5,0.5006448081761281,1,0,0.5740740740740741
55,2,00001.jpg,0,0,0,0,1,0,72,0.25,0.25,0.25,0.05,0.2,2,0.6931471805599453,0.5,0.33572816115669146,1,0,0.5636363636363636
56,2,10111.jpg,1,0,1,1,1,1,72,0.25,0.25,0.25,0.05,0.2,2,0.6931471805599453,0.5,0.6569976210092494,1,1,0.5714285714285714
57,2,11111.jpg,1,1,1,1,1,1,72,0.25,0.25,0.25,0.05,0.2,2,0.6931471805599453,0.5,0.6544001976273081,0,0,0.5614035087719298
58,2,01101.jpg,0,1,1,0,1,0,72,0.25,0.25,0.25,0.05,0.2,2,0.6931471805599453,0.5,0.49246164860130887,1,0,0.5517241379310345
59,2,00111.jpg,0,0,1,1,1,0,72,0.25,0.25,0.25,0.05,0.2,2,0.6931471805599453,0.5,0.49344485979319896,1,0,0.5423728813559322
60,2,11010.jpg,1,1,0,1,0,0,72,0.25,0.25,0.25,0.05,0.2,2,0.6931471805599453,0.5,0.4758511726732136,0,1,0.55
61,2,00101.jpg,0,0,1,0,1,0,72,0.25,0.25,0.25,0.05,0.2,2,0.6931471805599453,0.5,0.49095043608328903,1,0,0.5409836065573771
62,2,11001.jpg,1,1,0,0,1,0,72,0.25,0.25,0.25,0.05,0.2,2,0.6931471805599453,0.5,0.48542168537248553,1,0,0.532258064516129
63,2,01110.jpg,0,1,1,1,0,0,72,0.25,0.25,0.25,0.05,0.2,2,0.6931471805599453,0.5,0.47744042199730546,1,0,0.5238095238095238
64,2,11110.jpg,1,1,1,1,0,1,72,0.25,0.25,0.25,0.05,0.2,2,0.6931471805599453,0.5,0.646157313588276,1,1,0.53125
65,3,01101.jpg,0,1,1,0,1,0,72,0.25,0.25,0.25,0.05,0.2,2,0.6931471805599453,0.5,0.47959699039684256,1,0,0.5230769230769231
66,3,01100.jpg,0,1,1,0,0,0,72,0.25,0.25,0.25,0.05,0.2,2,0.6931471805599453,0.5,0.4765900014941864,0,1,0.5303030303030303
67,3,11110.jpg,1,1,1,1,0,1,72,0.25,0.25,0.25,0.05,0.2,2,0.6931471805599453,0.5,0.6516375623070964,1,1,0.5373134328358209
68,3,11000.jpg,1,1,0,0,0,0,72,0.25,0.25,0.25,0.05,0.2,2,0.6931471805599453,0.5,0.48834236635076617,0,1,0.5441176470588235
69,3,10100.jpg,1,0,1,0,0,1,72,0.25,0.25,0.25,0.05,0.2,2,0.6931471805599453,0.5,0.6533683617874166,1,1,0.5507246376811594
70,3,00011.jpg,0,0,0,1,1,0,72,0.25,0.25,0.25,0.05,0.2,2,0.6931471805599453,0.5,0.33352400691778133,0,1,0.5571428571428572
71,3,10001.jpg,1,0,0,0,1,0,72,0.25,0.25,0.25,0.05,0.2,2,0.6931471805599453,0.5,0.478413987924596,1,0,0.5492957746478874
72,3,00111.jpg,0,0,1,1,1,0,72,0.25,0.25,0.25,0.05,0.2,2,0.6931471805599453,0.5,0.4750331249642187,0,1,0.5555555555555556
73,3,10011.jpg,1,0,0,1,1,0,72,0.25,0.25,0.25,0.05,0.2,2,0.6931471805599453,0.5,0.4731146834041735,1,0,0.547945205479452
74,3,11001.jpg,1,1,0,0,1,0,72,0.25,0.25,0.25,0.05,0.2,2,0.6931471805599453,0.5,0.47344916043026836,0,1,0.5540540540540541
75,3,01110.jpg,0,1,1,1,0,0,72,0.25,0.25,0.25,0.05,0.2,2,0.6931471805599453,0.5,0.489245100033333,0,1,0.56
76,3,00100.jpg,0,0,1,0,0,0,72,0.25,0.25,0.25,0.05,0.2,2,0.6931471805599453,0.5,0.4896773575761109,1,0,0.5526315789473685
77,3,10110.jpg,1,0,1,1,0,1,72,0.25,0.25,0.25,0.05,0.2,2,0.6931471805599453,0.5,0.6583909468681746,1,1,0.5584415584415584
78,3,01011.jpg,0,1,0,1,1,0,72,0.25,0.25,0.25,0.05,0.2,2,0.6931471805599453,0.5,0.3286797188631387,0,1,0.5641025641025641
79,3,00001.jpg,0,0,0,0,1,0,72,0.25,0.25,0.25,0.05,0.2,2,0.6931471805599453,0.5,0.3290767419095722,0,1,0.569620253164557
80,3,11010.jpg,1,1,0,1,0,0,72,0.25,0.25,0.25,0.05,0.2,2,0.6931471805599453,0.5,0.4905559939519634,1,0,0.5625
81,3,10000.jpg,1,0,0,0,0,0,72,0.25,0.25,0.25,0.05,0.2,2,0.6931471805599453,0.5,0.4949738377425849,1,0,0.5555555555555556
82,3,01001.jpg,0,1,0,0,1,0,72,0.25,0.25,0.25,0.05,0.2,2,0.6931471805599453,0.5,0.32468494493018085,0,1,0.5609756097560976
83,3,00010.jpg,0,0,0,1,0,0,72,0.25,0.25,0.25,0.05,0.2,2,0.6931471805599453,0.5,0.3503641960821786,0,1,0.5662650602409639
84,3,00000.jpg,0,0,0,0,0,0,72,0.25,0.25,0.25,0.05,0.2,2,0.6931471805599453,0.5,0.34494805291524566,0,1,0.5714285714285714
85,3,10111.jpg,1,0,1,1,1,1,72,0.25,0.25,0.25,0.05,0.2,2,0.6931471805599453,0.5,0.6507537046565324,0,0,0.5647058823529412
86,3,11111.jpg,1,1,1,1,1,1,72,0.25,0.25,0.25,0.05,0.2,2,0.6931471805599453,0.5,0.6473205636475731,1,1,0.5697674418604651
87,3,11100.jpg,1,1,1,0,0,1,72,0.25,0.25,0.25,0.05,0.2,2,0.6931471805599453,0.5,0.6520856882241075,1,1,0.5747126436781609
88,3,01010.jpg,0,1,0,1,0,0,72,0.25,0.25,0.25,0.05,0.2,2,0.6931471805599453,0.5,0.3402890276528833,1,0,0.5681818181818182
89,3,01000.jpg,0,1,0,0,0,0,72,0.25,0.25,0.25,0.05,0.2,2,0.6931471805599453,0.5,0.3346263126461093,0,1,0.5730337078651685
90,3,10010.jpg,1,0,0,1,0,0,72,0.25,0.25,0.25,0.05,0.2,2,0.6931471805599453,0.5,0.4853257587510825,1,0,0.5666666666666667
91,3,01111.jpg,0,1,1,1,1,0,72,0.25,0.25,0.25,0.05,0.2,2,0.6931471805599453,0.5,0.4821173951477192,1,0,0.5604395604395604
92,3,00101.jpg,0,0,1,0,1,0,72,0.25,0.25,0.25,0.05,0.2,2,0.6931471805599453,0.5,0.4784415539273391,0,1,0.5652173913043478
93,3,11011.jpg,1,1,0,1,1,0,72,0.25,0.25,0.25,0.05,0.2,2,0.6931471805599453,0.5,0.4790863133313372,0,1,0.5698924731182796
94,3,00110.jpg,0,0,1,1,0,0,72,0.25,0.25,0.25,0.05,0.2,2,0.6931471805599453,0.5,0.4898268627170745,0,1,0.574468085106383
95,3,10101.jpg,1,0,1,0,1,1,72,0.25,0.25,0.25,0.05,0.2,2,0.6931471805599453,0.5,0.6495207378564476,1,1,0.5789473684210527
96,3,11101.jpg,1,1,1,0,1,1,72,0.25,0.25,0.25,0.05,0.2,2,0.6931471805599453,0.5,0.6492434941704266,1,1,0.5833333333333334
1,1,11101.jpg,1,1,1,0,1,1,73,0.25,0.25,0.25,0.05,0.2,2,0.6931471805599453,0.5,0.5,1,1,1
2,1,11111.jpg,1,1,1,1,1,1,73,0.25,0.25,0.25,0.05,0.2,2,0.6931471805599453,0.5,0.5,0,0,0.5
3,1,00001.jpg,0,0,0,0,1,0,73,0.25,0.25,0.25,0.05,0.2,2,0.6931471805599453,0.5,0.5,1,0,0.3333333333333333
4,1,00111.jpg,0,0,1,1,1,0,73,0.25,0.25,0.25,0.05,0.2,2,0.6931471805599453,0.5,0.38965788203545954,1,0,0.25
5,1,00101.jpg,0,0,1,0,1,0,73,0.25,0.25,0.25,0.05,0.2,2,0.6931471805599453,0.5,0.3167780082135563,0,1,0.4
6,1,00100.jpg,0,0,1,0,0,0,73,0.25,0.25,0.25,0.05,0.2,2,0.6931471805599453,0.5,0.2950533606852069,0,1,0.5
7,1,01001.jpg,0,1,0,0,1,0,73,0.25,0.25,0.25,0.05,0.2,2,0.6931471805599453,0.5,0.47422038111483517,1,0,0.42857142857142855
8,1,11110.jpg,1,1,1,1,0,1,73,0.25,0.25,0.25,0.05,0.2,2,0.6931471805599453,0.5,0.7332844327168933,0,0,0.375
9,1,01101.jpg,0,1,1,0,1,0,73,0.25,0.25,0.25,0.05,0.2,2,0.6931471805599453,0.5,0.5002345642193852,0,1,0.4444444444444444
10,1,00010.jpg,0,0,0,1,0,0,73,0.25,0.25,0.25,0.05,0.2,2,0.6931471805599453,0.5,0.28727897182708584,0,1,0.5
11,1,10110.jpg,1,0,1,1,0,1,73,0.25,0.25,0.25,0.05,0.2,2,0.6931471805599453,0.5,0.5864009594001575,0,0,0.45454545454545453
12,1,01000.jpg,0,1,0,0,0,0,73,0.25,0.25,0.25,0.05,0.2,2,0.6931471805599453,0.5,0.3798537736672269,0,1,0.5
13,1,10001.jpg,1,0,0,0,1,0,73,0.25,0.25,0.25,0.05,0.2,2,0.6931471805599453,0.5,0.48354410378629276,1,0,0.46153846153846156
14,1,01011.jpg,0,1,0,1,1,0,73,0.25,0.25,0.25,0.05,0.2,2,0.6931471805599453,0.5,0.36616087404271197,1,0,0.42857142857142855
15,1,11001.jpg,1,1,0,0,1,0,73,0.25,0.25,0.25,0.05,0.2,2,0.6931471805599453,0.5,0.5411482830810441,0,1,0.4666666666666667
16,1,10010.jpg,1,0,0,1,0,0,73,0.25,0.25,0.25,0.05,0.2,2,0.6931471805599453,0.5,0.5184072206564913,1,0,0.4375
17,1,01111.jpg,0,1,1,1,1,0,73,0.25,0.25,0.25,0.05,0.2,2,0.6931471805599453,0.5,0.5098886041292107,1,0,0.4117647058823529
18,1,00110.jpg,0,0,1,1,0,0,73,0.25,0.25,0.25,0.05,0.2,2,0.6931471805599453,0.5,0.4622747347837378,0,1,0.4444444444444444
19,1,10111.jpg,1,0,1,1,1,1,73,0.25,0.25,0.25,0.05,0.2,2,0.6931471805599453,0.5,0.6069883588688769,0,0,0.42105263157894735
20,1,10011.jpg,1,0,0,1,1,0,73,0.25,0.25,0.25,0.05,0.2,2,0.6931471805599453,0.5,0.49506305686710933,1,0,0.4
21,1,01010.jpg,0,1,0,1,0,0,73,0.25,0.25,0.25,0.05,0.2,2,0.6931471805599453,0.5,0.3653778818666335,1,0,0.38095238095238093
22,1,01100.jpg,0,1,1,0,0,0,73,0.25,0.25,0.25,0.05,0.2,2,0.6931471805599453,0.5,0.4825217529761986,1,0,0.36363636363636365
23,1,10100.jpg,1,0,1,0,0,1,73,0.25,0.25,0.25,0.05,0.2,2,0.6931471805599453,0.5,0.6313869432311412,1,1,0.391304347826087
24,1,11011.jpg,1,1,0,1,1,0,73,0.25,0.25,0.25,0.05,0.2,2,0.6931471805599453,0.5,0.507040919808728,0,1,0.4166666666666667
25,1,01110.jpg,0,1,1,1,0,0,73,0.25,0.25,0.25,0.05,0.2,2,0.6931471805599453,0.5,0.47858653811275925,0,1,0.44
26,1,00011.jpg,0,0,0,1,1,0,73,0.25,0.25,0.25,0.05,0.2,2,0.6931471805599453,0.5,0.3352340225278682,0,1,0.46153846153846156
27,1,11000.jpg,1,1,0,0,0,0,73,0.25,0.25,0.25,0.05,0.2,2,0.6931471805599453,0.5,0.5094387180709347,0,1,0.48148148148148145
28,1,10000.jpg,1,0,0,0,0,0,73,0.25,0.25,0.25,0.05,0.2,2,0.6931471805599453,0.5,0.5063305645709847,0,1,0.5
29,1,11010.jpg,1,1,0,1,0,0,73,0.25,0.25,0.25,0.05,0.2,2,0.6931471805599453,0.5,0.4935800311623719,0,1,0.5172413793103449
30,1,00000.jpg,0,0,0,0,0,0,73,0.25,0.25,0.25,0.05,0.2,2,0.6931471805599453,0.5,0.34400373385076155,0,1,0.5333333333333333
31,1,11100.jpg,1,1,1,0,0,1,73,0.25,0.25,0.25,0.05,0.2,2,0.6931471805599453,0.5,0.6471292741501339,0,0,0.5161290322580645
32,1,10101.jpg,1,0,1,0,1,1,73,0.25,0.25,0.25,0.05,0.2,2,0.6931471805599453,0.5,0.6356232470619709,1,1,0.53125
33,2,01010.jpg,0,1,0,1,0,0,73,0.25,0.25,0.25,0.05,0.2,2,0.6931471805599453,0.5,0.33275196500343074,0,1,0.5454545454545454
34,2,10011.jpg,1,0,0,1,1,0,73,0.25,0.25,0.25,0.05,0.2,2,0.6931471805599453,0.5,0.4837616736903768,0,1,0.5588235294117647
35,2,01011.jpg,0,1,0,1,1,0,73,0.25,0.25,0.25,0.05,0.2,2,0.6931471805599453,0.5,0.3310301022134758,1,0,0.5428571428571428
36,2,10101.jpg,1,0,1,0,1,1,73,0.25,0.25,0.25,0.05,0.2,2,0.6931471805599453,0.5,0.6579864970159524,1,1,0.5555555555555556
37,2,11100.jpg,1,1,1,0,0,1,73,0.25,0.25,0.25,0.05,0.2,2,0.6931471805599453,0.5,0.6513732906550259,0,0,0.5405405405405406
38,2,10010.jpg,1,0,0,1,0,0,73,0.25,0.25,0.25,0.05,0.2,2,0.6931471805599453,0.5,0.47425564834581957,0,1,0.5526315789473685
39,2,10000.jpg,1,0,0,0,0,0,73,0.25,0.25,0.25,0.05,0.2,2,0.6931471805599453,0.5,0.4715257010630887,0,1,0.5641025641025641
40,2,01100.jpg,0,1,1,0,0,0,73,0.25,0.25,0.25,0.05,0.2,2,0.6931471805599453,0.5,0.4977346700379984,1,0,0.55
41,2,00011.jpg,0,0,0,1,1,0,73,0.25,0.25,0.25,0.05,0.2,2,0.6931471805599453,0.5,0.3359151239094649,0,1,0.5609756097560976
42,2,01000.jpg,0,1,0,0,0,0,73,0.25,0.25,0.25,0.05,0.2,2,0.6931471805599453,0.5,0.3355154189340364,0,1,0.5714285714285714
43,2,10100.jpg,1,0,1,0,0,1,73,0.25,0.25,0.25,0.05,0.2,2,0.6931471805599453,0.5,0.6552512362639277,1,1,0.5813953488372093
44,2,00110.jpg,0,0,1,1,0,0,73,0.25,0.25,0.25,0.05,0.2,2,0.6931471805599453,0.5,0.4943706943827777,1,0,0.5681818181818182
45,2,00000.jpg,0,0,0,0,0,0,73,0.25,0.25,0.25,0.05,0.2,2,0.6931471805599453,0.5,0.3392468351032818,0,1,0.5777777777777777
46,2,10110.jpg,1,0,1,1,0,1,73,0.25,0.25,0.25,0.05,0.2,2,0.6931471805599453,0.5,0.6538291635586913,0,0,0.5652173913043478
47,2,11101.jpg,1,1,1,0,1,1,73,0.25,0.25,0.25,0.05,0.2,2,0.6931471805599453,0.5,0.65546929538791,1,1,0.574468085106383
48,2,11011.jpg,1,1,0,1,1,0,73,0.25,0.25,0.25,0.05,0.2,2,0.6931471805599453,0.5,0.4770496519661611,1,0,0.5625
49,2,01001.jpg,0,1,0,0,1,0,73,0.25,0.25,0.25,0.05,0.2,2,0.6931471805599453,0.5,0.32978945251071456,0,1,0.5714285714285714
50,2,01111.jpg,0,1,1,1,1,0,73,0.25,0.25,0.25,0.05,0.2,2,0.6931471805599453,0.5,0.47925373273025085,0,1,0.58
51,2,10001.jpg,1,0,0,0,1,0,73,0.25,0.25,0.25,0.05,0.2,2,0.6931471805599453,0.5,0.4830166901469692,0,1,0.5882352941176471
52,2,00010.jpg,0,0,0,1,0,0,73,0.25,0.25,0.25,0.05,0.2,2,0.6931471805599453,0.5,0.33560483031684135,1,0,0.5769230769230769
53,2,11000.jpg,1,1,0,0,0,0,73,0.25,0.25,0.25,0.05,0.2,2,0.6931471805599453,0.5,0.4826286791762988,0,1,0.5849056603773585
54,2,00100.jpg,0,0,1,0,0,0,73,0.25,0.25,0.25,0.05,0.2,2,0.6931471805599453,0.5,0.5006448081761281,1,0,0.5740740740740741
55,2,00001.jpg,0,0,0,0,1,0,73,0.25,0.25,0.25,0.05,0.2,2,0.6931471805599453,0.5,0.33572816115669146,1,0,0.5636363636363636
56,2,10111.jpg,1,0,1,1,1,1,73,0.25,0.25,0.25,0.05,0.2,2,0.6931471805599453,0.5,0.6569976210092494,1,1,0.5714285714285714
57,2,11111.jpg,1,1,1,1,1,1,73,0.25,0.25,0.25,0.05,0.2,2,0.6931471805599453,0.5,0.6544001976273081,0,0,0.5614035087719298
58,2,01101.jpg,0,1,1,0,1,0,73,0.25,0.25,0.25,0.05,0.2,2,0.6931471805599453,0.5,0.49246164860130887,1,0,0.5517241379310345
59,2,00111.jpg,0,0,1,1,1,0,73,0.25,0.25,0.25,0.05,0.2,2,0.6931471805599453,0.5,0.49344485979319896,1,0,0.5423728813559322
60,2,11010.jpg,1,1,0,1,0,0,73,0.25,0.25,0.25,0.05,0.2,2,0.6931471805599453,0.5,0.4758511726732136,0,1,0.55
61,2,00101.jpg,0,0,1,0,1,0,73,0.25,0.25,0.25,0.05,0.2,2,0.6931471805599453,0.5,0.49095043608328903,1,0,0.5409836065573771
62,2,11001.jpg,1,1,0,0,1,0,73,0.25,0.25,0.25,0.05,0.2,2,0.6931471805599453,0.5,0.48542168537248553,1,0,0.532258064516129
63,2,01110.jpg,0,1,1,1,0,0,73,0.25,0.25,0.25,0.05,0.2,2,0.6931471805599453,0.5,0.47744042199730546,1,0,0.5238095238095238
64,2,11110.jpg,1,1,1,1,0,1,73,0.25,0.25,0.25,0.05,0.2,2,0.6931471805599453,0.5,0.646157313588276,1,1,0.53125
65,3,01101.jpg,0,1,1,0,1,0,73,0.25,0.25,0.25,0.05,0.2,2,0.6931471805599453,0.5,0.47959699039684256,1,0,0.5230769230769231
66,3,01100.jpg,0,1,1,0,0,0,73,0.25,0.25,0.25,0.05,0.2,2,0.6931471805599453,0.5,0.4765900014941864,0,1,0.5303030303030303
67,3,11110.jpg,1,1,1,1,0,1,73,0.25,0.25,0.25,0.05,0.2,2,0.6931471805599453,0.5,0.6516375623070964,1,1,0.5373134328358209
68,3,11000.jpg,1,1,0,0,0,0,73,0.25,0.25,0.25,0.05,0.2,2,0.6931471805599453,0.5,0.48834236635076617,0,1,0.5441176470588235
69,3,10100.jpg,1,0,1,0,0,1,73,0.25,0.25,0.25,0.05,0.2,2,0.6931471805599453,0.5,0.6533683617874166,1,1,0.5507246376811594
70,3,00011.jpg,0,0,0,1,1,0,73,0.25,0.25,0.25,0.05,0.2,2,0.6931471805599453,0.5,0.33352400691778133,0,1,0.5571428571428572
71,3,10001.jpg,1,0,0,0,1,0,73,0.25,0.25,0.25,0.05,0.2,2,0.6931471805599453,0.5,0.478413987924596,1,0,0.5492957746478874
72,3,00111.jpg,0,0,1,1,1,0,73,0.25,0.25,0.25,0.05,0.2,2,0.6931471805599453,0.5,0.4750331249642187,0,1,0.5555555555555556
73,3,10011.jpg,1,0,0,1,1,0,73,0.25,0.25,0.25,0.05,0.2,2,0.6931471805599453,0.5,0.4731146834041735,1,0,0.547945205479452
74,3,11001.jpg,1,1,0,0,1,0,73,0.25,0.25,0.25,0.05,0.2,2,0.6931471805599453,0.5,0.47344916043026836,0,1,0.5540540540540541
75,3,01110.jpg,0,1,1,1,0,0,73,0.25,0.25,0.25,0.05,0.2,2,0.6931471805599453,0.5,0.489245100033333,0,1,0.56
76,3,00100.jpg,0,0,1,0,0,0,73,0.25,0.25,0.25,0.05,0.2,2,0.6931471805599453,0.5,0.4896773575761109,1,0,0.5526315789473685
77,3,10110.jpg,1,0,1,1,0,1,73,0.25,0.25,0.25,0.05,0.2,2,0.6931471805599453,0.5,0.6583909468681746,1,1,0.5584415584415584
78,3,01011.jpg,0,1,0,1,1,0,73,0.25,0.25,0.25,0.05,0.2,2,0.6931471805599453,0.5,0.3286797188631387,0,1,0.5641025641025641
79,3,00001.jpg,0,0,0,0,1,0,73,0.25,0.25,0.25,0.05,0.2,2,0.6931471805599453,0.5,0.3290767419095722,0,1,0.569620253164557
80,3,11010.jpg,1,1,0,1,0,0,73,0.25,0.25,0.25,0.05,0.2,2,0.6931471805599453,0.5,0.4905559939519634,1,0,0.5625
81,3,10000.jpg,1,0,0,0,0,0,73,0.25,0.25,0.25,0.05,0.2,2,0.6931471805599453,0.5,0.4949738377425849,1,0,0.5555555555555556
82,3,01001.jpg,0,1,0,0,1,0,73,0.25,0.25,0.25,0.05,0.2,2,0.6931471805599453,0.5,0.32468494493018085,0,1,0.5609756097560976
83,3,00010.jpg,0,0,0,1,0,0,73,0.25,0.25,0.25,0.05,0.2,2,0.6931471805599453,0.5,0.3503641960821786,0,1,0.5662650602409639
84,3,00000.jpg,0,0,0,0,0,0,73,0.25,0.25,0.25,0.05,0.2,2,0.6931471805599453,0.5,0.34494805291524566,0,1,0.5714285714285714
85,3,10111.jpg,1,0,1,1,1,1,73,0.25,0.25,0.25,0.05,0.2,2,0.6931471805599453,0.5,0.6507537046565324,0,0,0.5647058823529412
86,3,11111.jpg,1,1,1,1,1,1,73,0.25,0.25,0.25,0.05,0.2,2,0.6931471805599453,0.5,0.6473205636475731,1,1,0.5697674418604651
87,3,11100.jpg,1,1,1,0,0,1,73,0.25,0.25,0.25,0.05,0.2,2,0.6931471805599453,0.5,0.6520856882241075,1,1,0.5747126436781609
88,3,01010.jpg,0,1,0,1,0,0,73,0.25,0.25,0.25,0.05,0.2,2,0.6931471805599453,0.5,0.3402890276528833,1,0,0.5681818181818182
89,3,01000.jpg,0,1,0,0,0,0,73,0.25,0.25,0.25,0.05,0.2,2,0.6931471805599453,0.5,0.3346263126461093,0,1,0.5730337078651685
90,3,10010.jpg,1,0,0,1,0,0,73,0.25,0.25,0.25,0.05,0.2,2,0.6931471805599453,0.5,0.4853257587510825,1,0,0.5666666666666667
91,3,01111.jpg,0,1,1,1,1,0,73,0.25,0.25,0.25,0.05,0.2,2,0.6931471805599453,0.5,0.4821173951477192,1,0,0.5604395604395604
92,3,00101.jpg,0,0,1,0,1,0,73,0.25,0.25,0.25,0.05,0.2,2,0.6931471805599453,0.5,0.4784415539273391,0,1,0.5652173913043478
93,3,11011.jpg,1,1,0,1,1,0,73,0.25,0.25,0.25,0.05,0.2,2,0.6931471805599453,0.5,0.4790863133313372,0,1,0.5698924731182796
94,3,00110.jpg,0,0,1,1,0,0,73,0.25,0.25,0.25,0.05,0.2,2,0.6931471805599453,0.5,0.4898268627170745,0,1,0.574468085106383
95,3,10101.jpg,1,0,1,0,1,1,73,0.25,0.25,0.25,0.05,0.2,2,0.6931471805599453,0.5,0.6495207378564476,1,1,0.5789473684210527
96,3,11101.jpg,1,1,1,0,1,1,73,0.25,0.25,0.25,0.05,0.2,2,0.6931471805599453,0.5,0.6492434941704266,1,1,0.5833333333333334
1,1,11101.jpg,1,1,1,0,1,1,74,0.25,0.25,0.25,0.05,0.2,2,0.6931471805599453,0.5,0.5,1,1,1
2,1,11111.jpg,1,1,1,1,1,1,74,0.25,0.25,0.25,0.05,0.2,2,0.6931471805599453,0.5,0.5,0,0,0.5
3,1,00001.jpg,0,0,0,0,1,0,74,0.25,0.25,0.25,0.05,0.2,2,0.6931471805599453,0.5,0.5,1,0,0.3333333333333333
4,1,00111.jpg,0,0,1,1,1,0,74,0.25,0.25,0.25,0.05,0.2,2,0.6931471805599453,0.5,0.38965788203545954,1,0,0.25
5,1,00101.jpg,0,0,1,0,1,0,74,0.25,0.25,0.25,0.05,0.2,2,0.6931471805599453,0.5,0.3167780082135563,0,1,0.4
6,1,00100.jpg,0,0,1,0,0,0,74,0.25,0.25,0.25,0.05,0.2,2,0.6931471805599453,0.5,0.2950533606852069,0,1,0.5
7,1,01001.jpg,0,1,0,0,1,0,74,0.25,0.25,0.25,0.05,0.2,2,0.6931471805599453,0.5,0.47422038111483517,1,0,0.42857142857142855
8,1,11110.jpg,1,1,1,1,0,1,74,0.25,0.25,0.25,0.05,0.2,2,0.6931471805599453,0.5,0.7332844327168933,0,0,0.375
9,1,01101.jpg,0,1,1,0,1,0,74,0.25,0.25,0.25,0.05,0.2,2,0.6931471805599453,0.5,0.5002345642193852,0,1,0.4444444444444444
10,1,00010.jpg,0,0,0,1,0,0,74,0.25,0.25,0.25,0.05,0.2,2,0.6931471805599453,0.5,0.28727897182708584,0,1,0.5
11,1,10110.jpg,1,0,1,1,0,1,74,0.25,0.25,0.25,0.05,0.2,2,0.6931471805599453,0.5,0.5864009594001575,0,0,0.45454545454545453
12,1,01000.jpg,0,1,0,0,0,0,74,0.25,0.25,0.25,0.05,0.2,2,0.6931471805599453,0.5,0.3798537736672269,0,1,0.5
13,1,10001.jpg,1,0,0,0,1,0,74,0.25,0.25,0.25,0.05,0.2,2,0.6931471805599453,0.5,0.48354410378629276,1,0,0.46153846153846156
14,1,01011.jpg,0,1,0,1,1,0,74,0.25,0.25,0.25,0.05,0.2,2,0.6931471805599453,0.5,0.36616087404271197,1,0,0.42857142857142855
15,1,11001.jpg,1,1,0,0,1,0,74,0.25,0.25,0.25,0.05,0.2,2,0.6931471805599453,0.5,0.5411482830810441,0,1,0.4666666666666667
16,1,10010.jpg,1,0,0,1,0,0,74,0.25,0.25,0.25,0.05,0.2,2,0.6931471805599453,0.5,0.5184072206564913,1,0,0.4375
17,1,01111.jpg,0,1,1,1,1,0,74,0.25,0.25,0.25,0.05,0.2,2,0.6931471805599453,0.5,0.5098886041292107,1,0,0.4117647058823529
18,1,00110.jpg,0,0,1,1,0,0,74,0.25,0.25,0.25,0.05,0.2,2,0.6931471805599453,0.5,0.4622747347837378,0,1,0.4444444444444444
19,1,10111.jpg,1,0,1,1,1,1,74,0.25,0.25,0.25,0.05,0.2,2,0.6931471805599453,0.5,0.6069883588688769,0,0,0.42105263157894735
20,1,10011.jpg,1,0,0,1,1,0,74,0.25,0.25,0.25,0.05,0.2,2,0.6931471805599453,0.5,0.49506305686710933,1,0,0.4
21,1,01010.jpg,0,1,0,1,0,0,74,0.25,0.25,0.25,0.05,0.2,2,0.6931471805599453,0.5,0.3653778818666335,1,0,0.38095238095238093
22,1,01100.jpg,0,1,1,0,0,0,74,0.25,0.25,0.25,0.05,0.2,2,0.6931471805599453,0.5,0.4825217529761986,1,0,0.36363636363636365
23,1,10100.jpg,1,0,1,0,0,1,74,0.25,0.25,0.25,0.05,0.2,2,0.6931471805599453,0.5,0.6313869432311412,1,1,0.391304347826087
24,1,11011.jpg,1,1,0,1,1,0,74,0.25,0.25,0.25,0.05,0.2,2,0.6931471805599453,0.5,0.507040919808728,0,1,0.4166666666666667
25,1,01110.jpg,0,1,1,1,0,0,74,0.25,0.25,0.25,0.05,0.2,2,0.6931471805599453,0.5,0.47858653811275925,0,1,0.44
26,1,00011.jpg,0,0,0,1,1,0,74,0.25,0.25,0.25,0.05,0.2,2,0.6931471805599453,0.5,0.3352340225278682,0,1,0.46153846153846156
27,1,11000.jpg,1,1,0,0,0,0,74,0.25,0.25,0.25,0.05,0.2,2,0.6931471805599453,0.5,0.5094387180709347,0,1,0.48148148148148145
28,1,10000.jpg,1,0,0,0,0,0,74,0.25,0.25,0.25,0.05,0.2,2,0.6931471805599453,0.5,0.5063305645709847,0,1,0.5
29,1,11010.jpg,1,1,0,1,0,0,74,0.25,0.25,0.25,0.05,0.2,2,0.6931471805599453,0.5,0.4935800311623719,0,1,0.5172413793103449
30,1,00000.jpg,0,0,0,0,0,0,74,0.25,0.25,0.25,0.05,0.2,2,0.6931471805599453,0.5,0.34400373385076155,0,1,0.5333333333333333
31,1,11100.jpg,1,1,1,0,0,1,74,0.25,0.25,0.25,0.05,0.2,2,0.6931471805599453,0.5,0.6471292741501339,0,0,0.5161290322580645
32,1,10101.jpg,1,0,1,0,1,1,74,0.25,0.25,0.25,0.05,0.2,2,0.6931471805599453,0.5,0.6356232470619709,1,1,0.53125
33,2,01010.jpg,0,1,0,1,0,0,74,0.25,0.25,0.25,0.05,0.2,2,0.6931471805599453,0.5,0.33275196500343074,0,1,0.5454545454545454
34,2,10011.jpg,1,0,0,1,1,0,74,0.25,0.25,0.25,0.05,0.2,2,0.6931471805599453,0.5,0.4837616736903768,0,1,0.5588235294117647
35,2,01011.jpg,0,1,0,1,1,0,74,0.25,0.25,0.25,0.05,0.2,2,0.6931471805599453,0.5,0.3310301022134758,1,0,0.5428571428571428
36,2,10101.jpg,1,0,1,0,1,1,74,0.25,0.25,0.25,0.05,0.2,2,0.6931471805599453,0.5,0.6579864970159524,1,1,0.5555555555555556
37,2,11100.jpg,1,1,1,0,0,1,74,0.25,0.25,0.25,0.05,0.2,2,0.6931471805599453,0.5,0.6513732906550259,0,0,0.5405405405405406
38,2,10010.jpg,1,0,0,1,0,0,74,0.25,0.25,0.25,0.05,0.2,2,0.6931471805599453,0.5,0.47425564834581957,0,1,0.5526315789473685
39,2,10000.jpg,1,0,0,0,0,0,74,0.25,0.25,0.25,0.05,0.2,2,0.6931471805599453,0.5,0.4715257010630887,0,1,0.5641025641025641
40,2,01100.jpg,0,1,1,0,0,0,74,0.25,0.25,0.25,0.05,0.2,2,0.6931471805599453,0.5,0.4977346700379984,1,0,0.55
41,2,00011.jpg,0,0,0,1,1,0,74,0.25,0.25,0.25,0.05,0.2,2,0.6931471805599453,0.5,0.3359151239094649,0,1,0.5609756097560976
42,2,01000.jpg,0,1,0,0,0,0,74,0.25,0.25,0.25,0.05,0.2,2,0.6931471805599453,0.5,0.3355154189340364,0,1,0.5714285714285714
43,2,10100.jpg,1,0,1,0,0,1,74,0.25,0.25,0.25,0.05,0.2,2,0.6931471805599453,0.5,0.6552512362639277,1,1,0.5813953488372093
44,2,00110.jpg,0,0,1,1,0,0,74,0.25,0.25,0.25,0.05,0.2,2,0.6931471805599453,0.5,0.4943706943827777,1,0,0.5681818181818182
45,2,00000.jpg,0,0,0,0,0,0,74,0.25,0.25,0.25,0.05,0.2,2,0.6931471805599453,0.5,0.3392468351032818,0,1,0.5777777777777777
46,2,10110.jpg,1,0,1,1,0,1,74,0.25,0.25,0.25,0.05,0.2,2,0.6931471805599453,0.5,0.6538291635586913,0,0,0.5652173913043478
47,2,11101.jpg,1,1,1,0,1,1,74,0.25,0.25,0.25,0.05,0.2,2,0.6931471805599453,0.5,0.65546929538791,1,1,0.574468085106383
48,2,11011.jpg,1,1,0,1,1,0,74,0.25,0.25,0.25,0.05,0.2,2,0.6931471805599453,0.5,0.4770496519661611,1,0,0.5625
49,2,01001.jpg,0,1,0,0,1,0,74,0.25,0.25,0.25,0.05,0.2,2,0.6931471805599453,0.5,0.32978945251071456,0,1,0.5714285714285714
50,2,01111.jpg,0,1,1,1,1,0,74,0.25,0.25,0.25,0.05,0.2,2,0.6931471805599453,0.5,0.47925373273025085,0,1,0.58
51,2,10001.jpg,1,0,0,0,1,0,74,0.25,0.25,0.25,0.05,0.2,2,0.6931471805599453,0.5,0.4830166901469692,0,1,0.5882352941176471
52,2,00010.jpg,0,0,0,1,0,0,74,0.25,0.25,0.25,0.05,0.2,2,0.6931471805599453,0.5,0.33560483031684135,1,0,0.5769230769230769
53,2,11000.jpg,1,1,0,0,0,0,74,0.25,0.25,0.25,0.05,0.2,2,0.6931471805599453,0.5,0.4826286791762988,0,1,0.5849056603773585
54,2,00100.jpg,0,0,1,0,0,0,74,0.25,0.25,0.25,0.05,0.2,2,0.6931471805599453,0.5,0.5006448081761281,1,0,0.5740740740740741
55,2,00001.jpg,0,0,0,0,1,0,74,0.25,0.25,0.25,0.05,0.2,2,0.6931471805599453,0.5,0.33572816115669146,1,0,0.5636363636363636
56,2,10111.jpg,1,0,1,1,1,1,74,0.25,0.25,0.25,0.05,0.2,2,0.6931471805599453,0.5,0.6569976210092494,1,1,0.5714285714285714
57,2,11111.jpg,1,1,1,1,1,1,74,0.25,0.25,0.25,0.05,0.2,2,0.6931471805599453,0.5,0.6544001976273081,0,0,0.5614035087719298
58,2,01101.jpg,0,1,1,0,1,0,74,0.25,0.25,0.25,0.05,0.2,2,0.6931471805599453,0.5,0.49246164860130887,1,0,0.5517241379310345
59,2,00111.jpg,0,0,1,1,1,0,74,0.25,0.25,0.25,0.05,0.2,2,0.6931471805599453,0.5,0.49344485979319896,1,0,0.5423728813559322
60,2,11010.jpg,1,1,0,1,0,0,74,0.25,0.25,0.25,0.05,0.2,2,0.6931471805599453,0.5,0.4758511726732136,0,1,0.55
61,2,00101.jpg,0,0,1,0,1,0,74,0.25,0.25,0.25,0.05,0.2,2,0.6931471805599453,0.5,0.49095043608328903,1,0,0.5409836065573771
62,2,11001.jpg,1,1,0,0,1,0,74,0.25,0.25,0.25,0.05,0.2,2,0.6931471805599453,0.5,0.48542168537248553,1,0,0.532258064516129
63,2,01110.jpg,0,1,1,1,0,0,74,0.25,0.25,0.25,0.05,0.2,2,0.6931471805599453,0.5,0.47744042199730546,1,0,0.5238095238095238
64,2,11110.jpg,1,1,1,1,0,1,74,0.25,0.25,0.25,0.05,0.2,2,0.6931471805599453,0.5,0.646157313588276,1,1,0.53125
65,3,01101.jpg,0,1,1,0,1,0,74,0.25,0.25,0.25,0.05,0.2,2,0.6931471805599453,0.5,0.47959699039684256,1,0,0.5230769230769231
66,3,01100.jpg,0,1,1,0,0,0,74,0.25,0.25,0.25,0.05,0.2,2,0.6931471805599453,0.5,0.4765900014941864,0,1,0.5303030303030303
67,3,11110.jpg,1,1,1,1,0,1,74,0.25,0.25,0.25,0.05,0.2,2,0.6931471805599453,0.5,0.6516375623070964,1,1,0.5373134328358209
68,3,11000.jpg,1,1,0,0,0,0,74,0.25,0.25,0.25,0.05,0.2,2,0.6931471805599453,0.5,0.48834236635076617,0,1,0.5441176470588235
69,3,10100.jpg,1,0,1,0,0,1,74,0.25,0.25,0.25,0.05,0.2,2,0.6931471805599453,0.5,0.6533683617874166,1,1,0.5507246376811594
70,3,00011.jpg,0,0,0,1,1,0,74,0.25,0.25,0.25,0.05,0.2,2,0.6931471805599453,0.5,0.33352400691778133,0,1,0.5571428571428572
71,3,10001.jpg,1,0,0,0,1,0,74,0.25,0.25,0.25,0.05,0.2,2,0.6931471805599453,0.5,0.478413987924596,1,0,0.5492957746478874
72,3,00111.jpg,0,0,1,1,1,0,74,0.25,0.25,0.25,0.05,0.2,2,0.6931471805599453,0.5,0.4750331249642187,0,1,0.5555555555555556
73,3,10011.jpg,1,0,0,1,1,0,74,0.25,0.25,0.25,0.05,0.2,2,0.6931471805599453,0.5,0.4731146834041735,1,0,0.547945205479452
74,3,11001.jpg,1,1,0,0,1,0,74,0.25,0.25,0.25,0.05,0.2,2,0.6931471805599453,0.5,0.47344916043026836,0,1,0.5540540540540541
75,3,01110.jpg,0,1,1,1,0,0,74,0.25,0.25,0.25,0.05,0.2,2,0.6931471805599453,0.5,0.489245100033333,0,1,0.56
76,3,00100.jpg,0,0,1,0,0,0,74,0.25,0.25,0.25,0.05,0.2,2,0.6931471805599453,0.5,0.4896773575761109,1,0,0.5526315789473685
77,3,10110.jpg,1,0,1,1,0,1,74,0.25,0.25,0.25,0.05,0.2,2,0.6931471805599453,0.5,0.6583909468681746,1,1,0.5584415584415584
78,3,01011.jpg,0,1,0,1,1,0,74,0.25,0.25,0.25,0.05,0.2,2,0.6931471805599453,0.5,0.3286797188631387,0,1,0.5641025641025641
79,3,00001.jpg,0,0,0,0,1,0,74,0.25,0.25,0.25,0.05,0.2,2,0.6931471805599453,0.5,0.3290767419095722,0,1,0.569620253164557
80,3,11010.jpg,1,1,0,1,0,0,74,0.25,0.25,0.25,0.05,0.2,2,0.6931471805599453,0.5,0.4905559939519634,1,0,0.5625
81,3,10000.jpg,1,0,0,0,0,0,74,0.25,0.25,0.25,0.05,0.2,2,0.6931471805599453,0.5,0.4949738377425849,1,0,0.5555555555555556
82,3,01001.jpg,0,1,0,0,1,0,74,0.25,0.25,0.25,0.05,0.2,2,0.6931471805599453,0.5,0.32468494493018085,0,1,0.5609756097560976
83,3,00010.jpg,0,0,0,1,0,0,74,0.25,0.25,0.25,0.05,0.2,2,0.6931471805599453,0.5,0.3503641960821786,0,1,0.5662650602409639
84,3,00000.jpg,0,0,0,0,0,0,74,0.25,0.25,0.25,0.05,0.2,2,0.6931471805599453,0.5,0.34494805291524566,0,1,0.5714285714285714
85,3,10111.jpg,1,0,1,1,1,1,74,0.25,0.25,0.25,0.05,0.2,2,0.6931471805599453,0.5,0.6507537046565324,0,0,0.5647058823529412
86,3,11111.jpg,1,1,1,1,1,1,74,0.25,0.25,0.25,0.05,0.2,2,0.6931471805599453,0.5,0.6473205636475731,1,1,0.5697674418604651
87,3,11100.jpg,1,1,1,0,0,1,74,0.25,0.25,0.25,0.05,0.2,2,0.6931471805599453,0.5,0.6520856882241075,1,1,0.5747126436781609
88,3,01010.jpg,0,1,0,1,0,0,74,0.25,0.25,0.25,0.05,0.2,2,0.6931471805599453,0.5,0.3402890276528833,1,0,0.5681818181818182
89,3,01000.jpg,0,1,0,0,0,0,74,0.25,0.25,0.25,0.05,0.2,2,0.6931471805599453,0.5,0.3346263126461093,0,1,0.5730337078651685
90,3,10010.jpg,1,0,0,1,0,0,74,0.25,0.25,0.25,0.05,0.2,2,0.6931471805599453,0.5,0.4853257587510825,1,0,0.5666666666666667
91,3,01111.jpg,0,1,1,1,1,0,74,0.25,0.25,0.25,0.05,0.2,2,0.6931471805599453,0.5,0.4821173951477192,1,0,0.5604395604395604
92,3,00101.jpg,0,0,1,0,1,0,74,0.25,0.25,0.25,0.05,0.2,2,0.6931471805599453,0.5,0.4784415539273391,0,1,0.5652173913043478
93,3,11011.jpg,1,1,0,1,1,0,74,0.25,0.25,0.25,0.05,0.2,2,0.6931471805599453,0.5,0.4790863133313372,0,1,0.5698924731182796
94,3,00110.jpg,0,0,1,1,0,0,74,0.25,0.25,0.25,0.05,0.2,2,0.6931471805599453,0.5,0.4898268627170745,0,1,0.574468085106383
95,3,10101.jpg,1,0,1,0,1,1,74,0.25,0.25,0.25,0.05,0.2,2,0.6931471805599453,0.5,0.6495207378564476,1,1,0.5789473684210527
96,3,11101.jpg,1,1,1,0,1,1,74,0.25,0.25,0.25,0.05,0.2,2,0.6931471805599453,0.5,0.6492434941704266,1,1,0.5833333333333334
1,1,11101.jpg,1,1,1,0,1,1,75,0.25,0.25,0.25,0.05,0.2,2,0.6931471805599453,0.5,0.5,1,1,1
2,1,11111.jpg,1,1,1,1,1,1,75,0.25,0.25,0.25,0.05,0.2,2,0.6931471805599453,0.5,0.5,0,0,0.5
3,1,00001.jpg,0,0,0,0,1,0,75,0.25,0.25,0.25,0.05,0.2,2,0.6931471805599453,0.5,0.5,1,0,0.3333333333333333
4,1,00111.jpg,0,0,1,1,1,0,75,0.25,0.25,0.25,0.05,0.2,2,0.6931471805599453,0.5,0.38965788203545954,1,0,0.25
5,1,00101.jpg,0,0,1,0,1,0,75,0.25,0.25,0.25,0.05,0.2,2,0.6931471805599453,0.5,0.3167780082135563,0,1,0.4
6,1,00100.jpg,0,0,1,0,0,0,75,0.25,0.25,0.25,0.05,0.2,2,0.6931471805599453,0.5,0.2950533606852069,0,1,0.5
7,1,01001.jpg,0,1,0,0,1,0,75,0.25,0.25,0.25,0.05,0.2,2,0.6931471805599453,0.5,0.47422038111483517,1,0,0.42857142857142855
8,1,11110.jpg,1,1,1,1,0,1,75,0.25,0.25,0.25,0.05,0.2,2,0.6931471805599453,0.5,0.7332844327168933,0,0,0.375
9,1,01101.jpg,0,1,1,0,1,0,75,0.25,0.25,0.25,0.05,0.2,2,0.6931471805599453,0.5,0.5002345642193852,0,1,0.4444444444444444
10,1,00010.jpg,0,0,0,1,0,0,75,0.25,0.25,0.25,0.05,0.2,2,0.6931471805599453,0.5,0.28727897182708584,0,1,0.5
11,1,10110.jpg,1,0,1,1,0,1,75,0.25,0.25,0.25,0.05,0.2,2,0.6931471805599453,0.5,0.5864009594001575,0,0,0.45454545454545453
12,1,01000.jpg,0,1,0,0,0,0,75,0.25,0.25,0.25,0.05,0.2,2,0.6931471805599453,0.5,0.3798537736672269,0,1,0.5
13,1,10001.jpg,1,0,0,0,1,0,75,0.25,0.25,0.25,0.05,0.2,2,0.6931471805599453,0.5,0.48354410378629276,1,0,0.46153846153846156
14,1,01011.jpg,0,1,0,1,1,0,75,0.25,0.25,0.25,0.05,0.2,2,0.6931471805599453,0.5,0.36616087404271197,1,0,0.42857142857142855
15,1,11001.jpg,1,1,0,0,1,0,75,0.25,0.25,0.25,0.05,0.2,2,0.6931471805599453,0.5,0.5411482830810441,0,1,0.4666666666666667
16,1,10010.jpg,1,0,0,1,0,0,75,0.25,0.25,0.25,0.05,0.2,2,0.6931471805599453,0.5,0.5184072206564913,1,0,0.4375
17,1,01111.jpg,0,1,1,1,1,0,75,0.25,0.25,0.25,0.05,0.2,2,0.6931471805599453,0.5,0.5098886041292107,1,0,0.4117647058823529
18,1,00110.jpg,0,0,1,1,0,0,75,0.25,0.25,0.25,0.05,0.2,2,0.6931471805599453,0.5,0.4622747347837378,0,1,0.4444444444444444
19,1,10111.jpg,1,0,1,1,1,1,75,0.25,0.25,0.25,0.05,0.2,2,0.6931471805599453,0.5,0.6069883588688769,0,0,0.42105263157894735
20,1,10011.jpg,1,0,0,1,1,0,75,0.25,0.25,0.25,0.05,0.2,2,0.6931471805599453,0.5,0.49506305686710933,1,0,0.4
21,1,01010.jpg,0,1,0,1,0,0,75,0.25,0.25,0.25,0.05,0.2,2,0.6931471805599453,0.5,0.3653778818666335,1,0,0.38095238095238093
22,1,01100.jpg,0,1,1,0,0,0,75,0.25,0.25,0.25,0.05,0.2,2,0.6931471805599453,0.5,0.4825217529761986,1,0,0.36363636363636365
23,1,10100.jpg,1,0,1,0,0,1,75,0.25,0.25,0.25,0.05,0.2,2,0.6931471805599453,0.5,0.6313869432311412,1,1,0.391304347826087
24,1,11011.jpg,1,1,0,1,1,0,75,0.25,0.25,0.25,0.05,0.2,2,0.6931471805599453,0.5,0.507040919808728,0,1,0.4166666666666667
25,1,01110.jpg,0,1,1,1,0,0,75,0.25,0.25,0.25,0.05,0.2,2,0.6931471805599453,0.5,0.47858653811275925,0,1,0.44
26,1,00011.jpg,0,0,0,1,1,0,75,0.25,0.25,0.25,0.05,0.2,2,0.6931471805599453,0.5,0.3352340225278682,0,1,0.46153846153846156
27,1,11000.jpg,1,1,0,0,0,0,75,0.25,0.25,0.25,0.05,0.2,2,0.6931471805599453,0.5,0.5094387180709347,0,1,0.48148148148148145
28,1,10000.jpg,1,0,0,0,0,0,75,0.25,0.25,0.25,0.05,0.2,2,0.6931471805599453,0.5,0.5063305645709847,0,1,0.5
29,1,11010.jpg,1,1,0,1,0,0,75,0.25,0.25,0.25,0.05,0.2,2,0.6931471805599453,0.5,0.4935800311623719,0,1,0.5172413793103449
30,1,00000.jpg,0,0,0,0,0,0,75,0.25,0.25,0.25,0.05,0.2,2,0.6931471805599453,0.5,0.34400373385076155,0,1,0.5333333333333333
31,1,11100.jpg,1,1,1,0,0,1,75,0.25,0.25,0.25,0.05,0.2,2,0.6931471805599453,0.5,0.6471292741501339,0,0,0.5161290322580645
32,1,10101.jpg,1,0,1,0,1,1,75,0.25,0.25,0.25,0.05,0.2,2,0.6931471805599453,0.5,0.6356232470619709,1,1,0.53125
33,2,01010.jpg,0,1,0,1,0,0,75,0.25,0.25,0.25,0.05,0.2,2,0.6931471805599453,0.5,0.33275196500343074,0,1,0.5454545454545454
34,2,10011.jpg,1,0,0,1,1,0,75,0.25,0.25,0.25,0.05,0.2,2,0.6931471805599453,0.5,0.4837616736903768,0,1,0.5588235294117647
35,2,01011.jpg,0,1,0,1,1,0,75,0.25,0.25,0.25,0.05,0.2,2,0.6931471805599453,0.5,0.3310301022134758,1,0,0.5428571428571428
36,2,10101.jpg,1,0,1,0,1,1,75,0.25,0.25,0.25,0.05,0.2,2,0.6931471805599453,0.5,0.6579864970159524,1,1,0.5555555555555556
37,2,11100.jpg,1,1,1,0,0,1,75,0.25,0.25,0.25,0.05,0.2,2,0.6931471805599453,0.5,0.6513732906550259,0,0,0.5405405405405406
38,2,10010.jpg,1,0,0,1,0,0,75,0.25,0.25,0.25,0.05,0.2,2,0.6931471805599453,0.5,0.47425564834581957,0,1,0.5526315789473685
39,2,10000.jpg,1,0,0,0,0,0,75,0.25,0.25,0.25,0.05,0.2,2,0.6931471805599453,0.5,0.4715257010630887,0,1,0.5641025641025641
40,2,01100.jpg,0,1,1,0,0,0,75,0.25,0.25,0.25,0.05,0.2,2,0.6931471805599453,0.5,0.4977346700379984,1,0,0.55
41,2,00011.jpg,0,0,0,1,1,0,75,0.25,0.25,0.25,0.05,0.2,2,0.6931471805599453,0.5,0.3359151239094649,0,1,0.5609756097560976
42,2,01000.jpg,0,1,0,0,0,0,75,0.25,0.25,0.25,0.05,0.2,2,0.6931471805599453,0.5,0.3355154189340364,0,1,0.5714285714285714
43,2,10100.jpg,1,0,1,0,0,1,75,0.25,0.25,0.25,0.05,0.2,2,0.6931471805599453,0.5,0.6552512362639277,1,1,0.5813953488372093
44,2,00110.jpg,0,0,1,1,0,0,75,0.25,0.25,0.25,0.05,0.2,2,0.6931471805599453,0.5,0.4943706943827777,1,0,0.5681818181818182
45,2,00000.jpg,0,0,0,0,0,0,75,0.25,0.25,0.25,0.05,0.2,2,0.6931471805599453,0.5,0.3392468351032818,0,1,0.5777777777777777
46,2,10110.jpg,1,0,1,1,0,1,75,0.25,0.25,0.25,0.05,0.2,2,0.6931471805599453,0.5,0.6538291635586913,0,0,0.5652173913043478
47,2,11101.jpg,1,1,1,0,1,1,75,0.25,0.25,0.25,0.05,0.2,2,0.6931471805599453,0.5,0.65546929538791,1,1,0.574468085106383
48,2,11011.jpg,1,1,0,1,1,0,75,0.25,0.25,0.25,0.05,0.2,2,0.6931471805599453,0.5,0.4770496519661611,1,0,0.5625
49,2,01001.jpg,0,1,0,0,1,0,75,0.25,0.25,0.25,0.05,0.2,2,0.6931471805599453,0.5,0.32978945251071456,0,1,0.5714285714285714
50,2,01111.jpg,0,1,1,1,1,0,75,0.25,0.25,0.25,0.05,0.2,2,0.6931471805599453,0.5,0.47925373273025085,0,1,0.58
51,2,10001.jpg,1,0,0,0,1,0,75,0.25,0.25,0.25,0.05,0.2,2,0.6931471805599453,0.5,0.4830166901469692,0,1,0.5882352941176471
52,2,00010.jpg,0,0,0,1,0,0,75,0.25,0.25,0.25,0.05,0.2,2,0.6931471805599453,0.5,0.33560483031684135,1,0,0.5769230769230769
53,2,11000.jpg,1,1,0,0,0,0,75,0.25,0.25,0.25,0.05,0.2,2,0.6931471805599453,0.5,0.4826286791762988,0,1,0.5849056603773585
54,2,00100.jpg,0,0,1,0,0,0,75,0.25,0.25,0.25,0.05,0.2,2,0.6931471805599453,0.5,0.5006448081761281,1,0,0.5740740740740741
55,2,00001.jpg,0,0,0,0,1,0,75,0.25,0.25,0.25,0.05,0.2,2,0.6931471805599453,0.5,0.33572816115669146,1,0,0.5636363636363636
56,2,10111.jpg,1,0,1,1,1,1,75,0.25,0.25,0.25,0.05,0.2,2,0.6931471805599453,0.5,0.6569976210092494,1,1,0.5714285714285714
57,2,11111.jpg,1,1,1,1,1,1,75,0.25,0.25,0.25,0.05,0.2,2,0.6931471805599453,0.5,0.6544001976273081,0,0,0.5614035087719298
58,2,01101.jpg,0,1,1,0,1,0,75,0.25,0.25,0.25,0.05,0.2,2,0.6931471805599453,0.5,0.49246164860130887,1,0,0.5517241379310345
59,2,00111.jpg,0,0,1,1,1,0,75,0.25,0.25,0.25,0.05,0.2,2,0.6931471805599453,0.5,0.49344485979319896,1,0,0.5423728813559322
60,2,11010.jpg,1,1,0,1,0,0,75,0.25,0.25,0.25,0.05,0.2,2,0.6931471805599453,0.5,0.4758511726732136,0,1,0.55
61,2,00101.jpg,0,0,1,0,1,0,75,0.25,0.25,0.25,0.05,0.2,2,0.6931471805599453,0.5,0.49095043608328903,1,0,0.5409836065573771
62,2,11001.jpg,1,1,0,0,1,0,75,0.25,0.25,0.25,0.05,0.2,2,0.6931471805599453,0.5,0.48542168537248553,1,0,0.532258064516129
63,2,01110.jpg,0,1,1,1,0,0,75,0.25,0.25,0.25,0.05,0.2,2,0.6931471805599453,0.5,0.47744042199730546,1,0,0.5238095238095238
64,2,11110.jpg,1,1,1,1,0,1,75,0.25,0.25,0.25,0.05,0.2,2,0.6931471805599453,0.5,0.646157313588276,1,1,0.53125
65,3,01101.jpg,0,1,1,0,1,0,75,0.25,0.25,0.25,0.05,0.2,2,0.6931471805599453,0.5,0.47959699039684256,1,0,0.5230769230769231
66,3,01100.jpg,0,1,1,0,0,0,75,0.25,0.25,0.25,0.05,0.2,2,0.6931471805599453,0.5,0.4765900014941864,0,1,0.5303030303030303
67,3,11110.jpg,1,1,1,1,0,1,75,0.25,0.25,0.25,0.05,0.2,2,0.6931471805599453,0.5,0.6516375623070964,1,1,0.5373134328358209
68,3,11000.jpg,1,1,0,0,0,0,75,0.25,0.25,0.25,0.05,0.2,2,0.6931471805599453,0.5,0.48834236635076617,0,1,0.5441176470588235
69,3,10100.jpg,1,0,1,0,0,1,75,0.25,0.25,0.25,0.05,0.2,2,0.6931471805599453,0.5,0.6533683617874166,1,1,0.5507246376811594
70,3,00011.jpg,0,0,0,1,1,0,75,0.25,0.25,0.25,0.05,0.2,2,0.6931471805599453,0.5,0.33352400691778133,0,1,0.5571428571428572
71,3,10001.jpg,1,0,0,0,1,0,75,0.25,0.25,0.25,0.05,0.2,2,0.6931471805599453,0.5,0.478413987924596,1,0,0.5492957746478874
72,3,00111.jpg,0,0,1,1,1,0,75,0.25,0.25,0.25,0.05,0.2,2,0.6931471805599453,0.5,0.4750331249642187,0,1,0.5555555555555556
73,3,10011.jpg,1,0,0,1,1,0,75,0.25,0.25,0.25,0.05,0.2,2,0.6931471805599453,0.5,0.4731146834041735,1,0,0.547945205479452
74,3,11001.jpg,1,1,0,0,1,0,75,0.25,0.25,0.25,0.05,0.2,2,0.6931471805599453,0.5,0.47344916043026836,0,1,0.5540540540540541
75,3,01110.jpg,0,1,1,1,0,0,75,0.25,0.25,0.25,0.05,0.2,2,0.6931471805599453,0.5,0.489245100033333,0,1,0.56
76,3,00100.jpg,0,0,1,0,0,0,75,0.25,0.25,0.25,0.05,0.2,2,0.6931471805599453,0.5,0.4896773575761109,1,0,0.5526315789473685
77,3,10110.jpg,1,0,1,1,0,1,75,0.25,0.25,0.25,0.05,0.2,2,0.6931471805599453,0.5,0.6583909468681746,1,1,0.5584415584415584
78,3,01011.jpg,0,1,0,1,1,0,75,0.25,0.25,0.25,0.05,0.2,2,0.6931471805599453,0.5,0.3286797188631387,0,1,0.5641025641025641
79,3,00001.jpg,0,0,0,0,1,0,75,0.25,0.25,0.25,0.05,0.2,2,0.6931471805599453,0.5,0.3290767419095722,0,1,0.569620253164557
80,3,11010.jpg,1,1,0,1,0,0,75,0.25,0.25,0.25,0.05,0.2,2,0.6931471805599453,0.5,0.4905559939519634,1,0,0.5625
81,3,10000.jpg,1,0,0,0,0,0,75,0.25,0.25,0.25,0.05,0.2,2,0.6931471805599453,0.5,0.4949738377425849,1,0,0.5555555555555556
82,3,01001.jpg,0,1,0,0,1,0,75,0.25,0.25,0.25,0.05,0.2,2,0.6931471805599453,0.5,0.32468494493018085,0,1,0.5609756097560976
83,3,00010.jpg,0,0,0,1,0,0,75,0.25,0.25,0.25,0.05,0.2,2,0.6931471805599453,0.5,0.3503641960821786,0,1,0.5662650602409639
84,3,00000.jpg,0,0,0,0,0,0,75,0.25,0.25,0.25,0.05,0.2,2,0.6931471805599453,0.5,0.34494805291524566,0,1,0.5714285714285714
85,3,10111.jpg,1,0,1,1,1,1,75,0.25,0.25,0.25,0.05,0.2,2,0.6931471805599453,0.5,0.6507537046565324,0,0,0.5647058823529412
86,3,11111.jpg,1,1,1,1,1,1,75,0.25,0.25,0.25,0.05,0.2,2,0.6931471805599453,0.5,0.6473205636475731,1,1,0.5697674418604651
87,3,11100.jpg,1,1,1,0,0,1,75,0.25,0.25,0.25,0.05,0.2,2,0.6931471805599453,0.5,0.6520856882241075,1,1,0.5747126436781609
88,3,01010.jpg,0,1,0,1,0,0,75,0.25,0.25,0.25,0.05,0.2,2,0.6931471805599453,0.5,0.3402890276528833,1,0,0.5681818181818182
89,3,01000.jpg,0,1,0,0,0,0,75,0.25,0.25,0.25,0.05,0.2,2,0.6931471805599453,0.5,0.3346263126461093,0,1,0.5730337078651685
90,3,10010.jpg,1,0,0,1,0,0,75,0.25,0.25,0.25,0.05,0.2,2,0.6931471805599453,0.5,0.4853257587510825,1,0,0.5666666666666667
91,3,01111.jpg,0,1,1,1,1,0,75,0.25,0.25,0.25,0.05,0.2,2,0.6931471805599453,0.5,0.4821173951477192,1,0,0.5604395604395604
92,3,00101.jpg,0,0,1,0,1,0,75,0.25,0.25,0.25,0.05,0.2,2,0.6931471805599453,0.5,0.4784415539273391,0,1,0.5652173913043478
93,3,11011.jpg,1,1,0,1,1,0,75,0.25,0.25,0.25,0.05,0.2,2,0.6931471805599453,0.5,0.4790863133313372,0,1,0.5698924731182796
94,3,00110.jpg,0,0,1,1,0,0,75,0.25,0.25,0.25,0.05,0.2,2,0.6931471805599453,0.5,0.4898268627170745,0,1,0.574468085106383
95,3,10101.jpg,1,0,1,0,1,1,75,0.25,0.25,0.25,0.05,0.2,2,0.6931471805599453,0.5,0.6495207378564476,1,1,0.5789473684210527
96,3,11101.jpg,1,1,1,0,1,1,75,0.25,0.25,0.25,0.05,0.2,2,0.6931471805599453,0.5,0.6492434941704266,1,1,0.5833333333333334
1,1,11101.jpg,1,1,1,0,1,1,76,0.25,0.25,0.25,0.05,0.2,4,1.3862943611198906,0.5,0.5,1,1,1
2,1,11111.jpg,1,1,1,1,1,1,76,0.25,0.25,0.25,0.05,0.2,4,1.3862943611198906,0.5,0.5,0,0,0.5
3,1,00001.jpg,0,0,0,0,1,0,76,0.25,0.25,0.25,0.05,0.2,4,1.3862943611198906,0.5,0.5,1,0,0.3333333333333333
4,1,00111.jpg,0,0,1,1,1,0,76,0.25,0.25,0.25,0.05,0.2,4,1.3862943611198906,0.5,0.29007737012091195,1,0,0.25
5,1,00101.jpg,0,0,1,0,1,0,76,0.25,0.25,0.25,0.05,0.2,4,1.3862943611198906,0.5,0.17179457403789544,0,1,0.4
6,1,00100.jpg,0,0,1,0,0,0,76,0.25,0.25,0.25,0.05,0.2,4,1.3862943611198906,0.5,0.1444577364690083,0,1,0.5
7,1,01001.jpg,0,1,0,0,1,0,76,0.25,0.25,0.25,0.05,0.2,4,1.3862943611198906,0.5,0.421793202407658,0,1,0.5714285714285714
8,1,11110.jpg,1,1,1,1,0,1,76,0.25,0.25,0.25,0.05,0.2,4,1.3862943611198906,0.5,0.8758842372505063,0,0,0.5
9,1,01101.jpg,0,1,1,0,1,0,76,0.25,0.25,0.25,0.05,0.2,4,1.3862943611198906,0.5,0.500577666959745,0,1,0.5555555555555556
10,1,00010.jpg,0,0,0,1,0,0,76,0.25,0.25,0.25,0.05,0.2,4,1.3862943611198906,0.5,0.13546193715212693,0,1,0.6
11,1,10110.jpg,1,0,1,1,0,1,76,0.25,0.25,0.25,0.05,0.2,4,1.3862943611198906,0.5,0.6459286602646372,1,1,0.6363636363636364
12,1,01000.jpg,0,1,0,0,0,0,76,0.25,0.25,0.25,0.05,0.2,4,1.3862943611198906,0.5,0.2569014841705493,0,1,0.6666666666666666
13,1,10001.jpg,1,0,0,0,1,0,76,0.25,0.25,0.25,0.05,0.2,4,1.3862943611198906,0.5,0.44955375843027207,1,0,0.6153846153846154
14,1,01011.jpg,0,1,0,1,1,0,76,0.25,0.25,0.25,0.05,0.2,4,1.3862943611198906,0.5,0.2388683668650299,0,1,0.6428571428571429
15,1,11001.jpg,1,1,0,0,1,0,76,0.25,0.25,0.25,0.05,0.2,4,1.3862943611198906,0.5,0.5662747928350179,0,1,0.6666666666666666
16,1,10010.jpg,1,0,0,1,0,0,76,0.25,0.25,0.25,0.05,0.2,4,1.3862943611198906,0.5,0.5349286897726729,1,0,0.625
17,1,01111.jpg,0,1,1,1,1,0,76,0.25,0.25,0.25,0.05,0.2,4,1.3862943611198906,0.5,0.49198059624708185,0,1,0.6470588235294118
18,1,00110.jpg,0,0,1,1,0,0,76,0.25,0.25,0.25,0.05,0.2,4,1.3862943611198906,0.5,0.4105118691531561,0,1,0.6666666666666666
19,1,10111.jpg,1,0,1,1,1,1,76,0.25,0.25,0.25,0.05,0.2,4,1.3862943611198906,0.5,0.6842158409072536,0,0,0.631578947368421
20,1,10011.jpg,1,0,0,1,1,0,76,0.25,0.25,0.25,0.05,0.2,4,1.3862943611198906,0.5,0.45843146870329554,1,0,0.6
21,1,01010.jpg,0,1,0,1,0,0,76,0.25,0.25,0.25,0.05,0.2,4,1.3862943611198906,0.5,0.23094298757338674,1,0,0.5714285714285714
22,1,01100.jpg,0,1,1,0,0,0,76,0.25,0.25,0.25,0.05,0.2,4,1.3862943611198906,0.5,0.442765023399576,1,0,0.5454545454545454
23,1,10100.jpg,1,0,1,0,0,1,76,0.25,0.25,0.25,0.05,0.2,4,1.3862943611198906,0.5,0.7359990996995692,1,1,0.5652173913043478
24,1,11011.jpg,1,1,0,1,1,0,76,0.25,0.25,0.25,0.05,0.2,4,1.3862943611198906,0.5,0.4872086922143961,1,0,0.5416666666666666
25,1,01110.jpg,0,1,1,1,0,0,76,0.25,0.25,0.25,0.05,0.2,4,1.3862943611198906,0.5,0.4248569018949178,0,1,0.56
26,1,00011.jpg,0,0,0,1,1,0,76,0.25,0.25,0.25,0.05,0.2,4,1.3862943611198906,0.5,0.19656613261681133,0,1,0.5769230769230769
27,1,11000.jpg,1,1,0,0,0,0,76,0.25,0.25,0.25,0.05,0.2,4,1.3862943611198906,0.5,0.49133068373642524,1,0,0.5555555555555556
28,1,10000.jpg,1,0,0,0,0,0,76,0.25,0.25,0.25,0.05,0.2,4,1.3862943611198906,0.5,0.4890581198739771,1,0,0.5357142857142857
29,1,11010.jpg,1,1,0,1,0,0,76,0.25,0.25,0.25,0.05,0.2,4,1.3862943611198906,0.5,0.45355259804063,0,1,0.5517241379310345
30,1,00000.jpg,0,0,0,0,0,0,76,0.25,0.25,0.25,0.05,0.2,4,1.3862943611198906,0.5,0.21574523109432842,0,1,0.5666666666666667
31,1,11100.jpg,1,1,1,0,0,1,76,0.25,0.25,0.25,0.05,0.2,4,1.3862943611198906,0.5,0.756565099452365,1,1,0.5806451612903226
32,1,10101.jpg,1,0,1,0,1,1,76,0.25,0.25,0.25,0.05,0.2,4,1.3862943611198906,0.5,0.7398768653985367,1,1,0.59375
33,2,01010.jpg,0,1,0,1,0,0,76,0.25,0.25,0.25,0.05,0.2,4,1.3862943611198906,0.5,0.18956603572452682,0,1,0.6060606060606061
34,2,10011.jpg,1,0,0,1,1,0,76,0.25,0.25,0.25,0.05,0.2,4,1.3862943611198906,0.5,0.43061837381371937,0,1,0.6176470588235294
35,2,01011.jpg,0,1,0,1,1,0,76,0.25,0.25,0.25,0.05,0.2,4,1.3862943611198906,0.5,0.1881465060874196,1,0,0.6
36,2,10101.jpg,1,0,1,0,1,1,76,0.25,0.25,0.25,0.05,0.2,4,1.3862943611198906,0.5,0.776573838515692,1,1,0.6111111111111112
37,2,11100.jpg,1,1,1,0,0,1,76,0.25,0.25,0.25,0.05,0.2,4,1.3862943611198906,0.5,0.771466266258562,1,1,0.6216216216216216
38,2,10010.jpg,1,0,0,1,0,0,76,0.25,0.25,0.25,0.05,0.2,4,1.3862943611198906,0.5,0.41177017108375336,0,1,0.631578947368421
39,2,10000.jpg,1,0,0,0,0,0,76,0.25,0.25,0.25,0.05,0.2,4,1.3862943611198906,0.5,0.40234790307199586,0,1,0.6410256410256411
40,2,01100.jpg,0,1,1,0,0,0,76,0.25,0.25,0.25,0.05,0.2,4,1.3862943611198906,0.5,0.46040056143946695,1,0,0.625
41,2,00011.jpg,0,0,0,1,1,0,76,0.25,0.25,0.25,0.05,0.2,4,1.3862943611198906,0.5,0.19775816727349863,0,1,0.6341463414634146
42,2,01000.jpg,0,1,0,0,0,0,76,0.25,0.25,0.25,0.05,0.2,4,1.3862943611198906,0.5,0.1953564659678825,0,1,0.6428571428571429
43,2,10100.jpg,1,0,1,0,0,1,76,0.25,0.25,0.25,0.05,0.2,4,1.3862943611198906,0.5,0.7695104385361579,1,1,0.6511627906976745
44,2,00110.jpg,0,0,1,1,0,0,76,0.25,0.25,0.25,0.05,0.2,4,1.3862943611198906,0.5,0.45609453059210814,1,0,0.6363636363636364
45,2,00000.jpg,0,0,0,0,0,0,76,0.25,0.25,0.25,0.05,0.2,4,1.3862943611198906,0.5,0.20248464258403862,0,1,0.6444444444444445
46,2,10110.jpg,1,0,1,1,0,1,76,0.25,0.25,0.25,0.05,0.2,4,1.3862943611198906,0.5,0.7686513481076804,1,1,0.6521739130434783
47,2,11101.jpg,1,1,1,0,1,1,76,0.25,0.25,0.25,0.05,0.2,4,1.3862943611198906,0.5,0.7760594016027007,1,1,0.6595744680851063
48,2,11011.jpg,1,1,0,1,1,0,76,0.25,0.25,0.25,0.05,0.2,4,1.3862943611198906,0.5,0.4252527910334357,1,0,0.6458333333333334
49,2,01001.jpg,0,1,0,0,1,0,76,0.25,0.25,0.25,0.05,0.2,4,1.3862943611198906,0.5,0.18646456259918787,0,1,0.6530612244897959
50,2,01111.jpg,0,1,1,1,1,0,76,0.25,0.25,0.25,0.05,0.2,4,1.3862943611198906,0.5,0.4283388359611117,0,1,0.66
51,2,10001.jpg,1,0,0,0,1,0,76,0.25,0.25,0.25,0.05,0.2,4,1.3862943611198906,0.5,0.4292088131929551,0,1,0.6666666666666666
52,2,00010.jpg,0,0,0,1,0,0,76,0.25,0.25,0.25,0.05,0.2,4,1.3862943611198906,0.5,0.19664825526368934,1,0,0.6538461538461539
53,2,11000.jpg,1,1,0,0,0,0,76,0.25,0.25,0.25,0.05,0.2,4,1.3862943611198906,0.5,0.4406918899014299,0,1,0.660377358490566
54,2,00100.jpg,0,0,1,0,0,0,76,0.25,0.25,0.25,0.05,0.2,4,1.3862943611198906,0.5,0.4654753205481698,0,1,0.6666666666666666
55,2,00001.jpg,0,0,0,0,1,0,76,0.25,0.25,0.25,0.05,0.2,4,1.3862943611198906,0.5,0.19525384681823443,1,0,0.6545454545454545
56,2,10111.jpg,1,0,1,1,1,1,76,0.25,0.25,0.25,0.05,0.2,4,1.3862943611198906,0.5,0.7768529561075471,1,1,0.6607142857142857
57,2,11111.jpg,1,1,1,1,1,1,76,0.25,0.25,0.25,0.05,0.2,4,1.3862943611198906,0.5,0.7720885926595646,1,1,0.6666666666666666
58,2,01101.jpg,0,1,1,0,1,0,76,0.25,0.25,0.25,0.05,0.2,4,1.3862943611198906,0.5,0.44993028779348054,1,0,0.6551724137931034
59,2,00111.jpg,0,0,1,1,1,0,76,0.25,0.25,0.25,0.05,0.2,4,1.3862943611198906,0.5,0.458013563025249,1,0,0.6440677966101694
60,2,11010.jpg,1,1,0,1,0,0,76,0.25,0.25,0.25,0.05,0.2,4,1.3862943611198906,0.5,0.4183615639439505,0,1,0.65
61,2,00101.jpg,0,0,1,0,1,0,76,0.25,0.25,0.25,0.05,0.2,4,1.3862943611198906,0.5,0.44715786685301373,1,0,0.639344262295082
62,2,11001.jpg,1,1,0,0,1,0,76,0.25,0.25,0.25,0.05,0.2,4,1.3862943611198906,0.5,0.4408981413881013,1,0,0.6290322580645161
63,2,01110.jpg,0,1,1,1,0,0,76,0.25,0.25,0.25,0.05,0.2,4,1.3862943611198906,0.5,0.42116285136254356,1,0,0.6190476190476191
64,2,11110.jpg,1,1,1,1,0,1,76,0.25,0.25,0.25,0.05,0.2,4,1.3862943611198906,0.5,0.759853563301894,1,1,0.625
65,3,01101.jpg,0,1,1,0,1,0,76,0.25,0.25,0.25,0.05,0.2,4,1.3862943611198906,0.5,0.42336039018152877,1,0,0.6153846153846154
66,3,01100.jpg,0,1,1,0,0,0,76,0.25,0.25,0.25,0.05,0.2,4,1.3862943611198906,0.5,0.4184866645385288,0,1,0.6212121212121212
67,3,11110.jpg,1,1,1,1,0,1,76,0.25,0.25,0.25,0.05,0.2,4,1.3862943611198906,0.5,0.7703441781748179,1,1,0.6268656716417911
68,3,11000.jpg,1,1,0,0,0,0,76,0.25,0.25,0.25,0.05,0.2,4,1.3862943611198906,0.5,0.44048603905447853,0,1,0.6323529411764706
69,3,10100.jpg,1,0,1,0,0,1,76,0.25,0.25,0.25,0.05,0.2,4,1.3862943611198906,0.5,0.7731373340206719,1,1,0.6376811594202898
70,3,00011.jpg,0,0,0,1,1,0,76,0.25,0.25,0.25,0.05,0.2,4,1.3862943611198906,0.5,0.1891830181930081,0,1,0.6428571428571429
71,3,10001.jpg,1,0,0,0,1,0,76,0.25,0.25,0.25,0.05,0.2,4,1.3862943611198906,0.5,0.4213406462711728,1,0,0.6338028169014085
72,3,00111.jpg,0,0,1,1,1,0,76,0.25,0.25,0.25,0.05,0.2,4,1.3862943611198906,0.5,0.41606101566709275,0,1,0.6388888888888888
73,3,10011.jpg,1,0,0,1,1,0,76,0.25,0.25,0.25,0.05,0.2,4,1.3862943611198906,0.5,0.4088819770277089,1,0,0.6301369863013698
74,3,11001.jpg,1,1,0,0,1,0,76,0.25,0.25,0.25,0.05,0.2,4,1.3862943611198906,0.5,0.4143126069140299,0,1,0.6351351351351351
75,3,01110.jpg,0,1,1,1,0,0,76,0.25,0.25,0.25,0.05,0.2,4,1.3862943611198906,0.5,0.43892224925800183,0,1,0.64
76,3,00100.jpg,0,0,1,0,0,0,76,0.25,0.25,0.25,0.05,0.2,4,1.3862943611198906,0.5,0.4451493039080247,1,0,0.631578947368421
77,3,10110.jpg,1,0,1,1,0,1,76,0.25,0.25,0.25,0.05,0.2,4,1.3862943611198906,0.5,0.7814893107147177,1,1,0.6363636363636364
78,3,01011.jpg,0,1,0,1,1,0,76,0.25,0.25,0.25,0.05,0.2,4,1.3862943611198906,0.5,0.1864146855058171,0,1,0.6410256410256411
79,3,00001.jpg,0,0,0,0,1,0,76,0.25,0.25,0.25,0.05,0.2,4,1.3862943611198906,0.5,0.18400502899368162,0,1,0.6455696202531646
80,3,11010.jpg,1,1,0,1,0,0,76,0.25,0.25,0.25,0.05,0.2,4,1.3862943611198906,0.5,0.44317203054702997,1,0,0.6375
81,3,10000.jpg,1,0,0,0,0,0,76,0.25,0.25,0.25,0.05,0.2,4,1.3862943611198906,0.5,0.45614467161545474,1,0,0.6296296296296297
82,3,01001.jpg,0,1,0,0,1,0,76,0.25,0.25,0.25,0.05,0.2,4,1.3862943611198906,0.5,0.1803016380284836,0,1,0.6341463414634146
83,3,00010.jpg,0,0,0,1,0,0,76,0.25,0.25,0.25,0.05,0.2,4,1.3862943611198906,0.5,0.21613240259520233,0,1,0.6385542168674698
84,3,00000.jpg,0,0,0,0,0,0,76,0.25,0.25,0.25,0.05,0.2,4,1.3862943611198906,0.5,0.20757216260262906,0,1,0.6428571428571429
85,3,10111.jpg,1,0,1,1,1,1,76,0.25,0.25,0.25,0.05,0.2,4,1.3862943611198906,0.5,0.7677560216298781,1,1,0.6470588235294118
86,3,11111.jpg,1,1,1,1,1,1,76,0.25,0.25,0.25,0.05,0.2,4,1.3862943611198906,0.5,0.7643893561766041,1,1,0.6511627906976745
87,3,11100.jpg,1,1,1,0,0,1,76,0.25,0.25,0.25,0.05,0.2,4,1.3862943611198906,0.5,0.767606684614016,1,1,0.6551724137931034
88,3,01010.jpg,0,1,0,1,0,0,76,0.25,0.25,0.25,0.05,0.2,4,1.3862943611198906,0.5,0.20186133686143304,1,0,0.6477272727272727
89,3,01000.jpg,0,1,0,0,0,0,76,0.25,0.25,0.25,0.05,0.2,4,1.3862943611198906,0.5,0.19388038407745986,0,1,0.651685393258427
90,3,10010.jpg,1,0,0,1,0,0,76,0.25,0.25,0.25,0.05,0.2,4,1.3862943611198906,0.5,0.43698954613904867,1,0,0.6444444444444445
91,3,01111.jpg,0,1,1,1,1,0,76,0.25,0.25,0.25,0.05,0.2,4,1.3862943611198906,0.5,0.42929524152516646,1,0,0.6373626373626373
92,3,00101.jpg,0,0,1,0,1,0,76,0.25,0.25,0.25,0.05,0.2,4,1.3862943611198906,0.5,0.42332850002930966,0,1,0.6413043478260869
93,3,11011.jpg,1,1,0,1,1,0,76,0.25,0.25,0.25,0.05,0.2,4,1.3862943611198906,0.5,0.4269003213789091,0,1,0.6451612903225806
94,3,00110.jpg,0,0,1,1,0,0,76,0.25,0.25,0.25,0.05,0.2,4,1.3862943611198906,0.5,0.44518765043696756,0,1,0.648936170212766
95,3,10101.jpg,1,0,1,0,1,1,76,0.25,0.25,0.25,0.05,0.2,4,1.3862943611198906,0.5,0.7664602921698235,1,1,0.6526315789473685
96,3,11101.jpg,1,1,1,0,1,1,76,0.25,0.25,0.25,0.05,0.2,4,1.3862943611198906,0.5,0.765338316737487,1,1,0.65625
1,1,11101.jpg,1,1,1,0,1,1,77,0.25,0.25,0.25,0.05,0.2,4,1.3862943611198906,0.5,0.5,1,1,1
2,1,11111.jpg,1,1,1,1,1,1,77,0.25,0.25,0.25,0.05,0.2,4,1.3862943611198906,0.5,0.5,0,0,0.5
3,1,00001.jpg,0,0,0,0,1,0,77,0.25,0.25,0.25,0.05,0.2,4,1.3862943611198906,0.5,0.5,1,0,0.3333333333333333
4,1,00111.jpg,0,0,1,1,1,0,77,0.25,0.25,0.25,0.05,0.2,4,1.3862943611198906,0.5,0.29007737012091195,1,0,0.25
5,1,00101.jpg,0,0,1,0,1,0,77,0.25,0.25,0.25,0.05,0.2,4,1.3862943611198906,0.5,0.17179457403789544,0,1,0.4
6,1,00100.jpg,0,0,1,0,0,0,77,0.25,0.25,0.25,0.05,0.2,4,1.3862943611198906,0.5,0.1444577364690083,0,1,0.5
7,1,01001.jpg,0,1,0,0,1,0,77,0.25,0.25,0.25,0.05,0.2,4,1.3862943611198906,0.5,0.421793202407658,0,1,0.5714285714285714
8,1,11110.jpg,1,1,1,1,0,1,77,0.25,0.25,0.25,0.05,0.2,4,1.3862943611198906,0.5,0.8758842372505063,0,0,0.5
9,1,01101.jpg,0,1,1,0,1,0,77,0.25,0.25,0.25,0.05,0.2,4,1.3862943611198906,0.5,0.500577666959745,0,1,0.5555555555555556
10,1,00010.jpg,0,0,0,1,0,0,77,0.25,0.25,0.25,0.05,0.2,4,1.3862943611198906,0.5,0.13546193715212693,0,1,0.6
11,1,10110.jpg,1,0,1,1,0,1,77,0.25,0.25,0.25,0.05,0.2,4,1.3862943611198906,0.5,0.6459286602646372,1,1,0.6363636363636364
12,1,01000.jpg,0,1,0,0,0,0,77,0.25,0.25,0.25,0.05,0.2,4,1.3862943611198906,0.5,0.2569014841705493,0,1,0.6666666666666666
13,1,10001.jpg,1,0,0,0,1,0,77,0.25,0.25,0.25,0.05,0.2,4,1.3862943611198906,0.5,0.44955375843027207,1,0,0.6153846153846154
14,1,01011.jpg,0,1,0,1,1,0,77,0.25,0.25,0.25,0.05,0.2,4,1.3862943611198906,0.5,0.2388683668650299,0,1,0.6428571428571429
15,1,11001.jpg,1,1,0,0,1,0,77,0.25,0.25,0.25,0.05,0.2,4,1.3862943611198906,0.5,0.5662747928350179,0,1,0.6666666666666666
16,1,10010.jpg,1,0,0,1,0,0,77,0.25,0.25,0.25,0.05,0.2,4,1.3862943611198906,0.5,0.5349286897726729,1,0,0.625
17,1,01111.jpg,0,1,1,1,1,0,77,0.25,0.25,0.25,0.05,0.2,4,1.3862943611198906,0.5,0.49198059624708185,0,1,0.6470588235294118
18,1,00110.jpg,0,0,1,1,0,0,77,0.25,0.25,0.25,0.05,0.2,4,1.3862943611198906,0.5,0.4105118691531561,0,1,0.6666666666666666
19,1,10111.jpg,1,0,1,1,1,1,77,0.25,0.25,0.25,0.05,0.2,4,1.3862943611198906,0.5,0.6842158409072536,0,0,0.631578947368421
20,1,10011.jpg,1,0,0,1,1,0,77,0.25,0.25,0.25,0.05,0.2,4,1.3862943611198906,0.5,0.45843146870329554,1,0,0.6
21,1,01010.jpg,0,1,0,1,0,0,77,0.25,0.25,0.25,0.05,0.2,4,1.3862943611198906,0.5,0.23094298757338674,1,0,0.5714285714285714
22,1,01100.jpg,0,1,1,0,0,0,77,0.25,0.25,0.25,0.05,0.2,4,1.3862943611198906,0.5,0.442765023399576,1,0,0.5454545454545454
23,1,10100.jpg,1,0,1,0,0,1,77,0.25,0.25,0.25,0.05,0.2,4,1.3862943611198906,0.5,0.7359990996995692,1,1,0.5652173913043478
24,1,11011.jpg,1,1,0,1,1,0,77,0.25,0.25,0.25,0.05,0.2,4,1.3862943611198906,0.5,0.4872086922143961,1,0,0.5416666666666666
25,1,01110.jpg,0,1,1,1,0,0,77,0.25,0.25,0.25,0.05,0.2,4,1.3862943611198906,0.5,0.4248569018949178,0,1,0.56
26,1,00011.jpg,0,0,0,1,1,0,77,0.25,0.25,0.25,0.05,0.2,4,1.3862943611198906,0.5,0.19656613261681133,0,1,0.5769230769230769
27,1,11000.jpg,1,1,0,0,0,0,77,0.25,0.25,0.25,0.05,0.2,4,1.3862943611198906,0.5,0.49133068373642524,1,0,0.5555555555555556
28,1,10000.jpg,1,0,0,0,0,0,77,0.25,0.25,0.25,0.05,0.2,4,1.3862943611198906,0.5,0.4890581198739771,1,0,0.5357142857142857
29,1,11010.jpg,1,1,0,1,0,0,77,0.25,0.25,0.25,0.05,0.2,4,1.3862943611198906,0.5,0.45355259804063,0,1,0.5517241379310345
30,1,00000.jpg,0,0,0,0,0,0,77,0.25,0.25,0.25,0.05,0.2,4,1.3862943611198906,0.5,0.21574523109432842,0,1,0.5666666666666667
31,1,11100.jpg,1,1,1,0,0,1,77,0.25,0.25,0.25,0.05,0.2,4,1.3862943611198906,0.5,0.756565099452365,1,1,0.5806451612903226
32,1,10101.jpg,1,0,1,0,1,1,77,0.25,0.25,0.25,0.05,0.2,4,1.3862943611198906,0.5,0.7398768653985367,1,1,0.59375
33,2,01010.jpg,0,1,0,1,0,0,77,0.25,0.25,0.25,0.05,0.2,4,1.3862943611198906,0.5,0.18956603572452682,0,1,0.6060606060606061
34,2,10011.jpg,1,0,0,1,1,0,77,0.25,0.25,0.25,0.05,0.2,4,1.3862943611198906,0.5,0.43061837381371937,0,1,0.6176470588235294
35,2,01011.jpg,0,1,0,1,1,0,77,0.25,0.25,0.25,0.05,0.2,4,1.3862943611198906,0.5,0.1881465060874196,1,0,0.6
36,2,10101.jpg,1,0,1,0,1,1,77,0.25,0.25,0.25,0.05,0.2,4,1.3862943611198906,0.5,0.776573838515692,1,1,0.6111111111111112
37,2,11100.jpg,1,1,1,0,0,1,77,0.25,0.25,0.25,0.05,0.2,4,1.3862943611198906,0.5,0.771466266258562,1,1,0.6216216216216216
38,2,10010.jpg,1,0,0,1,0,0,77,0.25,0.25,0.25,0.05,0.2,4,1.3862943611198906,0.5,0.41177017108375336,0,1,0.631578947368421
39,2,10000.jpg,1,0,0,0,0,0,77,0.25,0.25,0.25,0.05,0.2,4,1.3862943611198906,0.5,0.40234790307199586,0,1,0.6410256410256411
40,2,01100.jpg,0,1,1,0,0,0,77,0.25,0.25,0.25,0.05,0.2,4,1.3862943611198906,0.5,0.46040056143946695,1,0,0.625
41,2,00011.jpg,0,0,0,1,1,0,77,0.25,0.25,0.25,0.05,0.2,4,1.3862943611198906,0.5,0.19775816727349863,0,1,0.6341463414634146
42,2,01000.jpg,0,1,0,0,0,0,77,0.25,0.25,0.25,0.05,0.2,4,1.3862943611198906,0.5,0.1953564659678825,0,1,0.6428571428571429
43,2,10100.jpg,1,0,1,0,0,1,77,0.25,0.25,0.25,0.05,0.2,4,1.3862943611198906,0.5,0.7695104385361579,1,1,0.6511627906976745
44,2,00110.jpg,0,0,1,1,0,0,77,0.25,0.25,0.25,0.05,0.2,4,1.3862943611198906,0.5,0.45609453059210814,1,0,0.6363636363636364
45,2,00000.jpg,0,0,0,0,0,0,77,0.25,0.25,0.25,0.05,0.2,4,1.3862943611198906,0.5,0.20248464258403862,0,1,0.6444444444444445
46,2,10110.jpg,1,0,1,1,0,1,77,0.25,0.25,0.25,0.05,0.2,4,1.3862943611198906,0.5,0.7686513481076804,1,1,0.6521739130434783
47,2,11101.jpg,1,1,1,0,1,1,77,0.25,0.25,0.25,0.05,0.2,4,1.3862943611198906,0.5,0.7760594016027007,1,1,0.6595744680851063
48,2,11011.jpg,1,1,0,1,1,0,77,0.25,0.25,0.25,0.05,0.2,4,1.3862943611198906,0.5,0.4252527910334357,1,0,0.6458333333333334
49,2,01001.jpg,0,1,0,0,1,0,77,0.25,0.25,0.25,0.05,0.2,4,1.3862943611198906,0.5,0.18646456259918787,0,1,0.6530612244897959
50,2,01111.jpg,0,1,1,1,1,0,77,0.25,0.25,0.25,0.05,0.2,4,1.3862943611198906,0.5,0.4283388359611117,0,1,0.66
51,2,10001.jpg,1,0,0,0,1,0,77,0.25,0.25,0.25,0.05,0.2,4,1.3862943611198906,0.5,0.4292088131929551,0,1,0.6666666666666666
52,2,00010.jpg,0,0,0,1,0,0,77,0.25,0.25,0.25,0.05,0.2,4,1.3862943611198906,0.5,0.19664825526368934,1,0,0.6538461538461539
53,2,11000.jpg,1,1,0,0,0,0,77,0.25,0.25,0.25,0.05,0.2,4,1.3862943611198906,0.5,0.4406918899014299,0,1,0.660377358490566
54,2,00100.jpg,0,0,1,0,0,0,77,0.25,0.25,0.25,0.05,0.2,4,1.3862943611198906,0.5,0.4654753205481698,0,1,0.6666666666666666
55,2,00001.jpg,0,0,0,0,1,0,77,0.25,0.25,0.25,0.05,0.2,4,1.3862943611198906,0.5,0.19525384681823443,1,0,0.6545454545454545
56,2,10111.jpg,1,0,1,1,1,1,77,0.25,0.25,0.25,0.05,0.2,4,1.3862943611198906,0.5,0.7768529561075471,1,1,0.6607142857142857
57,2,11111.jpg,1,1,1,1,1,1,77,0.25,0.25,0.25,0.05,0.2,4,1.3862943611198906,0.5,0.7720885926595646,1,1,0.6666666666666666
58,2,01101.jpg,0,1,1,0,1,0,77,0.25,0.25,0.25,0.05,0.2,4,1.3862943611198906,0.5,0.44993028779348054,1,0,0.6551724137931034
59,2,00111.jpg,0,0,1,1,1,0,77,0.25,0.25,0.25,0.05,0.2,4,1.3862943611198906,0.5,0.458013563025249,1,0,0.6440677966101694
60,2,11010.jpg,1,1,0,1,0,0,77,0.25,0.25,0.25,0.05,0.2,4,1.3862943611198906,0.5,0.4183615639439505,0,1,0.65
61,2,00101.jpg,0,0,1,0,1,0,77,0.25,0.25,0.25,0.05,0.2,4,1.3862943611198906,0.5,0.44715786685301373,1,0,0.639344262295082
62,2,11001.jpg,1,1,0,0,1,0,77,0.25,0.25,0.25,0.05,0.2,4,1.3862943611198906,0.5,0.4408981413881013,1,0,0.6290322580645161
63,2,01110.jpg,0,1,1,1,0,0,77,0.25,0.25,0.25,0.05,0.2,4,1.3862943611198906,0.5,0.42116285136254356,1,0,0.6190476190476191
64,2,11110.jpg,1,1,1,1,0,1,77,0.25,0.25,0.25,0.05,0.2,4,1.3862943611198906,0.5,0.759853563301894,1,1,0.625
65,3,01101.jpg,0,1,1,0,1,0,77,0.25,0.25,0.25,0.05,0.2,4,1.3862943611198906,0.5,0.42336039018152877,1,0,0.6153846153846154
66,3,01100.jpg,0,1,1,0,0,0,77,0.25,0.25,0.25,0.05,0.2,4,1.3862943611198906,0.5,0.4184866645385288,0,1,0.6212121212121212
67,3,11110.jpg,1,1,1,1,0,1,77,0.25,0.25,0.25,0.05,0.2,4,1.3862943611198906,0.5,0.7703441781748179,1,1,0.6268656716417911
68,3,11000.jpg,1,1,0,0,0,0,77,0.25,0.25,0.25,0.05,0.2,4,1.3862943611198906,0.5,0.44048603905447853,0,1,0.6323529411764706
69,3,10100.jpg,1,0,1,0,0,1,77,0.25,0.25,0.25,0.05,0.2,4,1.3862943611198906,0.5,0.7731373340206719,1,1,0.6376811594202898
70,3,00011.jpg,0,0,0,1,1,0,77,0.25,0.25,0.25,0.05,0.2,4,1.3862943611198906,0.5,0.1891830181930081,0,1,0.6428571428571429
71,3,10001.jpg,1,0,0,0,1,0,77,0.25,0.25,0.25,0.05,0.2,4,1.3862943611198906,0.5,0.4213406462711728,1,0,0.6338028169014085
72,3,00111.jpg,0,0,1,1,1,0,77,0.25,0.25,0.25,0.05,0.2,4,1.3862943611198906,0.5,0.41606101566709275,0,1,0.6388888888888888
73,3,10011.jpg,1,0,0,1,1,0,77,0.25,0.25,0.25,0.05,0.2,4,1.3862943611198906,0.5,0.4088819770277089,1,0,0.6301369863013698
74,3,11001.jpg,1,1,0,0,1,0,77,0.25,0.25,0.25,0.05,0.2,4,1.3862943611198906,0.5,0.4143126069140299,0,1,0.6351351351351351
75,3,01110.jpg,0,1,1,1,0,0,77,0.25,0.25,0.25,0.05,0.2,4,1.3862943611198906,0.5,0.43892224925800183,0,1,0.64
76,3,00100.jpg,0,0,1,0,0,0,77,0.25,0.25,0.25,0.05,0.2,4,1.3862943611198906,0.5,0.4451493039080247,1,0,0.631578947368421
77,3,10110.jpg,1,0,1,1,0,1,77,0.25,0.25,0.25,0.05,0.2,4,1.3862943611198906,0.5,0.7814893107147177,1,1,0.6363636363636364
78,3,01011.jpg,0,1,0,1,1,0,77,0.25,0.25,0.25,0.05,0.2,4,1.3862943611198906,0.5,0.1864146855058171,0,1,0.6410256410256411
79,3,00001.jpg,0,0,0,0,1,0,77,0.25,0.25,0.25,0.05,0.2,4,1.3862943611198906,0.5,0.18400502899368162,0,1,0.6455696202531646
80,3,11010.jpg,1,1,0,1,0,0,77,0.25,0.25,0.25,0.05,0.2,4,1.3862943611198906,0.5,0.44317203054702997,1,0,0.6375
81,3,10000.jpg,1,0,0,0,0,0,77,0.25,0.25,0.25,0.05,0.2,4,1.3862943611198906,0.5,0.45614467161545474,1,0,0.6296296296296297
82,3,01001.jpg,0,1,0,0,1,0,77,0.25,0.25,0.25,0.05,0.2,4,1.3862943611198906,0.5,0.1803016380284836,0,1,0.6341463414634146
83,3,00010.jpg,0,0,0,1,0,0,77,0.25,0.25,0.25,0.05,0.2,4,1.3862943611198906,0.5,0.21613240259520233,0,1,0.6385542168674698
84,3,00000.jpg,0,0,0,0,0,0,77,0.25,0.25,0.25,0.05,0.2,4,1.3862943611198906,0.5,0.20757216260262906,0,1,0.6428571428571429
85,3,10111.jpg,1,0,1,1,1,1,77,0.25,0.25,0.25,0.05,0.2,4,1.3862943611198906,0.5,0.7677560216298781,1,1,0.6470588235294118
86,3,11111.jpg,1,1,1,1,1,1,77,0.25,0.25,0.25,0.05,0.2,4,1.3862943611198906,0.5,0.7643893561766041,1,1,0.6511627906976745
87,3,11100.jpg,1,1,1,0,0,1,77,0.25,0.25,0.25,0.05,0.2,4,1.3862943611198906,0.5,0.767606684614016,1,1,0.6551724137931034
88,3,01010.jpg,0,1,0,1,0,0,77,0.25,0.25,0.25,0.05,0.2,4,1.3862943611198906,0.5,0.20186133686143304,1,0,0.6477272727272727
89,3,01000.jpg,0,1,0,0,0,0,77,0.25,0.25,0.25,0.05,0.2,4,1.3862943611198906,0.5,0.19388038407745986,0,1,0.651685393258427
90,3,10010.jpg,1,0,0,1,0,0,77,0.25,0.25,0.25,0.05,0.2,4,1.3862943611198906,0.5,0.43698954613904867,1,0,0.6444444444444445
91,3,01111.jpg,0,1,1,1,1,0,77,0.25,0.25,0.25,0.05,0.2,4,1.3862943611198906,0.5,0.42929524152516646,1,0,0.6373626373626373
92,3,00101.jpg,0,0,1,0,1,0,77,0.25,0.25,0.25,0.05,0.2,4,1.3862943611198906,0.5,0.42332850002930966,0,1,0.6413043478260869
93,3,11011.jpg,1,1,0,1,1,0,77,0.25,0.25,0.25,0.05,0.2,4,1.3862943611198906,0.5,0.4269003213789091,0,1,0.6451612903225806
94,3,00110.jpg,0,0,1,1,0,0,77,0.25,0.25,0.25,0.05,0.2,4,1.3862943611198906,0.5,0.44518765043696756,0,1,0.648936170212766
95,3,10101.jpg,1,0,1,0,1,1,77,0.25,0.25,0.25,0.05,0.2,4,1.3862943611198906,0.5,0.7664602921698235,1,1,0.6526315789473685
96,3,11101.jpg,1,1,1,0,1,1,77,0.25,0.25,0.25,0.05,0.2,4,1.3862943611198906,0.5,0.765338316737487,1,1,0.65625
1,1,11101.jpg,1,1,1,0,1,1,78,0.25,0.25,0.25,0.05,0.2,4,1.3862943611198906,0.5,0.5,1,1,1
2,1,11111.jpg,1,1,1,1,1,1,78,0.25,0.25,0.25,0.05,0.2,4,1.3862943611198906,0.5,0.5,0,0,0.5
3,1,00001.jpg,0,0,0,0,1,0,78,0.25,0.25,0.25,0.05,0.2,4,1.3862943611198906,0.5,0.5,1,0,0.3333333333333333
4,1,00111.jpg,0,0,1,1,1,0,78,0.25,0.25,0.25,0.05,0.2,4,1.3862943611198906,0.5,0.29007737012091195,1,0,0.25
5,1,00101.jpg,0,0,1,0,1,0,78,0.25,0.25,0.25,0.05,0.2,4,1.3862943611198906,0.5,0.17179457403789544,0,1,0.4
6,1,00100.jpg,0,0,1,0,0,0,78,0.25,0.25,0.25,0.05,0.2,4,1.3862943611198906,0.5,0.1444577364690083,0,1,0.5
7,1,01001.jpg,0,1,0,0,1,0,78,0.25,0.25,0.25,0.05,0.2,4,1.3862943611198906,0.5,0.421793202407658,0,1,0.5714285714285714
8,1,11110.jpg,1,1,1,1,0,1,78,0.25,0.25,0.25,0.05,0.2,4,1.3862943611198906,0.5,0.8758842372505063,0,0,0.5
9,1,01101.jpg,0,1,1,0,1,0,78,0.25,0.25,0.25,0.05,0.2,4,1.3862943611198906,0.5,0.500577666959745,0,1,0.5555555555555556
10,1,00010.jpg,0,0,0,1,0,0,78,0.25,0.25,0.25,0.05,0.2,4,1.3862943611198906,0.5,0.13546193715212693,0,1,0.6
11,1,10110.jpg,1,0,1,1,0,1,78,0.25,0.25,0.25,0.05,0.2,4,1.3862943611198906,0.5,0.6459286602646372,1,1,0.6363636363636364
12,1,01000.jpg,0,1,0,0,0,0,78,0.25,0.25,0.25,0.05,0.2,4,1.3862943611198906,0.5,0.2569014841705493,0,1,0.6666666666666666
13,1,10001.jpg,1,0,0,0,1,0,78,0.25,0.25,0.25,0.05,0.2,4,1.3862943611198906,0.5,0.44955375843027207,1,0,0.6153846153846154
14,1,01011.jpg,0,1,0,1,1,0,78,0.25,0.25,0.25,0.05,0.2,4,1.3862943611198906,0.5,0.2388683668650299,0,1,0.6428571428571429
15,1,11001.jpg,1,1,0,0,1,0,78,0.25,0.25,0.25,0.05,0.2,4,1.3862943611198906,0.5,0.5662747928350179,0,1,0.6666666666666666
16,1,10010.jpg,1,0,0,1,0,0,78,0.25,0.25,0.25,0.05,0.2,4,1.3862943611198906,0.5,0.5349286897726729,1,0,0.625
17,1,01111.jpg,0,1,1,1,1,0,78,0.25,0.25,0.25,0.05,0.2,4,1.3862943611198906,0.5,0.49198059624708185,0,1,0.6470588235294118
18,1,00110.jpg,0,0,1,1,0,0,78,0.25,0.25,0.25,0.05,0.2,4,1.3862943611198906,0.5,0.4105118691531561,0,1,0.6666666666666666
19,1,10111.jpg,1,0,1,1,1,1,78,0.25,0.25,0.25,0.05,0.2,4,1.3862943611198906,0.5,0.6842158409072536,0,0,0.631578947368421
20,1,10011.jpg,1,0,0,1,1,0,78,0.25,0.25,0.25,0.05,0.2,4,1.3862943611198906,0.5,0.45843146870329554,1,0,0.6
21,1,01010.jpg,0,1,0,1,0,0,78,0.25,0.25,0.25,0.05,0.2,4,1.3862943611198906,0.5,0.23094298757338674,1,0,0.5714285714285714
22,1,01100.jpg,0,1,1,0,0,0,78,0.25,0.25,0.25,0.05,0.2,4,1.3862943611198906,0.5,0.442765023399576,1,0,0.5454545454545454
23,1,10100.jpg,1,0,1,0,0,1,78,0.25,0.25,0.25,0.05,0.2,4,1.3862943611198906,0.5,0.7359990996995692,1,1,0.5652173913043478
24,1,11011.jpg,1,1,0,1,1,0,78,0.25,0.25,0.25,0.05,0.2,4,1.3862943611198906,0.5,0.4872086922143961,1,0,0.5416666666666666
25,1,01110.jpg,0,1,1,1,0,0,78,0.25,0.25,0.25,0.05,0.2,4,1.3862943611198906,0.5,0.4248569018949178,0,1,0.56
26,1,00011.jpg,0,0,0,1,1,0,78,0.25,0.25,0.25,0.05,0.2,4,1.3862943611198906,0.5,0.19656613261681133,0,1,0.5769230769230769
27,1,11000.jpg,1,1,0,0,0,0,78,0.25,0.25,0.25,0.05,0.2,4,1.3862943611198906,0.5,0.49133068373642524,1,0,0.5555555555555556
28,1,10000.jpg,1,0,0,0,0,0,78,0.25,0.25,0.25,0.05,0.2,4,1.3862943611198906,0.5,0.4890581198739771,1,0,0.5357142857142857
29,1,11010.jpg,1,1,0,1,0,0,78,0.25,0.25,0.25,0.05,0.2,4,1.3862943611198906,0.5,0.45355259804063,0,1,0.5517241379310345
30,1,00000.jpg,0,0,0,0,0,0,78,0.25,0.25,0.25,0.05,0.2,4,1.3862943611198906,0.5,0.21574523109432842,0,1,0.5666666666666667
31,1,11100.jpg,1,1,1,0,0,1,78,0.25,0.25,0.25,0.05,0.2,4,1.3862943611198906,0.5,0.756565099452365,1,1,0.5806451612903226
32,1,10101.jpg,1,0,1,0,1,1,78,0.25,0.25,0.25,0.05,0.2,4,1.3862943611198906,0.5,0.7398768653985367,1,1,0.59375
33,2,01010.jpg,0,1,0,1,0,0,78,0.25,0.25,0.25,0.05,0.2,4,1.3862943611198906,0.5,0.18956603572452682,0,1,0.6060606060606061
34,2,10011.jpg,1,0,0,1,1,0,78,0.25,0.25,0.25,0.05,0.2,4,1.3862943611198906,0.5,0.43061837381371937,0,1,0.6176470588235294
35,2,01011.jpg,0,1,0,1,1,0,78,0.25,0.25,0.25,0.05,0.2,4,1.3862943611198906,0.5,0.1881465060874196,1,0,0.6
36,2,10101.jpg,1,0,1,0,1,1,78,0.25,0.25,0.25,0.05,0.2,4,1.3862943611198906,0.5,0.776573838515692,1,1,0.6111111111111112
37,2,11100.jpg,1,1,1,0,0,1,78,0.25,0.25,0.25,0.05,0.2,4,1.3862943611198906,0.5,0.771466266258562,1,1,0.6216216216216216
38,2,10010.jpg,1,0,0,1,0,0,78,0.25,0.25,0.25,0.05,0.2,4,1.3862943611198906,0.5,0.41177017108375336,0,1,0.631578947368421
39,2,10000.jpg,1,0,0,0,0,0,78,0.25,0.25,0.25,0.05,0.2,4,1.3862943611198906,0.5,0.40234790307199586,0,1,0.6410256410256411
40,2,01100.jpg,0,1,1,0,0,0,78,0.25,0.25,0.25,0.05,0.2,4,1.3862943611198906,0.5,0.46040056143946695,1,0,0.625
41,2,00011.jpg,0,0,0,1,1,0,78,0.25,0.25,0.25,0.05,0.2,4,1.3862943611198906,0.5,0.19775816727349863,0,1,0.6341463414634146
42,2,01000.jpg,0,1,0,0,0,0,78,0.25,0.25,0.25,0.05,0.2,4,1.3862943611198906,0.5,0.1953564659678825,0,1,0.6428571428571429
43,2,10100.jpg,1,0,1,0,0,1,78,0.25,0.25,0.25,0.05,0.2,4,1.3862943611198906,0.5,0.7695104385361579,1,1,0.6511627906976745
44,2,00110.jpg,0,0,1,1,0,0,78,0.25,0.25,0.25,0.05,0.2,4,1.3862943611198906,0.5,0.45609453059210814,1,0,0.6363636363636364
45,2,00000.jpg,0,0,0,0,0,0,78,0.25,0.25,0.25,0.05,0.2,4,1.3862943611198906,0.5,0.20248464258403862,0,1,0.6444444444444445
46,2,10110.jpg,1,0,1,1,0,1,78,0.25,0.25,0.25,0.05,0.2,4,1.3862943611198906,0.5,0.7686513481076804,1,1,0.6521739130434783
47,2,11101.jpg,1,1,1,0,1,1,78,0.25,0.25,0.25,0.05,0.2,4,1.3862943611198906,0.5,0.7760594016027007,1,1,0.6595744680851063
48,2,11011.jpg,1,1,0,1,1,0,78,0.25,0.25,0.25,0.05,0.2,4,1.3862943611198906,0.5,0.4252527910334357,1,0,0.6458333333333334
49,2,01001.jpg,0,1,0,0,1,0,78,0.25,0.25,0.25,0.05,0.2,4,1.3862943611198906,0.5,0.18646456259918787,0,1,0.6530612244897959
50,2,01111.jpg,0,1,1,1,1,0,78,0.25,0.25,0.25,0.05,0.2,4,1.3862943611198906,0.5,0.4283388359611117,0,1,0.66
51,2,10001.jpg,1,0,0,0,1,0,78,0.25,0.25,0.25,0.05,0.2,4,1.3862943611198906,0.5,0.4292088131929551,0,1,0.6666666666666666
52,2,00010.jpg,0,0,0,1,0,0,78,0.25,0.25,0.25,0.05,0.2,4,1.3862943611198906,0.5,0.19664825526368934,1,0,0.6538461538461539
53,2,11000.jpg,1,1,0,0,0,0,78,0.25,0.25,0.25,0.05,0.2,4,1.3862943611198906,0.5,0.4406918899014299,0,1,0.660377358490566
54,2,00100.jpg,0,0,1,0,0,0,78,0.25,0.25,0.25,0.05,0.2,4,1.3862943611198906,0.5,0.4654753205481698,0,1,0.6666666666666666
55,2,00001.jpg,0,0,0,0,1,0,78,0.25,0.25,0.25,0.05,0.2,4,1.3862943611198906,0.5,0.19525384681823443,1,0,0.6545454545454545
56,2,10111.jpg,1,0,1,1,1,1,78,0.25,0.25,0.25,0.05,0.2,4,1.3862943611198906,0.5,0.7768529561075471,1,1,0.6607142857142857
57,2,11111.jpg,1,1,1,1,1,1,78,0.25,0.25,0.25,0.05,0.2,4,1.3862943611198906,0.5,0.7720885926595646,1,1,0.6666666666666666
58,2,01101.jpg,0,1,1,0,1,0,78,0.25,0.25,0.25,0.05,0.2,4,1.3862943611198906,0.5,0.44993028779348054,1,0,0.6551724137931034
59,2,00111.jpg,0,0,1,1,1,0,78,0.25,0.25,0.25,0.05,0.2,4,1.3862943611198906,0.5,0.458013563025249,1,0,0.6440677966101694
60,2,11010.jpg,1,1,0,1,0,0,78,0.25,0.25,0.25,0.05,0.2,4,1.3862943611198906,0.5,0.4183615639439505,0,1,0.65
61,2,00101.jpg,0,0,1,0,1,0,78,0.25,0.25,0.25,0.05,0.2,4,1.3862943611198906,0.5,0.44715786685301373,1,0,0.639344262295082
62,2,11001.jpg,1,1,0,0,1,0,78,0.25,0.25,0.25,0.05,0.2,4,1.3862943611198906,0.5,0.4408981413881013,1,0,0.6290322580645161
63,2,01110.jpg,0,1,1,1,0,0,78,0.25,0.25,0.25,0.05,0.2,4,1.3862943611198906,0.5,0.42116285136254356,1,0,0.6190476190476191
64,2,11110.jpg,1,1,1,1,0,1,78,0.25,0.25,0.25,0.05,0.2,4,1.3862943611198906,0.5,0.759853563301894,1,1,0.625
65,3,01101.jpg,0,1,1,0,1,0,78,0.25,0.25,0.25,0.05,0.2,4,1.3862943611198906,0.5,0.42336039018152877,1,0,0.6153846153846154
66,3,01100.jpg,0,1,1,0,0,0,78,0.25,0.25,0.25,0.05,0.2,4,1.3862943611198906,0.5,0.4184866645385288,0,1,0.6212121212121212
67,3,11110.jpg,1,1,1,1,0,1,78,0.25,0.25,0.25,0.05,0.2,4,1.3862943611198906,0.5,0.7703441781748179,1,1,0.6268656716417911
68,3,11000.jpg,1,1,0,0,0,0,78,0.25,0.25,0.25,0.05,0.2,4,1.3862943611198906,0.5,0.44048603905447853,0,1,0.6323529411764706
69,3,10100.jpg,1,0,1,0,0,1,78,0.25,0.25,0.25,0.05,0.2,4,1.3862943611198906,0.5,0.7731373340206719,1,1,0.6376811594202898
70,3,00011.jpg,0,0,0,1,1,0,78,0.25,0.25,0.25,0.05,0.2,4,1.3862943611198906,0.5,0.1891830181930081,0,1,0.6428571428571429
71,3,10001.jpg,1,0,0,0,1,0,78,0.25,0.25,0.25,0.05,0.2,4,1.3862943611198906,0.5,0.4213406462711728,1,0,0.6338028169014085
72,3,00111.jpg,0,0,1,1,1,0,78,0.25,0.25,0.25,0.05,0.2,4,1.3862943611198906,0.5,0.41606101566709275,0,1,0.6388888888888888
73,3,10011.jpg,1,0,0,1,1,0,78,0.25,0.25,0.25,0.05,0.2,4,1.3862943611198906,0.5,0.4088819770277089,1,0,0.6301369863013698
74,3,11001.jpg,1,1,0,0,1,0,78,0.25,0.25,0.25,0.05,0.2,4,1.3862943611198906,0.5,0.4143126069140299,0,1,0.6351351351351351
75,3,01110.jpg,0,1,1,1,0,0,78,0.25,0.25,0.25,0.05,0.2,4,1.3862943611198906,0.5,0.43892224925800183,0,1,0.64
76,3,00100.jpg,0,0,1,0,0,0,78,0.25,0.25,0.25,0.05,0.2,4,1.3862943611198906,0.5,0.4451493039080247,1,0,0.631578947368421
77,3,10110.jpg,1,0,1,1,0,1,78,0.25,0.25,0.25,0.05,0.2,4,1.3862943611198906,0.5,0.7814893107147177,1,1,0.6363636363636364
78,3,01011.jpg,0,1,0,1,1,0,78,0.25,0.25,0.25,0.05,0.2,4,1.3862943611198906,0.5,0.1864146855058171,0,1,0.6410256410256411
79,3,00001.jpg,0,0,0,0,1,0,78,0.25,0.25,0.25,0.05,0.2,4,1.3862943611198906,0.5,0.18400502899368162,0,1,0.6455696202531646
80,3,11010.jpg,1,1,0,1,0,0,78,0.25,0.25,0.25,0.05,0.2,4,1.3862943611198906,0.5,0.44317203054702997,1,0,0.6375
81,3,10000.jpg,1,0,0,0,0,0,78,0.25,0.25,0.25,0.05,0.2,4,1.3862943611198906,0.5,0.45614467161545474,1,0,0.6296296296296297
82,3,01001.jpg,0,1,0,0,1,0,78,0.25,0.25,0.25,0.05,0.2,4,1.3862943611198906,0.5,0.1803016380284836,0,1,0.6341463414634146
83,3,00010.jpg,0,0,0,1,0,0,78,0.25,0.25,0.25,0.05,0.2,4,1.3862943611198906,0.5,0.21613240259520233,0,1,0.6385542168674698
84,3,00000.jpg,0,0,0,0,0,0,78,0.25,0.25,0.25,0.05,0.2,4,1.3862943611198906,0.5,0.20757216260262906,0,1,0.6428571428571429
85,3,10111.jpg,1,0,1,1,1,1,78,0.25,0.25,0.25,0.05,0.2,4,1.3862943611198906,0.5,0.7677560216298781,1,1,0.6470588235294118
86,3,11111.jpg,1,1,1,1,1,1,78,0.25,0.25,0.25,0.05,0.2,4,1.3862943611198906,0.5,0.7643893561766041,1,1,0.6511627906976745
87,3,11100.jpg,1,1,1,0,0,1,78,0.25,0.25,0.25,0.05,0.2,4,1.3862943611198906,0.5,0.767606684614016,1,1,0.6551724137931034
88,3,01010.jpg,0,1,0,1,0,0,78,0.25,0.25,0.25,0.05,0.2,4,1.3862943611198906,0.5,0.20186133686143304,1,0,0.6477272727272727
89,3,01000.jpg,0,1,0,0,0,0,78,0.25,0.25,0.25,0.05,0.2,4,1.3862943611198906,0.5,0.19388038407745986,0,1,0.651685393258427
90,3,10010.jpg,1,0,0,1,0,0,78,0.25,0.25,0.25,0.05,0.2,4,1.3862943611198906,0.5,0.43698954613904867,1,0,0.6444444444444445
91,3,01111.jpg,0,1,1,1,1,0,78,0.25,0.25,0.25,0.05,0.2,4,1.3862943611198906,0.5,0.42929524152516646,1,0,0.6373626373626373
92,3,00101.jpg,0,0,1,0,1,0,78,0.25,0.25,0.25,0.05,0.2,4,1.3862943611198906,0.5,0.42332850002930966,0,1,0.6413043478260869
93,3,11011.jpg,1,1,0,1,1,0,78,0.25,0.25,0.25,0.05,0.2,4,1.3862943611198906,0.5,0.4269003213789091,0,1,0.6451612903225806
94,3,00110.jpg,0,0,1,1,0,0,78,0.25,0.25,0.25,0.05,0.2,4,1.3862943611198906,0.5,0.44518765043696756,0,1,0.648936170212766
95,3,10101.jpg,1,0,1,0,1,1,78,0.25,0.25,0.25,0.05,0.2,4,1.3862943611198906,0.5,0.7664602921698235,1,1,0.6526315789473685
96,3,11101.jpg,1,1,1,0,1,1,78,0.25,0.25,0.25,0.05,0.2,4,1.3862943611198906,0.5,0.765338316737487,1,1,0.65625
1,1,11101.jpg,1,1,1,0,1,1,79,0.25,0.25,0.25,0.05,0.2,4,1.3862943611198906,0.5,0.5,1,1,1
2,1,11111.jpg,1,1,1,1,1,1,79,0.25,0.25,0.25,0.05,0.2,4,1.3862943611198906,0.5,0.5,0,0,0.5
3,1,00001.jpg,0,0,0,0,1,0,79,0.25,0.25,0.25,0.05,0.2,4,1.3862943611198906,0.5,0.5,1,0,0.3333333333333333
4,1,00111.jpg,0,0,1,1,1,0,79,0.25,0.25,0.25,0.05,0.2,4,1.3862943611198906,0.5,0.29007737012091195,1,0,0.25
5,1,00101.jpg,0,0,1,0,1,0,79,0.25,0.25,0.25,0.05,0.2,4,1.3862943611198906,0.5,0.17179457403789544,0,1,0.4
6,1,00100.jpg,0,0,1,0,0,0,79,0.25,0.25,0.25,0.05,0.2,4,1.3862943611198906,0.5,0.1444577364690083,0,1,0.5
7,1,01001.jpg,0,1,0,0,1,0,79,0.25,0.25,0.25,0.05,0.2,4,1.3862943611198906,0.5,0.421793202407658,0,1,0.5714285714285714
8,1,11110.jpg,1,1,1,1,0,1,79,0.25,0.25,0.25,0.05,0.2,4,1.3862943611198906,0.5,0.8758842372505063,0,0,0.5
9,1,01101.jpg,0,1,1,0,1,0,79,0.25,0.25,0.25,0.05,0.2,4,1.3862943611198906,0.5,0.500577666959745,0,1,0.5555555555555556
10,1,00010.jpg,0,0,0,1,0,0,79,0.25,0.25,0.25,0.05,0.2,4,1.3862943611198906,0.5,0.13546193715212693,0,1,0.6
11,1,10110.jpg,1,0,1,1,0,1,79,0.25,0.25,0.25,0.05,0.2,4,1.3862943611198906,0.5,0.6459286602646372,1,1,0.6363636363636364
12,1,01000.jpg,0,1,0,0,0,0,79,0.25,0.25,0.25,0.05,0.2,4,1.3862943611198906,0.5,0.2569014841705493,0,1,0.6666666666666666
13,1,10001.jpg,1,0,0,0,1,0,79,0.25,0.25,0.25,0.05,0.2,4,1.3862943611198906,0.5,0.44955375843027207,1,0,0.6153846153846154
14,1,01011.jpg,0,1,0,1,1,0,79,0.25,0.25,0.25,0.05,0.2,4,1.3862943611198906,0.5,0.2388683668650299,0,1,0.6428571428571429
15,1,11001.jpg,1,1,0,0,1,0,79,0.25,0.25,0.25,0.05,0.2,4,1.3862943611198906,0.5,0.5662747928350179,0,1,0.6666666666666666
16,1,10010.jpg,1,0,0,1,0,0,79,0.25,0.25,0.25,0.05,0.2,4,1.3862943611198906,0.5,0.5349286897726729,1,0,0.625
17,1,01111.jpg,0,1,1,1,1,0,79,0.25,0.25,0.25,0.05,0.2,4,1.3862943611198906,0.5,0.49198059624708185,0,1,0.6470588235294118
18,1,00110.jpg,0,0,1,1,0,0,79,0.25,0.25,0.25,0.05,0.2,4,1.3862943611198906,0.5,0.4105118691531561,0,1,0.6666666666666666
19,1,10111.jpg,1,0,1,1,1,1,79,0.25,0.25,0.25,0.05,0.2,4,1.3862943611198906,0.5,0.6842158409072536,0,0,0.631578947368421
20,1,10011.jpg,1,0,0,1,1,0,79,0.25,0.25,0.25,0.05,0.2,4,1.3862943611198906,0.5,0.45843146870329554,1,0,0.6
21,1,01010.jpg,0,1,0,1,0,0,79,0.25,0.25,0.25,0.05,0.2,4,1.3862943611198906,0.5,0.23094298757338674,1,0,0.5714285714285714
22,1,01100.jpg,0,1,1,0,0,0,79,0.25,0.25,0.25,0.05,0.2,4,1.3862943611198906,0.5,0.442765023399576,1,0,0.5454545454545454
23,1,10100.jpg,1,0,1,0,0,1,79,0.25,0.25,0.25,0.05,0.2,4,1.3862943611198906,0.5,0.7359990996995692,1,1,0.5652173913043478
24,1,11011.jpg,1,1,0,1,1,0,79,0.25,0.25,0.25,0.05,0.2,4,1.3862943611198906,0.5,0.4872086922143961,1,0,0.5416666666666666
25,1,01110.jpg,0,1,1,1,0,0,79,0.25,0.25,0.25,0.05,0.2,4,1.3862943611198906,0.5,0.4248569018949178,0,1,0.56
26,1,00011.jpg,0,0,0,1,1,0,79,0.25,0.25,0.25,0.05,0.2,4,1.3862943611198906,0.5,0.19656613261681133,0,1,0.5769230769230769
27,1,11000.jpg,1,1,0,0,0,0,79,0.25,0.25,0.25,0.05,0.2,4,1.3862943611198906,0.5,0.49133068373642524,1,0,0.5555555555555556
28,1,10000.jpg,1,0,0,0,0,0,79,0.25,0.25,0.25,0.05,0.2,4,1.3862943611198906,0.5,0.4890581198739771,1,0,0.5357142857142857
29,1,11010.jpg,1,1,0,1,0,0,79,0.25,0.25,0.25,0.05,0.2,4,1.3862943611198906,0.5,0.45355259804063,0,1,0.5517241379310345
30,1,00000.jpg,0,0,0,0,0,0,79,0.25,0.25,0.25,0.05,0.2,4,1.3862943611198906,0.5,0.21574523109432842,0,1,0.5666666666666667
31,1,11100.jpg,1,1,1,0,0,1,79,0.25,0.25,0.25,0.05,0.2,4,1.3862943611198906,0.5,0.756565099452365,1,1,0.5806451612903226
32,1,10101.jpg,1,0,1,0,1,1,79,0.25,0.25,0.25,0.05,0.2,4,1.3862943611198906,0.5,0.7398768653985367,1,1,0.59375
33,2,01010.jpg,0,1,0,1,0,0,79,0.25,0.25,0.25,0.05,0.2,4,1.3862943611198906,0.5,0.18956603572452682,0,1,0.6060606060606061
34,2,10011.jpg,1,0,0,1,1,0,79,0.25,0.25,0.25,0.05,0.2,4,1.3862943611198906,0.5,0.43061837381371937,0,1,0.6176470588235294
35,2,01011.jpg,0,1,0,1,1,0,79,0.25,0.25,0.25,0.05,0.2,4,1.3862943611198906,0.5,0.1881465060874196,1,0,0.6
36,2,10101.jpg,1,0,1,0,1,1,79,0.25,0.25,0.25,0.05,0.2,4,1.3862943611198906,0.5,0.776573838515692,1,1,0.6111111111111112
37,2,11100.jpg,1,1,1,0,0,1,79,0.25,0.25,0.25,0.05,0.2,4,1.3862943611198906,0.5,0.771466266258562,1,1,0.6216216216216216
38,2,10010.jpg,1,0,0,1,0,0,79,0.25,0.25,0.25,0.05,0.2,4,1.3862943611198906,0.5,0.41177017108375336,0,1,0.631578947368421
39,2,10000.jpg,1,0,0,0,0,0,79,0.25,0.25,0.25,0.05,0.2,4,1.3862943611198906,0.5,0.40234790307199586,0,1,0.6410256410256411
40,2,01100.jpg,0,1,1,0,0,0,79,0.25,0.25,0.25,0.05,0.2,4,1.3862943611198906,0.5,0.46040056143946695,1,0,0.625
41,2,00011.jpg,0,0,0,1,1,0,79,0.25,0.25,0.25,0.05,0.2,4,1.3862943611198906,0.5,0.19775816727349863,0,1,0.6341463414634146
42,2,01000.jpg,0,1,0,0,0,0,79,0.25,0.25,0.25,0.05,0.2,4,1.3862943611198906,0.5,0.1953564659678825,0,1,0.6428571428571429
43,2,10100.jpg,1,0,1,0,0,1,79,0.25,0.25,0.25,0.05,0.2,4,1.3862943611198906,0.5,0.7695104385361579,1,1,0.6511627906976745
44,2,00110.jpg,0,0,1,1,0,0,79,0.25,0.25,0.25,0.05,0.2,4,1.3862943611198906,0.5,0.45609453059210814,1,0,0.6363636363636364
45,2,00000.jpg,0,0,0,0,0,0,79,0.25,0.25,0.25,0.05,0.2,4,1.3862943611198906,0.5,0.20248464258403862,0,1,0.6444444444444445
46,2,10110.jpg,1,0,1,1,0,1,79,0.25,0.25,0.25,0.05,0.2,4,1.3862943611198906,0.5,0.7686513481076804,1,1,0.6521739130434783
47,2,11101.jpg,1,1,1,0,1,1,79,0.25,0.25,0.25,0.05,0.2,4,1.3862943611198906,0.5,0.7760594016027007,1,1,0.6595744680851063
48,2,11011.jpg,1,1,0,1,1,0,79,0.25,0.25,0.25,0.05,0.2,4,1.3862943611198906,0.5,0.4252527910334357,1,0,0.6458333333333334
49,2,01001.jpg,0,1,0,0,1,0,79,0.25,0.25,0.25,0.05,0.2,4,1.3862943611198906,0.5,0.18646456259918787,0,1,0.6530612244897959
50,2,01111.jpg,0,1,1,1,1,0,79,0.25,0.25,0.25,0.05,0.2,4,1.3862943611198906,0.5,0.4283388359611117,0,1,0.66
51,2,10001.jpg,1,0,0,0,1,0,79,0.25,0.25,0.25,0.05,0.2,4,1.3862943611198906,0.5,0.4292088131929551,0,1,0.6666666666666666
52,2,00010.jpg,0,0,0,1,0,0,79,0.25,0.25,0.25,0.05,0.2,4,1.3862943611198906,0.5,0.19664825526368934,1,0,0.6538461538461539
53,2,11000.jpg,1,1,0,0,0,0,79,0.25,0.25,0.25,0.05,0.2,4,1.3862943611198906,0.5,0.4406918899014299,0,1,0.660377358490566
54,2,00100.jpg,0,0,1,0,0,0,79,0.25,0.25,0.25,0.05,0.2,4,1.3862943611198906,0.5,0.4654753205481698,0,1,0.6666666666666666
55,2,00001.jpg,0,0,0,0,1,0,79,0.25,0.25,0.25,0.05,0.2,4,1.3862943611198906,0.5,0.19525384681823443,1,0,0.6545454545454545
56,2,10111.jpg,1,0,1,1,1,1,79,0.25,0.25,0.25,0.05,0.2,4,1.3862943611198906,0.5,0.7768529561075471,1,1,0.6607142857142857
57,2,11111.jpg,1,1,1,1,1,1,79,0.25,0.25,0.25,0.05,0.2,4,1.3862943611198906,0.5,0.7720885926595646,1,1,0.6666666666666666
58,2,01101.jpg,0,1,1,0,1,0,79,0.25,0.25,0.25,0.05,0.2,4,1.3862943611198906,0.5,0.44993028779348054,1,0,0.6551724137931034
59,2,00111.jpg,0,0,1,1,1,0,79,0.25,0.25,0.25,0.05,0.2,4,1.3862943611198906,0.5,0.458013563025249,1,0,0.6440677966101694
60,2,11010.jpg,1,1,0,1,0,0,79,0.25,0.25,0.25,0.05,0.2,4,1.3862943611198906,0.5,0.4183615639439505,0,1,0.65
61,2,00101.jpg,0,0,1,0,1,0,79,0.25,0.25,0.25,0.05,0.2,4,1.3862943611198906,0.5,0.44715786685301373,1,0,0.639344262295082
62,2,11001.jpg,1,1,0,0,1,0,79,0.25,0.25,0.25,0.05,0.2,4,1.3862943611198906,0.5,0.4408981413881013,1,0,0.6290322580645161
63,2,01110.jpg,0,1,1,1,0,0,79,0.25,0.25,0.25,0.05,0.2,4,1.3862943611198906,0.5,0.42116285136254356,1,0,0.6190476190476191
64,2,11110.jpg,1,1,1,1,0,1,79,0.25,0.25,0.25,0.05,0.2,4,1.3862943611198906,0.5,0.759853563301894,1,1,0.625
65,3,01101.jpg,0,1,1,0,1,0,79,0.25,0.25,0.25,0.05,0.2,4,1.3862943611198906,0.5,0.42336039018152877,1,0,0.6153846153846154
66,3,01100.jpg,0,1,1,0,0,0,79,0.25,0.25,0.25,0.05,0.2,4,1.3862943611198906,0.5,0.4184866645385288,0,1,0.6212121212121212
67,3,11110.jpg,1,1,1,1,0,1,79,0.25,0.25,0.25,0.05,0.2,4,1.3862943611198906,0.5,0.7703441781748179,1,1,0.6268656716417911
68,3,11000.jpg,1,1,0,0,0,0,79,0.25,0.25,0.25,0.05,0.2,4,1.3862943611198906,0.5,0.44048603905447853,0,1,0.6323529411764706
69,3,10100.jpg,1,0,1,0,0,1,79,0.25,0.25,0.25,0.05,0.2,4,1.3862943611198906,0.5,0.7731373340206719,1,1,0.6376811594202898
70,3,00011.jpg,0,0,0,1,1,0,79,0.25,0.25,0.25,0.05,0.2,4,1.3862943611198906,0.5,0.1891830181930081,0,1,0.6428571428571429
71,3,10001.jpg,1,0,0,0,1,0,79,0.25,0.25,0.25,0.05,0.2,4,1.3862943611198906,0.5,0.4213406462711728,1,0,0.6338028169014085
72,3,00111.jpg,0,0,1,1,1,0,79,0.25,0.25,0.25,0.05,0.2,4,1.3862943611198906,0.5,0.41606101566709275,0,1,0.6388888888888888
73,3,10011.jpg,1,0,0,1,1,0,79,0.25,0.25,0.25,0.05,0.2,4,1.3862943611198906,0.5,0.4088819770277089,1,0,0.6301369863013698
74,3,11001.jpg,1,1,0,0,1,0,79,0.25,0.25,0.25,0.05,0.2,4,1.3862943611198906,0.5,0.4143126069140299,0,1,0.6351351351351351
75,3,01110.jpg,0,1,1,1,0,0,79,0.25,0.25,0.25,0.05,0.2,4,1.3862943611198906,0.5,0.43892224925800183,0,1,0.64
76,3,00100.jpg,0,0,1,0,0,0,79,0.25,0.25,0.25,0.05,0.2,4,1.3862943611198906,0.5,0.4451493039080247,1,0,0.631578947368421
77,3,10110.jpg,1,0,1,1,0,1,79,0.25,0.25,0.25,0.05,0.2,4,1.3862943611198906,0.5,0.7814893107147177,1,1,0.6363636363636364
78,3,01011.jpg,0,1,0,1,1,0,79,0.25,0.25,0.25,0.05,0.2,4,1.3862943611198906,0.5,0.1864146855058171,0,1,0.6410256410256411
79,3,00001.jpg,0,0,0,0,1,0,79,0.25,0.25,0.25,0.05,0.2,4,1.3862943611198906,0.5,0.18400502899368162,0,1,0.6455696202531646
80,3,11010.jpg,1,1,0,1,0,0,79,0.25,0.25,0.25,0.05,0.2,4,1.3862943611198906,0.5,0.44317203054702997,1,0,0.6375
81,3,10000.jpg,1,0,0,0,0,0,79,0.25,0.25,0.25,0.05,0.2,4,1.3862943611198906,0.5,0.45614467161545474,1,0,0.6296296296296297
82,3,01001.jpg,0,1,0,0,1,0,79,0.25,0.25,0.25,0.05,0.2,4,1.3862943611198906,0.5,0.1803016380284836,0,1,0.6341463414634146
83,3,00010.jpg,0,0,0,1,0,0,79,0.25,0.25,0.25,0.05,0.2,4,1.3862943611198906,0.5,0.21613240259520233,0,1,0.6385542168674698
84,3,00000.jpg,0,0,0,0,0,0,79,0.25,0.25,0.25,0.05,0.2,4,1.3862943611198906,0.5,0.20757216260262906,0,1,0.6428571428571429
85,3,10111.jpg,1,0,1,1,1,1,79,0.25,0.25,0.25,0.05,0.2,4,1.3862943611198906,0.5,0.7677560216298781,1,1,0.6470588235294118
86,3,11111.jpg,1,1,1,1,1,1,79,0.25,0.25,0.25,0.05,0.2,4,1.3862943611198906,0.5,0.7643893561766041,1,1,0.6511627906976745
87,3,11100.jpg,1,1,1,0,0,1,79,0.25,0.25,0.25,0.05,0.2,4,1.3862943611198906,0.5,0.767606684614016,1,1,0.6551724137931034
88,3,01010.jpg,0,1,0,1,0,0,79,0.25,0.25,0.25,0.05,0.2,4,1.3862943611198906,0.5,0.20186133686143304,1,0,0.6477272727272727
89,3,01000.jpg,0,1,0,0,0,0,79,0.25,0.25,0.25,0.05,0.2,4,1.3862943611198906,0.5,0.19388038407745986,0,1,0.651685393258427
90,3,10010.jpg,1,0,0,1,0,0,79,0.25,0.25,0.25,0.05,0.2,4,1.3862943611198906,0.5,0.43698954613904867,1,0,0.6444444444444445
91,3,01111.jpg,0,1,1,1,1,0,79,0.25,0.25,0.25,0.05,0.2,4,1.3862943611198906,0.5,0.42929524152516646,1,0,0.6373626373626373
92,3,00101.jpg,0,0,1,0,1,0,79,0.25,0.25,0.25,0.05,0.2,4,1.3862943611198906,0.5,0.42332850002930966,0,1,0.6413043478260869
93,3,11011.jpg,1,1,0,1,1,0,79,0.25,0.25,0.25,0.05,0.2,4,1.3862943611198906,0.5,0.4269003213789091,0,1,0.6451612903225806
94,3,00110.jpg,0,0,1,1,0,0,79,0.25,0.25,0.25,0.05,0.2,4,1.3862943611198906,0.5,0.44518765043696756,0,1,0.648936170212766
95,3,10101.jpg,1,0,1,0,1,1,79,0.25,0.25,0.25,0.05,0.2,4,1.3862943611198906,0.5,0.7664602921698235,1,1,0.6526315789473685
96,3,11101.jpg,1,1,1,0,1,1,79,0.25,0.25,0.25,0.05,0.2,4,1.3862943611198906,0.5,0.765338316737487,1,1,0.65625
1,1,11101.jpg,1,1,1,0,1,1,80,0.25,0.25,0.25,0.05,0.2,4,1.3862943611198906,0.5,0.5,1,1,1
2,1,11111.jpg,1,1,1,1,1,1,80,0.25,0.25,0.25,0.05,0.2,4,1.3862943611198906,0.5,0.5,0,0,0.5
3,1,00001.jpg,0,0,0,0,1,0,80,0.25,0.25,0.25,0.05,0.2,4,1.3862943611198906,0.5,0.5,1,0,0.3333333333333333
4,1,00111.jpg,0,0,1,1,1,0,80,0.25,0.25,0.25,0.05,0.2,4,1.3862943611198906,0.5,0.29007737012091195,1,0,0.25
5,1,00101.jpg,0,0,1,0,1,0,80,0.25,0.25,0.25,0.05,0.2,4,1.3862943611198906,0.5,0.17179457403789544,0,1,0.4
6,1,00100.jpg,0,0,1,0,0,0,80,0.25,0.25,0.25,0.05,0.2,4,1.3862943611198906,0.5,0.1444577364690083,0,1,0.5
7,1,01001.jpg,0,1,0,0,1,0,80,0.25,0.25,0.25,0.05,0.2,4,1.3862943611198906,0.5,0.421793202407658,0,1,0.5714285714285714
8,1,11110.jpg,1,1,1,1,0,1,80,0.25,0.25,0.25,0.05,0.2,4,1.3862943611198906,0.5,0.8758842372505063,0,0,0.5
9,1,01101.jpg,0,1,1,0,1,0,80,0.25,0.25,0.25,0.05,0.2,4,1.3862943611198906,0.5,0.500577666959745,0,1,0.5555555555555556
10,1,00010.jpg,0,0,0,1,0,0,80,0.25,0.25,0.25,0.05,0.2,4,1.3862943611198906,0.5,0.13546193715212693,0,1,0.6
11,1,10110.jpg,1,0,1,1,0,1,80,0.25,0.25,0.25,0.05,0.2,4,1.3862943611198906,0.5,0.6459286602646372,1,1,0.6363636363636364
12,1,01000.jpg,0,1,0,0,0,0,80,0.25,0.25,0.25,0.05,0.2,4,1.3862943611198906,0.5,0.2569014841705493,0,1,0.6666666666666666
13,1,10001.jpg,1,0,0,0,1,0,80,0.25,0.25,0.25,0.05,0.2,4,1.3862943611198906,0.5,0.44955375843027207,1,0,0.6153846153846154
14,1,01011.jpg,0,1,0,1,1,0,80,0.25,0.25,0.25,0.05,0.2,4,1.3862943611198906,0.5,0.2388683668650299,0,1,0.6428571428571429
15,1,11001.jpg,1,1,0,0,1,0,80,0.25,0.25,0.25,0.05,0.2,4,1.3862943611198906,0.5,0.5662747928350179,0,1,0.6666666666666666
16,1,10010.jpg,1,0,0,1,0,0,80,0.25,0.25,0.25,0.05,0.2,4,1.3862943611198906,0.5,0.5349286897726729,1,0,0.625
17,1,01111.jpg,0,1,1,1,1,0,80,0.25,0.25,0.25,0.05,0.2,4,1.3862943611198906,0.5,0.49198059624708185,0,1,0.6470588235294118
18,1,00110.jpg,0,0,1,1,0,0,80,0.25,0.25,0.25,0.05,0.2,4,1.3862943611198906,0.5,0.4105118691531561,0,1,0.6666666666666666
19,1,10111.jpg,1,0,1,1,1,1,80,0.25,0.25,0.25,0.05,0.2,4,1.3862943611198906,0.5,0.6842158409072536,0,0,0.631578947368421
20,1,10011.jpg,1,0,0,1,1,0,80,0.25,0.25,0.25,0.05,0.2,4,1.3862943611198906,0.5,0.45843146870329554,1,0,0.6
21,1,01010.jpg,0,1,0,1,0,0,80,0.25,0.25,0.25,0.05,0.2,4,1.3862943611198906,0.5,0.23094298757338674,1,0,0.5714285714285714
22,1,01100.jpg,0,1,1,0,0,0,80,0.25,0.25,0.25,0.05,0.2,4,1.3862943611198906,0.5,0.442765023399576,1,0,0.5454545454545454
23,1,10100.jpg,1,0,1,0,0,1,80,0.25,0.25,0.25,0.05,0.2,4,1.3862943611198906,0.5,0.7359990996995692,1,1,0.5652173913043478
24,1,11011.jpg,1,1,0,1,1,0,80,0.25,0.25,0.25,0.05,0.2,4,1.3862943611198906,0.5,0.4872086922143961,1,0,0.5416666666666666
25,1,01110.jpg,0,1,1,1,0,0,80,0.25,0.25,0.25,0.05,0.2,4,1.3862943611198906,0.5,0.4248569018949178,0,1,0.56
26,1,00011.jpg,0,0,0,1,1,0,80,0.25,0.25,0.25,0.05,0.2,4,1.3862943611198906,0.5,0.19656613261681133,0,1,0.5769230769230769
27,1,11000.jpg,1,1,0,0,0,0,80,0.25,0.25,0.25,0.05,0.2,4,1.3862943611198906,0.5,0.49133068373642524,1,0,0.5555555555555556
28,1,10000.jpg,1,0,0,0,0,0,80,0.25,0.25,0.25,0.05,0.2,4,1.3862943611198906,0.5,0.4890581198739771,1,0,0.5357142857142857
29,1,11010.jpg,1,1,0,1,0,0,80,0.25,0.25,0.25,0.05,0.2,4,1.3862943611198906,0.5,0.45355259804063,0,1,0.5517241379310345
30,1,00000.jpg,0,0,0,0,0,0,80,0.25,0.25,0.25,0.05,0.2,4,1.3862943611198906,0.5,0.21574523109432842,0,1,0.5666666666666667
31,1,11100.jpg,1,1,1,0,0,1,80,0.25,0.25,0.25,0.05,0.2,4,1.3862943611198906,0.5,0.756565099452365,1,1,0.5806451612903226
32,1,10101.jpg,1,0,1,0,1,1,80,0.25,0.25,0.25,0.05,0.2,4,1.3862943611198906,0.5,0.7398768653985367,1,1,0.59375
33,2,01010.jpg,0,1,0,1,0,0,80,0.25,0.25,0.25,0.05,0.2,4,1.3862943611198906,0.5,0.18956603572452682,0,1,0.6060606060606061
34,2,10011.jpg,1,0,0,1,1,0,80,0.25,0.25,0.25,0.05,0.2,4,1.3862943611198906,0.5,0.43061837381371937,0,1,0.6176470588235294
35,2,01011.jpg,0,1,0,1,1,0,80,0.25,0.25,0.25,0.05,0.2,4,1.3862943611198906,0.5,0.1881465060874196,1,0,0.6
36,2,10101.jpg,1,0,1,0,1,1,80,0.25,0.25,0.25,0.05,0.2,4,1.3862943611198906,0.5,0.776573838515692,1,1,0.6111111111111112
37,2,11100.jpg,1,1,1,0,0,1,80,0.25,0.25,0.25,0.05,0.2,4,1.3862943611198906,0.5,0.771466266258562,1,1,0.6216216216216216
38,2,10010.jpg,1,0,0,1,0,0,80,0.25,0.25,0.25,0.05,0.2,4,1.3862943611198906,0.5,0.41177017108375336,0,1,0.631578947368421
39,2,10000.jpg,1,0,0,0,0,0,80,0.25,0.25,0.25,0.05,0.2,4,1.3862943611198906,0.5,0.40234790307199586,0,1,0.6410256410256411
40,2,01100.jpg,0,1,1,0,0,0,80,0.25,0.25,0.25,0.05,0.2,4,1.3862943611198906,0.5,0.46040056143946695,1,0,0.625
41,2,00011.jpg,0,0,0,1,1,0,80,0.25,0.25,0.25,0.05,0.2,4,1.3862943611198906,0.5,0.19775816727349863,0,1,0.6341463414634146
42,2,01000.jpg,0,1,0,0,0,0,80,0.25,0.25,0.25,0.05,0.2,4,1.3862943611198906,0.5,0.1953564659678825,0,1,0.6428571428571429
43,2,10100.jpg,1,0,1,0,0,1,80,0.25,0.25,0.25,0.05,0.2,4,1.3862943611198906,0.5,0.7695104385361579,1,1,0.6511627906976745
44,2,00110.jpg,0,0,1,1,0,0,80,0.25,0.25,0.25,0.05,0.2,4,1.3862943611198906,0.5,0.45609453059210814,1,0,0.6363636363636364
45,2,00000.jpg,0,0,0,0,0,0,80,0.25,0.25,0.25,0.05,0.2,4,1.3862943611198906,0.5,0.20248464258403862,0,1,0.6444444444444445
46,2,10110.jpg,1,0,1,1,0,1,80,0.25,0.25,0.25,0.05,0.2,4,1.3862943611198906,0.5,0.7686513481076804,1,1,0.6521739130434783
47,2,11101.jpg,1,1,1,0,1,1,80,0.25,0.25,0.25,0.05,0.2,4,1.3862943611198906,0.5,0.7760594016027007,1,1,0.6595744680851063
48,2,11011.jpg,1,1,0,1,1,0,80,0.25,0.25,0.25,0.05,0.2,4,1.3862943611198906,0.5,0.4252527910334357,1,0,0.6458333333333334
49,2,01001.jpg,0,1,0,0,1,0,80,0.25,0.25,0.25,0.05,0.2,4,1.3862943611198906,0.5,0.18646456259918787,0,1,0.6530612244897959
50,2,01111.jpg,0,1,1,1,1,0,80,0.25,0.25,0.25,0.05,0.2,4,1.3862943611198906,0.5,0.4283388359611117,0,1,0.66
51,2,10001.jpg,1,0,0,0,1,0,80,0.25,0.25,0.25,0.05,0.2,4,1.3862943611198906,0.5,0.4292088131929551,0,1,0.6666666666666666
52,2,00010.jpg,0,0,0,1,0,0,80,0.25,0.25,0.25,0.05,0.2,4,1.3862943611198906,0.5,0.19664825526368934,1,0,0.6538461538461539
53,2,11000.jpg,1,1,0,0,0,0,80,0.25,0.25,0.25,0.05,0.2,4,1.3862943611198906,0.5,0.4406918899014299,0,1,0.660377358490566
54,2,00100.jpg,0,0,1,0,0,0,80,0.25,0.25,0.25,0.05,0.2,4,1.3862943611198906,0.5,0.4654753205481698,0,1,0.6666666666666666
55,2,00001.jpg,0,0,0,0,1,0,80,0.25,0.25,0.25,0.05,0.2,4,1.3862943611198906,0.5,0.19525384681823443,1,0,0.6545454545454545
56,2,10111.jpg,1,0,1,1,1,1,80,0.25,0.25,0.25,0.05,0.2,4,1.3862943611198906,0.5,0.7768529561075471,1,1,0.6607142857142857
57,2,11111.jpg,1,1,1,1,1,1,80,0.25,0.25,0.25,0.05,0.2,4,1.3862943611198906,0.5,0.7720885926595646,1,1,0.6666666666666666
58,2,01101.jpg,0,1,1,0,1,0,80,0.25,0.25,0.25,0.05,0.2,4,1.3862943611198906,0.5,0.44993028779348054,1,0,0.6551724137931034
59,2,00111.jpg,0,0,1,1,1,0,80,0.25,0.25,0.25,0.05,0.2,4,1.3862943611198906,0.5,0.458013563025249,1,0,0.6440677966101694
60,2,11010.jpg,1,1,0,1,0,0,80,0.25,0.25,0.25,0.05,0.2,4,1.3862943611198906,0.5,0.4183615639439505,0,1,0.65
61,2,00101.jpg,0,0,1,0,1,0,80,0.25,0.25,0.25,0.05,0.2,4,1.3862943611198906,0.5,0.44715786685301373,1,0,0.639344262295082
62,2,11001.jpg,1,1,0,0,1,0,80,0.25,0.25,0.25,0.05,0.2,4,1.3862943611198906,0.5,0.4408981413881013,1,0,0.6290322580645161
63,2,01110.jpg,0,1,1,1,0,0,80,0.25,0.25,0.25,0.05,0.2,4,1.3862943611198906,0.5,0.42116285136254356,1,0,0.6190476190476191
64,2,11110.jpg,1,1,1,1,0,1,80,0.25,0.25,0.25,0.05,0.2,4,1.3862943611198906,0.5,0.759853563301894,1,1,0.625
65,3,01101.jpg,0,1,1,0,1,0,80,0.25,0.25,0.25,0.05,0.2,4,1.3862943611198906,0.5,0.42336039018152877,1,0,0.6153846153846154
66,3,01100.jpg,0,1,1,0,0,0,80,0.25,0.25,0.25,0.05,0.2,4,1.3862943611198906,0.5,0.4184866645385288,0,1,0.6212121212121212
67,3,11110.jpg,1,1,1,1,0,1,80,0.25,0.25,0.25,0.05,0.2,4,1.3862943611198906,0.5,0.7703441781748179,1,1,0.6268656716417911
68,3,11000.jpg,1,1,0,0,0,0,80,0.25,0.25,0.25,0.05,0.2,4,1.3862943611198906,0.5,0.44048603905447853,0,1,0.6323529411764706
69,3,10100.jpg,1,0,1,0,0,1,80,0.25,0.25,0.25,0.05,0.2,4,1.3862943611198906,0.5,0.7731373340206719,1,1,0.6376811594202898
70,3,00011.jpg,0,0,0,1,1,0,80,0.25,0.25,0.25,0.05,0.2,4,1.3862943611198906,0.5,0.1891830181930081,0,1,0.6428571428571429
71,3,10001.jpg,1,0,0,0,1,0,80,0.25,0.25,0.25,0.05,0.2,4,1.3862943611198906,0.5,0.4213406462711728,1,0,0.6338028169014085
72,3,00111.jpg,0,0,1,1,1,0,80,0.25,0.25,0.25,0.05,0.2,4,1.3862943611198906,0.5,0.41606101566709275,0,1,0.6388888888888888
73,3,10011.jpg,1,0,0,1,1,0,80,0.25,0.25,0.25,0.05,0.2,4,1.3862943611198906,0.5,0.4088819770277089,1,0,0.6301369863013698
74,3,11001.jpg,1,1,0,0,1,0,80,0.25,0.25,0.25,0.05,0.2,4,1.3862943611198906,0.5,0.4143126069140299,0,1,0.6351351351351351
75,3,01110.jpg,0,1,1,1,0,0,80,0.25,0.25,0.25,0.05,0.2,4,1.3862943611198906,0.5,0.43892224925800183,0,1,0.64
76,3,00100.jpg,0,0,1,0,0,0,80,0.25,0.25,0.25,0.05,0.2,4,1.3862943611198906,0.5,0.4451493039080247,1,0,0.631578947368421
77,3,10110.jpg,1,0,1,1,0,1,80,0.25,0.25,0.25,0.05,0.2,4,1.3862943611198906,0.5,0.7814893107147177,1,1,0.6363636363636364
78,3,01011.jpg,0,1,0,1,1,0,80,0.25,0.25,0.25,0.05,0.2,4,1.3862943611198906,0.5,0.1864146855058171,0,1,0.6410256410256411
79,3,00001.jpg,0,0,0,0,1,0,80,0.25,0.25,0.25,0.05,0.2,4,1.3862943611198906,0.5,0.18400502899368162,0,1,0.6455696202531646
80,3,11010.jpg,1,1,0,1,0,0,80,0.25,0.25,0.25,0.05,0.2,4,1.3862943611198906,0.5,0.44317203054702997,1,0,0.6375
81,3,10000.jpg,1,0,0,0,0,0,80,0.25,0.25,0.25,0.05,0.2,4,1.3862943611198906,0.5,0.45614467161545474,1,0,0.6296296296296297
82,3,01001.jpg,0,1,0,0,1,0,80,0.25,0.25,0.25,0.05,0.2,4,1.3862943611198906,0.5,0.1803016380284836,0,1,0.6341463414634146
83,3,00010.jpg,0,0,0,1,0,0,80,0.25,0.25,0.25,0.05,0.2,4,1.3862943611198906,0.5,0.21613240259520233,0,1,0.6385542168674698
84,3,00000.jpg,0,0,0,0,0,0,80,0.25,0.25,0.25,0.05,0.2,4,1.3862943611198906,0.5,0.20757216260262906,0,1,0.6428571428571429
85,3,10111.jpg,1,0,1,1,1,1,80,0.25,0.25,0.25,0.05,0.2,4,1.3862943611198906,0.5,0.7677560216298781,1,1,0.6470588235294118
86,3,11111.jpg,1,1,1,1,1,1,80,0.25,0.25,0.25,0.05,0.2,4,1.3862943611198906,0.5,0.7643893561766041,1,1,0.6511627906976745
87,3,11100.jpg,1,1,1,0,0,1,80,0.25,0.25,0.25,0.05,0.2,4,1.3862943611198906,0.5,0.767606684614016,1,1,0.6551724137931034
88,3,01010.jpg,0,1,0,1,0,0,80,0.25,0.25,0.25,0.05,0.2,4,1.3862943611198906,0.5,0.20186133686143304,1,0,0.6477272727272727
89,3,01000.jpg,0,1,0,0,0,0,80,0.25,0.25,0.25,0.05,0.2,4,1.3862943611198906,0.5,0.19388038407745986,0,1,0.651685393258427
90,3,10010.jpg,1,0,0,1,0,0,80,0.25,0.25,0.25,0.05,0.2,4,1.3862943611198906,0.5,0.43698954613904867,1,0,0.6444444444444445
91,3,01111.jpg,0,1,1,1,1,0,80,0.25,0.25,0.25,0.05,0.2,4,1.3862943611198906,0.5,0.42929524152516646,1,0,0.6373626373626373
92,3,00101.jpg,0,0,1,0,1,0,80,0.25,0.25,0.25,0.05,0.2,4,1.3862943611198906,0.5,0.42332850002930966,0,1,0.6413043478260869
93,3,11011.jpg,1,1,0,1,1,0,80,0.25,0.25,0.25,0.05,0.2,4,1.3862943611198906,0.5,0.4269003213789091,0,1,0.6451612903225806
94,3,00110.jpg,0,0,1,1,0,0,80,0.25,0.25,0.25,0.05,0.2,4,1.3862943611198906,0.5,0.44518765043696756,0,1,0.648936170212766
95,3,10101.jpg,1,0,1,0,1,1,80,0.25,0.25,0.25,0.05,0.2,4,1.3862943611198906,0.5,0.7664602921698235,1,1,0.6526315789473685
96,3,11101.jpg,1,1,1,0,1,1,80,0.25,0.25,0.25,0.05,0.2,4,1.3862943611198906,0.5,0.765338316737487,1,1,0.65625
1,1,11101.jpg,1,1,1,0,1,1,81,0.25,0.25,0.25,0.05,0.2,5,1.6094379124341003,0.5,0.5,1,1,1
2,1,11111.jpg,1,1,1,1,1,1,81,0.25,0.25,0.25,0.05,0.2,5,1.6094379124341003,0.5,0.5,0,0,0.5
3,1,00001.jpg,0,0,0,0,1,0,81,0.25,0.25,0.25,0.05,0.2,5,1.6094379124341003,0.5,0.5,1,0,0.3333333333333333
4,1,00111.jpg,0,0,1,1,1,0,81,0.25,0.25,0.25,0.05,0.2,5,1.6094379124341003,0.5,0.24652958251322848,1,0,0.25
5,1,00101.jpg,0,0,1,0,1,0,81,0.25,0.25,0.25,0.05,0.2,5,1.6094379124341003,0.5,0.12054044175144459,0,1,0.4
6,1,00100.jpg,0,0,1,0,0,0,81,0.25,0.25,0.25,0.05,0.2,5,1.6094379124341003,0.5,0.0958792213197023,0,1,0.5
7,1,01001.jpg,0,1,0,0,1,0,81,0.25,0.25,0.25,0.05,0.2,5,1.6094379124341003,0.5,0.38692188791888,0,1,0.5714285714285714
8,1,11110.jpg,1,1,1,1,0,1,81,0.25,0.25,0.25,0.05,0.2,5,1.6094379124341003,0.5,0.9170906107172355,1,1,0.625
9,1,01101.jpg,0,1,1,0,1,0,81,0.25,0.25,0.25,0.05,0.2,5,1.6094379124341003,0.5,0.5006538526097585,0,1,0.6666666666666666
10,1,00010.jpg,0,0,0,1,0,0,81,0.25,0.25,0.25,0.05,0.2,5,1.6094379124341003,0.5,0.08837198500250223,0,1,0.7
11,1,10110.jpg,1,0,1,1,0,1,81,0.25,0.25,0.25,0.05,0.2,5,1.6094379124341003,0.5,0.6692948371285754,1,1,0.7272727272727273
12,1,01000.jpg,0,1,0,0,0,0,81,0.25,0.25,0.25,0.05,0.2,5,1.6094379124341003,0.5,0.20239928507723656,0,1,0.75
13,1,10001.jpg,1,0,0,0,1,0,81,0.25,0.25,0.25,0.05,0.2,5,1.6094379124341003,0.5,0.4250868993148553,1,0,0.6923076923076923
14,1,01011.jpg,0,1,0,1,1,0,81,0.25,0.25,0.25,0.05,0.2,5,1.6094379124341003,0.5,0.18352725053903074,0,1,0.7142857142857143
15,1,11001.jpg,1,1,0,0,1,0,81,0.25,0.25,0.25,0.05,0.2,5,1.6094379124341003,0.5,0.5743859794223736,0,1,0.7333333333333333
16,1,10010.jpg,1,0,0,1,0,0,81,0.25,0.25,0.25,0.05,0.2,5,1.6094379124341003,0.5,0.5425441357564924,1,0,0.6875
17,1,01111.jpg,0,1,1,1,1,0,81,0.25,0.25,0.25,0.05,0.2,5,1.6094379124341003,0.5,0.47409151015419176,0,1,0.7058823529411765
18,1,00110.jpg,0,0,1,1,0,0,81,0.25,0.25,0.25,0.05,0.2,5,1.6094379124341003,0.5,0.382124931778325,0,1,0.7222222222222222
19,1,10111.jpg,1,0,1,1,1,1,81,0.25,0.25,0.25,0.05,0.2,5,1.6094379124341003,0.5,0.7139585825444051,0,0,0.6842105263157895
20,1,10011.jpg,1,0,0,1,1,0,81,0.25,0.25,0.25,0.05,0.2,5,1.6094379124341003,0.5,0.42990668342173843,1,0,0.65
21,1,01010.jpg,0,1,0,1,0,0,81,0.25,0.25,0.25,0.05,0.2,5,1.6094379124341003,0.5,0.17311805000919203,1,0,0.6190476190476191
22,1,01100.jpg,0,1,1,0,0,0,81,0.25,0.25,0.25,0.05,0.2,5,1.6094379124341003,0.5,0.4193701072929651,1,0,0.5909090909090909
23,1,10100.jpg,1,0,1,0,0,1,81,0.25,0.25,0.25,0.05,0.2,5,1.6094379124341003,0.5,0.7788245360685321,1,1,0.6086956521739131
24,1,11011.jpg,1,1,0,1,1,0,81,0.25,0.25,0.25,0.05,0.2,5,1.6094379124341003,0.5,0.46866525603614395,1,0,0.5833333333333334
25,1,01110.jpg,0,1,1,1,0,0,81,0.25,0.25,0.25,0.05,0.2,5,1.6094379124341003,0.5,0.39198175091991505,0,1,0.6
26,1,00011.jpg,0,0,0,1,1,0,81,0.25,0.25,0.25,0.05,0.2,5,1.6094379124341003,0.5,0.14417431405669393,0,1,0.6153846153846154
27,1,11000.jpg,1,1,0,0,0,0,81,0.25,0.25,0.25,0.05,0.2,5,1.6094379124341003,0.5,0.4750775383204352,1,0,0.5925925925925926
28,1,10000.jpg,1,0,0,0,0,0,81,0.25,0.25,0.25,0.05,0.2,5,1.6094379124341003,0.5,0.4722575682702739,1,0,0.5714285714285714
29,1,11010.jpg,1,1,0,1,0,0,81,0.25,0.25,0.25,0.05,0.2,5,1.6094379124341003,0.5,0.4254037313560568,0,1,0.5862068965517241
30,1,00000.jpg,0,0,0,0,0,0,81,0.25,0.25,0.25,0.05,0.2,5,1.6094379124341003,0.5,0.1656515833717948,0,1,0.6
31,1,11100.jpg,1,1,1,0,0,1,81,0.25,0.25,0.25,0.05,0.2,5,1.6094379124341003,0.5,0.7979712547592758,1,1,0.6129032258064516
32,1,10101.jpg,1,0,1,0,1,1,81,0.25,0.25,0.25,0.05,0.2,5,1.6094379124341003,0.5,0.7807862113135946,1,1,0.625
33,2,01010.jpg,0,1,0,1,0,0,81,0.25,0.25,0.25,0.05,0.2,5,1.6094379124341003,0.5,0.13535963777919338,0,1,0.6363636363636364
34,2,10011.jpg,1,0,0,1,1,0,81,0.25,0.25,0.25,0.05,0.2,5,1.6094379124341003,0.5,0.3937991017063976,0,1,0.6470588235294118
35,2,01011.jpg,0,1,0,1,1,0,81,0.25,0.25,0.25,0.05,0.2,5,1.6094379124341003,0.5,0.13449566254660986,0,1,0.6571428571428571
36,2,10101.jpg,1,0,1,0,1,1,81,0.25,0.25,0.25,0.05,0.2,5,1.6094379124341003,0.5,0.8212920125196105,1,1,0.6666666666666666
37,2,11100.jpg,1,1,1,0,0,1,81,0.25,0.25,0.25,0.05,0.2,5,1.6094379124341003,0.5,0.8178734612990529,1,1,0.6756756756756757
38,2,10010.jpg,1,0,0,1,0,0,81,0.25,0.25,0.25,0.05,0.2,5,1.6094379124341003,0.5,0.3714679646479241,0,1,0.6842105263157895
39,2,10000.jpg,1,0,0,0,0,0,81,0.25,0.25,0.25,0.05,0.2,5,1.6094379124341003,0.5,0.3583305249492621,0,1,0.6923076923076923
40,2,01100.jpg,0,1,1,0,0,0,81,0.25,0.25,0.25,0.05,0.2,5,1.6094379124341003,0.5,0.43143491437288395,1,0,0.675
41,2,00011.jpg,0,0,0,1,1,0,81,0.25,0.25,0.25,0.05,0.2,5,1.6094379124341003,0.5,0.14461637749385842,0,1,0.6829268292682927
42,2,01000.jpg,0,1,0,0,0,0,81,0.25,0.25,0.25,0.05,0.2,5,1.6094379124341003,0.5,0.141721967134423,0,1,0.6904761904761905
43,2,10100.jpg,1,0,1,0,0,1,81,0.25,0.25,0.25,0.05,0.2,5,1.6094379124341003,0.5,0.8124077522026852,1,1,0.6976744186046512
44,2,00110.jpg,0,0,1,1,0,0,81,0.25,0.25,0.25,0.05,0.2,5,1.6094379124341003,0.5,0.4258683123687592,1,0,0.6818181818181818
45,2,00000.jpg,0,0,0,0,0,0,81,0.25,0.25,0.25,0.05,0.2,5,1.6094379124341003,0.5,0.14957367419707915,0,1,0.6888888888888889
46,2,10110.jpg,1,0,1,1,0,1,81,0.25,0.25,0.25,0.05,0.2,5,1.6094379124341003,0.5,0.8120703340949802,1,1,0.6956521739130435
47,2,11101.jpg,1,1,1,0,1,1,81,0.25,0.25,0.25,0.05,0.2,5,1.6094379124341003,0.5,0.8217171954934126,1,1,0.7021276595744681
48,2,11011.jpg,1,1,0,1,1,0,81,0.25,0.25,0.25,0.05,0.2,5,1.6094379124341003,0.5,0.3912690793388959,1,0,0.6875
49,2,01001.jpg,0,1,0,0,1,0,81,0.25,0.25,0.25,0.05,0.2,5,1.6094379124341003,0.5,0.13312432070064223,0,1,0.6938775510204082
50,2,01111.jpg,0,1,1,1,1,0,81,0.25,0.25,0.25,0.05,0.2,5,1.6094379124341003,0.5,0.3949053739740322,0,1,0.7
51,2,10001.jpg,1,0,0,0,1,0,81,0.25,0.25,0.25,0.05,0.2,5,1.6094379124341003,0.5,0.39302128168713973,0,1,0.7058823529411765
52,2,00010.jpg,0,0,0,1,0,0,81,0.25,0.25,0.25,0.05,0.2,5,1.6094379124341003,0.5,0.14353274926338147,0,1,0.7115384615384616
53,2,11000.jpg,1,1,0,0,0,0,81,0.25,0.25,0.25,0.05,0.2,5,1.6094379124341003,0.5,0.4125420562301025,0,1,0.71698113207547165
54,2,00100.jpg,0,0,1,0,0,0,81,0.25,0.25,0.25,0.05,0.2,5,1.6094379124341003,0.5,0.4364430984424905,0,1,0.7222222222222222
55,2,00001.jpg,0,0,0,0,1,0,81,0.25,0.25,0.25,0.05,0.2,5,1.6094379124341003,0.5,0.14155413443573908,1,0,0.7090909090909091
56,2,10111.jpg,1,0,1,1,1,1,81,0.25,0.25,0.25,0.05,0.2,5,1.6094379124341003,0.5,0.82211918678967,1,1,0.7142857142857143
57,2,11111.jpg,1,1,1,1,1,1,81,0.25,0.25,0.25,0.05,0.2,5,1.6094379124341003,0.5,0.8165251114924855,1,1,0.7192982456140351
58,2,01101.jpg,0,1,1,0,1,0,81,0.25,0.25,0.25,0.05,0.2,5,1.6094379124341003,0.5,0.4182319012848009,1,0,0.7068965517241379
59,2,00111.jpg,0,0,1,1,1,0,81,0.25,0.25,0.25,0.05,0.2,5,1.6094379124341003,0.5,0.4316245975812404,1,0,0.6949152542372882
60,2,11010.jpg,1,1,0,1,0,0,81,0.25,0.25,0.25,0.05,0.2,5,1.6094379124341003,0.5,0.3806700646420625,0,1,0.7
61,2,00101.jpg,0,0,1,0,1,0,81,0.25,0.25,0.25,0.05,0.2,5,1.6094379124341003,0.5,0.4157578468975122,1,0,0.6885245901639344
62,2,11001.jpg,1,1,0,0,1,0,81,0.25,0.25,0.25,0.05,0.2,5,1.6094379124341003,0.5,0.41027749382657397,0,1,0.6935483870967742
63,2,01110.jpg,0,1,1,1,0,0,81,0.25,0.25,0.25,0.05,0.2,5,1.6094379124341003,0.5,0.3842348225657309,1,0,0.6825396825396826
64,2,11110.jpg,1,1,1,1,0,1,81,0.25,0.25,0.25,0.05,0.2,5,1.6094379124341003,0.5,0.8040962902761793,1,1,0.6875
65,3,01101.jpg,0,1,1,0,1,0,81,0.25,0.25,0.25,0.05,0.2,5,1.6094379124341003,0.5,0.3857604128012833,1,0,0.676923076923077
66,3,01100.jpg,0,1,1,0,0,0,81,0.25,0.25,0.25,0.05,0.2,5,1.6094379124341003,0.5,0.3806975489227315,0,1,0.6818181818181818
67,3,11110.jpg,1,1,1,1,0,1,81,0.25,0.25,0.25,0.05,0.2,5,1.6094379124341003,0.5,0.8161727528750907,1,1,0.6865671641791045
68,3,11000.jpg,1,1,0,0,0,0,81,0.25,0.25,0.25,0.05,0.2,5,1.6094379124341003,0.5,0.40594752723659777,0,1,0.6911764705882353
69,3,10100.jpg,1,0,1,0,0,1,81,0.25,0.25,0.25,0.05,0.2,5,1.6094379124341003,0.5,0.8191063745858574,1,1,0.6956521739130435
70,3,00011.jpg,0,0,0,1,1,0,81,0.25,0.25,0.25,0.05,0.2,5,1.6094379124341003,0.5,0.13446728639074645,0,1,0.7
71,3,10001.jpg,1,0,0,0,1,0,81,0.25,0.25,0.25,0.05,0.2,5,1.6094379124341003,0.5,0.38349559563811025,1,0,0.6901408450704225
72,3,00111.jpg,0,0,1,1,1,0,81,0.25,0.25,0.25,0.05,0.2,5,1.6094379124341003,0.5,0.37810289638140127,0,1,0.6944444444444444
73,3,10011.jpg,1,0,0,1,1,0,81,0.25,0.25,0.25,0.05,0.2,5,1.6094379124341003,0.5,0.3679334503195194,1,0,0.684931506849315
74,3,11001.jpg,1,1,0,0,1,0,81,0.25,0.25,0.25,0.05,0.2,5,1.6094379124341003,0.5,0.3766033434200708,0,1,0.6891891891891891
75,3,01110.jpg,0,1,1,1,0,0,81,0.25,0.25,0.25,0.05,0.2,5,1.6094379124341003,0.5,0.4032397350291867,0,1,0.6933333333333334
76,3,00100.jpg,0,0,1,0,0,0,81,0.25,0.25,0.25,0.05,0.2,5,1.6094379124341003,0.5,0.4133164904621193,1,0,0.6842105263157895
77,3,10110.jpg,1,0,1,1,0,1,81,0.25,0.25,0.25,0.05,0.2,5,1.6094379124341003,0.5,0.8279746271486832,1,1,0.6883116883116883
78,3,01011.jpg,0,1,0,1,1,0,81,0.25,0.25,0.25,0.05,0.2,5,1.6094379124341003,0.5,0.13332806399801675,0,1,0.6923076923076923
79,3,00001.jpg,0,0,0,0,1,0,81,0.25,0.25,0.25,0.05,0.2,5,1.6094379124341003,0.5,0.1299972984411927,0,1,0.6962025316455697
80,3,11010.jpg,1,1,0,1,0,0,81,0.25,0.25,0.25,0.05,0.2,5,1.6094379124341003,0.5,0.40856891264735096,1,0,0.6875
81,3,10000.jpg,1,0,0,0,0,0,81,0.25,0.25,0.25,0.05,0.2,5,1.6094379124341003,0.5,0.4268578239421212,1,0,0.6790123456790124
82,3,01001.jpg,0,1,0,0,1,0,81,0.25,0.25,0.25,0.05,0.2,5,1.6094379124341003,0.5,0.12740652007140105,0,1,0.6829268292682927
83,3,00010.jpg,0,0,0,1,0,0,81,0.25,0.25,0.25,0.05,0.2,5,1.6094379124341003,0.5,0.16147129722274328,0,1,0.6867469879518072
84,3,00000.jpg,0,0,0,0,0,0,81,0.25,0.25,0.25,0.05,0.2,5,1.6094379124341003,0.5,0.15283185703456156,0,1,0.6904761904761905
85,3,10111.jpg,1,0,1,1,1,1,81,0.25,0.25,0.25,0.05,0.2,5,1.6094379124341003,0.5,0.8126090500520592,1,1,0.6941176470588235
86,3,11111.jpg,1,1,1,1,1,1,81,0.25,0.25,0.25,0.05,0.2,5,1.6094379124341003,0.5,0.8103882751648543,1,1,0.6976744186046512
87,3,11100.jpg,1,1,1,0,0,1,81,0.25,0.25,0.25,0.05,0.2,5,1.6094379124341003,0.5,0.8117398006588081,1,1,0.7011494252873564
88,3,01010.jpg,0,1,0,1,0,0,81,0.25,0.25,0.25,0.05,0.2,5,1.6094379124341003,0.5,0.14801817276629103,0,1,0.7045454545454546
89,3,01000.jpg,0,1,0,0,0,0,81,0.25,0.25,0.25,0.05,0.2,5,1.6094379124341003,0.5,0.14035805741269533,0,1,0.7078651685393258
90,3,10010.jpg,1,0,0,1,0,0,81,0.25,0.25,0.25,0.05,0.2,5,1.6094379124341003,0.5,0.4036055793268802,1,0,0.7
91,3,01111.jpg,0,1,1,1,1,0,81,0.25,0.25,0.25,0.05,0.2,5,1.6094379124341003,0.5,0.3936776005149204,1,0,0.6923076923076923
92,3,00101.jpg,0,0,1,0,1,0,81,0.25,0.25,0.25,0.05,0.2,5,1.6094379124341003,0.5,0.3867496486608965,0,1,0.6956521739130435
93,3,11011.jpg,1,1,0,1,1,0,81,0.25,0.25,0.25,0.05,0.2,5,1.6094379124341003,0.5,0.39235580910063794,0,1,0.6989247311827957
94,3,00110.jpg,0,0,1,1,0,0,81,0.25,0.25,0.25,0.05,0.2,5,1.6094379124341003,0.5,0.4130955025059775,0,1,0.7021276595744681
95,3,10101.jpg,1,0,1,0,1,1,81,0.25,0.25,0.25,0.05,0.2,5,1.6094379124341003,0.5,0.8117260637908997,1,1,0.7052631578947368
96,3,11101.jpg,1,1,1,0,1,1,81,0.25,0.25,0.25,0.05,0.2,5,1.6094379124341003,0.5,0.8102375348598166,1,1,0.7083333333333334
1,1,11101.jpg,1,1,1,0,1,1,82,0.25,0.25,0.25,0.05,0.2,5,1.6094379124341003,0.5,0.5,1,1,1
2,1,11111.jpg,1,1,1,1,1,1,82,0.25,0.25,0.25,0.05,0.2,5,1.6094379124341003,0.5,0.5,0,0,0.5
3,1,00001.jpg,0,0,0,0,1,0,82,0.25,0.25,0.25,0.05,0.2,5,1.6094379124341003,0.5,0.5,1,0,0.3333333333333333
4,1,00111.jpg,0,0,1,1,1,0,82,0.25,0.25,0.25,0.05,0.2,5,1.6094379124341003,0.5,0.24652958251322848,1,0,0.25
5,1,00101.jpg,0,0,1,0,1,0,82,0.25,0.25,0.25,0.05,0.2,5,1.6094379124341003,0.5,0.12054044175144459,0,1,0.4
6,1,00100.jpg,0,0,1,0,0,0,82,0.25,0.25,0.25,0.05,0.2,5,1.6094379124341003,0.5,0.0958792213197023,0,1,0.5
7,1,01001.jpg,0,1,0,0,1,0,82,0.25,0.25,0.25,0.05,0.2,5,1.6094379124341003,0.5,0.38692188791888,0,1,0.5714285714285714
8,1,11110.jpg,1,1,1,1,0,1,82,0.25,0.25,0.25,0.05,0.2,5,1.6094379124341003,0.5,0.9170906107172355,1,1,0.625
9,1,01101.jpg,0,1,1,0,1,0,82,0.25,0.25,0.25,0.05,0.2,5,1.6094379124341003,0.5,0.5006538526097585,0,1,0.6666666666666666
10,1,00010.jpg,0,0,0,1,0,0,82,0.25,0.25,0.25,0.05,0.2,5,1.6094379124341003,0.5,0.08837198500250223,0,1,0.7
11,1,10110.jpg,1,0,1,1,0,1,82,0.25,0.25,0.25,0.05,0.2,5,1.6094379124341003,0.5,0.6692948371285754,1,1,0.7272727272727273
12,1,01000.jpg,0,1,0,0,0,0,82,0.25,0.25,0.25,0.05,0.2,5,1.6094379124341003,0.5,0.20239928507723656,0,1,0.75
13,1,10001.jpg,1,0,0,0,1,0,82,0.25,0.25,0.25,0.05,0.2,5,1.6094379124341003,0.5,0.4250868993148553,1,0,0.6923076923076923
14,1,01011.jpg,0,1,0,1,1,0,82,0.25,0.25,0.25,0.05,0.2,5,1.6094379124341003,0.5,0.18352725053903074,0,1,0.7142857142857143
15,1,11001.jpg,1,1,0,0,1,0,82,0.25,0.25,0.25,0.05,0.2,5,1.6094379124341003,0.5,0.5743859794223736,0,1,0.7333333333333333
16,1,10010.jpg,1,0,0,1,0,0,82,0.25,0.25,0.25,0.05,0.2,5,1.6094379124341003,0.5,0.5425441357564924,1,0,0.6875
17,1,01111.jpg,0,1,1,1,1,0,82,0.25,0.25,0.25,0.05,0.2,5,1.6094379124341003,0.5,0.47409151015419176,0,1,0.7058823529411765
18,1,00110.jpg,0,0,1,1,0,0,82,0.25,0.25,0.25,0.05,0.2,5,1.6094379124341003,0.5,0.382124931778325,0,1,0.7222222222222222
19,1,10111.jpg,1,0,1,1,1,1,82,0.25,0.25,0.25,0.05,0.2,5,1.6094379124341003,0.5,0.7139585825444051,0,0,0.6842105263157895
20,1,10011.jpg,1,0,0,1,1,0,82,0.25,0.25,0.25,0.05,0.2,5,1.6094379124341003,0.5,0.42990668342173843,1,0,0.65
21,1,01010.jpg,0,1,0,1,0,0,82,0.25,0.25,0.25,0.05,0.2,5,1.6094379124341003,0.5,0.17311805000919203,1,0,0.6190476190476191
22,1,01100.jpg,0,1,1,0,0,0,82,0.25,0.25,0.25,0.05,0.2,5,1.6094379124341003,0.5,0.4193701072929651,1,0,0.5909090909090909
23,1,10100.jpg,1,0,1,0,0,1,82,0.25,0.25,0.25,0.05,0.2,5,1.6094379124341003,0.5,0.7788245360685321,1,1,0.6086956521739131
24,1,11011.jpg,1,1,0,1,1,0,82,0.25,0.25,0.25,0.05,0.2,5,1.6094379124341003,0.5,0.46866525603614395,1,0,0.5833333333333334
25,1,01110.jpg,0,1,1,1,0,0,82,0.25,0.25,0.25,0.05,0.2,5,1.6094379124341003,0.5,0.39198175091991505,0,1,0.6
26,1,00011.jpg,0,0,0,1,1,0,82,0.25,0.25,0.25,0.05,0.2,5,1.6094379124341003,0.5,0.14417431405669393,0,1,0.6153846153846154
27,1,11000.jpg,1,1,0,0,0,0,82,0.25,0.25,0.25,0.05,0.2,5,1.6094379124341003,0.5,0.4750775383204352,1,0,0.5925925925925926
28,1,10000.jpg,1,0,0,0,0,0,82,0.25,0.25,0.25,0.05,0.2,5,1.6094379124341003,0.5,0.4722575682702739,1,0,0.5714285714285714
29,1,11010.jpg,1,1,0,1,0,0,82,0.25,0.25,0.25,0.05,0.2,5,1.6094379124341003,0.5,0.4254037313560568,0,1,0.5862068965517241
30,1,00000.jpg,0,0,0,0,0,0,82,0.25,0.25,0.25,0.05,0.2,5,1.6094379124341003,0.5,0.1656515833717948,0,1,0.6
31,1,11100.jpg,1,1,1,0,0,1,82,0.25,0.25,0.25,0.05,0.2,5,1.6094379124341003,0.5,0.7979712547592758,1,1,0.6129032258064516
32,1,10101.jpg,1,0,1,0,1,1,82,0.25,0.25,0.25,0.05,0.2,5,1.6094379124341003,0.5,0.7807862113135946,1,1,0.625
33,2,01010.jpg,0,1,0,1,0,0,82,0.25,0.25,0.25,0.05,0.2,5,1.6094379124341003,0.5,0.13535963777919338,0,1,0.6363636363636364
34,2,10011.jpg,1,0,0,1,1,0,82,0.25,0.25,0.25,0.05,0.2,5,1.6094379124341003,0.5,0.3937991017063976,0,1,0.6470588235294118
35,2,01011.jpg,0,1,0,1,1,0,82,0.25,0.25,0.25,0.05,0.2,5,1.6094379124341003,0.5,0.13449566254660986,0,1,0.6571428571428571
36,2,10101.jpg,1,0,1,0,1,1,82,0.25,0.25,0.25,0.05,0.2,5,1.6094379124341003,0.5,0.8212920125196105,1,1,0.6666666666666666
37,2,11100.jpg,1,1,1,0,0,1,82,0.25,0.25,0.25,0.05,0.2,5,1.6094379124341003,0.5,0.8178734612990529,1,1,0.6756756756756757
38,2,10010.jpg,1,0,0,1,0,0,82,0.25,0.25,0.25,0.05,0.2,5,1.6094379124341003,0.5,0.3714679646479241,0,1,0.6842105263157895
39,2,10000.jpg,1,0,0,0,0,0,82,0.25,0.25,0.25,0.05,0.2,5,1.6094379124341003,0.5,0.3583305249492621,0,1,0.6923076923076923
40,2,01100.jpg,0,1,1,0,0,0,82,0.25,0.25,0.25,0.05,0.2,5,1.6094379124341003,0.5,0.43143491437288395,1,0,0.675
41,2,00011.jpg,0,0,0,1,1,0,82,0.25,0.25,0.25,0.05,0.2,5,1.6094379124341003,0.5,0.14461637749385842,0,1,0.6829268292682927
42,2,01000.jpg,0,1,0,0,0,0,82,0.25,0.25,0.25,0.05,0.2,5,1.6094379124341003,0.5,0.141721967134423,0,1,0.6904761904761905
43,2,10100.jpg,1,0,1,0,0,1,82,0.25,0.25,0.25,0.05,0.2,5,1.6094379124341003,0.5,0.8124077522026852,1,1,0.6976744186046512
44,2,00110.jpg,0,0,1,1,0,0,82,0.25,0.25,0.25,0.05,0.2,5,1.6094379124341003,0.5,0.4258683123687592,1,0,0.6818181818181818
45,2,00000.jpg,0,0,0,0,0,0,82,0.25,0.25,0.25,0.05,0.2,5,1.6094379124341003,0.5,0.14957367419707915,0,1,0.6888888888888889
46,2,10110.jpg,1,0,1,1,0,1,82,0.25,0.25,0.25,0.05,0.2,5,1.6094379124341003,0.5,0.8120703340949802,1,1,0.6956521739130435
47,2,11101.jpg,1,1,1,0,1,1,82,0.25,0.25,0.25,0.05,0.2,5,1.6094379124341003,0.5,0.8217171954934126,1,1,0.7021276595744681
48,2,11011.jpg,1,1,0,1,1,0,82,0.25,0.25,0.25,0.05,0.2,5,1.6094379124341003,0.5,0.3912690793388959,1,0,0.6875
49,2,01001.jpg,0,1,0,0,1,0,82,0.25,0.25,0.25,0.05,0.2,5,1.6094379124341003,0.5,0.13312432070064223,0,1,0.6938775510204082
50,2,01111.jpg,0,1,1,1,1,0,82,0.25,0.25,0.25,0.05,0.2,5,1.6094379124341003,0.5,0.3949053739740322,0,1,0.7
51,2,10001.jpg,1,0,0,0,1,0,82,0.25,0.25,0.25,0.05,0.2,5,1.6094379124341003,0.5,0.39302128168713973,0,1,0.7058823529411765
52,2,00010.jpg,0,0,0,1,0,0,82,0.25,0.25,0.25,0.05,0.2,5,1.6094379124341003,0.5,0.14353274926338147,0,1,0.7115384615384616
53,2,11000.jpg,1,1,0,0,0,0,82,0.25,0.25,0.25,0.05,0.2,5,1.6094379124341003,0.5,0.4125420562301025,0,1,0.71698113207547165
54,2,00100.jpg,0,0,1,0,0,0,82,0.25,0.25,0.25,0.05,0.2,5,1.6094379124341003,0.5,0.4364430984424905,0,1,0.7222222222222222
55,2,00001.jpg,0,0,0,0,1,0,82,0.25,0.25,0.25,0.05,0.2,5,1.6094379124341003,0.5,0.14155413443573908,1,0,0.7090909090909091
56,2,10111.jpg,1,0,1,1,1,1,82,0.25,0.25,0.25,0.05,0.2,5,1.6094379124341003,0.5,0.82211918678967,1,1,0.7142857142857143
57,2,11111.jpg,1,1,1,1,1,1,82,0.25,0.25,0.25,0.05,0.2,5,1.6094379124341003,0.5,0.8165251114924855,1,1,0.7192982456140351
58,2,01101.jpg,0,1,1,0,1,0,82,0.25,0.25,0.25,0.05,0.2,5,1.6094379124341003,0.5,0.4182319012848009,1,0,0.7068965517241379
59,2,00111.jpg,0,0,1,1,1,0,82,0.25,0.25,0.25,0.05,0.2,5,1.6094379124341003,0.5,0.4316245975812404,1,0,0.6949152542372882
60,2,11010.jpg,1,1,0,1,0,0,82,0.25,0.25,0.25,0.05,0.2,5,1.6094379124341003,0.5,0.3806700646420625,0,1,0.7
61,2,00101.jpg,0,0,1,0,1,0,82,0.25,0.25,0.25,0.05,0.2,5,1.6094379124341003,0.5,0.4157578468975122,1,0,0.6885245901639344
62,2,11001.jpg,1,1,0,0,1,0,82,0.25,0.25,0.25,0.05,0.2,5,1.6094379124341003,0.5,0.41027749382657397,0,1,0.6935483870967742
63,2,01110.jpg,0,1,1,1,0,0,82,0.25,0.25,0.25,0.05,0.2,5,1.6094379124341003,0.5,0.3842348225657309,1,0,0.6825396825396826
64,2,11110.jpg,1,1,1,1,0,1,82,0.25,0.25,0.25,0.05,0.2,5,1.6094379124341003,0.5,0.8040962902761793,1,1,0.6875
65,3,01101.jpg,0,1,1,0,1,0,82,0.25,0.25,0.25,0.05,0.2,5,1.6094379124341003,0.5,0.3857604128012833,1,0,0.676923076923077
66,3,01100.jpg,0,1,1,0,0,0,82,0.25,0.25,0.25,0.05,0.2,5,1.6094379124341003,0.5,0.3806975489227315,0,1,0.6818181818181818
67,3,11110.jpg,1,1,1,1,0,1,82,0.25,0.25,0.25,0.05,0.2,5,1.6094379124341003,0.5,0.8161727528750907,1,1,0.6865671641791045
68,3,11000.jpg,1,1,0,0,0,0,82,0.25,0.25,0.25,0.05,0.2,5,1.6094379124341003,0.5,0.40594752723659777,0,1,0.6911764705882353
69,3,10100.jpg,1,0,1,0,0,1,82,0.25,0.25,0.25,0.05,0.2,5,1.6094379124341003,0.5,0.8191063745858574,1,1,0.6956521739130435
70,3,00011.jpg,0,0,0,1,1,0,82,0.25,0.25,0.25,0.05,0.2,5,1.6094379124341003,0.5,0.13446728639074645,0,1,0.7
71,3,10001.jpg,1,0,0,0,1,0,82,0.25,0.25,0.25,0.05,0.2,5,1.6094379124341003,0.5,0.38349559563811025,1,0,0.6901408450704225
72,3,00111.jpg,0,0,1,1,1,0,82,0.25,0.25,0.25,0.05,0.2,5,1.6094379124341003,0.5,0.37810289638140127,0,1,0.6944444444444444
73,3,10011.jpg,1,0,0,1,1,0,82,0.25,0.25,0.25,0.05,0.2,5,1.6094379124341003,0.5,0.3679334503195194,1,0,0.684931506849315
74,3,11001.jpg,1,1,0,0,1,0,82,0.25,0.25,0.25,0.05,0.2,5,1.6094379124341003,0.5,0.3766033434200708,0,1,0.6891891891891891
75,3,01110.jpg,0,1,1,1,0,0,82,0.25,0.25,0.25,0.05,0.2,5,1.6094379124341003,0.5,0.4032397350291867,0,1,0.6933333333333334
76,3,00100.jpg,0,0,1,0,0,0,82,0.25,0.25,0.25,0.05,0.2,5,1.6094379124341003,0.5,0.4133164904621193,1,0,0.6842105263157895
77,3,10110.jpg,1,0,1,1,0,1,82,0.25,0.25,0.25,0.05,0.2,5,1.6094379124341003,0.5,0.8279746271486832,1,1,0.6883116883116883
78,3,01011.jpg,0,1,0,1,1,0,82,0.25,0.25,0.25,0.05,0.2,5,1.6094379124341003,0.5,0.13332806399801675,0,1,0.6923076923076923
79,3,00001.jpg,0,0,0,0,1,0,82,0.25,0.25,0.25,0.05,0.2,5,1.6094379124341003,0.5,0.1299972984411927,0,1,0.6962025316455697
80,3,11010.jpg,1,1,0,1,0,0,82,0.25,0.25,0.25,0.05,0.2,5,1.6094379124341003,0.5,0.40856891264735096,1,0,0.6875
81,3,10000.jpg,1,0,0,0,0,0,82,0.25,0.25,0.25,0.05,0.2,5,1.6094379124341003,0.5,0.4268578239421212,1,0,0.6790123456790124
82,3,01001.jpg,0,1,0,0,1,0,82,0.25,0.25,0.25,0.05,0.2,5,1.6094379124341003,0.5,0.12740652007140105,0,1,0.6829268292682927
83,3,00010.jpg,0,0,0,1,0,0,82,0.25,0.25,0.25,0.05,0.2,5,1.6094379124341003,0.5,0.16147129722274328,0,1,0.6867469879518072
84,3,00000.jpg,0,0,0,0,0,0,82,0.25,0.25,0.25,0.05,0.2,5,1.6094379124341003,0.5,0.15283185703456156,0,1,0.6904761904761905
85,3,10111.jpg,1,0,1,1,1,1,82,0.25,0.25,0.25,0.05,0.2,5,1.6094379124341003,0.5,0.8126090500520592,1,1,0.6941176470588235
86,3,11111.jpg,1,1,1,1,1,1,82,0.25,0.25,0.25,0.05,0.2,5,1.6094379124341003,0.5,0.8103882751648543,1,1,0.6976744186046512
87,3,11100.jpg,1,1,1,0,0,1,82,0.25,0.25,0.25,0.05,0.2,5,1.6094379124341003,0.5,0.8117398006588081,1,1,0.7011494252873564
88,3,01010.jpg,0,1,0,1,0,0,82,0.25,0.25,0.25,0.05,0.2,5,1.6094379124341003,0.5,0.14801817276629103,0,1,0.7045454545454546
89,3,01000.jpg,0,1,0,0,0,0,82,0.25,0.25,0.25,0.05,0.2,5,1.6094379124341003,0.5,0.14035805741269533,0,1,0.7078651685393258
90,3,10010.jpg,1,0,0,1,0,0,82,0.25,0.25,0.25,0.05,0.2,5,1.6094379124341003,0.5,0.4036055793268802,1,0,0.7
91,3,01111.jpg,0,1,1,1,1,0,82,0.25,0.25,0.25,0.05,0.2,5,1.6094379124341003,0.5,0.3936776005149204,1,0,0.6923076923076923
92,3,00101.jpg,0,0,1,0,1,0,82,0.25,0.25,0.25,0.05,0.2,5,1.6094379124341003,0.5,0.3867496486608965,0,1,0.6956521739130435
93,3,11011.jpg,1,1,0,1,1,0,82,0.25,0.25,0.25,0.05,0.2,5,1.6094379124341003,0.5,0.39235580910063794,0,1,0.6989247311827957
94,3,00110.jpg,0,0,1,1,0,0,82,0.25,0.25,0.25,0.05,0.2,5,1.6094379124341003,0.5,0.4130955025059775,0,1,0.7021276595744681
95,3,10101.jpg,1,0,1,0,1,1,82,0.25,0.25,0.25,0.05,0.2,5,1.6094379124341003,0.5,0.8117260637908997,1,1,0.7052631578947368
96,3,11101.jpg,1,1,1,0,1,1,82,0.25,0.25,0.25,0.05,0.2,5,1.6094379124341003,0.5,0.8102375348598166,1,1,0.7083333333333334
1,1,11101.jpg,1,1,1,0,1,1,83,0.25,0.25,0.25,0.05,0.2,5,1.6094379124341003,0.5,0.5,1,1,1
2,1,11111.jpg,1,1,1,1,1,1,83,0.25,0.25,0.25,0.05,0.2,5,1.6094379124341003,0.5,0.5,0,0,0.5
3,1,00001.jpg,0,0,0,0,1,0,83,0.25,0.25,0.25,0.05,0.2,5,1.6094379124341003,0.5,0.5,1,0,0.3333333333333333
4,1,00111.jpg,0,0,1,1,1,0,83,0.25,0.25,0.25,0.05,0.2,5,1.6094379124341003,0.5,0.24652958251322848,1,0,0.25
5,1,00101.jpg,0,0,1,0,1,0,83,0.25,0.25,0.25,0.05,0.2,5,1.6094379124341003,0.5,0.12054044175144459,0,1,0.4
6,1,00100.jpg,0,0,1,0,0,0,83,0.25,0.25,0.25,0.05,0.2,5,1.6094379124341003,0.5,0.0958792213197023,0,1,0.5
7,1,01001.jpg,0,1,0,0,1,0,83,0.25,0.25,0.25,0.05,0.2,5,1.6094379124341003,0.5,0.38692188791888,0,1,0.5714285714285714
8,1,11110.jpg,1,1,1,1,0,1,83,0.25,0.25,0.25,0.05,0.2,5,1.6094379124341003,0.5,0.9170906107172355,1,1,0.625
9,1,01101.jpg,0,1,1,0,1,0,83,0.25,0.25,0.25,0.05,0.2,5,1.6094379124341003,0.5,0.5006538526097585,0,1,0.6666666666666666
10,1,00010.jpg,0,0,0,1,0,0,83,0.25,0.25,0.25,0.05,0.2,5,1.6094379124341003,0.5,0.08837198500250223,0,1,0.7
11,1,10110.jpg,1,0,1,1,0,1,83,0.25,0.25,0.25,0.05,0.2,5,1.6094379124341003,0.5,0.6692948371285754,1,1,0.7272727272727273
12,1,01000.jpg,0,1,0,0,0,0,83,0.25,0.25,0.25,0.05,0.2,5,1.6094379124341003,0.5,0.20239928507723656,0,1,0.75
13,1,10001.jpg,1,0,0,0,1,0,83,0.25,0.25,0.25,0.05,0.2,5,1.6094379124341003,0.5,0.4250868993148553,1,0,0.6923076923076923
14,1,01011.jpg,0,1,0,1,1,0,83,0.25,0.25,0.25,0.05,0.2,5,1.6094379124341003,0.5,0.18352725053903074,0,1,0.7142857142857143
15,1,11001.jpg,1,1,0,0,1,0,83,0.25,0.25,0.25,0.05,0.2,5,1.6094379124341003,0.5,0.5743859794223736,0,1,0.7333333333333333
16,1,10010.jpg,1,0,0,1,0,0,83,0.25,0.25,0.25,0.05,0.2,5,1.6094379124341003,0.5,0.5425441357564924,1,0,0.6875
17,1,01111.jpg,0,1,1,1,1,0,83,0.25,0.25,0.25,0.05,0.2,5,1.6094379124341003,0.5,0.47409151015419176,0,1,0.7058823529411765
18,1,00110.jpg,0,0,1,1,0,0,83,0.25,0.25,0.25,0.05,0.2,5,1.6094379124341003,0.5,0.382124931778325,0,1,0.7222222222222222
19,1,10111.jpg,1,0,1,1,1,1,83,0.25,0.25,0.25,0.05,0.2,5,1.6094379124341003,0.5,0.7139585825444051,0,0,0.6842105263157895
20,1,10011.jpg,1,0,0,1,1,0,83,0.25,0.25,0.25,0.05,0.2,5,1.6094379124341003,0.5,0.42990668342173843,1,0,0.65
21,1,01010.jpg,0,1,0,1,0,0,83,0.25,0.25,0.25,0.05,0.2,5,1.6094379124341003,0.5,0.17311805000919203,1,0,0.6190476190476191
22,1,01100.jpg,0,1,1,0,0,0,83,0.25,0.25,0.25,0.05,0.2,5,1.6094379124341003,0.5,0.4193701072929651,1,0,0.5909090909090909
23,1,10100.jpg,1,0,1,0,0,1,83,0.25,0.25,0.25,0.05,0.2,5,1.6094379124341003,0.5,0.7788245360685321,1,1,0.6086956521739131
24,1,11011.jpg,1,1,0,1,1,0,83,0.25,0.25,0.25,0.05,0.2,5,1.6094379124341003,0.5,0.46866525603614395,1,0,0.5833333333333334
25,1,01110.jpg,0,1,1,1,0,0,83,0.25,0.25,0.25,0.05,0.2,5,1.6094379124341003,0.5,0.39198175091991505,0,1,0.6
26,1,00011.jpg,0,0,0,1,1,0,83,0.25,0.25,0.25,0.05,0.2,5,1.6094379124341003,0.5,0.14417431405669393,0,1,0.6153846153846154
27,1,11000.jpg,1,1,0,0,0,0,83,0.25,0.25,0.25,0.05,0.2,5,1.6094379124341003,0.5,0.4750775383204352,1,0,0.5925925925925926
28,1,10000.jpg,1,0,0,0,0,0,83,0.25,0.25,0.25,0.05,0.2,5,1.6094379124341003,0.5,0.4722575682702739,1,0,0.5714285714285714
29,1,11010.jpg,1,1,0,1,0,0,83,0.25,0.25,0.25,0.05,0.2,5,1.6094379124341003,0.5,0.4254037313560568,0,1,0.5862068965517241
30,1,00000.jpg,0,0,0,0,0,0,83,0.25,0.25,0.25,0.05,0.2,5,1.6094379124341003,0.5,0.1656515833717948,0,1,0.6
31,1,11100.jpg,1,1,1,0,0,1,83,0.25,0.25,0.25,0.05,0.2,5,1.6094379124341003,0.5,0.7979712547592758,1,1,0.6129032258064516
32,1,10101.jpg,1,0,1,0,1,1,83,0.25,0.25,0.25,0.05,0.2,5,1.6094379124341003,0.5,0.7807862113135946,1,1,0.625
33,2,01010.jpg,0,1,0,1,0,0,83,0.25,0.25,0.25,0.05,0.2,5,1.6094379124341003,0.5,0.13535963777919338,0,1,0.6363636363636364
34,2,10011.jpg,1,0,0,1,1,0,83,0.25,0.25,0.25,0.05,0.2,5,1.6094379124341003,0.5,0.3937991017063976,0,1,0.6470588235294118
35,2,01011.jpg,0,1,0,1,1,0,83,0.25,0.25,0.25,0.05,0.2,5,1.6094379124341003,0.5,0.13449566254660986,0,1,0.6571428571428571
36,2,10101.jpg,1,0,1,0,1,1,83,0.25,0.25,0.25,0.05,0.2,5,1.6094379124341003,0.5,0.8212920125196105,1,1,0.6666666666666666
37,2,11100.jpg,1,1,1,0,0,1,83,0.25,0.25,0.25,0.05,0.2,5,1.6094379124341003,0.5,0.8178734612990529,1,1,0.6756756756756757
38,2,10010.jpg,1,0,0,1,0,0,83,0.25,0.25,0.25,0.05,0.2,5,1.6094379124341003,0.5,0.3714679646479241,0,1,0.6842105263157895
39,2,10000.jpg,1,0,0,0,0,0,83,0.25,0.25,0.25,0.05,0.2,5,1.6094379124341003,0.5,0.3583305249492621,0,1,0.6923076923076923
40,2,01100.jpg,0,1,1,0,0,0,83,0.25,0.25,0.25,0.05,0.2,5,1.6094379124341003,0.5,0.43143491437288395,1,0,0.675
41,2,00011.jpg,0,0,0,1,1,0,83,0.25,0.25,0.25,0.05,0.2,5,1.6094379124341003,0.5,0.14461637749385842,0,1,0.6829268292682927
42,2,01000.jpg,0,1,0,0,0,0,83,0.25,0.25,0.25,0.05,0.2,5,1.6094379124341003,0.5,0.141721967134423,0,1,0.6904761904761905
43,2,10100.jpg,1,0,1,0,0,1,83,0.25,0.25,0.25,0.05,0.2,5,1.6094379124341003,0.5,0.8124077522026852,1,1,0.6976744186046512
44,2,00110.jpg,0,0,1,1,0,0,83,0.25,0.25,0.25,0.05,0.2,5,1.6094379124341003,0.5,0.4258683123687592,1,0,0.6818181818181818
45,2,00000.jpg,0,0,0,0,0,0,83,0.25,0.25,0.25,0.05,0.2,5,1.6094379124341003,0.5,0.14957367419707915,0,1,0.6888888888888889
46,2,10110.jpg,1,0,1,1,0,1,83,0.25,0.25,0.25,0.05,0.2,5,1.6094379124341003,0.5,0.8120703340949802,1,1,0.6956521739130435
47,2,11101.jpg,1,1,1,0,1,1,83,0.25,0.25,0.25,0.05,0.2,5,1.6094379124341003,0.5,0.8217171954934126,1,1,0.7021276595744681
48,2,11011.jpg,1,1,0,1,1,0,83,0.25,0.25,0.25,0.05,0.2,5,1.6094379124341003,0.5,0.3912690793388959,1,0,0.6875
49,2,01001.jpg,0,1,0,0,1,0,83,0.25,0.25,0.25,0.05,0.2,5,1.6094379124341003,0.5,0.13312432070064223,0,1,0.6938775510204082
50,2,01111.jpg,0,1,1,1,1,0,83,0.25,0.25,0.25,0.05,0.2,5,1.6094379124341003,0.5,0.3949053739740322,0,1,0.7
51,2,10001.jpg,1,0,0,0,1,0,83,0.25,0.25,0.25,0.05,0.2,5,1.6094379124341003,0.5,0.39302128168713973,0,1,0.7058823529411765
52,2,00010.jpg,0,0,0,1,0,0,83,0.25,0.25,0.25,0.05,0.2,5,1.6094379124341003,0.5,0.14353274926338147,0,1,0.7115384615384616
53,2,11000.jpg,1,1,0,0,0,0,83,0.25,0.25,0.25,0.05,0.2,5,1.6094379124341003,0.5,0.4125420562301025,0,1,0.71698113207547165
54,2,00100.jpg,0,0,1,0,0,0,83,0.25,0.25,0.25,0.05,0.2,5,1.6094379124341003,0.5,0.4364430984424905,0,1,0.7222222222222222
55,2,00001.jpg,0,0,0,0,1,0,83,0.25,0.25,0.25,0.05,0.2,5,1.6094379124341003,0.5,0.14155413443573908,1,0,0.7090909090909091
56,2,10111.jpg,1,0,1,1,1,1,83,0.25,0.25,0.25,0.05,0.2,5,1.6094379124341003,0.5,0.82211918678967,1,1,0.7142857142857143
57,2,11111.jpg,1,1,1,1,1,1,83,0.25,0.25,0.25,0.05,0.2,5,1.6094379124341003,0.5,0.8165251114924855,1,1,0.7192982456140351
58,2,01101.jpg,0,1,1,0,1,0,83,0.25,0.25,0.25,0.05,0.2,5,1.6094379124341003,0.5,0.4182319012848009,1,0,0.7068965517241379
59,2,00111.jpg,0,0,1,1,1,0,83,0.25,0.25,0.25,0.05,0.2,5,1.6094379124341003,0.5,0.4316245975812404,1,0,0.6949152542372882
60,2,11010.jpg,1,1,0,1,0,0,83,0.25,0.25,0.25,0.05,0.2,5,1.6094379124341003,0.5,0.3806700646420625,0,1,0.7
61,2,00101.jpg,0,0,1,0,1,0,83,0.25,0.25,0.25,0.05,0.2,5,1.6094379124341003,0.5,0.4157578468975122,1,0,0.6885245901639344
62,2,11001.jpg,1,1,0,0,1,0,83,0.25,0.25,0.25,0.05,0.2,5,1.6094379124341003,0.5,0.41027749382657397,0,1,0.6935483870967742
63,2,01110.jpg,0,1,1,1,0,0,83,0.25,0.25,0.25,0.05,0.2,5,1.6094379124341003,0.5,0.3842348225657309,1,0,0.6825396825396826
64,2,11110.jpg,1,1,1,1,0,1,83,0.25,0.25,0.25,0.05,0.2,5,1.6094379124341003,0.5,0.8040962902761793,1,1,0.6875
65,3,01101.jpg,0,1,1,0,1,0,83,0.25,0.25,0.25,0.05,0.2,5,1.6094379124341003,0.5,0.3857604128012833,1,0,0.676923076923077
66,3,01100.jpg,0,1,1,0,0,0,83,0.25,0.25,0.25,0.05,0.2,5,1.6094379124341003,0.5,0.3806975489227315,0,1,0.6818181818181818
67,3,11110.jpg,1,1,1,1,0,1,83,0.25,0.25,0.25,0.05,0.2,5,1.6094379124341003,0.5,0.8161727528750907,1,1,0.6865671641791045
68,3,11000.jpg,1,1,0,0,0,0,83,0.25,0.25,0.25,0.05,0.2,5,1.6094379124341003,0.5,0.40594752723659777,0,1,0.6911764705882353
69,3,10100.jpg,1,0,1,0,0,1,83,0.25,0.25,0.25,0.05,0.2,5,1.6094379124341003,0.5,0.8191063745858574,1,1,0.6956521739130435
70,3,00011.jpg,0,0,0,1,1,0,83,0.25,0.25,0.25,0.05,0.2,5,1.6094379124341003,0.5,0.13446728639074645,0,1,0.7
71,3,10001.jpg,1,0,0,0,1,0,83,0.25,0.25,0.25,0.05,0.2,5,1.6094379124341003,0.5,0.38349559563811025,1,0,0.6901408450704225
72,3,00111.jpg,0,0,1,1,1,0,83,0.25,0.25,0.25,0.05,0.2,5,1.6094379124341003,0.5,0.37810289638140127,0,1,0.6944444444444444
73,3,10011.jpg,1,0,0,1,1,0,83,0.25,0.25,0.25,0.05,0.2,5,1.6094379124341003,0.5,0.3679334503195194,1,0,0.684931506849315
74,3,11001.jpg,1,1,0,0,1,0,83,0.25,0.25,0.25,0.05,0.2,5,1.6094379124341003,0.5,0.3766033434200708,0,1,0.6891891891891891
75,3,01110.jpg,0,1,1,1,0,0,83,0.25,0.25,0.25,0.05,0.2,5,1.6094379124341003,0.5,0.4032397350291867,0,1,0.6933333333333334
76,3,00100.jpg,0,0,1,0,0,0,83,0.25,0.25,0.25,0.05,0.2,5,1.6094379124341003,0.5,0.4133164904621193,1,0,0.6842105263157895
77,3,10110.jpg,1,0,1,1,0,1,83,0.25,0.25,0.25,0.05,0.2,5,1.6094379124341003,0.5,0.8279746271486832,1,1,0.6883116883116883
78,3,01011.jpg,0,1,0,1,1,0,83,0.25,0.25,0.25,0.05,0.2,5,1.6094379124341003,0.5,0.13332806399801675,0,1,0.6923076923076923
79,3,00001.jpg,0,0,0,0,1,0,83,0.25,0.25,0.25,0.05,0.2,5,1.6094379124341003,0.5,0.1299972984411927,0,1,0.6962025316455697
80,3,11010.jpg,1,1,0,1,0,0,83,0.25,0.25,0.25,0.05,0.2,5,1.6094379124341003,0.5,0.40856891264735096,1,0,0.6875
81,3,10000.jpg,1,0,0,0,0,0,83,0.25,0.25,0.25,0.05,0.2,5,1.6094379124341003,0.5,0.4268578239421212,1,0,0.6790123456790124
82,3,01001.jpg,0,1,0,0,1,0,83,0.25,0.25,0.25,0.05,0.2,5,1.6094379124341003,0.5,0.12740652007140105,0,1,0.6829268292682927
83,3,00010.jpg,0,0,0,1,0,0,83,0.25,0.25,0.25,0.05,0.2,5,1.6094379124341003,0.5,0.16147129722274328,0,1,0.6867469879518072
84,3,00000.jpg,0,0,0,0,0,0,83,0.25,0.25,0.25,0.05,0.2,5,1.6094379124341003,0.5,0.15283185703456156,0,1,0.6904761904761905
85,3,10111.jpg,1,0,1,1,1,1,83,0.25,0.25,0.25,0.05,0.2,5,1.6094379124341003,0.5,0.8126090500520592,1,1,0.6941176470588235
86,3,11111.jpg,1,1,1,1,1,1,83,0.25,0.25,0.25,0.05,0.2,5,1.6094379124341003,0.5,0.8103882751648543,1,1,0.6976744186046512
87,3,11100.jpg,1,1,1,0,0,1,83,0.25,0.25,0.25,0.05,0.2,5,1.6094379124341003,0.5,0.8117398006588081,1,1,0.7011494252873564
88,3,01010.jpg,0,1,0,1,0,0,83,0.25,0.25,0.25,0.05,0.2,5,1.6094379124341003,0.5,0.14801817276629103,0,1,0.7045454545454546
89,3,01000.jpg,0,1,0,0,0,0,83,0.25,0.25,0.25,0.05,0.2,5,1.6094379124341003,0.5,0.14035805741269533,0,1,0.7078651685393258
90,3,10010.jpg,1,0,0,1,0,0,83,0.25,0.25,0.25,0.05,0.2,5,1.6094379124341003,0.5,0.4036055793268802,1,0,0.7
91,3,01111.jpg,0,1,1,1,1,0,83,0.25,0.25,0.25,0.05,0.2,5,1.6094379124341003,0.5,0.3936776005149204,1,0,0.6923076923076923
92,3,00101.jpg,0,0,1,0,1,0,83,0.25,0.25,0.25,0.05,0.2,5,1.6094379124341003,0.5,0.3867496486608965,0,1,0.6956521739130435
93,3,11011.jpg,1,1,0,1,1,0,83,0.25,0.25,0.25,0.05,0.2,5,1.6094379124341003,0.5,0.39235580910063794,0,1,0.6989247311827957
94,3,00110.jpg,0,0,1,1,0,0,83,0.25,0.25,0.25,0.05,0.2,5,1.6094379124341003,0.5,0.4130955025059775,0,1,0.7021276595744681
95,3,10101.jpg,1,0,1,0,1,1,83,0.25,0.25,0.25,0.05,0.2,5,1.6094379124341003,0.5,0.8117260637908997,1,1,0.7052631578947368
96,3,11101.jpg,1,1,1,0,1,1,83,0.25,0.25,0.25,0.05,0.2,5,1.6094379124341003,0.5,0.8102375348598166,1,1,0.7083333333333334
1,1,11101.jpg,1,1,1,0,1,1,84,0.25,0.25,0.25,0.05,0.2,5,1.6094379124341003,0.5,0.5,1,1,1
2,1,11111.jpg,1,1,1,1,1,1,84,0.25,0.25,0.25,0.05,0.2,5,1.6094379124341003,0.5,0.5,0,0,0.5
3,1,00001.jpg,0,0,0,0,1,0,84,0.25,0.25,0.25,0.05,0.2,5,1.6094379124341003,0.5,0.5,1,0,0.3333333333333333
4,1,00111.jpg,0,0,1,1,1,0,84,0.25,0.25,0.25,0.05,0.2,5,1.6094379124341003,0.5,0.24652958251322848,1,0,0.25
5,1,00101.jpg,0,0,1,0,1,0,84,0.25,0.25,0.25,0.05,0.2,5,1.6094379124341003,0.5,0.12054044175144459,0,1,0.4
6,1,00100.jpg,0,0,1,0,0,0,84,0.25,0.25,0.25,0.05,0.2,5,1.6094379124341003,0.5,0.0958792213197023,0,1,0.5
7,1,01001.jpg,0,1,0,0,1,0,84,0.25,0.25,0.25,0.05,0.2,5,1.6094379124341003,0.5,0.38692188791888,0,1,0.5714285714285714
8,1,11110.jpg,1,1,1,1,0,1,84,0.25,0.25,0.25,0.05,0.2,5,1.6094379124341003,0.5,0.9170906107172355,1,1,0.625
9,1,01101.jpg,0,1,1,0,1,0,84,0.25,0.25,0.25,0.05,0.2,5,1.6094379124341003,0.5,0.5006538526097585,0,1,0.6666666666666666
10,1,00010.jpg,0,0,0,1,0,0,84,0.25,0.25,0.25,0.05,0.2,5,1.6094379124341003,0.5,0.08837198500250223,0,1,0.7
11,1,10110.jpg,1,0,1,1,0,1,84,0.25,0.25,0.25,0.05,0.2,5,1.6094379124341003,0.5,0.6692948371285754,1,1,0.7272727272727273
12,1,01000.jpg,0,1,0,0,0,0,84,0.25,0.25,0.25,0.05,0.2,5,1.6094379124341003,0.5,0.20239928507723656,0,1,0.75
13,1,10001.jpg,1,0,0,0,1,0,84,0.25,0.25,0.25,0.05,0.2,5,1.6094379124341003,0.5,0.4250868993148553,1,0,0.6923076923076923
14,1,01011.jpg,0,1,0,1,1,0,84,0.25,0.25,0.25,0.05,0.2,5,1.6094379124341003,0.5,0.18352725053903074,0,1,0.7142857142857143
15,1,11001.jpg,1,1,0,0,1,0,84,0.25,0.25,0.25,0.05,0.2,5,1.6094379124341003,0.5,0.5743859794223736,0,1,0.7333333333333333
16,1,10010.jpg,1,0,0,1,0,0,84,0.25,0.25,0.25,0.05,0.2,5,1.6094379124341003,0.5,0.5425441357564924,1,0,0.6875
17,1,01111.jpg,0,1,1,1,1,0,84,0.25,0.25,0.25,0.05,0.2,5,1.6094379124341003,0.5,0.47409151015419176,0,1,0.7058823529411765
18,1,00110.jpg,0,0,1,1,0,0,84,0.25,0.25,0.25,0.05,0.2,5,1.6094379124341003,0.5,0.382124931778325,0,1,0.7222222222222222
19,1,10111.jpg,1,0,1,1,1,1,84,0.25,0.25,0.25,0.05,0.2,5,1.6094379124341003,0.5,0.7139585825444051,0,0,0.6842105263157895
20,1,10011.jpg,1,0,0,1,1,0,84,0.25,0.25,0.25,0.05,0.2,5,1.6094379124341003,0.5,0.42990668342173843,1,0,0.65
21,1,01010.jpg,0,1,0,1,0,0,84,0.25,0.25,0.25,0.05,0.2,5,1.6094379124341003,0.5,0.17311805000919203,1,0,0.6190476190476191
22,1,01100.jpg,0,1,1,0,0,0,84,0.25,0.25,0.25,0.05,0.2,5,1.6094379124341003,0.5,0.4193701072929651,1,0,0.5909090909090909
23,1,10100.jpg,1,0,1,0,0,1,84,0.25,0.25,0.25,0.05,0.2,5,1.6094379124341003,0.5,0.7788245360685321,1,1,0.6086956521739131
24,1,11011.jpg,1,1,0,1,1,0,84,0.25,0.25,0.25,0.05,0.2,5,1.6094379124341003,0.5,0.46866525603614395,1,0,0.5833333333333334
25,1,01110.jpg,0,1,1,1,0,0,84,0.25,0.25,0.25,0.05,0.2,5,1.6094379124341003,0.5,0.39198175091991505,0,1,0.6
26,1,00011.jpg,0,0,0,1,1,0,84,0.25,0.25,0.25,0.05,0.2,5,1.6094379124341003,0.5,0.14417431405669393,0,1,0.6153846153846154
27,1,11000.jpg,1,1,0,0,0,0,84,0.25,0.25,0.25,0.05,0.2,5,1.6094379124341003,0.5,0.4750775383204352,1,0,0.5925925925925926
28,1,10000.jpg,1,0,0,0,0,0,84,0.25,0.25,0.25,0.05,0.2,5,1.6094379124341003,0.5,0.4722575682702739,1,0,0.5714285714285714
29,1,11010.jpg,1,1,0,1,0,0,84,0.25,0.25,0.25,0.05,0.2,5,1.6094379124341003,0.5,0.4254037313560568,0,1,0.5862068965517241
30,1,00000.jpg,0,0,0,0,0,0,84,0.25,0.25,0.25,0.05,0.2,5,1.6094379124341003,0.5,0.1656515833717948,0,1,0.6
31,1,11100.jpg,1,1,1,0,0,1,84,0.25,0.25,0.25,0.05,0.2,5,1.6094379124341003,0.5,0.7979712547592758,1,1,0.6129032258064516
32,1,10101.jpg,1,0,1,0,1,1,84,0.25,0.25,0.25,0.05,0.2,5,1.6094379124341003,0.5,0.7807862113135946,1,1,0.625
33,2,01010.jpg,0,1,0,1,0,0,84,0.25,0.25,0.25,0.05,0.2,5,1.6094379124341003,0.5,0.13535963777919338,0,1,0.6363636363636364
34,2,10011.jpg,1,0,0,1,1,0,84,0.25,0.25,0.25,0.05,0.2,5,1.6094379124341003,0.5,0.3937991017063976,0,1,0.6470588235294118
35,2,01011.jpg,0,1,0,1,1,0,84,0.25,0.25,0.25,0.05,0.2,5,1.6094379124341003,0.5,0.13449566254660986,0,1,0.6571428571428571
36,2,10101.jpg,1,0,1,0,1,1,84,0.25,0.25,0.25,0.05,0.2,5,1.6094379124341003,0.5,0.8212920125196105,1,1,0.6666666666666666
37,2,11100.jpg,1,1,1,0,0,1,84,0.25,0.25,0.25,0.05,0.2,5,1.6094379124341003,0.5,0.8178734612990529,1,1,0.6756756756756757
38,2,10010.jpg,1,0,0,1,0,0,84,0.25,0.25,0.25,0.05,0.2,5,1.6094379124341003,0.5,0.3714679646479241,0,1,0.6842105263157895
39,2,10000.jpg,1,0,0,0,0,0,84,0.25,0.25,0.25,0.05,0.2,5,1.6094379124341003,0.5,0.3583305249492621,0,1,0.6923076923076923
40,2,01100.jpg,0,1,1,0,0,0,84,0.25,0.25,0.25,0.05,0.2,5,1.6094379124341003,0.5,0.43143491437288395,1,0,0.675
41,2,00011.jpg,0,0,0,1,1,0,84,0.25,0.25,0.25,0.05,0.2,5,1.6094379124341003,0.5,0.14461637749385842,0,1,0.6829268292682927
42,2,01000.jpg,0,1,0,0,0,0,84,0.25,0.25,0.25,0.05,0.2,5,1.6094379124341003,0.5,0.141721967134423,0,1,0.6904761904761905
43,2,10100.jpg,1,0,1,0,0,1,84,0.25,0.25,0.25,0.05,0.2,5,1.6094379124341003,0.5,0.8124077522026852,1,1,0.6976744186046512
44,2,00110.jpg,0,0,1,1,0,0,84,0.25,0.25,0.25,0.05,0.2,5,1.6094379124341003,0.5,0.4258683123687592,1,0,0.6818181818181818
45,2,00000.jpg,0,0,0,0,0,0,84,0.25,0.25,0.25,0.05,0.2,5,1.6094379124341003,0.5,0.14957367419707915,0,1,0.6888888888888889
46,2,10110.jpg,1,0,1,1,0,1,84,0.25,0.25,0.25,0.05,0.2,5,1.6094379124341003,0.5,0.8120703340949802,1,1,0.6956521739130435
47,2,11101.jpg,1,1,1,0,1,1,84,0.25,0.25,0.25,0.05,0.2,5,1.6094379124341003,0.5,0.8217171954934126,1,1,0.7021276595744681
48,2,11011.jpg,1,1,0,1,1,0,84,0.25,0.25,0.25,0.05,0.2,5,1.6094379124341003,0.5,0.3912690793388959,1,0,0.6875
49,2,01001.jpg,0,1,0,0,1,0,84,0.25,0.25,0.25,0.05,0.2,5,1.6094379124341003,0.5,0.13312432070064223,0,1,0.6938775510204082
50,2,01111.jpg,0,1,1,1,1,0,84,0.25,0.25,0.25,0.05,0.2,5,1.6094379124341003,0.5,0.3949053739740322,0,1,0.7
51,2,10001.jpg,1,0,0,0,1,0,84,0.25,0.25,0.25,0.05,0.2,5,1.6094379124341003,0.5,0.39302128168713973,0,1,0.7058823529411765
52,2,00010.jpg,0,0,0,1,0,0,84,0.25,0.25,0.25,0.05,0.2,5,1.6094379124341003,0.5,0.14353274926338147,0,1,0.7115384615384616
53,2,11000.jpg,1,1,0,0,0,0,84,0.25,0.25,0.25,0.05,0.2,5,1.6094379124341003,0.5,0.4125420562301025,0,1,0.71698113207547165
54,2,00100.jpg,0,0,1,0,0,0,84,0.25,0.25,0.25,0.05,0.2,5,1.6094379124341003,0.5,0.4364430984424905,0,1,0.7222222222222222
55,2,00001.jpg,0,0,0,0,1,0,84,0.25,0.25,0.25,0.05,0.2,5,1.6094379124341003,0.5,0.14155413443573908,1,0,0.7090909090909091
56,2,10111.jpg,1,0,1,1,1,1,84,0.25,0.25,0.25,0.05,0.2,5,1.6094379124341003,0.5,0.82211918678967,1,1,0.7142857142857143
57,2,11111.jpg,1,1,1,1,1,1,84,0.25,0.25,0.25,0.05,0.2,5,1.6094379124341003,0.5,0.8165251114924855,1,1,0.7192982456140351
58,2,01101.jpg,0,1,1,0,1,0,84,0.25,0.25,0.25,0.05,0.2,5,1.6094379124341003,0.5,0.4182319012848009,1,0,0.7068965517241379
59,2,00111.jpg,0,0,1,1,1,0,84,0.25,0.25,0.25,0.05,0.2,5,1.6094379124341003,0.5,0.4316245975812404,1,0,0.6949152542372882
60,2,11010.jpg,1,1,0,1,0,0,84,0.25,0.25,0.25,0.05,0.2,5,1.6094379124341003,0.5,0.3806700646420625,0,1,0.7
61,2,00101.jpg,0,0,1,0,1,0,84,0.25,0.25,0.25,0.05,0.2,5,1.6094379124341003,0.5,0.4157578468975122,1,0,0.6885245901639344
62,2,11001.jpg,1,1,0,0,1,0,84,0.25,0.25,0.25,0.05,0.2,5,1.6094379124341003,0.5,0.41027749382657397,0,1,0.6935483870967742
63,2,01110.jpg,0,1,1,1,0,0,84,0.25,0.25,0.25,0.05,0.2,5,1.6094379124341003,0.5,0.3842348225657309,1,0,0.6825396825396826
64,2,11110.jpg,1,1,1,1,0,1,84,0.25,0.25,0.25,0.05,0.2,5,1.6094379124341003,0.5,0.8040962902761793,1,1,0.6875
65,3,01101.jpg,0,1,1,0,1,0,84,0.25,0.25,0.25,0.05,0.2,5,1.6094379124341003,0.5,0.3857604128012833,1,0,0.676923076923077
66,3,01100.jpg,0,1,1,0,0,0,84,0.25,0.25,0.25,0.05,0.2,5,1.6094379124341003,0.5,0.3806975489227315,0,1,0.6818181818181818
67,3,11110.jpg,1,1,1,1,0,1,84,0.25,0.25,0.25,0.05,0.2,5,1.6094379124341003,0.5,0.8161727528750907,1,1,0.6865671641791045
68,3,11000.jpg,1,1,0,0,0,0,84,0.25,0.25,0.25,0.05,0.2,5,1.6094379124341003,0.5,0.40594752723659777,0,1,0.6911764705882353
69,3,10100.jpg,1,0,1,0,0,1,84,0.25,0.25,0.25,0.05,0.2,5,1.6094379124341003,0.5,0.8191063745858574,1,1,0.6956521739130435
70,3,00011.jpg,0,0,0,1,1,0,84,0.25,0.25,0.25,0.05,0.2,5,1.6094379124341003,0.5,0.13446728639074645,0,1,0.7
71,3,10001.jpg,1,0,0,0,1,0,84,0.25,0.25,0.25,0.05,0.2,5,1.6094379124341003,0.5,0.38349559563811025,1,0,0.6901408450704225
72,3,00111.jpg,0,0,1,1,1,0,84,0.25,0.25,0.25,0.05,0.2,5,1.6094379124341003,0.5,0.37810289638140127,0,1,0.6944444444444444
73,3,10011.jpg,1,0,0,1,1,0,84,0.25,0.25,0.25,0.05,0.2,5,1.6094379124341003,0.5,0.3679334503195194,1,0,0.684931506849315
74,3,11001.jpg,1,1,0,0,1,0,84,0.25,0.25,0.25,0.05,0.2,5,1.6094379124341003,0.5,0.3766033434200708,0,1,0.6891891891891891
75,3,01110.jpg,0,1,1,1,0,0,84,0.25,0.25,0.25,0.05,0.2,5,1.6094379124341003,0.5,0.4032397350291867,0,1,0.6933333333333334
76,3,00100.jpg,0,0,1,0,0,0,84,0.25,0.25,0.25,0.05,0.2,5,1.6094379124341003,0.5,0.4133164904621193,1,0,0.6842105263157895
77,3,10110.jpg,1,0,1,1,0,1,84,0.25,0.25,0.25,0.05,0.2,5,1.6094379124341003,0.5,0.8279746271486832,1,1,0.6883116883116883
78,3,01011.jpg,0,1,0,1,1,0,84,0.25,0.25,0.25,0.05,0.2,5,1.6094379124341003,0.5,0.13332806399801675,0,1,0.6923076923076923
79,3,00001.jpg,0,0,0,0,1,0,84,0.25,0.25,0.25,0.05,0.2,5,1.6094379124341003,0.5,0.1299972984411927,0,1,0.6962025316455697
80,3,11010.jpg,1,1,0,1,0,0,84,0.25,0.25,0.25,0.05,0.2,5,1.6094379124341003,0.5,0.40856891264735096,1,0,0.6875
81,3,10000.jpg,1,0,0,0,0,0,84,0.25,0.25,0.25,0.05,0.2,5,1.6094379124341003,0.5,0.4268578239421212,1,0,0.6790123456790124
82,3,01001.jpg,0,1,0,0,1,0,84,0.25,0.25,0.25,0.05,0.2,5,1.6094379124341003,0.5,0.12740652007140105,0,1,0.6829268292682927
83,3,00010.jpg,0,0,0,1,0,0,84,0.25,0.25,0.25,0.05,0.2,5,1.6094379124341003,0.5,0.16147129722274328,0,1,0.6867469879518072
84,3,00000.jpg,0,0,0,0,0,0,84,0.25,0.25,0.25,0.05,0.2,5,1.6094379124341003,0.5,0.15283185703456156,0,1,0.6904761904761905
85,3,10111.jpg,1,0,1,1,1,1,84,0.25,0.25,0.25,0.05,0.2,5,1.6094379124341003,0.5,0.8126090500520592,1,1,0.6941176470588235
86,3,11111.jpg,1,1,1,1,1,1,84,0.25,0.25,0.25,0.05,0.2,5,1.6094379124341003,0.5,0.8103882751648543,1,1,0.6976744186046512
87,3,11100.jpg,1,1,1,0,0,1,84,0.25,0.25,0.25,0.05,0.2,5,1.6094379124341003,0.5,0.8117398006588081,1,1,0.7011494252873564
88,3,01010.jpg,0,1,0,1,0,0,84,0.25,0.25,0.25,0.05,0.2,5,1.6094379124341003,0.5,0.14801817276629103,0,1,0.7045454545454546
89,3,01000.jpg,0,1,0,0,0,0,84,0.25,0.25,0.25,0.05,0.2,5,1.6094379124341003,0.5,0.14035805741269533,0,1,0.7078651685393258
90,3,10010.jpg,1,0,0,1,0,0,84,0.25,0.25,0.25,0.05,0.2,5,1.6094379124341003,0.5,0.4036055793268802,1,0,0.7
91,3,01111.jpg,0,1,1,1,1,0,84,0.25,0.25,0.25,0.05,0.2,5,1.6094379124341003,0.5,0.3936776005149204,1,0,0.6923076923076923
92,3,00101.jpg,0,0,1,0,1,0,84,0.25,0.25,0.25,0.05,0.2,5,1.6094379124341003,0.5,0.3867496486608965,0,1,0.6956521739130435
93,3,11011.jpg,1,1,0,1,1,0,84,0.25,0.25,0.25,0.05,0.2,5,1.6094379124341003,0.5,0.39235580910063794,0,1,0.6989247311827957
94,3,00110.jpg,0,0,1,1,0,0,84,0.25,0.25,0.25,0.05,0.2,5,1.6094379124341003,0.5,0.4130955025059775,0,1,0.7021276595744681
95,3,10101.jpg,1,0,1,0,1,1,84,0.25,0.25,0.25,0.05,0.2,5,1.6094379124341003,0.5,0.8117260637908997,1,1,0.7052631578947368
96,3,11101.jpg,1,1,1,0,1,1,84,0.25,0.25,0.25,0.05,0.2,5,1.6094379124341003,0.5,0.8102375348598166,1,1,0.7083333333333334
1,1,11101.jpg,1,1,1,0,1,1,85,0.25,0.25,0.25,0.05,0.2,5,1.6094379124341003,0.5,0.5,1,1,1
2,1,11111.jpg,1,1,1,1,1,1,85,0.25,0.25,0.25,0.05,0.2,5,1.6094379124341003,0.5,0.5,0,0,0.5
3,1,00001.jpg,0,0,0,0,1,0,85,0.25,0.25,0.25,0.05,0.2,5,1.6094379124341003,0.5,0.5,1,0,0.3333333333333333
4,1,00111.jpg,0,0,1,1,1,0,85,0.25,0.25,0.25,0.05,0.2,5,1.6094379124341003,0.5,0.24652958251322848,1,0,0.25
5,1,00101.jpg,0,0,1,0,1,0,85,0.25,0.25,0.25,0.05,0.2,5,1.6094379124341003,0.5,0.12054044175144459,0,1,0.4
6,1,00100.jpg,0,0,1,0,0,0,85,0.25,0.25,0.25,0.05,0.2,5,1.6094379124341003,0.5,0.0958792213197023,0,1,0.5
7,1,01001.jpg,0,1,0,0,1,0,85,0.25,0.25,0.25,0.05,0.2,5,1.6094379124341003,0.5,0.38692188791888,0,1,0.5714285714285714
8,1,11110.jpg,1,1,1,1,0,1,85,0.25,0.25,0.25,0.05,0.2,5,1.6094379124341003,0.5,0.9170906107172355,1,1,0.625
9,1,01101.jpg,0,1,1,0,1,0,85,0.25,0.25,0.25,0.05,0.2,5,1.6094379124341003,0.5,0.5006538526097585,0,1,0.6666666666666666
10,1,00010.jpg,0,0,0,1,0,0,85,0.25,0.25,0.25,0.05,0.2,5,1.6094379124341003,0.5,0.08837198500250223,0,1,0.7
11,1,10110.jpg,1,0,1,1,0,1,85,0.25,0.25,0.25,0.05,0.2,5,1.6094379124341003,0.5,0.6692948371285754,1,1,0.7272727272727273
12,1,01000.jpg,0,1,0,0,0,0,85,0.25,0.25,0.25,0.05,0.2,5,1.6094379124341003,0.5,0.20239928507723656,0,1,0.75
13,1,10001.jpg,1,0,0,0,1,0,85,0.25,0.25,0.25,0.05,0.2,5,1.6094379124341003,0.5,0.4250868993148553,1,0,0.6923076923076923
14,1,01011.jpg,0,1,0,1,1,0,85,0.25,0.25,0.25,0.05,0.2,5,1.6094379124341003,0.5,0.18352725053903074,0,1,0.7142857142857143
15,1,11001.jpg,1,1,0,0,1,0,85,0.25,0.25,0.25,0.05,0.2,5,1.6094379124341003,0.5,0.5743859794223736,0,1,0.7333333333333333
16,1,10010.jpg,1,0,0,1,0,0,85,0.25,0.25,0.25,0.05,0.2,5,1.6094379124341003,0.5,0.5425441357564924,1,0,0.6875
17,1,01111.jpg,0,1,1,1,1,0,85,0.25,0.25,0.25,0.05,0.2,5,1.6094379124341003,0.5,0.47409151015419176,0,1,0.7058823529411765
18,1,00110.jpg,0,0,1,1,0,0,85,0.25,0.25,0.25,0.05,0.2,5,1.6094379124341003,0.5,0.382124931778325,0,1,0.7222222222222222
19,1,10111.jpg,1,0,1,1,1,1,85,0.25,0.25,0.25,0.05,0.2,5,1.6094379124341003,0.5,0.7139585825444051,0,0,0.6842105263157895
20,1,10011.jpg,1,0,0,1,1,0,85,0.25,0.25,0.25,0.05,0.2,5,1.6094379124341003,0.5,0.42990668342173843,1,0,0.65
21,1,01010.jpg,0,1,0,1,0,0,85,0.25,0.25,0.25,0.05,0.2,5,1.6094379124341003,0.5,0.17311805000919203,1,0,0.6190476190476191
22,1,01100.jpg,0,1,1,0,0,0,85,0.25,0.25,0.25,0.05,0.2,5,1.6094379124341003,0.5,0.4193701072929651,1,0,0.5909090909090909
23,1,10100.jpg,1,0,1,0,0,1,85,0.25,0.25,0.25,0.05,0.2,5,1.6094379124341003,0.5,0.7788245360685321,1,1,0.6086956521739131
24,1,11011.jpg,1,1,0,1,1,0,85,0.25,0.25,0.25,0.05,0.2,5,1.6094379124341003,0.5,0.46866525603614395,1,0,0.5833333333333334
25,1,01110.jpg,0,1,1,1,0,0,85,0.25,0.25,0.25,0.05,0.2,5,1.6094379124341003,0.5,0.39198175091991505,0,1,0.6
26,1,00011.jpg,0,0,0,1,1,0,85,0.25,0.25,0.25,0.05,0.2,5,1.6094379124341003,0.5,0.14417431405669393,0,1,0.6153846153846154
27,1,11000.jpg,1,1,0,0,0,0,85,0.25,0.25,0.25,0.05,0.2,5,1.6094379124341003,0.5,0.4750775383204352,1,0,0.5925925925925926
28,1,10000.jpg,1,0,0,0,0,0,85,0.25,0.25,0.25,0.05,0.2,5,1.6094379124341003,0.5,0.4722575682702739,1,0,0.5714285714285714
29,1,11010.jpg,1,1,0,1,0,0,85,0.25,0.25,0.25,0.05,0.2,5,1.6094379124341003,0.5,0.4254037313560568,0,1,0.5862068965517241
30,1,00000.jpg,0,0,0,0,0,0,85,0.25,0.25,0.25,0.05,0.2,5,1.6094379124341003,0.5,0.1656515833717948,0,1,0.6
31,1,11100.jpg,1,1,1,0,0,1,85,0.25,0.25,0.25,0.05,0.2,5,1.6094379124341003,0.5,0.7979712547592758,1,1,0.6129032258064516
32,1,10101.jpg,1,0,1,0,1,1,85,0.25,0.25,0.25,0.05,0.2,5,1.6094379124341003,0.5,0.7807862113135946,1,1,0.625
33,2,01010.jpg,0,1,0,1,0,0,85,0.25,0.25,0.25,0.05,0.2,5,1.6094379124341003,0.5,0.13535963777919338,0,1,0.6363636363636364
34,2,10011.jpg,1,0,0,1,1,0,85,0.25,0.25,0.25,0.05,0.2,5,1.6094379124341003,0.5,0.3937991017063976,0,1,0.6470588235294118
35,2,01011.jpg,0,1,0,1,1,0,85,0.25,0.25,0.25,0.05,0.2,5,1.6094379124341003,0.5,0.13449566254660986,0,1,0.6571428571428571
36,2,10101.jpg,1,0,1,0,1,1,85,0.25,0.25,0.25,0.05,0.2,5,1.6094379124341003,0.5,0.8212920125196105,1,1,0.6666666666666666
37,2,11100.jpg,1,1,1,0,0,1,85,0.25,0.25,0.25,0.05,0.2,5,1.6094379124341003,0.5,0.8178734612990529,1,1,0.6756756756756757
38,2,10010.jpg,1,0,0,1,0,0,85,0.25,0.25,0.25,0.05,0.2,5,1.6094379124341003,0.5,0.3714679646479241,0,1,0.6842105263157895
39,2,10000.jpg,1,0,0,0,0,0,85,0.25,0.25,0.25,0.05,0.2,5,1.6094379124341003,0.5,0.3583305249492621,0,1,0.6923076923076923
40,2,01100.jpg,0,1,1,0,0,0,85,0.25,0.25,0.25,0.05,0.2,5,1.6094379124341003,0.5,0.43143491437288395,1,0,0.675
41,2,00011.jpg,0,0,0,1,1,0,85,0.25,0.25,0.25,0.05,0.2,5,1.6094379124341003,0.5,0.14461637749385842,0,1,0.6829268292682927
42,2,01000.jpg,0,1,0,0,0,0,85,0.25,0.25,0.25,0.05,0.2,5,1.6094379124341003,0.5,0.141721967134423,0,1,0.6904761904761905
43,2,10100.jpg,1,0,1,0,0,1,85,0.25,0.25,0.25,0.05,0.2,5,1.6094379124341003,0.5,0.8124077522026852,1,1,0.6976744186046512
44,2,00110.jpg,0,0,1,1,0,0,85,0.25,0.25,0.25,0.05,0.2,5,1.6094379124341003,0.5,0.4258683123687592,1,0,0.6818181818181818
45,2,00000.jpg,0,0,0,0,0,0,85,0.25,0.25,0.25,0.05,0.2,5,1.6094379124341003,0.5,0.14957367419707915,0,1,0.6888888888888889
46,2,10110.jpg,1,0,1,1,0,1,85,0.25,0.25,0.25,0.05,0.2,5,1.6094379124341003,0.5,0.8120703340949802,1,1,0.6956521739130435
47,2,11101.jpg,1,1,1,0,1,1,85,0.25,0.25,0.25,0.05,0.2,5,1.6094379124341003,0.5,0.8217171954934126,1,1,0.7021276595744681
48,2,11011.jpg,1,1,0,1,1,0,85,0.25,0.25,0.25,0.05,0.2,5,1.6094379124341003,0.5,0.3912690793388959,1,0,0.6875
49,2,01001.jpg,0,1,0,0,1,0,85,0.25,0.25,0.25,0.05,0.2,5,1.6094379124341003,0.5,0.13312432070064223,0,1,0.6938775510204082
50,2,01111.jpg,0,1,1,1,1,0,85,0.25,0.25,0.25,0.05,0.2,5,1.6094379124341003,0.5,0.3949053739740322,0,1,0.7
51,2,10001.jpg,1,0,0,0,1,0,85,0.25,0.25,0.25,0.05,0.2,5,1.6094379124341003,0.5,0.39302128168713973,0,1,0.7058823529411765
52,2,00010.jpg,0,0,0,1,0,0,85,0.25,0.25,0.25,0.05,0.2,5,1.6094379124341003,0.5,0.14353274926338147,0,1,0.7115384615384616
53,2,11000.jpg,1,1,0,0,0,0,85,0.25,0.25,0.25,0.05,0.2,5,1.6094379124341003,0.5,0.4125420562301025,0,1,0.71698113207547165
54,2,00100.jpg,0,0,1,0,0,0,85,0.25,0.25,0.25,0.05,0.2,5,1.6094379124341003,0.5,0.4364430984424905,0,1,0.7222222222222222
55,2,00001.jpg,0,0,0,0,1,0,85,0.25,0.25,0.25,0.05,0.2,5,1.6094379124341003,0.5,0.14155413443573908,1,0,0.7090909090909091
56,2,10111.jpg,1,0,1,1,1,1,85,0.25,0.25,0.25,0.05,0.2,5,1.6094379124341003,0.5,0.82211918678967,1,1,0.7142857142857143
57,2,11111.jpg,1,1,1,1,1,1,85,0.25,0.25,0.25,0.05,0.2,5,1.6094379124341003,0.5,0.8165251114924855,1,1,0.7192982456140351
58,2,01101.jpg,0,1,1,0,1,0,85,0.25,0.25,0.25,0.05,0.2,5,1.6094379124341003,0.5,0.4182319012848009,1,0,0.7068965517241379
59,2,00111.jpg,0,0,1,1,1,0,85,0.25,0.25,0.25,0.05,0.2,5,1.6094379124341003,0.5,0.4316245975812404,1,0,0.6949152542372882
60,2,11010.jpg,1,1,0,1,0,0,85,0.25,0.25,0.25,0.05,0.2,5,1.6094379124341003,0.5,0.3806700646420625,0,1,0.7
61,2,00101.jpg,0,0,1,0,1,0,85,0.25,0.25,0.25,0.05,0.2,5,1.6094379124341003,0.5,0.4157578468975122,1,0,0.6885245901639344
62,2,11001.jpg,1,1,0,0,1,0,85,0.25,0.25,0.25,0.05,0.2,5,1.6094379124341003,0.5,0.41027749382657397,0,1,0.6935483870967742
63,2,01110.jpg,0,1,1,1,0,0,85,0.25,0.25,0.25,0.05,0.2,5,1.6094379124341003,0.5,0.3842348225657309,1,0,0.6825396825396826
64,2,11110.jpg,1,1,1,1,0,1,85,0.25,0.25,0.25,0.05,0.2,5,1.6094379124341003,0.5,0.8040962902761793,1,1,0.6875
65,3,01101.jpg,0,1,1,0,1,0,85,0.25,0.25,0.25,0.05,0.2,5,1.6094379124341003,0.5,0.3857604128012833,1,0,0.676923076923077
66,3,01100.jpg,0,1,1,0,0,0,85,0.25,0.25,0.25,0.05,0.2,5,1.6094379124341003,0.5,0.3806975489227315,0,1,0.6818181818181818
67,3,11110.jpg,1,1,1,1,0,1,85,0.25,0.25,0.25,0.05,0.2,5,1.6094379124341003,0.5,0.8161727528750907,1,1,0.6865671641791045
68,3,11000.jpg,1,1,0,0,0,0,85,0.25,0.25,0.25,0.05,0.2,5,1.6094379124341003,0.5,0.40594752723659777,0,1,0.6911764705882353
69,3,10100.jpg,1,0,1,0,0,1,85,0.25,0.25,0.25,0.05,0.2,5,1.6094379124341003,0.5,0.8191063745858574,1,1,0.6956521739130435
70,3,00011.jpg,0,0,0,1,1,0,85,0.25,0.25,0.25,0.05,0.2,5,1.6094379124341003,0.5,0.13446728639074645,0,1,0.7
71,3,10001.jpg,1,0,0,0,1,0,85,0.25,0.25,0.25,0.05,0.2,5,1.6094379124341003,0.5,0.38349559563811025,1,0,0.6901408450704225
72,3,00111.jpg,0,0,1,1,1,0,85,0.25,0.25,0.25,0.05,0.2,5,1.6094379124341003,0.5,0.37810289638140127,0,1,0.6944444444444444
73,3,10011.jpg,1,0,0,1,1,0,85,0.25,0.25,0.25,0.05,0.2,5,1.6094379124341003,0.5,0.3679334503195194,1,0,0.684931506849315
74,3,11001.jpg,1,1,0,0,1,0,85,0.25,0.25,0.25,0.05,0.2,5,1.6094379124341003,0.5,0.3766033434200708,0,1,0.6891891891891891
75,3,01110.jpg,0,1,1,1,0,0,85,0.25,0.25,0.25,0.05,0.2,5,1.6094379124341003,0.5,0.4032397350291867,0,1,0.6933333333333334
76,3,00100.jpg,0,0,1,0,0,0,85,0.25,0.25,0.25,0.05,0.2,5,1.6094379124341003,0.5,0.4133164904621193,1,0,0.6842105263157895
77,3,10110.jpg,1,0,1,1,0,1,85,0.25,0.25,0.25,0.05,0.2,5,1.6094379124341003,0.5,0.8279746271486832,1,1,0.6883116883116883
78,3,01011.jpg,0,1,0,1,1,0,85,0.25,0.25,0.25,0.05,0.2,5,1.6094379124341003,0.5,0.13332806399801675,0,1,0.6923076923076923
79,3,00001.jpg,0,0,0,0,1,0,85,0.25,0.25,0.25,0.05,0.2,5,1.6094379124341003,0.5,0.1299972984411927,0,1,0.6962025316455697
80,3,11010.jpg,1,1,0,1,0,0,85,0.25,0.25,0.25,0.05,0.2,5,1.6094379124341003,0.5,0.40856891264735096,1,0,0.6875
81,3,10000.jpg,1,0,0,0,0,0,85,0.25,0.25,0.25,0.05,0.2,5,1.6094379124341003,0.5,0.4268578239421212,1,0,0.6790123456790124
82,3,01001.jpg,0,1,0,0,1,0,85,0.25,0.25,0.25,0.05,0.2,5,1.6094379124341003,0.5,0.12740652007140105,0,1,0.6829268292682927
83,3,00010.jpg,0,0,0,1,0,0,85,0.25,0.25,0.25,0.05,0.2,5,1.6094379124341003,0.5,0.16147129722274328,0,1,0.6867469879518072
84,3,00000.jpg,0,0,0,0,0,0,85,0.25,0.25,0.25,0.05,0.2,5,1.6094379124341003,0.5,0.15283185703456156,0,1,0.6904761904761905
85,3,10111.jpg,1,0,1,1,1,1,85,0.25,0.25,0.25,0.05,0.2,5,1.6094379124341003,0.5,0.8126090500520592,1,1,0.6941176470588235
86,3,11111.jpg,1,1,1,1,1,1,85,0.25,0.25,0.25,0.05,0.2,5,1.6094379124341003,0.5,0.8103882751648543,1,1,0.6976744186046512
87,3,11100.jpg,1,1,1,0,0,1,85,0.25,0.25,0.25,0.05,0.2,5,1.6094379124341003,0.5,0.8117398006588081,1,1,0.7011494252873564
88,3,01010.jpg,0,1,0,1,0,0,85,0.25,0.25,0.25,0.05,0.2,5,1.6094379124341003,0.5,0.14801817276629103,0,1,0.7045454545454546
89,3,01000.jpg,0,1,0,0,0,0,85,0.25,0.25,0.25,0.05,0.2,5,1.6094379124341003,0.5,0.14035805741269533,0,1,0.7078651685393258
90,3,10010.jpg,1,0,0,1,0,0,85,0.25,0.25,0.25,0.05,0.2,5,1.6094379124341003,0.5,0.4036055793268802,1,0,0.7
91,3,01111.jpg,0,1,1,1,1,0,85,0.25,0.25,0.25,0.05,0.2,5,1.6094379124341003,0.5,0.3936776005149204,1,0,0.6923076923076923
92,3,00101.jpg,0,0,1,0,1,0,85,0.25,0.25,0.25,0.05,0.2,5,1.6094379124341003,0.5,0.3867496486608965,0,1,0.6956521739130435
93,3,11011.jpg,1,1,0,1,1,0,85,0.25,0.25,0.25,0.05,0.2,5,1.6094379124341003,0.5,0.39235580910063794,0,1,0.6989247311827957
94,3,00110.jpg,0,0,1,1,0,0,85,0.25,0.25,0.25,0.05,0.2,5,1.6094379124341003,0.5,0.4130955025059775,0,1,0.7021276595744681
95,3,10101.jpg,1,0,1,0,1,1,85,0.25,0.25,0.25,0.05,0.2,5,1.6094379124341003,0.5,0.8117260637908997,1,1,0.7052631578947368
96,3,11101.jpg,1,1,1,0,1,1,85,0.25,0.25,0.25,0.05,0.2,5,1.6094379124341003,0.5,0.8102375348598166,1,1,0.7083333333333334
1,1,11101.jpg,1,1,1,0,1,1,86,0.25,0.25,0.25,0.05,0.2,15,2.70805020110221,0.5,0.5,1,1,1
2,1,11111.jpg,1,1,1,1,1,1,86,0.25,0.25,0.25,0.05,0.2,15,2.70805020110221,0.5,0.5,0,0,0.5
3,1,00001.jpg,0,0,0,0,1,0,86,0.25,0.25,0.25,0.05,0.2,15,2.70805020110221,0.5,0.5,1,0,0.3333333333333333
4,1,00111.jpg,0,0,1,1,1,0,86,0.25,0.25,0.25,0.05,0.2,15,2.70805020110221,0.5,0.03535650605784861,0,1,0.5
5,1,00101.jpg,0,0,1,0,1,0,86,0.25,0.25,0.25,0.05,0.2,15,2.70805020110221,0.5,0.0016395110825149638,0,1,0.6
6,1,00100.jpg,0,0,1,0,0,0,86,0.25,0.25,0.25,0.05,0.2,15,2.70805020110221,0.5,8.159172054352854e-4,0,1,0.6666666666666666
7,1,01001.jpg,0,1,0,0,1,0,86,0.25,0.25,0.25,0.05,0.2,15,2.70805020110221,0.5,0.06266993839662714,0,1,0.7142857142857143
8,1,11110.jpg,1,1,1,1,0,1,86,0.25,0.25,0.25,0.05,0.2,15,2.70805020110221,0.5,0.9982834709959614,1,1,0.75
9,1,01101.jpg,0,1,1,0,1,0,86,0.25,0.25,0.25,0.05,0.2,15,2.70805020110221,0.5,0.49478737540570245,1,0,0.6666666666666666
10,1,00010.jpg,0,0,0,1,0,0,86,0.25,0.25,0.25,0.05,0.2,15,2.70805020110221,0.5,7.557667416028979e-4,0,1,0.7
11,1,10110.jpg,1,0,1,1,0,1,86,0.25,0.25,0.25,0.05,0.2,15,2.70805020110221,0.5,0.8145149605991895,1,1,0.7272727272727273
12,1,01000.jpg,0,1,0,0,0,0,86,0.25,0.25,0.25,0.05,0.2,15,2.70805020110221,0.5,0.008371965222752542,0,1,0.75
13,1,10001.jpg,1,0,0,0,1,0,86,0.25,0.25,0.25,0.05,0.2,15,2.70805020110221,0.5,0.09767039238200996,0,1,0.7692307692307693
14,1,01011.jpg,0,1,0,1,1,0,86,0.25,0.25,0.25,0.05,0.2,15,2.70805020110221,0.5,0.0036297914559548644,0,1,0.7857142857142857
15,1,11001.jpg,1,1,0,0,1,0,86,0.25,0.25,0.25,0.05,0.2,15,2.70805020110221,0.5,0.5927256957082627,1,0,0.7333333333333333
16,1,10010.jpg,1,0,0,1,0,0,86,0.25,0.25,0.25,0.05,0.2,15,2.70805020110221,0.5,0.576316493633691,1,0,0.6875
17,1,01111.jpg,0,1,1,1,1,0,86,0.25,0.25,0.25,0.05,0.2,15,2.70805020110221,0.5,0.16515415615518603,0,1,0.7058823529411765
18,1,00110.jpg,0,0,1,1,0,0,86,0.25,0.25,0.25,0.05,0.2,15,2.70805020110221,0.5,0.12042785893379951,0,1,0.7222222222222222
19,1,10111.jpg,1,0,1,1,1,1,86,0.25,0.25,0.25,0.05,0.2,15,2.70805020110221,0.5,0.8569220893900591,0,0,0.6842105263157895
20,1,10011.jpg,1,0,0,1,1,0,86,0.25,0.25,0.25,0.05,0.2,15,2.70805020110221,0.5,0.11553584754214717,0,1,0.7
21,1,01010.jpg,0,1,0,1,0,0,86,0.25,0.25,0.25,0.05,0.2,15,2.70805020110221,0.5,0.003166838059274101,0,1,0.7142857142857143
22,1,01100.jpg,0,1,1,0,0,0,86,0.25,0.25,0.25,0.05,0.2,15,2.70805020110221,0.5,0.22277848289028426,1,0,0.6818181818181818
23,1,10100.jpg,1,0,1,0,0,1,86,0.25,0.25,0.25,0.05,0.2,15,2.70805020110221,0.5,0.971842301691843,1,1,0.6956521739130435
24,1,11011.jpg,1,1,0,1,1,0,86,0.25,0.25,0.25,0.05,0.2,15,2.70805020110221,0.5,0.15893179903952678,0,1,0.7083333333333334
25,1,01110.jpg,0,1,1,1,0,0,86,0.25,0.25,0.25,0.05,0.2,15,2.70805020110221,0.5,0.11222864815381053,0,1,0.72
26,1,00011.jpg,0,0,0,1,1,0,86,0.25,0.25,0.25,0.05,0.2,15,2.70805020110221,0.5,0.0030626336936292126,0,1,0.7307692307692307
27,1,11000.jpg,1,1,0,0,0,0,86,0.25,0.25,0.25,0.05,0.2,15,2.70805020110221,0.5,0.2691162228375313,1,0,0.7037037037037037
28,1,10000.jpg,1,0,0,0,0,0,86,0.25,0.25,0.25,0.05,0.2,15,2.70805020110221,0.5,0.1749928398111898,1,0,0.6785714285714286
29,1,11010.jpg,1,1,0,1,0,0,86,0.25,0.25,0.25,0.05,0.2,15,2.70805020110221,0.5,0.1336720288195971,0,1,0.6896551724137931
30,1,00000.jpg,0,0,0,0,0,0,86,0.25,0.25,0.25,0.05,0.2,15,2.70805020110221,0.5,0.004849245030327813,0,1,0.7
31,1,11100.jpg,1,1,1,0,0,1,86,0.25,0.25,0.25,0.05,0.2,15,2.70805020110221,0.5,0.9686136399872752,1,1,0.7096774193548387
32,1,10101.jpg,1,0,1,0,1,1,86,0.25,0.25,0.25,0.05,0.2,15,2.70805020110221,0.5,0.9636437484274067,1,1,0.71875
33,2,01010.jpg,0,1,0,1,0,0,86,0.25,0.25,0.25,0.05,0.2,15,2.70805020110221,0.5,0.0015822079004738441,0,1,0.7272727272727273
34,2,10011.jpg,1,0,0,1,1,0,86,0.25,0.25,0.25,0.05,0.2,15,2.70805020110221,0.5,0.06695901528155641,0,1,0.7352941176470589
35,2,01011.jpg,0,1,0,1,1,0,86,0.25,0.25,0.25,0.05,0.2,15,2.70805020110221,0.5,0.001663368310944589,0,1,0.7428571428571429
36,2,10101.jpg,1,0,1,0,1,1,86,0.25,0.25,0.25,0.05,0.2,15,2.70805020110221,0.5,0.9840755647241953,1,1,0.75
37,2,11100.jpg,1,1,1,0,0,1,86,0.25,0.25,0.25,0.05,0.2,15,2.70805020110221,0.5,0.9843376030225278,1,1,0.7567567567567568
38,2,10010.jpg,1,0,0,1,0,0,86,0.25,0.25,0.25,0.05,0.2,15,2.70805020110221,0.5,0.057894324968710914,0,1,0.7631578947368421
39,2,10000.jpg,1,0,0,0,0,0,86,0.25,0.25,0.25,0.05,0.2,15,2.70805020110221,0.5,0.04898419271123354,0,1,0.7692307692307693
40,2,01100.jpg,0,1,1,0,0,0,86,0.25,0.25,0.25,0.05,0.2,15,2.70805020110221,0.5,0.09744539121085914,0,1,0.775
41,2,00011.jpg,0,0,0,1,1,0,86,0.25,0.25,0.25,0.05,0.2,15,2.70805020110221,0.5,0.001994207395193685,0,1,0.7804878048780488
42,2,01000.jpg,0,1,0,0,0,0,86,0.25,0.25,0.25,0.05,0.2,15,2.70805020110221,0.5,0.0020301395276297552,0,1,0.7857142857142857
43,2,10100.jpg,1,0,1,0,0,1,86,0.25,0.25,0.25,0.05,0.2,15,2.70805020110221,0.5,0.9794656897886912,1,1,0.7906976744186046
44,2,00110.jpg,0,0,1,1,0,0,86,0.25,0.25,0.25,0.05,0.2,15,2.70805020110221,0.5,0.08042858227958817,0,1,0.7954545454545454
45,2,00000.jpg,0,0,0,0,0,0,86,0.25,0.25,0.25,0.05,0.2,15,2.70805020110221,0.5,0.0024942893893452433,0,1,0.8
46,2,10110.jpg,1,0,1,1,0,1,86,0.25,0.25,0.25,0.05,0.2,15,2.70805020110221,0.5,0.9794950282353737,1,1,0.8043478260869565
47,2,11101.jpg,1,1,1,0,1,1,86,0.25,0.25,0.25,0.05,0.2,15,2.70805020110221,0.5,0.9838475426801836,1,1,0.8085106382978723
48,2,11011.jpg,1,1,0,1,1,0,86,0.25,0.25,0.25,0.05,0.2,15,2.70805020110221,0.5,0.07145223997909872,0,1,0.8125
49,2,01001.jpg,0,1,0,0,1,0,86,0.25,0.25,0.25,0.05,0.2,15,2.70805020110221,0.5,0.0017734905737565886,0,1,0.8163265306122449
50,2,01111.jpg,0,1,1,1,1,0,86,0.25,0.25,0.25,0.05,0.2,15,2.70805020110221,0.5,0.07487839560364029,0,1,0.82
51,2,10001.jpg,1,0,0,0,1,0,86,0.25,0.25,0.25,0.05,0.2,15,2.70805020110221,0.5,0.07570916419596067,0,1,0.8235294117647058
52,2,00010.jpg,0,0,0,1,0,0,86,0.25,0.25,0.25,0.05,0.2,15,2.70805020110221,0.5,0.0021906462981506397,0,1,0.8269230769230769
53,2,11000.jpg,1,1,0,0,0,0,86,0.25,0.25,0.25,0.05,0.2,15,2.70805020110221,0.5,0.09874881223537242,0,1,0.8301886792452831
54,2,00100.jpg,0,0,1,0,0,0,86,0.25,0.25,0.25,0.05,0.2,15,2.70805020110221,0.5,0.09513681541851546,0,1,0.8333333333333334
55,2,00001.jpg,0,0,0,0,1,0,86,0.25,0.25,0.25,0.05,0.2,15,2.70805020110221,0.5,0.0020487782771846973,0,1,0.8363636363636363
56,2,10111.jpg,1,0,1,1,1,1,86,0.25,0.25,0.25,0.05,0.2,15,2.70805020110221,0.5,0.9835824881400567,1,1,0.8392857142857143
57,2,11111.jpg,1,1,1,1,1,1,86,0.25,0.25,0.25,0.05,0.2,15,2.70805020110221,0.5,0.9806433440282938,1,1,0.8421052631578947
58,2,01101.jpg,0,1,1,0,1,0,86,0.25,0.25,0.25,0.05,0.2,15,2.70805020110221,0.5,0.08659000468915191,1,0,0.8275862068965517
59,2,00111.jpg,0,0,1,1,1,0,86,0.25,0.25,0.25,0.05,0.2,15,2.70805020110221,0.5,0.1076992532150586,0,1,0.8305084745762712
60,2,11010.jpg,1,1,0,1,0,0,86,0.25,0.25,0.25,0.05,0.2,15,2.70805020110221,0.5,0.06311239589070468,0,1,0.8333333333333334
61,2,00101.jpg,0,0,1,0,1,0,86,0.25,0.25,0.25,0.05,0.2,15,2.70805020110221,0.5,0.09062509211991586,0,1,0.8360655737704918
62,2,11001.jpg,1,1,0,0,1,0,86,0.25,0.25,0.25,0.05,0.2,15,2.70805020110221,0.5,0.09182269921480232,0,1,0.8387096774193549
63,2,01110.jpg,0,1,1,1,0,0,86,0.25,0.25,0.25,0.05,0.2,15,2.70805020110221,0.5,0.0664533114397396,0,1,0.8412698412698413
64,2,11110.jpg,1,1,1,1,0,1,86,0.25,0.25,0.25,0.05,0.2,15,2.70805020110221,0.5,0.9787192331776966,1,1,0.84375
65,3,01101.jpg,0,1,1,0,1,0,86,0.25,0.25,0.25,0.05,0.2,15,2.70805020110221,0.5,0.06445430869266527,0,1,0.8461538461538461
66,3,01100.jpg,0,1,1,0,0,0,86,0.25,0.25,0.25,0.05,0.2,15,2.70805020110221,0.5,0.06477892225295988,0,1,0.8484848484848485
67,3,11110.jpg,1,1,1,1,0,1,86,0.25,0.25,0.25,0.05,0.2,15,2.70805020110221,0.5,0.983857065031741,1,1,0.8507462686567164
68,3,11000.jpg,1,1,0,0,0,0,86,0.25,0.25,0.25,0.05,0.2,15,2.70805020110221,0.5,0.07202382522193361,0,1,0.8529411764705882
69,3,10100.jpg,1,0,1,0,0,1,86,0.25,0.25,0.25,0.05,0.2,15,2.70805020110221,0.5,0.9843232958100148,1,1,0.855072463768116
70,3,00011.jpg,0,0,0,1,1,0,86,0.25,0.25,0.25,0.05,0.2,15,2.70805020110221,0.5,0.001505951782118019,0,1,0.8571428571428571
71,3,10001.jpg,1,0,0,0,1,0,86,0.25,0.25,0.25,0.05,0.2,15,2.70805020110221,0.5,0.06291933926177438,1,0,0.8450704225352113
72,3,00111.jpg,0,0,1,1,1,0,86,0.25,0.25,0.25,0.05,0.2,15,2.70805020110221,0.5,0.06315229323023744,0,1,0.8472222222222222
73,3,10011.jpg,1,0,0,1,1,0,86,0.25,0.25,0.25,0.05,0.2,15,2.70805020110221,0.5,0.056780750495520865,0,1,0.8493150684931506
74,3,11001.jpg,1,1,0,0,1,0,86,0.25,0.25,0.25,0.05,0.2,15,2.70805020110221,0.5,0.06446324935071607,0,1,0.8513513513513513
75,3,01110.jpg,0,1,1,1,0,0,86,0.25,0.25,0.25,0.05,0.2,15,2.70805020110221,0.5,0.07555708140517949,0,1,0.8533333333333334
76,3,00100.jpg,0,0,1,0,0,0,86,0.25,0.25,0.25,0.05,0.2,15,2.70805020110221,0.5,0.08610637760588005,0,1,0.8552631578947368
77,3,10110.jpg,1,0,1,1,0,1,86,0.25,0.25,0.25,0.05,0.2,15,2.70805020110221,0.5,0.9861436569039138,1,1,0.8571428571428571
78,3,01011.jpg,0,1,0,1,1,0,86,0.25,0.25,0.25,0.05,0.2,15,2.70805020110221,0.5,0.0016120919035517382,0,1,0.8589743589743589
79,3,00001.jpg,0,0,0,0,1,0,86,0.25,0.25,0.25,0.05,0.2,15,2.70805020110221,0.5,0.0014444236287319931,0,1,0.8607594936708861
80,3,11010.jpg,1,1,0,1,0,0,86,0.25,0.25,0.25,0.05,0.2,15,2.70805020110221,0.5,0.07696088219415363,0,1,0.8625
81,3,10000.jpg,1,0,0,0,0,0,86,0.25,0.25,0.25,0.05,0.2,15,2.70805020110221,0.5,0.09477495330830268,0,1,0.8641975308641975
82,3,01001.jpg,0,1,0,0,1,0,86,0.25,0.25,0.25,0.05,0.2,15,2.70805020110221,0.5,0.001484572337277975,0,1,0.8658536585365854
83,3,00010.jpg,0,0,0,1,0,0,86,0.25,0.25,0.25,0.05,0.2,15,2.70805020110221,0.5,0.0024964576393861184,0,1,0.8674698795180723
84,3,00000.jpg,0,0,0,0,0,0,86,0.25,0.25,0.25,0.05,0.2,15,2.70805020110221,0.5,0.002208829395473725,0,1,0.8690476190476191
85,3,10111.jpg,1,0,1,1,1,1,86,0.25,0.25,0.25,0.05,0.2,15,2.70805020110221,0.5,0.9812850061264388,1,1,0.8705882352941177
86,3,11111.jpg,1,1,1,1,1,1,86,0.25,0.25,0.25,0.05,0.2,15,2.70805020110221,0.5,0.983329415054759,1,1,0.872093023255814
87,3,11100.jpg,1,1,1,0,0,1,86,0.25,0.25,0.25,0.05,0.2,15,2.70805020110221,0.5,0.9808425437382366,1,1,0.8735632183908046
88,3,01010.jpg,0,1,0,1,0,0,86,0.25,0.25,0.25,0.05,0.2,15,2.70805020110221,0.5,0.0022039011880885737,0,1,0.875
89,3,01000.jpg,0,1,0,0,0,0,86,0.25,0.25,0.25,0.05,0.2,15,2.70805020110221,0.5,0.001959628343272431,0,1,0.8764044943820225
90,3,10010.jpg,1,0,0,1,0,0,86,0.25,0.25,0.25,0.05,0.2,15,2.70805020110221,0.5,0.08058573780250788,0,1,0.8777777777777778
91,3,01111.jpg,0,1,1,1,1,0,86,0.25,0.25,0.25,0.05,0.2,15,2.70805020110221,0.5,0.07453174240761917,0,1,0.8791208791208791
92,3,00101.jpg,0,0,1,0,1,0,86,0.25,0.25,0.25,0.05,0.2,15,2.70805020110221,0.5,0.06678469650037325,0,1,0.8804347826086957
93,3,11011.jpg,1,1,0,1,1,0,86,0.25,0.25,0.25,0.05,0.2,15,2.70805020110221,0.5,0.07632097061002324,0,1,0.8817204301075269
94,3,00110.jpg,0,0,1,1,0,0,86,0.25,0.25,0.25,0.05,0.2,15,2.70805020110221,0.5,0.08495293682730744,0,1,0.8829787234042553
95,3,10101.jpg,1,0,1,0,1,1,86,0.25,0.25,0.25,0.05,0.2,15,2.70805020110221,0.5,0.9817984378409054,1,1,0.8842105263157894
96,3,11101.jpg,1,1,1,0,1,1,86,0.25,0.25,0.25,0.05,0.2,15,2.70805020110221,0.5,0.9811039334417467,1,1,0.8854166666666666
1,1,11101.jpg,1,1,1,0,1,1,87,0.25,0.25,0.25,0.05,0.2,15,2.70805020110221,0.5,0.5,1,1,1
2,1,11111.jpg,1,1,1,1,1,1,87,0.25,0.25,0.25,0.05,0.2,15,2.70805020110221,0.5,0.5,0,0,0.5
3,1,00001.jpg,0,0,0,0,1,0,87,0.25,0.25,0.25,0.05,0.2,15,2.70805020110221,0.5,0.5,1,0,0.3333333333333333
4,1,00111.jpg,0,0,1,1,1,0,87,0.25,0.25,0.25,0.05,0.2,15,2.70805020110221,0.5,0.03535650605784861,0,1,0.5
5,1,00101.jpg,0,0,1,0,1,0,87,0.25,0.25,0.25,0.05,0.2,15,2.70805020110221,0.5,0.0016395110825149638,0,1,0.6
6,1,00100.jpg,0,0,1,0,0,0,87,0.25,0.25,0.25,0.05,0.2,15,2.70805020110221,0.5,8.159172054352854e-4,0,1,0.6666666666666666
7,1,01001.jpg,0,1,0,0,1,0,87,0.25,0.25,0.25,0.05,0.2,15,2.70805020110221,0.5,0.06266993839662714,0,1,0.7142857142857143
8,1,11110.jpg,1,1,1,1,0,1,87,0.25,0.25,0.25,0.05,0.2,15,2.70805020110221,0.5,0.9982834709959614,1,1,0.75
9,1,01101.jpg,0,1,1,0,1,0,87,0.25,0.25,0.25,0.05,0.2,15,2.70805020110221,0.5,0.49478737540570245,1,0,0.6666666666666666
10,1,00010.jpg,0,0,0,1,0,0,87,0.25,0.25,0.25,0.05,0.2,15,2.70805020110221,0.5,7.557667416028979e-4,0,1,0.7
11,1,10110.jpg,1,0,1,1,0,1,87,0.25,0.25,0.25,0.05,0.2,15,2.70805020110221,0.5,0.8145149605991895,1,1,0.7272727272727273
12,1,01000.jpg,0,1,0,0,0,0,87,0.25,0.25,0.25,0.05,0.2,15,2.70805020110221,0.5,0.008371965222752542,0,1,0.75
13,1,10001.jpg,1,0,0,0,1,0,87,0.25,0.25,0.25,0.05,0.2,15,2.70805020110221,0.5,0.09767039238200996,0,1,0.7692307692307693
14,1,01011.jpg,0,1,0,1,1,0,87,0.25,0.25,0.25,0.05,0.2,15,2.70805020110221,0.5,0.0036297914559548644,0,1,0.7857142857142857
15,1,11001.jpg,1,1,0,0,1,0,87,0.25,0.25,0.25,0.05,0.2,15,2.70805020110221,0.5,0.5927256957082627,1,0,0.7333333333333333
16,1,10010.jpg,1,0,0,1,0,0,87,0.25,0.25,0.25,0.05,0.2,15,2.70805020110221,0.5,0.576316493633691,1,0,0.6875
17,1,01111.jpg,0,1,1,1,1,0,87,0.25,0.25,0.25,0.05,0.2,15,2.70805020110221,0.5,0.16515415615518603,0,1,0.7058823529411765
18,1,00110.jpg,0,0,1,1,0,0,87,0.25,0.25,0.25,0.05,0.2,15,2.70805020110221,0.5,0.12042785893379951,0,1,0.7222222222222222
19,1,10111.jpg,1,0,1,1,1,1,87,0.25,0.25,0.25,0.05,0.2,15,2.70805020110221,0.5,0.8569220893900591,0,0,0.6842105263157895
20,1,10011.jpg,1,0,0,1,1,0,87,0.25,0.25,0.25,0.05,0.2,15,2.70805020110221,0.5,0.11553584754214717,0,1,0.7
21,1,01010.jpg,0,1,0,1,0,0,87,0.25,0.25,0.25,0.05,0.2,15,2.70805020110221,0.5,0.003166838059274101,0,1,0.7142857142857143
22,1,01100.jpg,0,1,1,0,0,0,87,0.25,0.25,0.25,0.05,0.2,15,2.70805020110221,0.5,0.22277848289028426,1,0,0.6818181818181818
23,1,10100.jpg,1,0,1,0,0,1,87,0.25,0.25,0.25,0.05,0.2,15,2.70805020110221,0.5,0.971842301691843,1,1,0.6956521739130435
24,1,11011.jpg,1,1,0,1,1,0,87,0.25,0.25,0.25,0.05,0.2,15,2.70805020110221,0.5,0.15893179903952678,0,1,0.7083333333333334
25,1,01110.jpg,0,1,1,1,0,0,87,0.25,0.25,0.25,0.05,0.2,15,2.70805020110221,0.5,0.11222864815381053,0,1,0.72
26,1,00011.jpg,0,0,0,1,1,0,87,0.25,0.25,0.25,0.05,0.2,15,2.70805020110221,0.5,0.0030626336936292126,0,1,0.7307692307692307
27,1,11000.jpg,1,1,0,0,0,0,87,0.25,0.25,0.25,0.05,0.2,15,2.70805020110221,0.5,0.2691162228375313,1,0,0.7037037037037037
28,1,10000.jpg,1,0,0,0,0,0,87,0.25,0.25,0.25,0.05,0.2,15,2.70805020110221,0.5,0.1749928398111898,1,0,0.6785714285714286
29,1,11010.jpg,1,1,0,1,0,0,87,0.25,0.25,0.25,0.05,0.2,15,2.70805020110221,0.5,0.1336720288195971,0,1,0.6896551724137931
30,1,00000.jpg,0,0,0,0,0,0,87,0.25,0.25,0.25,0.05,0.2,15,2.70805020110221,0.5,0.004849245030327813,0,1,0.7
31,1,11100.jpg,1,1,1,0,0,1,87,0.25,0.25,0.25,0.05,0.2,15,2.70805020110221,0.5,0.9686136399872752,1,1,0.7096774193548387
32,1,10101.jpg,1,0,1,0,1,1,87,0.25,0.25,0.25,0.05,0.2,15,2.70805020110221,0.5,0.9636437484274067,1,1,0.71875
33,2,01010.jpg,0,1,0,1,0,0,87,0.25,0.25,0.25,0.05,0.2,15,2.70805020110221,0.5,0.0015822079004738441,0,1,0.7272727272727273
34,2,10011.jpg,1,0,0,1,1,0,87,0.25,0.25,0.25,0.05,0.2,15,2.70805020110221,0.5,0.06695901528155641,0,1,0.7352941176470589
35,2,01011.jpg,0,1,0,1,1,0,87,0.25,0.25,0.25,0.05,0.2,15,2.70805020110221,0.5,0.001663368310944589,0,1,0.7428571428571429
36,2,10101.jpg,1,0,1,0,1,1,87,0.25,0.25,0.25,0.05,0.2,15,2.70805020110221,0.5,0.9840755647241953,1,1,0.75
37,2,11100.jpg,1,1,1,0,0,1,87,0.25,0.25,0.25,0.05,0.2,15,2.70805020110221,0.5,0.9843376030225278,1,1,0.7567567567567568
38,2,10010.jpg,1,0,0,1,0,0,87,0.25,0.25,0.25,0.05,0.2,15,2.70805020110221,0.5,0.057894324968710914,0,1,0.7631578947368421
39,2,10000.jpg,1,0,0,0,0,0,87,0.25,0.25,0.25,0.05,0.2,15,2.70805020110221,0.5,0.04898419271123354,0,1,0.7692307692307693
40,2,01100.jpg,0,1,1,0,0,0,87,0.25,0.25,0.25,0.05,0.2,15,2.70805020110221,0.5,0.09744539121085914,0,1,0.775
41,2,00011.jpg,0,0,0,1,1,0,87,0.25,0.25,0.25,0.05,0.2,15,2.70805020110221,0.5,0.001994207395193685,0,1,0.7804878048780488
42,2,01000.jpg,0,1,0,0,0,0,87,0.25,0.25,0.25,0.05,0.2,15,2.70805020110221,0.5,0.0020301395276297552,0,1,0.7857142857142857
43,2,10100.jpg,1,0,1,0,0,1,87,0.25,0.25,0.25,0.05,0.2,15,2.70805020110221,0.5,0.9794656897886912,1,1,0.7906976744186046
44,2,00110.jpg,0,0,1,1,0,0,87,0.25,0.25,0.25,0.05,0.2,15,2.70805020110221,0.5,0.08042858227958817,0,1,0.7954545454545454
45,2,00000.jpg,0,0,0,0,0,0,87,0.25,0.25,0.25,0.05,0.2,15,2.70805020110221,0.5,0.0024942893893452433,0,1,0.8
46,2,10110.jpg,1,0,1,1,0,1,87,0.25,0.25,0.25,0.05,0.2,15,2.70805020110221,0.5,0.9794950282353737,1,1,0.8043478260869565
47,2,11101.jpg,1,1,1,0,1,1,87,0.25,0.25,0.25,0.05,0.2,15,2.70805020110221,0.5,0.9838475426801836,1,1,0.8085106382978723
48,2,11011.jpg,1,1,0,1,1,0,87,0.25,0.25,0.25,0.05,0.2,15,2.70805020110221,0.5,0.07145223997909872,0,1,0.8125
49,2,01001.jpg,0,1,0,0,1,0,87,0.25,0.25,0.25,0.05,0.2,15,2.70805020110221,0.5,0.0017734905737565886,0,1,0.8163265306122449
50,2,01111.jpg,0,1,1,1,1,0,87,0.25,0.25,0.25,0.05,0.2,15,2.70805020110221,0.5,0.07487839560364029,0,1,0.82
51,2,10001.jpg,1,0,0,0,1,0,87,0.25,0.25,0.25,0.05,0.2,15,2.70805020110221,0.5,0.07570916419596067,0,1,0.8235294117647058
52,2,00010.jpg,0,0,0,1,0,0,87,0.25,0.25,0.25,0.05,0.2,15,2.70805020110221,0.5,0.0021906462981506397,0,1,0.8269230769230769
53,2,11000.jpg,1,1,0,0,0,0,87,0.25,0.25,0.25,0.05,0.2,15,2.70805020110221,0.5,0.09874881223537242,0,1,0.8301886792452831
54,2,00100.jpg,0,0,1,0,0,0,87,0.25,0.25,0.25,0.05,0.2,15,2.70805020110221,0.5,0.09513681541851546,0,1,0.8333333333333334
55,2,00001.jpg,0,0,0,0,1,0,87,0.25,0.25,0.25,0.05,0.2,15,2.70805020110221,0.5,0.0020487782771846973,0,1,0.8363636363636363
56,2,10111.jpg,1,0,1,1,1,1,87,0.25,0.25,0.25,0.05,0.2,15,2.70805020110221,0.5,0.9835824881400567,1,1,0.8392857142857143
57,2,11111.jpg,1,1,1,1,1,1,87,0.25,0.25,0.25,0.05,0.2,15,2.70805020110221,0.5,0.9806433440282938,1,1,0.8421052631578947
58,2,01101.jpg,0,1,1,0,1,0,87,0.25,0.25,0.25,0.05,0.2,15,2.70805020110221,0.5,0.08659000468915191,1,0,0.8275862068965517
59,2,00111.jpg,0,0,1,1,1,0,87,0.25,0.25,0.25,0.05,0.2,15,2.70805020110221,0.5,0.1076992532150586,0,1,0.8305084745762712
60,2,11010.jpg,1,1,0,1,0,0,87,0.25,0.25,0.25,0.05,0.2,15,2.70805020110221,0.5,0.06311239589070468,0,1,0.8333333333333334
61,2,00101.jpg,0,0,1,0,1,0,87,0.25,0.25,0.25,0.05,0.2,15,2.70805020110221,0.5,0.09062509211991586,0,1,0.8360655737704918
62,2,11001.jpg,1,1,0,0,1,0,87,0.25,0.25,0.25,0.05,0.2,15,2.70805020110221,0.5,0.09182269921480232,0,1,0.8387096774193549
63,2,01110.jpg,0,1,1,1,0,0,87,0.25,0.25,0.25,0.05,0.2,15,2.70805020110221,0.5,0.0664533114397396,0,1,0.8412698412698413
64,2,11110.jpg,1,1,1,1,0,1,87,0.25,0.25,0.25,0.05,0.2,15,2.70805020110221,0.5,0.9787192331776966,1,1,0.84375
65,3,01101.jpg,0,1,1,0,1,0,87,0.25,0.25,0.25,0.05,0.2,15,2.70805020110221,0.5,0.06445430869266527,0,1,0.8461538461538461
66,3,01100.jpg,0,1,1,0,0,0,87,0.25,0.25,0.25,0.05,0.2,15,2.70805020110221,0.5,0.06477892225295988,0,1,0.8484848484848485
67,3,11110.jpg,1,1,1,1,0,1,87,0.25,0.25,0.25,0.05,0.2,15,2.70805020110221,0.5,0.983857065031741,1,1,0.8507462686567164
68,3,11000.jpg,1,1,0,0,0,0,87,0.25,0.25,0.25,0.05,0.2,15,2.70805020110221,0.5,0.07202382522193361,0,1,0.8529411764705882
69,3,10100.jpg,1,0,1,0,0,1,87,0.25,0.25,0.25,0.05,0.2,15,2.70805020110221,0.5,0.9843232958100148,1,1,0.855072463768116
70,3,00011.jpg,0,0,0,1,1,0,87,0.25,0.25,0.25,0.05,0.2,15,2.70805020110221,0.5,0.001505951782118019,0,1,0.8571428571428571
71,3,10001.jpg,1,0,0,0,1,0,87,0.25,0.25,0.25,0.05,0.2,15,2.70805020110221,0.5,0.06291933926177438,1,0,0.8450704225352113
72,3,00111.jpg,0,0,1,1,1,0,87,0.25,0.25,0.25,0.05,0.2,15,2.70805020110221,0.5,0.06315229323023744,0,1,0.8472222222222222
73,3,10011.jpg,1,0,0,1,1,0,87,0.25,0.25,0.25,0.05,0.2,15,2.70805020110221,0.5,0.056780750495520865,0,1,0.8493150684931506
74,3,11001.jpg,1,1,0,0,1,0,87,0.25,0.25,0.25,0.05,0.2,15,2.70805020110221,0.5,0.06446324935071607,0,1,0.8513513513513513
75,3,01110.jpg,0,1,1,1,0,0,87,0.25,0.25,0.25,0.05,0.2,15,2.70805020110221,0.5,0.07555708140517949,0,1,0.8533333333333334
76,3,00100.jpg,0,0,1,0,0,0,87,0.25,0.25,0.25,0.05,0.2,15,2.70805020110221,0.5,0.08610637760588005,0,1,0.8552631578947368
77,3,10110.jpg,1,0,1,1,0,1,87,0.25,0.25,0.25,0.05,0.2,15,2.70805020110221,0.5,0.9861436569039138,1,1,0.8571428571428571
78,3,01011.jpg,0,1,0,1,1,0,87,0.25,0.25,0.25,0.05,0.2,15,2.70805020110221,0.5,0.0016120919035517382,0,1,0.8589743589743589
79,3,00001.jpg,0,0,0,0,1,0,87,0.25,0.25,0.25,0.05,0.2,15,2.70805020110221,0.5,0.0014444236287319931,0,1,0.8607594936708861
80,3,11010.jpg,1,1,0,1,0,0,87,0.25,0.25,0.25,0.05,0.2,15,2.70805020110221,0.5,0.07696088219415363,0,1,0.8625
81,3,10000.jpg,1,0,0,0,0,0,87,0.25,0.25,0.25,0.05,0.2,15,2.70805020110221,0.5,0.09477495330830268,0,1,0.8641975308641975
82,3,01001.jpg,0,1,0,0,1,0,87,0.25,0.25,0.25,0.05,0.2,15,2.70805020110221,0.5,0.001484572337277975,0,1,0.8658536585365854
83,3,00010.jpg,0,0,0,1,0,0,87,0.25,0.25,0.25,0.05,0.2,15,2.70805020110221,0.5,0.0024964576393861184,0,1,0.8674698795180723
84,3,00000.jpg,0,0,0,0,0,0,87,0.25,0.25,0.25,0.05,0.2,15,2.70805020110221,0.5,0.002208829395473725,0,1,0.8690476190476191
85,3,10111.jpg,1,0,1,1,1,1,87,0.25,0.25,0.25,0.05,0.2,15,2.70805020110221,0.5,0.9812850061264388,1,1,0.8705882352941177
86,3,11111.jpg,1,1,1,1,1,1,87,0.25,0.25,0.25,0.05,0.2,15,2.70805020110221,0.5,0.983329415054759,1,1,0.872093023255814
87,3,11100.jpg,1,1,1,0,0,1,87,0.25,0.25,0.25,0.05,0.2,15,2.70805020110221,0.5,0.9808425437382366,1,1,0.8735632183908046
88,3,01010.jpg,0,1,0,1,0,0,87,0.25,0.25,0.25,0.05,0.2,15,2.70805020110221,0.5,0.0022039011880885737,0,1,0.875
89,3,01000.jpg,0,1,0,0,0,0,87,0.25,0.25,0.25,0.05,0.2,15,2.70805020110221,0.5,0.001959628343272431,0,1,0.8764044943820225
90,3,10010.jpg,1,0,0,1,0,0,87,0.25,0.25,0.25,0.05,0.2,15,2.70805020110221,0.5,0.08058573780250788,0,1,0.8777777777777778
91,3,01111.jpg,0,1,1,1,1,0,87,0.25,0.25,0.25,0.05,0.2,15,2.70805020110221,0.5,0.07453174240761917,0,1,0.8791208791208791
92,3,00101.jpg,0,0,1,0,1,0,87,0.25,0.25,0.25,0.05,0.2,15,2.70805020110221,0.5,0.06678469650037325,0,1,0.8804347826086957
93,3,11011.jpg,1,1,0,1,1,0,87,0.25,0.25,0.25,0.05,0.2,15,2.70805020110221,0.5,0.07632097061002324,0,1,0.8817204301075269
94,3,00110.jpg,0,0,1,1,0,0,87,0.25,0.25,0.25,0.05,0.2,15,2.70805020110221,0.5,0.08495293682730744,0,1,0.8829787234042553
95,3,10101.jpg,1,0,1,0,1,1,87,0.25,0.25,0.25,0.05,0.2,15,2.70805020110221,0.5,0.9817984378409054,1,1,0.8842105263157894
96,3,11101.jpg,1,1,1,0,1,1,87,0.25,0.25,0.25,0.05,0.2,15,2.70805020110221,0.5,0.9811039334417467,1,1,0.8854166666666666
1,1,11101.jpg,1,1,1,0,1,1,88,0.25,0.25,0.25,0.05,0.2,15,2.70805020110221,0.5,0.5,1,1,1
2,1,11111.jpg,1,1,1,1,1,1,88,0.25,0.25,0.25,0.05,0.2,15,2.70805020110221,0.5,0.5,0,0,0.5
3,1,00001.jpg,0,0,0,0,1,0,88,0.25,0.25,0.25,0.05,0.2,15,2.70805020110221,0.5,0.5,1,0,0.3333333333333333
4,1,00111.jpg,0,0,1,1,1,0,88,0.25,0.25,0.25,0.05,0.2,15,2.70805020110221,0.5,0.03535650605784861,0,1,0.5
5,1,00101.jpg,0,0,1,0,1,0,88,0.25,0.25,0.25,0.05,0.2,15,2.70805020110221,0.5,0.0016395110825149638,0,1,0.6
6,1,00100.jpg,0,0,1,0,0,0,88,0.25,0.25,0.25,0.05,0.2,15,2.70805020110221,0.5,8.159172054352854e-4,0,1,0.6666666666666666
7,1,01001.jpg,0,1,0,0,1,0,88,0.25,0.25,0.25,0.05,0.2,15,2.70805020110221,0.5,0.06266993839662714,0,1,0.7142857142857143
8,1,11110.jpg,1,1,1,1,0,1,88,0.25,0.25,0.25,0.05,0.2,15,2.70805020110221,0.5,0.9982834709959614,1,1,0.75
9,1,01101.jpg,0,1,1,0,1,0,88,0.25,0.25,0.25,0.05,0.2,15,2.70805020110221,0.5,0.49478737540570245,1,0,0.6666666666666666
10,1,00010.jpg,0,0,0,1,0,0,88,0.25,0.25,0.25,0.05,0.2,15,2.70805020110221,0.5,7.557667416028979e-4,0,1,0.7
11,1,10110.jpg,1,0,1,1,0,1,88,0.25,0.25,0.25,0.05,0.2,15,2.70805020110221,0.5,0.8145149605991895,1,1,0.7272727272727273
12,1,01000.jpg,0,1,0,0,0,0,88,0.25,0.25,0.25,0.05,0.2,15,2.70805020110221,0.5,0.008371965222752542,0,1,0.75
13,1,10001.jpg,1,0,0,0,1,0,88,0.25,0.25,0.25,0.05,0.2,15,2.70805020110221,0.5,0.09767039238200996,0,1,0.7692307692307693
14,1,01011.jpg,0,1,0,1,1,0,88,0.25,0.25,0.25,0.05,0.2,15,2.70805020110221,0.5,0.0036297914559548644,0,1,0.7857142857142857
15,1,11001.jpg,1,1,0,0,1,0,88,0.25,0.25,0.25,0.05,0.2,15,2.70805020110221,0.5,0.5927256957082627,1,0,0.7333333333333333
16,1,10010.jpg,1,0,0,1,0,0,88,0.25,0.25,0.25,0.05,0.2,15,2.70805020110221,0.5,0.576316493633691,1,0,0.6875
17,1,01111.jpg,0,1,1,1,1,0,88,0.25,0.25,0.25,0.05,0.2,15,2.70805020110221,0.5,0.16515415615518603,0,1,0.7058823529411765
18,1,00110.jpg,0,0,1,1,0,0,88,0.25,0.25,0.25,0.05,0.2,15,2.70805020110221,0.5,0.12042785893379951,0,1,0.7222222222222222
19,1,10111.jpg,1,0,1,1,1,1,88,0.25,0.25,0.25,0.05,0.2,15,2.70805020110221,0.5,0.8569220893900591,0,0,0.6842105263157895
20,1,10011.jpg,1,0,0,1,1,0,88,0.25,0.25,0.25,0.05,0.2,15,2.70805020110221,0.5,0.11553584754214717,0,1,0.7
21,1,01010.jpg,0,1,0,1,0,0,88,0.25,0.25,0.25,0.05,0.2,15,2.70805020110221,0.5,0.003166838059274101,0,1,0.7142857142857143
22,1,01100.jpg,0,1,1,0,0,0,88,0.25,0.25,0.25,0.05,0.2,15,2.70805020110221,0.5,0.22277848289028426,1,0,0.6818181818181818
23,1,10100.jpg,1,0,1,0,0,1,88,0.25,0.25,0.25,0.05,0.2,15,2.70805020110221,0.5,0.971842301691843,1,1,0.6956521739130435
24,1,11011.jpg,1,1,0,1,1,0,88,0.25,0.25,0.25,0.05,0.2,15,2.70805020110221,0.5,0.15893179903952678,0,1,0.7083333333333334
25,1,01110.jpg,0,1,1,1,0,0,88,0.25,0.25,0.25,0.05,0.2,15,2.70805020110221,0.5,0.11222864815381053,0,1,0.72
26,1,00011.jpg,0,0,0,1,1,0,88,0.25,0.25,0.25,0.05,0.2,15,2.70805020110221,0.5,0.0030626336936292126,0,1,0.7307692307692307
27,1,11000.jpg,1,1,0,0,0,0,88,0.25,0.25,0.25,0.05,0.2,15,2.70805020110221,0.5,0.2691162228375313,1,0,0.7037037037037037
28,1,10000.jpg,1,0,0,0,0,0,88,0.25,0.25,0.25,0.05,0.2,15,2.70805020110221,0.5,0.1749928398111898,1,0,0.6785714285714286
29,1,11010.jpg,1,1,0,1,0,0,88,0.25,0.25,0.25,0.05,0.2,15,2.70805020110221,0.5,0.1336720288195971,0,1,0.6896551724137931
30,1,00000.jpg,0,0,0,0,0,0,88,0.25,0.25,0.25,0.05,0.2,15,2.70805020110221,0.5,0.004849245030327813,0,1,0.7
31,1,11100.jpg,1,1,1,0,0,1,88,0.25,0.25,0.25,0.05,0.2,15,2.70805020110221,0.5,0.9686136399872752,1,1,0.7096774193548387
32,1,10101.jpg,1,0,1,0,1,1,88,0.25,0.25,0.25,0.05,0.2,15,2.70805020110221,0.5,0.9636437484274067,1,1,0.71875
33,2,01010.jpg,0,1,0,1,0,0,88,0.25,0.25,0.25,0.05,0.2,15,2.70805020110221,0.5,0.0015822079004738441,0,1,0.7272727272727273
34,2,10011.jpg,1,0,0,1,1,0,88,0.25,0.25,0.25,0.05,0.2,15,2.70805020110221,0.5,0.06695901528155641,0,1,0.7352941176470589
35,2,01011.jpg,0,1,0,1,1,0,88,0.25,0.25,0.25,0.05,0.2,15,2.70805020110221,0.5,0.001663368310944589,0,1,0.7428571428571429
36,2,10101.jpg,1,0,1,0,1,1,88,0.25,0.25,0.25,0.05,0.2,15,2.70805020110221,0.5,0.9840755647241953,1,1,0.75
37,2,11100.jpg,1,1,1,0,0,1,88,0.25,0.25,0.25,0.05,0.2,15,2.70805020110221,0.5,0.9843376030225278,1,1,0.7567567567567568
38,2,10010.jpg,1,0,0,1,0,0,88,0.25,0.25,0.25,0.05,0.2,15,2.70805020110221,0.5,0.057894324968710914,0,1,0.7631578947368421
39,2,10000.jpg,1,0,0,0,0,0,88,0.25,0.25,0.25,0.05,0.2,15,2.70805020110221,0.5,0.04898419271123354,0,1,0.7692307692307693
40,2,01100.jpg,0,1,1,0,0,0,88,0.25,0.25,0.25,0.05,0.2,15,2.70805020110221,0.5,0.09744539121085914,0,1,0.775
41,2,00011.jpg,0,0,0,1,1,0,88,0.25,0.25,0.25,0.05,0.2,15,2.70805020110221,0.5,0.001994207395193685,0,1,0.7804878048780488
42,2,01000.jpg,0,1,0,0,0,0,88,0.25,0.25,0.25,0.05,0.2,15,2.70805020110221,0.5,0.0020301395276297552,0,1,0.7857142857142857
43,2,10100.jpg,1,0,1,0,0,1,88,0.25,0.25,0.25,0.05,0.2,15,2.70805020110221,0.5,0.9794656897886912,1,1,0.7906976744186046
44,2,00110.jpg,0,0,1,1,0,0,88,0.25,0.25,0.25,0.05,0.2,15,2.70805020110221,0.5,0.08042858227958817,0,1,0.7954545454545454
45,2,00000.jpg,0,0,0,0,0,0,88,0.25,0.25,0.25,0.05,0.2,15,2.70805020110221,0.5,0.0024942893893452433,0,1,0.8
46,2,10110.jpg,1,0,1,1,0,1,88,0.25,0.25,0.25,0.05,0.2,15,2.70805020110221,0.5,0.9794950282353737,1,1,0.8043478260869565
47,2,11101.jpg,1,1,1,0,1,1,88,0.25,0.25,0.25,0.05,0.2,15,2.70805020110221,0.5,0.9838475426801836,1,1,0.8085106382978723
48,2,11011.jpg,1,1,0,1,1,0,88,0.25,0.25,0.25,0.05,0.2,15,2.70805020110221,0.5,0.07145223997909872,0,1,0.8125
49,2,01001.jpg,0,1,0,0,1,0,88,0.25,0.25,0.25,0.05,0.2,15,2.70805020110221,0.5,0.0017734905737565886,0,1,0.8163265306122449
50,2,01111.jpg,0,1,1,1,1,0,88,0.25,0.25,0.25,0.05,0.2,15,2.70805020110221,0.5,0.07487839560364029,0,1,0.82
51,2,10001.jpg,1,0,0,0,1,0,88,0.25,0.25,0.25,0.05,0.2,15,2.70805020110221,0.5,0.07570916419596067,0,1,0.8235294117647058
52,2,00010.jpg,0,0,0,1,0,0,88,0.25,0.25,0.25,0.05,0.2,15,2.70805020110221,0.5,0.0021906462981506397,0,1,0.8269230769230769
53,2,11000.jpg,1,1,0,0,0,0,88,0.25,0.25,0.25,0.05,0.2,15,2.70805020110221,0.5,0.09874881223537242,0,1,0.8301886792452831
54,2,00100.jpg,0,0,1,0,0,0,88,0.25,0.25,0.25,0.05,0.2,15,2.70805020110221,0.5,0.09513681541851546,0,1,0.8333333333333334
55,2,00001.jpg,0,0,0,0,1,0,88,0.25,0.25,0.25,0.05,0.2,15,2.70805020110221,0.5,0.0020487782771846973,0,1,0.8363636363636363
56,2,10111.jpg,1,0,1,1,1,1,88,0.25,0.25,0.25,0.05,0.2,15,2.70805020110221,0.5,0.9835824881400567,1,1,0.8392857142857143
57,2,11111.jpg,1,1,1,1,1,1,88,0.25,0.25,0.25,0.05,0.2,15,2.70805020110221,0.5,0.9806433440282938,1,1,0.8421052631578947
58,2,01101.jpg,0,1,1,0,1,0,88,0.25,0.25,0.25,0.05,0.2,15,2.70805020110221,0.5,0.08659000468915191,1,0,0.8275862068965517
59,2,00111.jpg,0,0,1,1,1,0,88,0.25,0.25,0.25,0.05,0.2,15,2.70805020110221,0.5,0.1076992532150586,0,1,0.8305084745762712
60,2,11010.jpg,1,1,0,1,0,0,88,0.25,0.25,0.25,0.05,0.2,15,2.70805020110221,0.5,0.06311239589070468,0,1,0.8333333333333334
61,2,00101.jpg,0,0,1,0,1,0,88,0.25,0.25,0.25,0.05,0.2,15,2.70805020110221,0.5,0.09062509211991586,0,1,0.8360655737704918
62,2,11001.jpg,1,1,0,0,1,0,88,0.25,0.25,0.25,0.05,0.2,15,2.70805020110221,0.5,0.09182269921480232,0,1,0.8387096774193549
63,2,01110.jpg,0,1,1,1,0,0,88,0.25,0.25,0.25,0.05,0.2,15,2.70805020110221,0.5,0.0664533114397396,0,1,0.8412698412698413
64,2,11110.jpg,1,1,1,1,0,1,88,0.25,0.25,0.25,0.05,0.2,15,2.70805020110221,0.5,0.9787192331776966,1,1,0.84375
65,3,01101.jpg,0,1,1,0,1,0,88,0.25,0.25,0.25,0.05,0.2,15,2.70805020110221,0.5,0.06445430869266527,0,1,0.8461538461538461
66,3,01100.jpg,0,1,1,0,0,0,88,0.25,0.25,0.25,0.05,0.2,15,2.70805020110221,0.5,0.06477892225295988,0,1,0.8484848484848485
67,3,11110.jpg,1,1,1,1,0,1,88,0.25,0.25,0.25,0.05,0.2,15,2.70805020110221,0.5,0.983857065031741,1,1,0.8507462686567164
68,3,11000.jpg,1,1,0,0,0,0,88,0.25,0.25,0.25,0.05,0.2,15,2.70805020110221,0.5,0.07202382522193361,0,1,0.8529411764705882
69,3,10100.jpg,1,0,1,0,0,1,88,0.25,0.25,0.25,0.05,0.2,15,2.70805020110221,0.5,0.9843232958100148,1,1,0.855072463768116
70,3,00011.jpg,0,0,0,1,1,0,88,0.25,0.25,0.25,0.05,0.2,15,2.70805020110221,0.5,0.001505951782118019,0,1,0.8571428571428571
71,3,10001.jpg,1,0,0,0,1,0,88,0.25,0.25,0.25,0.05,0.2,15,2.70805020110221,0.5,0.06291933926177438,1,0,0.8450704225352113
72,3,00111.jpg,0,0,1,1,1,0,88,0.25,0.25,0.25,0.05,0.2,15,2.70805020110221,0.5,0.06315229323023744,0,1,0.8472222222222222
73,3,10011.jpg,1,0,0,1,1,0,88,0.25,0.25,0.25,0.05,0.2,15,2.70805020110221,0.5,0.056780750495520865,0,1,0.8493150684931506
74,3,11001.jpg,1,1,0,0,1,0,88,0.25,0.25,0.25,0.05,0.2,15,2.70805020110221,0.5,0.06446324935071607,0,1,0.8513513513513513
75,3,01110.jpg,0,1,1,1,0,0,88,0.25,0.25,0.25,0.05,0.2,15,2.70805020110221,0.5,0.07555708140517949,0,1,0.8533333333333334
76,3,00100.jpg,0,0,1,0,0,0,88,0.25,0.25,0.25,0.05,0.2,15,2.70805020110221,0.5,0.08610637760588005,0,1,0.8552631578947368
77,3,10110.jpg,1,0,1,1,0,1,88,0.25,0.25,0.25,0.05,0.2,15,2.70805020110221,0.5,0.9861436569039138,1,1,0.8571428571428571
78,3,01011.jpg,0,1,0,1,1,0,88,0.25,0.25,0.25,0.05,0.2,15,2.70805020110221,0.5,0.0016120919035517382,0,1,0.8589743589743589
79,3,00001.jpg,0,0,0,0,1,0,88,0.25,0.25,0.25,0.05,0.2,15,2.70805020110221,0.5,0.0014444236287319931,0,1,0.8607594936708861
80,3,11010.jpg,1,1,0,1,0,0,88,0.25,0.25,0.25,0.05,0.2,15,2.70805020110221,0.5,0.07696088219415363,0,1,0.8625
81,3,10000.jpg,1,0,0,0,0,0,88,0.25,0.25,0.25,0.05,0.2,15,2.70805020110221,0.5,0.09477495330830268,0,1,0.8641975308641975
82,3,01001.jpg,0,1,0,0,1,0,88,0.25,0.25,0.25,0.05,0.2,15,2.70805020110221,0.5,0.001484572337277975,0,1,0.8658536585365854
83,3,00010.jpg,0,0,0,1,0,0,88,0.25,0.25,0.25,0.05,0.2,15,2.70805020110221,0.5,0.0024964576393861184,0,1,0.8674698795180723
84,3,00000.jpg,0,0,0,0,0,0,88,0.25,0.25,0.25,0.05,0.2,15,2.70805020110221,0.5,0.002208829395473725,0,1,0.8690476190476191
85,3,10111.jpg,1,0,1,1,1,1,88,0.25,0.25,0.25,0.05,0.2,15,2.70805020110221,0.5,0.9812850061264388,1,1,0.8705882352941177
86,3,11111.jpg,1,1,1,1,1,1,88,0.25,0.25,0.25,0.05,0.2,15,2.70805020110221,0.5,0.983329415054759,1,1,0.872093023255814
87,3,11100.jpg,1,1,1,0,0,1,88,0.25,0.25,0.25,0.05,0.2,15,2.70805020110221,0.5,0.9808425437382366,1,1,0.8735632183908046
88,3,01010.jpg,0,1,0,1,0,0,88,0.25,0.25,0.25,0.05,0.2,15,2.70805020110221,0.5,0.0022039011880885737,0,1,0.875
89,3,01000.jpg,0,1,0,0,0,0,88,0.25,0.25,0.25,0.05,0.2,15,2.70805020110221,0.5,0.001959628343272431,0,1,0.8764044943820225
90,3,10010.jpg,1,0,0,1,0,0,88,0.25,0.25,0.25,0.05,0.2,15,2.70805020110221,0.5,0.08058573780250788,0,1,0.8777777777777778
91,3,01111.jpg,0,1,1,1,1,0,88,0.25,0.25,0.25,0.05,0.2,15,2.70805020110221,0.5,0.07453174240761917,0,1,0.8791208791208791
92,3,00101.jpg,0,0,1,0,1,0,88,0.25,0.25,0.25,0.05,0.2,15,2.70805020110221,0.5,0.06678469650037325,0,1,0.8804347826086957
93,3,11011.jpg,1,1,0,1,1,0,88,0.25,0.25,0.25,0.05,0.2,15,2.70805020110221,0.5,0.07632097061002324,0,1,0.8817204301075269
94,3,00110.jpg,0,0,1,1,0,0,88,0.25,0.25,0.25,0.05,0.2,15,2.70805020110221,0.5,0.08495293682730744,0,1,0.8829787234042553
95,3,10101.jpg,1,0,1,0,1,1,88,0.25,0.25,0.25,0.05,0.2,15,2.70805020110221,0.5,0.9817984378409054,1,1,0.8842105263157894
96,3,11101.jpg,1,1,1,0,1,1,88,0.25,0.25,0.25,0.05,0.2,15,2.70805020110221,0.5,0.9811039334417467,1,1,0.8854166666666666
1,1,11101.jpg,1,1,1,0,1,1,89,0.25,0.25,0.25,0.05,0.2,15,2.70805020110221,0.5,0.5,1,1,1
2,1,11111.jpg,1,1,1,1,1,1,89,0.25,0.25,0.25,0.05,0.2,15,2.70805020110221,0.5,0.5,0,0,0.5
3,1,00001.jpg,0,0,0,0,1,0,89,0.25,0.25,0.25,0.05,0.2,15,2.70805020110221,0.5,0.5,1,0,0.3333333333333333
4,1,00111.jpg,0,0,1,1,1,0,89,0.25,0.25,0.25,0.05,0.2,15,2.70805020110221,0.5,0.03535650605784861,0,1,0.5
5,1,00101.jpg,0,0,1,0,1,0,89,0.25,0.25,0.25,0.05,0.2,15,2.70805020110221,0.5,0.0016395110825149638,0,1,0.6
6,1,00100.jpg,0,0,1,0,0,0,89,0.25,0.25,0.25,0.05,0.2,15,2.70805020110221,0.5,8.159172054352854e-4,0,1,0.6666666666666666
7,1,01001.jpg,0,1,0,0,1,0,89,0.25,0.25,0.25,0.05,0.2,15,2.70805020110221,0.5,0.06266993839662714,0,1,0.7142857142857143
8,1,11110.jpg,1,1,1,1,0,1,89,0.25,0.25,0.25,0.05,0.2,15,2.70805020110221,0.5,0.9982834709959614,1,1,0.75
9,1,01101.jpg,0,1,1,0,1,0,89,0.25,0.25,0.25,0.05,0.2,15,2.70805020110221,0.5,0.49478737540570245,1,0,0.6666666666666666
10,1,00010.jpg,0,0,0,1,0,0,89,0.25,0.25,0.25,0.05,0.2,15,2.70805020110221,0.5,7.557667416028979e-4,0,1,0.7
11,1,10110.jpg,1,0,1,1,0,1,89,0.25,0.25,0.25,0.05,0.2,15,2.70805020110221,0.5,0.8145149605991895,1,1,0.7272727272727273
12,1,01000.jpg,0,1,0,0,0,0,89,0.25,0.25,0.25,0.05,0.2,15,2.70805020110221,0.5,0.008371965222752542,0,1,0.75
13,1,10001.jpg,1,0,0,0,1,0,89,0.25,0.25,0.25,0.05,0.2,15,2.70805020110221,0.5,0.09767039238200996,0,1,0.7692307692307693
14,1,01011.jpg,0,1,0,1,1,0,89,0.25,0.25,0.25,0.05,0.2,15,2.70805020110221,0.5,0.0036297914559548644,0,1,0.7857142857142857
15,1,11001.jpg,1,1,0,0,1,0,89,0.25,0.25,0.25,0.05,0.2,15,2.70805020110221,0.5,0.5927256957082627,1,0,0.7333333333333333
16,1,10010.jpg,1,0,0,1,0,0,89,0.25,0.25,0.25,0.05,0.2,15,2.70805020110221,0.5,0.576316493633691,1,0,0.6875
17,1,01111.jpg,0,1,1,1,1,0,89,0.25,0.25,0.25,0.05,0.2,15,2.70805020110221,0.5,0.16515415615518603,0,1,0.7058823529411765
18,1,00110.jpg,0,0,1,1,0,0,89,0.25,0.25,0.25,0.05,0.2,15,2.70805020110221,0.5,0.12042785893379951,0,1,0.7222222222222222
19,1,10111.jpg,1,0,1,1,1,1,89,0.25,0.25,0.25,0.05,0.2,15,2.70805020110221,0.5,0.8569220893900591,0,0,0.6842105263157895
20,1,10011.jpg,1,0,0,1,1,0,89,0.25,0.25,0.25,0.05,0.2,15,2.70805020110221,0.5,0.11553584754214717,0,1,0.7
21,1,01010.jpg,0,1,0,1,0,0,89,0.25,0.25,0.25,0.05,0.2,15,2.70805020110221,0.5,0.003166838059274101,0,1,0.7142857142857143
22,1,01100.jpg,0,1,1,0,0,0,89,0.25,0.25,0.25,0.05,0.2,15,2.70805020110221,0.5,0.22277848289028426,1,0,0.6818181818181818
23,1,10100.jpg,1,0,1,0,0,1,89,0.25,0.25,0.25,0.05,0.2,15,2.70805020110221,0.5,0.971842301691843,1,1,0.6956521739130435
24,1,11011.jpg,1,1,0,1,1,0,89,0.25,0.25,0.25,0.05,0.2,15,2.70805020110221,0.5,0.15893179903952678,0,1,0.7083333333333334
25,1,01110.jpg,0,1,1,1,0,0,89,0.25,0.25,0.25,0.05,0.2,15,2.70805020110221,0.5,0.11222864815381053,0,1,0.72
26,1,00011.jpg,0,0,0,1,1,0,89,0.25,0.25,0.25,0.05,0.2,15,2.70805020110221,0.5,0.0030626336936292126,0,1,0.7307692307692307
27,1,11000.jpg,1,1,0,0,0,0,89,0.25,0.25,0.25,0.05,0.2,15,2.70805020110221,0.5,0.2691162228375313,1,0,0.7037037037037037
28,1,10000.jpg,1,0,0,0,0,0,89,0.25,0.25,0.25,0.05,0.2,15,2.70805020110221,0.5,0.1749928398111898,1,0,0.6785714285714286
29,1,11010.jpg,1,1,0,1,0,0,89,0.25,0.25,0.25,0.05,0.2,15,2.70805020110221,0.5,0.1336720288195971,0,1,0.6896551724137931
30,1,00000.jpg,0,0,0,0,0,0,89,0.25,0.25,0.25,0.05,0.2,15,2.70805020110221,0.5,0.004849245030327813,0,1,0.7
31,1,11100.jpg,1,1,1,0,0,1,89,0.25,0.25,0.25,0.05,0.2,15,2.70805020110221,0.5,0.9686136399872752,1,1,0.7096774193548387
32,1,10101.jpg,1,0,1,0,1,1,89,0.25,0.25,0.25,0.05,0.2,15,2.70805020110221,0.5,0.9636437484274067,1,1,0.71875
33,2,01010.jpg,0,1,0,1,0,0,89,0.25,0.25,0.25,0.05,0.2,15,2.70805020110221,0.5,0.0015822079004738441,0,1,0.7272727272727273
34,2,10011.jpg,1,0,0,1,1,0,89,0.25,0.25,0.25,0.05,0.2,15,2.70805020110221,0.5,0.06695901528155641,0,1,0.7352941176470589
35,2,01011.jpg,0,1,0,1,1,0,89,0.25,0.25,0.25,0.05,0.2,15,2.70805020110221,0.5,0.001663368310944589,0,1,0.7428571428571429
36,2,10101.jpg,1,0,1,0,1,1,89,0.25,0.25,0.25,0.05,0.2,15,2.70805020110221,0.5,0.9840755647241953,1,1,0.75
37,2,11100.jpg,1,1,1,0,0,1,89,0.25,0.25,0.25,0.05,0.2,15,2.70805020110221,0.5,0.9843376030225278,1,1,0.7567567567567568
38,2,10010.jpg,1,0,0,1,0,0,89,0.25,0.25,0.25,0.05,0.2,15,2.70805020110221,0.5,0.057894324968710914,0,1,0.7631578947368421
39,2,10000.jpg,1,0,0,0,0,0,89,0.25,0.25,0.25,0.05,0.2,15,2.70805020110221,0.5,0.04898419271123354,0,1,0.7692307692307693
40,2,01100.jpg,0,1,1,0,0,0,89,0.25,0.25,0.25,0.05,0.2,15,2.70805020110221,0.5,0.09744539121085914,0,1,0.775
41,2,00011.jpg,0,0,0,1,1,0,89,0.25,0.25,0.25,0.05,0.2,15,2.70805020110221,0.5,0.001994207395193685,0,1,0.7804878048780488
42,2,01000.jpg,0,1,0,0,0,0,89,0.25,0.25,0.25,0.05,0.2,15,2.70805020110221,0.5,0.0020301395276297552,0,1,0.7857142857142857
43,2,10100.jpg,1,0,1,0,0,1,89,0.25,0.25,0.25,0.05,0.2,15,2.70805020110221,0.5,0.9794656897886912,1,1,0.7906976744186046
44,2,00110.jpg,0,0,1,1,0,0,89,0.25,0.25,0.25,0.05,0.2,15,2.70805020110221,0.5,0.08042858227958817,0,1,0.7954545454545454
45,2,00000.jpg,0,0,0,0,0,0,89,0.25,0.25,0.25,0.05,0.2,15,2.70805020110221,0.5,0.0024942893893452433,0,1,0.8
46,2,10110.jpg,1,0,1,1,0,1,89,0.25,0.25,0.25,0.05,0.2,15,2.70805020110221,0.5,0.9794950282353737,1,1,0.8043478260869565
47,2,11101.jpg,1,1,1,0,1,1,89,0.25,0.25,0.25,0.05,0.2,15,2.70805020110221,0.5,0.9838475426801836,1,1,0.8085106382978723
48,2,11011.jpg,1,1,0,1,1,0,89,0.25,0.25,0.25,0.05,0.2,15,2.70805020110221,0.5,0.07145223997909872,0,1,0.8125
49,2,01001.jpg,0,1,0,0,1,0,89,0.25,0.25,0.25,0.05,0.2,15,2.70805020110221,0.5,0.0017734905737565886,0,1,0.8163265306122449
50,2,01111.jpg,0,1,1,1,1,0,89,0.25,0.25,0.25,0.05,0.2,15,2.70805020110221,0.5,0.07487839560364029,0,1,0.82
51,2,10001.jpg,1,0,0,0,1,0,89,0.25,0.25,0.25,0.05,0.2,15,2.70805020110221,0.5,0.07570916419596067,0,1,0.8235294117647058
52,2,00010.jpg,0,0,0,1,0,0,89,0.25,0.25,0.25,0.05,0.2,15,2.70805020110221,0.5,0.0021906462981506397,0,1,0.8269230769230769
53,2,11000.jpg,1,1,0,0,0,0,89,0.25,0.25,0.25,0.05,0.2,15,2.70805020110221,0.5,0.09874881223537242,0,1,0.8301886792452831
54,2,00100.jpg,0,0,1,0,0,0,89,0.25,0.25,0.25,0.05,0.2,15,2.70805020110221,0.5,0.09513681541851546,0,1,0.8333333333333334
55,2,00001.jpg,0,0,0,0,1,0,89,0.25,0.25,0.25,0.05,0.2,15,2.70805020110221,0.5,0.0020487782771846973,0,1,0.8363636363636363
56,2,10111.jpg,1,0,1,1,1,1,89,0.25,0.25,0.25,0.05,0.2,15,2.70805020110221,0.5,0.9835824881400567,1,1,0.8392857142857143
57,2,11111.jpg,1,1,1,1,1,1,89,0.25,0.25,0.25,0.05,0.2,15,2.70805020110221,0.5,0.9806433440282938,1,1,0.8421052631578947
58,2,01101.jpg,0,1,1,0,1,0,89,0.25,0.25,0.25,0.05,0.2,15,2.70805020110221,0.5,0.08659000468915191,1,0,0.8275862068965517
59,2,00111.jpg,0,0,1,1,1,0,89,0.25,0.25,0.25,0.05,0.2,15,2.70805020110221,0.5,0.1076992532150586,0,1,0.8305084745762712
60,2,11010.jpg,1,1,0,1,0,0,89,0.25,0.25,0.25,0.05,0.2,15,2.70805020110221,0.5,0.06311239589070468,0,1,0.8333333333333334
61,2,00101.jpg,0,0,1,0,1,0,89,0.25,0.25,0.25,0.05,0.2,15,2.70805020110221,0.5,0.09062509211991586,0,1,0.8360655737704918
62,2,11001.jpg,1,1,0,0,1,0,89,0.25,0.25,0.25,0.05,0.2,15,2.70805020110221,0.5,0.09182269921480232,0,1,0.8387096774193549
63,2,01110.jpg,0,1,1,1,0,0,89,0.25,0.25,0.25,0.05,0.2,15,2.70805020110221,0.5,0.0664533114397396,0,1,0.8412698412698413
64,2,11110.jpg,1,1,1,1,0,1,89,0.25,0.25,0.25,0.05,0.2,15,2.70805020110221,0.5,0.9787192331776966,1,1,0.84375
65,3,01101.jpg,0,1,1,0,1,0,89,0.25,0.25,0.25,0.05,0.2,15,2.70805020110221,0.5,0.06445430869266527,0,1,0.8461538461538461
66,3,01100.jpg,0,1,1,0,0,0,89,0.25,0.25,0.25,0.05,0.2,15,2.70805020110221,0.5,0.06477892225295988,0,1,0.8484848484848485
67,3,11110.jpg,1,1,1,1,0,1,89,0.25,0.25,0.25,0.05,0.2,15,2.70805020110221,0.5,0.983857065031741,1,1,0.8507462686567164
68,3,11000.jpg,1,1,0,0,0,0,89,0.25,0.25,0.25,0.05,0.2,15,2.70805020110221,0.5,0.07202382522193361,0,1,0.8529411764705882
69,3,10100.jpg,1,0,1,0,0,1,89,0.25,0.25,0.25,0.05,0.2,15,2.70805020110221,0.5,0.9843232958100148,1,1,0.855072463768116
70,3,00011.jpg,0,0,0,1,1,0,89,0.25,0.25,0.25,0.05,0.2,15,2.70805020110221,0.5,0.001505951782118019,0,1,0.8571428571428571
71,3,10001.jpg,1,0,0,0,1,0,89,0.25,0.25,0.25,0.05,0.2,15,2.70805020110221,0.5,0.06291933926177438,1,0,0.8450704225352113
72,3,00111.jpg,0,0,1,1,1,0,89,0.25,0.25,0.25,0.05,0.2,15,2.70805020110221,0.5,0.06315229323023744,0,1,0.8472222222222222
73,3,10011.jpg,1,0,0,1,1,0,89,0.25,0.25,0.25,0.05,0.2,15,2.70805020110221,0.5,0.056780750495520865,0,1,0.8493150684931506
74,3,11001.jpg,1,1,0,0,1,0,89,0.25,0.25,0.25,0.05,0.2,15,2.70805020110221,0.5,0.06446324935071607,0,1,0.8513513513513513
75,3,01110.jpg,0,1,1,1,0,0,89,0.25,0.25,0.25,0.05,0.2,15,2.70805020110221,0.5,0.07555708140517949,0,1,0.8533333333333334
76,3,00100.jpg,0,0,1,0,0,0,89,0.25,0.25,0.25,0.05,0.2,15,2.70805020110221,0.5,0.08610637760588005,0,1,0.8552631578947368
77,3,10110.jpg,1,0,1,1,0,1,89,0.25,0.25,0.25,0.05,0.2,15,2.70805020110221,0.5,0.9861436569039138,1,1,0.8571428571428571
78,3,01011.jpg,0,1,0,1,1,0,89,0.25,0.25,0.25,0.05,0.2,15,2.70805020110221,0.5,0.0016120919035517382,0,1,0.8589743589743589
79,3,00001.jpg,0,0,0,0,1,0,89,0.25,0.25,0.25,0.05,0.2,15,2.70805020110221,0.5,0.0014444236287319931,0,1,0.8607594936708861
80,3,11010.jpg,1,1,0,1,0,0,89,0.25,0.25,0.25,0.05,0.2,15,2.70805020110221,0.5,0.07696088219415363,0,1,0.8625
81,3,10000.jpg,1,0,0,0,0,0,89,0.25,0.25,0.25,0.05,0.2,15,2.70805020110221,0.5,0.09477495330830268,0,1,0.8641975308641975
82,3,01001.jpg,0,1,0,0,1,0,89,0.25,0.25,0.25,0.05,0.2,15,2.70805020110221,0.5,0.001484572337277975,0,1,0.8658536585365854
83,3,00010.jpg,0,0,0,1,0,0,89,0.25,0.25,0.25,0.05,0.2,15,2.70805020110221,0.5,0.0024964576393861184,0,1,0.8674698795180723
84,3,00000.jpg,0,0,0,0,0,0,89,0.25,0.25,0.25,0.05,0.2,15,2.70805020110221,0.5,0.002208829395473725,0,1,0.8690476190476191
85,3,10111.jpg,1,0,1,1,1,1,89,0.25,0.25,0.25,0.05,0.2,15,2.70805020110221,0.5,0.9812850061264388,1,1,0.8705882352941177
86,3,11111.jpg,1,1,1,1,1,1,89,0.25,0.25,0.25,0.05,0.2,15,2.70805020110221,0.5,0.983329415054759,1,1,0.872093023255814
87,3,11100.jpg,1,1,1,0,0,1,89,0.25,0.25,0.25,0.05,0.2,15,2.70805020110221,0.5,0.9808425437382366,1,1,0.8735632183908046
88,3,01010.jpg,0,1,0,1,0,0,89,0.25,0.25,0.25,0.05,0.2,15,2.70805020110221,0.5,0.0022039011880885737,0,1,0.875
89,3,01000.jpg,0,1,0,0,0,0,89,0.25,0.25,0.25,0.05,0.2,15,2.70805020110221,0.5,0.001959628343272431,0,1,0.8764044943820225
90,3,10010.jpg,1,0,0,1,0,0,89,0.25,0.25,0.25,0.05,0.2,15,2.70805020110221,0.5,0.08058573780250788,0,1,0.8777777777777778
91,3,01111.jpg,0,1,1,1,1,0,89,0.25,0.25,0.25,0.05,0.2,15,2.70805020110221,0.5,0.07453174240761917,0,1,0.8791208791208791
92,3,00101.jpg,0,0,1,0,1,0,89,0.25,0.25,0.25,0.05,0.2,15,2.70805020110221,0.5,0.06678469650037325,0,1,0.8804347826086957
93,3,11011.jpg,1,1,0,1,1,0,89,0.25,0.25,0.25,0.05,0.2,15,2.70805020110221,0.5,0.07632097061002324,0,1,0.8817204301075269
94,3,00110.jpg,0,0,1,1,0,0,89,0.25,0.25,0.25,0.05,0.2,15,2.70805020110221,0.5,0.08495293682730744,0,1,0.8829787234042553
95,3,10101.jpg,1,0,1,0,1,1,89,0.25,0.25,0.25,0.05,0.2,15,2.70805020110221,0.5,0.9817984378409054,1,1,0.8842105263157894
96,3,11101.jpg,1,1,1,0,1,1,89,0.25,0.25,0.25,0.05,0.2,15,2.70805020110221,0.5,0.9811039334417467,1,1,0.8854166666666666
1,1,11101.jpg,1,1,1,0,1,1,90,0.25,0.25,0.25,0.05,0.2,15,2.70805020110221,0.5,0.5,1,1,1
2,1,11111.jpg,1,1,1,1,1,1,90,0.25,0.25,0.25,0.05,0.2,15,2.70805020110221,0.5,0.5,0,0,0.5
3,1,00001.jpg,0,0,0,0,1,0,90,0.25,0.25,0.25,0.05,0.2,15,2.70805020110221,0.5,0.5,1,0,0.3333333333333333
4,1,00111.jpg,0,0,1,1,1,0,90,0.25,0.25,0.25,0.05,0.2,15,2.70805020110221,0.5,0.03535650605784861,0,1,0.5
5,1,00101.jpg,0,0,1,0,1,0,90,0.25,0.25,0.25,0.05,0.2,15,2.70805020110221,0.5,0.0016395110825149638,0,1,0.6
6,1,00100.jpg,0,0,1,0,0,0,90,0.25,0.25,0.25,0.05,0.2,15,2.70805020110221,0.5,8.159172054352854e-4,0,1,0.6666666666666666
7,1,01001.jpg,0,1,0,0,1,0,90,0.25,0.25,0.25,0.05,0.2,15,2.70805020110221,0.5,0.06266993839662714,0,1,0.7142857142857143
8,1,11110.jpg,1,1,1,1,0,1,90,0.25,0.25,0.25,0.05,0.2,15,2.70805020110221,0.5,0.9982834709959614,1,1,0.75
9,1,01101.jpg,0,1,1,0,1,0,90,0.25,0.25,0.25,0.05,0.2,15,2.70805020110221,0.5,0.49478737540570245,1,0,0.6666666666666666
10,1,00010.jpg,0,0,0,1,0,0,90,0.25,0.25,0.25,0.05,0.2,15,2.70805020110221,0.5,7.557667416028979e-4,0,1,0.7
11,1,10110.jpg,1,0,1,1,0,1,90,0.25,0.25,0.25,0.05,0.2,15,2.70805020110221,0.5,0.8145149605991895,1,1,0.7272727272727273
12,1,01000.jpg,0,1,0,0,0,0,90,0.25,0.25,0.25,0.05,0.2,15,2.70805020110221,0.5,0.008371965222752542,0,1,0.75
13,1,10001.jpg,1,0,0,0,1,0,90,0.25,0.25,0.25,0.05,0.2,15,2.70805020110221,0.5,0.09767039238200996,0,1,0.7692307692307693
14,1,01011.jpg,0,1,0,1,1,0,90,0.25,0.25,0.25,0.05,0.2,15,2.70805020110221,0.5,0.0036297914559548644,0,1,0.7857142857142857
15,1,11001.jpg,1,1,0,0,1,0,90,0.25,0.25,0.25,0.05,0.2,15,2.70805020110221,0.5,0.5927256957082627,1,0,0.7333333333333333
16,1,10010.jpg,1,0,0,1,0,0,90,0.25,0.25,0.25,0.05,0.2,15,2.70805020110221,0.5,0.576316493633691,1,0,0.6875
17,1,01111.jpg,0,1,1,1,1,0,90,0.25,0.25,0.25,0.05,0.2,15,2.70805020110221,0.5,0.16515415615518603,0,1,0.7058823529411765
18,1,00110.jpg,0,0,1,1,0,0,90,0.25,0.25,0.25,0.05,0.2,15,2.70805020110221,0.5,0.12042785893379951,0,1,0.7222222222222222
19,1,10111.jpg,1,0,1,1,1,1,90,0.25,0.25,0.25,0.05,0.2,15,2.70805020110221,0.5,0.8569220893900591,0,0,0.6842105263157895
20,1,10011.jpg,1,0,0,1,1,0,90,0.25,0.25,0.25,0.05,0.2,15,2.70805020110221,0.5,0.11553584754214717,0,1,0.7
21,1,01010.jpg,0,1,0,1,0,0,90,0.25,0.25,0.25,0.05,0.2,15,2.70805020110221,0.5,0.003166838059274101,0,1,0.7142857142857143
22,1,01100.jpg,0,1,1,0,0,0,90,0.25,0.25,0.25,0.05,0.2,15,2.70805020110221,0.5,0.22277848289028426,1,0,0.6818181818181818
23,1,10100.jpg,1,0,1,0,0,1,90,0.25,0.25,0.25,0.05,0.2,15,2.70805020110221,0.5,0.971842301691843,1,1,0.6956521739130435
24,1,11011.jpg,1,1,0,1,1,0,90,0.25,0.25,0.25,0.05,0.2,15,2.70805020110221,0.5,0.15893179903952678,0,1,0.7083333333333334
25,1,01110.jpg,0,1,1,1,0,0,90,0.25,0.25,0.25,0.05,0.2,15,2.70805020110221,0.5,0.11222864815381053,0,1,0.72
26,1,00011.jpg,0,0,0,1,1,0,90,0.25,0.25,0.25,0.05,0.2,15,2.70805020110221,0.5,0.0030626336936292126,0,1,0.7307692307692307
27,1,11000.jpg,1,1,0,0,0,0,90,0.25,0.25,0.25,0.05,0.2,15,2.70805020110221,0.5,0.2691162228375313,1,0,0.7037037037037037
28,1,10000.jpg,1,0,0,0,0,0,90,0.25,0.25,0.25,0.05,0.2,15,2.70805020110221,0.5,0.1749928398111898,1,0,0.6785714285714286
29,1,11010.jpg,1,1,0,1,0,0,90,0.25,0.25,0.25,0.05,0.2,15,2.70805020110221,0.5,0.1336720288195971,0,1,0.6896551724137931
30,1,00000.jpg,0,0,0,0,0,0,90,0.25,0.25,0.25,0.05,0.2,15,2.70805020110221,0.5,0.004849245030327813,0,1,0.7
31,1,11100.jpg,1,1,1,0,0,1,90,0.25,0.25,0.25,0.05,0.2,15,2.70805020110221,0.5,0.9686136399872752,1,1,0.7096774193548387
32,1,10101.jpg,1,0,1,0,1,1,90,0.25,0.25,0.25,0.05,0.2,15,2.70805020110221,0.5,0.9636437484274067,1,1,0.71875
33,2,01010.jpg,0,1,0,1,0,0,90,0.25,0.25,0.25,0.05,0.2,15,2.70805020110221,0.5,0.0015822079004738441,0,1,0.7272727272727273
34,2,10011.jpg,1,0,0,1,1,0,90,0.25,0.25,0.25,0.05,0.2,15,2.70805020110221,0.5,0.06695901528155641,0,1,0.7352941176470589
35,2,01011.jpg,0,1,0,1,1,0,90,0.25,0.25,0.25,0.05,0.2,15,2.70805020110221,0.5,0.001663368310944589,0,1,0.7428571428571429
36,2,10101.jpg,1,0,1,0,1,1,90,0.25,0.25,0.25,0.05,0.2,15,2.70805020110221,0.5,0.9840755647241953,1,1,0.75
37,2,11100.jpg,1,1,1,0,0,1,90,0.25,0.25,0.25,0.05,0.2,15,2.70805020110221,0.5,0.9843376030225278,1,1,0.7567567567567568
38,2,10010.jpg,1,0,0,1,0,0,90,0.25,0.25,0.25,0.05,0.2,15,2.70805020110221,0.5,0.057894324968710914,0,1,0.7631578947368421
39,2,10000.jpg,1,0,0,0,0,0,90,0.25,0.25,0.25,0.05,0.2,15,2.70805020110221,0.5,0.04898419271123354,0,1,0.7692307692307693
40,2,01100.jpg,0,1,1,0,0,0,90,0.25,0.25,0.25,0.05,0.2,15,2.70805020110221,0.5,0.09744539121085914,0,1,0.775
41,2,00011.jpg,0,0,0,1,1,0,90,0.25,0.25,0.25,0.05,0.2,15,2.70805020110221,0.5,0.001994207395193685,0,1,0.7804878048780488
42,2,01000.jpg,0,1,0,0,0,0,90,0.25,0.25,0.25,0.05,0.2,15,2.70805020110221,0.5,0.0020301395276297552,0,1,0.7857142857142857
43,2,10100.jpg,1,0,1,0,0,1,90,0.25,0.25,0.25,0.05,0.2,15,2.70805020110221,0.5,0.9794656897886912,1,1,0.7906976744186046
44,2,00110.jpg,0,0,1,1,0,0,90,0.25,0.25,0.25,0.05,0.2,15,2.70805020110221,0.5,0.08042858227958817,0,1,0.7954545454545454
45,2,00000.jpg,0,0,0,0,0,0,90,0.25,0.25,0.25,0.05,0.2,15,2.70805020110221,0.5,0.0024942893893452433,0,1,0.8
46,2,10110.jpg,1,0,1,1,0,1,90,0.25,0.25,0.25,0.05,0.2,15,2.70805020110221,0.5,0.9794950282353737,1,1,0.8043478260869565
47,2,11101.jpg,1,1,1,0,1,1,90,0.25,0.25,0.25,0.05,0.2,15,2.70805020110221,0.5,0.9838475426801836,1,1,0.8085106382978723
48,2,11011.jpg,1,1,0,1,1,0,90,0.25,0.25,0.25,0.05,0.2,15,2.70805020110221,0.5,0.07145223997909872,0,1,0.8125
49,2,01001.jpg,0,1,0,0,1,0,90,0.25,0.25,0.25,0.05,0.2,15,2.70805020110221,0.5,0.0017734905737565886,0,1,0.8163265306122449
50,2,01111.jpg,0,1,1,1,1,0,90,0.25,0.25,0.25,0.05,0.2,15,2.70805020110221,0.5,0.07487839560364029,0,1,0.82
51,2,10001.jpg,1,0,0,0,1,0,90,0.25,0.25,0.25,0.05,0.2,15,2.70805020110221,0.5,0.07570916419596067,0,1,0.8235294117647058
52,2,00010.jpg,0,0,0,1,0,0,90,0.25,0.25,0.25,0.05,0.2,15,2.70805020110221,0.5,0.0021906462981506397,0,1,0.8269230769230769
53,2,11000.jpg,1,1,0,0,0,0,90,0.25,0.25,0.25,0.05,0.2,15,2.70805020110221,0.5,0.09874881223537242,0,1,0.8301886792452831
54,2,00100.jpg,0,0,1,0,0,0,90,0.25,0.25,0.25,0.05,0.2,15,2.70805020110221,0.5,0.09513681541851546,0,1,0.8333333333333334
55,2,00001.jpg,0,0,0,0,1,0,90,0.25,0.25,0.25,0.05,0.2,15,2.70805020110221,0.5,0.0020487782771846973,0,1,0.8363636363636363
56,2,10111.jpg,1,0,1,1,1,1,90,0.25,0.25,0.25,0.05,0.2,15,2.70805020110221,0.5,0.9835824881400567,1,1,0.8392857142857143
57,2,11111.jpg,1,1,1,1,1,1,90,0.25,0.25,0.25,0.05,0.2,15,2.70805020110221,0.5,0.9806433440282938,1,1,0.8421052631578947
58,2,01101.jpg,0,1,1,0,1,0,90,0.25,0.25,0.25,0.05,0.2,15,2.70805020110221,0.5,0.08659000468915191,1,0,0.8275862068965517
59,2,00111.jpg,0,0,1,1,1,0,90,0.25,0.25,0.25,0.05,0.2,15,2.70805020110221,0.5,0.1076992532150586,0,1,0.8305084745762712
60,2,11010.jpg,1,1,0,1,0,0,90,0.25,0.25,0.25,0.05,0.2,15,2.70805020110221,0.5,0.06311239589070468,0,1,0.8333333333333334
61,2,00101.jpg,0,0,1,0,1,0,90,0.25,0.25,0.25,0.05,0.2,15,2.70805020110221,0.5,0.09062509211991586,0,1,0.8360655737704918
62,2,11001.jpg,1,1,0,0,1,0,90,0.25,0.25,0.25,0.05,0.2,15,2.70805020110221,0.5,0.09182269921480232,0,1,0.8387096774193549
63,2,01110.jpg,0,1,1,1,0,0,90,0.25,0.25,0.25,0.05,0.2,15,2.70805020110221,0.5,0.0664533114397396,0,1,0.8412698412698413
64,2,11110.jpg,1,1,1,1,0,1,90,0.25,0.25,0.25,0.05,0.2,15,2.70805020110221,0.5,0.9787192331776966,1,1,0.84375
65,3,01101.jpg,0,1,1,0,1,0,90,0.25,0.25,0.25,0.05,0.2,15,2.70805020110221,0.5,0.06445430869266527,0,1,0.8461538461538461
66,3,01100.jpg,0,1,1,0,0,0,90,0.25,0.25,0.25,0.05,0.2,15,2.70805020110221,0.5,0.06477892225295988,0,1,0.8484848484848485
67,3,11110.jpg,1,1,1,1,0,1,90,0.25,0.25,0.25,0.05,0.2,15,2.70805020110221,0.5,0.983857065031741,1,1,0.8507462686567164
68,3,11000.jpg,1,1,0,0,0,0,90,0.25,0.25,0.25,0.05,0.2,15,2.70805020110221,0.5,0.07202382522193361,0,1,0.8529411764705882
69,3,10100.jpg,1,0,1,0,0,1,90,0.25,0.25,0.25,0.05,0.2,15,2.70805020110221,0.5,0.9843232958100148,1,1,0.855072463768116
70,3,00011.jpg,0,0,0,1,1,0,90,0.25,0.25,0.25,0.05,0.2,15,2.70805020110221,0.5,0.001505951782118019,0,1,0.8571428571428571
71,3,10001.jpg,1,0,0,0,1,0,90,0.25,0.25,0.25,0.05,0.2,15,2.70805020110221,0.5,0.06291933926177438,1,0,0.8450704225352113
72,3,00111.jpg,0,0,1,1,1,0,90,0.25,0.25,0.25,0.05,0.2,15,2.70805020110221,0.5,0.06315229323023744,0,1,0.8472222222222222
73,3,10011.jpg,1,0,0,1,1,0,90,0.25,0.25,0.25,0.05,0.2,15,2.70805020110221,0.5,0.056780750495520865,0,1,0.8493150684931506
74,3,11001.jpg,1,1,0,0,1,0,90,0.25,0.25,0.25,0.05,0.2,15,2.70805020110221,0.5,0.06446324935071607,0,1,0.8513513513513513
75,3,01110.jpg,0,1,1,1,0,0,90,0.25,0.25,0.25,0.05,0.2,15,2.70805020110221,0.5,0.07555708140517949,0,1,0.8533333333333334
76,3,00100.jpg,0,0,1,0,0,0,90,0.25,0.25,0.25,0.05,0.2,15,2.70805020110221,0.5,0.08610637760588005,0,1,0.8552631578947368
77,3,10110.jpg,1,0,1,1,0,1,90,0.25,0.25,0.25,0.05,0.2,15,2.70805020110221,0.5,0.9861436569039138,1,1,0.8571428571428571
78,3,01011.jpg,0,1,0,1,1,0,90,0.25,0.25,0.25,0.05,0.2,15,2.70805020110221,0.5,0.0016120919035517382,0,1,0.8589743589743589
79,3,00001.jpg,0,0,0,0,1,0,90,0.25,0.25,0.25,0.05,0.2,15,2.70805020110221,0.5,0.0014444236287319931,0,1,0.8607594936708861
80,3,11010.jpg,1,1,0,1,0,0,90,0.25,0.25,0.25,0.05,0.2,15,2.70805020110221,0.5,0.07696088219415363,0,1,0.8625
81,3,10000.jpg,1,0,0,0,0,0,90,0.25,0.25,0.25,0.05,0.2,15,2.70805020110221,0.5,0.09477495330830268,0,1,0.8641975308641975
82,3,01001.jpg,0,1,0,0,1,0,90,0.25,0.25,0.25,0.05,0.2,15,2.70805020110221,0.5,0.001484572337277975,0,1,0.8658536585365854
83,3,00010.jpg,0,0,0,1,0,0,90,0.25,0.25,0.25,0.05,0.2,15,2.70805020110221,0.5,0.0024964576393861184,0,1,0.8674698795180723
84,3,00000.jpg,0,0,0,0,0,0,90,0.25,0.25,0.25,0.05,0.2,15,2.70805020110221,0.5,0.002208829395473725,0,1,0.8690476190476191
85,3,10111.jpg,1,0,1,1,1,1,90,0.25,0.25,0.25,0.05,0.2,15,2.70805020110221,0.5,0.9812850061264388,1,1,0.8705882352941177
86,3,11111.jpg,1,1,1,1,1,1,90,0.25,0.25,0.25,0.05,0.2,15,2.70805020110221,0.5,0.983329415054759,1,1,0.872093023255814
87,3,11100.jpg,1,1,1,0,0,1,90,0.25,0.25,0.25,0.05,0.2,15,2.70805020110221,0.5,0.9808425437382366,1,1,0.8735632183908046
88,3,01010.jpg,0,1,0,1,0,0,90,0.25,0.25,0.25,0.05,0.2,15,2.70805020110221,0.5,0.0022039011880885737,0,1,0.875
89,3,01000.jpg,0,1,0,0,0,0,90,0.25,0.25,0.25,0.05,0.2,15,2.70805020110221,0.5,0.001959628343272431,0,1,0.8764044943820225
90,3,10010.jpg,1,0,0,1,0,0,90,0.25,0.25,0.25,0.05,0.2,15,2.70805020110221,0.5,0.08058573780250788,0,1,0.8777777777777778
91,3,01111.jpg,0,1,1,1,1,0,90,0.25,0.25,0.25,0.05,0.2,15,2.70805020110221,0.5,0.07453174240761917,0,1,0.8791208791208791
92,3,00101.jpg,0,0,1,0,1,0,90,0.25,0.25,0.25,0.05,0.2,15,2.70805020110221,0.5,0.06678469650037325,0,1,0.8804347826086957
93,3,11011.jpg,1,1,0,1,1,0,90,0.25,0.25,0.25,0.05,0.2,15,2.70805020110221,0.5,0.07632097061002324,0,1,0.8817204301075269
94,3,00110.jpg,0,0,1,1,0,0,90,0.25,0.25,0.25,0.05,0.2,15,2.70805020110221,0.5,0.08495293682730744,0,1,0.8829787234042553
95,3,10101.jpg,1,0,1,0,1,1,90,0.25,0.25,0.25,0.05,0.2,15,2.70805020110221,0.5,0.9817984378409054,1,1,0.8842105263157894
96,3,11101.jpg,1,1,1,0,1,1,90,0.25,0.25,0.25,0.05,0.2,15,2.70805020110221,0.5,0.9811039334417467,1,1,0.8854166666666666
